$GP_LOG,Generated by MagicEarth Navigator during simulation on 11.08.2026 *3f
$MELog, World, from Dep to Dest *74
$GPGGA,085814.829,4831.2373,N,00743.6627,E,1,03,0.0,0.0,M,,,,0000*01
$GPRMC,085814.829,A,4831.2373,N,00743.6627,E,10.8,106.0,110826,,*3c
$GPGGA,085814.868,4831.2373,N,00743.6628,E,1,03,0.0,0.0,M,,,,0000*0b
$GPRMC,085814.868,A,4831.2373,N,00743.6628,E,10.8,105.9,110826,,*3c
$GPGGA,085814.887,4831.2373,N,00743.6630,E,1,03,0.0,0.0,M,,,,0000*03
$GPRMC,085814.887,A,4831.2373,N,00743.6630,E,10.8,105.9,110826,,*34
$GPGGA,085814.906,4831.2372,N,00743.6631,E,1,03,0.0,0.0,M,,,,0000*0b
$GPRMC,085814.906,A,4831.2372,N,00743.6631,E,10.8,105.9,110826,,*3c
$GPGGA,085814.923,4831.2372,N,00743.6631,E,1,03,0.0,0.0,M,,,,0000*0c
$GPRMC,085814.923,A,4831.2372,N,00743.6631,E,10.8,105.8,110826,,*3a
$GPGGA,085814.962,4831.2372,N,00743.6632,E,1,03,0.0,0.0,M,,,,0000*0a
$GPRMC,085814.962,A,4831.2372,N,00743.6632,E,10.8,105.8,110826,,*3c
$GPGGA,085814.980,4831.2372,N,00743.6634,E,1,03,0.0,0.0,M,,,,0000*00
$GPRMC,085814.980,A,4831.2372,N,00743.6634,E,10.8,105.8,110826,,*36
$GPGGA,085814.993,4831.2372,N,00743.6634,E,1,03,0.0,0.0,M,,,,0000*02
$GPRMC,085814.993,A,4831.2372,N,00743.6634,E,10.8,105.8,110826,,*34
$GPGGA,085815.019,4831.2372,N,00743.6635,E,1,03,0.0,0.0,M,,,,0000*09
$GPRMC,085815.019,A,4831.2372,N,00743.6635,E,10.8,105.7,110826,,*30
$GPGGA,085815.036,4831.2372,N,00743.6636,E,1,03,0.0,0.0,M,,,,0000*07
$GPRMC,085815.036,A,4831.2372,N,00743.6636,E,10.8,105.7,110826,,*3e
$GPGGA,085815.054,4831.2371,N,00743.6637,E,1,03,0.0,0.0,M,,,,0000*01
$GPRMC,085815.054,A,4831.2371,N,00743.6637,E,10.8,105.7,110826,,*38
$GPGGA,085815.072,4831.2371,N,00743.6638,E,1,03,0.0,0.0,M,,,,0000*0a
$GPRMC,085815.072,A,4831.2371,N,00743.6638,E,10.8,105.7,110826,,*33
$GPGGA,085815.094,4831.2371,N,00743.6638,E,1,03,0.0,0.0,M,,,,0000*02
$GPRMC,085815.094,A,4831.2371,N,00743.6638,E,10.8,105.6,110826,,*3a
$GPGGA,085815.113,4831.2371,N,00743.6639,E,1,03,0.0,0.0,M,,,,0000*0d
$GPRMC,085815.113,A,4831.2371,N,00743.6639,E,10.8,105.6,110826,,*35
$GPGGA,085815.133,4831.2371,N,00743.6640,E,1,03,0.0,0.0,M,,,,0000*01
$GPRMC,085815.133,A,4831.2371,N,00743.6640,E,10.8,105.6,110826,,*39
$GPGGA,085815.153,4831.2370,N,00743.6641,E,1,03,0.0,0.0,M,,,,0000*07
$GPRMC,085815.153,A,4831.2370,N,00743.6641,E,10.8,105.5,110826,,*3c
$GPGGA,085815.173,4831.2370,N,00743.6642,E,1,03,0.0,0.0,M,,,,0000*06
$GPRMC,085815.173,A,4831.2370,N,00743.6642,E,10.8,105.5,110826,,*3d
$GPGGA,085815.188,4831.2370,N,00743.6643,E,1,03,0.0,0.0,M,,,,0000*03
$GPRMC,085815.188,A,4831.2370,N,00743.6643,E,10.8,105.5,110826,,*38
$GPGGA,085815.207,4831.2370,N,00743.6644,E,1,03,0.0,0.0,M,,,,0000*00
$GPRMC,085815.207,A,4831.2370,N,00743.6644,E,10.8,105.5,110826,,*3b
$GPGGA,085815.224,4831.2370,N,00743.6645,E,1,03,0.0,0.0,M,,,,0000*00
$GPRMC,085815.224,A,4831.2370,N,00743.6645,E,10.8,105.4,110826,,*3a
$GPGGA,085815.238,4831.2370,N,00743.6645,E,1,03,0.0,0.0,M,,,,0000*0d
$GPRMC,085815.238,A,4831.2370,N,00743.6645,E,10.8,105.4,110826,,*37
$GPGGA,085815.256,4831.2370,N,00743.6646,E,1,03,0.0,0.0,M,,,,0000*06
$GPRMC,085815.256,A,4831.2370,N,00743.6646,E,10.8,105.4,110826,,*3c
$GPGGA,085815.278,4831.2369,N,00743.6647,E,1,03,0.0,0.0,M,,,,0000*03
$GPRMC,085815.278,A,4831.2369,N,00743.6647,E,10.8,105.4,110826,,*39
$GPGGA,085815.290,4831.2369,N,00743.6647,E,1,03,0.0,0.0,M,,,,0000*05
$GPRMC,085815.290,A,4831.2369,N,00743.6647,E,10.8,105.3,110826,,*38
$GPGGA,085815.315,4831.2369,N,00743.6648,E,1,03,0.0,0.0,M,,,,0000*06
$GPRMC,085815.315,A,4831.2369,N,00743.6648,E,10.8,105.3,110826,,*3b
$GPGGA,085815.333,4831.2369,N,00743.6649,E,1,03,0.0,0.0,M,,,,0000*03
$GPRMC,085815.333,A,4831.2369,N,00743.6649,E,10.8,105.3,110826,,*3e
$GPGGA,085815.352,4831.2369,N,00743.6650,E,1,03,0.0,0.0,M,,,,0000*0c
$GPRMC,085815.352,A,4831.2369,N,00743.6650,E,10.8,105.2,110826,,*30
$GPGGA,085815.367,4831.2369,N,00743.6651,E,1,03,0.0,0.0,M,,,,0000*0b
$GPRMC,085815.367,A,4831.2369,N,00743.6651,E,10.8,105.2,110826,,*37
$GPGGA,085815.388,4831.2369,N,00743.6652,E,1,03,0.0,0.0,M,,,,0000*09
$GPRMC,085815.388,A,4831.2369,N,00743.6652,E,10.8,105.1,110826,,*36
$GPGGA,085815.405,4831.2368,N,00743.6652,E,1,03,0.0,0.0,M,,,,0000*0a
$GPRMC,085815.405,A,4831.2368,N,00743.6652,E,10.8,105.1,110826,,*35
$GPGGA,085815.425,4831.2368,N,00743.6653,E,1,03,0.0,0.0,M,,,,0000*09
$GPRMC,085815.425,A,4831.2368,N,00743.6653,E,10.8,105.1,110826,,*36
$GPGGA,085815.441,4831.2368,N,00743.6654,E,1,03,0.0,0.0,M,,,,0000*0c
$GPRMC,085815.441,A,4831.2368,N,00743.6654,E,10.8,105.0,110826,,*32
$GPGGA,085815.464,4831.2368,N,00743.6654,E,1,03,0.0,0.0,M,,,,0000*0b
$GPRMC,085815.464,A,4831.2368,N,00743.6654,E,10.8,105.0,110826,,*35
$GPGGA,085815.464,4831.2368,N,00743.6655,E,1,03,0.0,0.0,M,,,,0000*0a
$GPRMC,085815.464,A,4831.2368,N,00743.6655,E,10.8,105.0,110826,,*34
$GPGGA,085815.484,4831.2368,N,00743.6656,E,1,03,0.0,0.0,M,,,,0000*07
$GPRMC,085815.484,A,4831.2368,N,00743.6656,E,10.8,104.9,110826,,*31
$GPGGA,085815.508,4831.2368,N,00743.6657,E,1,03,0.0,0.0,M,,,,0000*03
$GPRMC,085815.508,A,4831.2368,N,00743.6657,E,10.8,104.9,110826,,*35
$GPGGA,085815.527,4831.2368,N,00743.6657,E,1,03,0.0,0.0,M,,,,0000*0e
$GPRMC,085815.527,A,4831.2368,N,00743.6657,E,10.8,104.8,110826,,*39
$GPGGA,085815.545,4831.2367,N,00743.6658,E,1,03,0.0,0.0,M,,,,0000*0a
$GPRMC,085815.545,A,4831.2367,N,00743.6658,E,10.8,104.8,110826,,*3d
$GPGGA,085815.563,4831.2367,N,00743.6659,E,1,03,0.0,0.0,M,,,,0000*0f
$GPRMC,085815.563,A,4831.2367,N,00743.6659,E,10.8,104.7,110826,,*37
$GPGGA,085815.579,4831.2367,N,00743.6659,E,1,03,0.0,0.0,M,,,,0000*04
$GPRMC,085815.579,A,4831.2367,N,00743.6659,E,10.8,104.7,110826,,*3c
$GPGGA,085815.600,4831.2367,N,00743.6661,E,1,03,0.0,0.0,M,,,,0000*02
$GPRMC,085815.600,A,4831.2367,N,00743.6661,E,10.8,104.6,110826,,*3b
$GPGGA,085815.617,4831.2367,N,00743.6661,E,1,03,0.0,0.0,M,,,,0000*04
$GPRMC,085815.617,A,4831.2367,N,00743.6661,E,10.8,104.6,110826,,*3d
$GPGGA,085815.634,4831.2367,N,00743.6662,E,1,03,0.0,0.0,M,,,,0000*06
$GPRMC,085815.634,A,4831.2367,N,00743.6662,E,10.8,104.5,110826,,*3c
$GPGGA,085815.651,4831.2367,N,00743.6663,E,1,03,0.0,0.0,M,,,,0000*04
$GPRMC,085815.651,A,4831.2367,N,00743.6663,E,10.8,104.5,110826,,*3e
$GPGGA,085815.669,4831.2366,N,00743.6664,E,1,03,0.0,0.0,M,,,,0000*09
$GPRMC,085815.669,A,4831.2366,N,00743.6664,E,10.8,104.4,110826,,*32
$GPGGA,085815.685,4831.2366,N,00743.6665,E,1,03,0.0,0.0,M,,,,0000*0a
$GPRMC,085815.685,A,4831.2366,N,00743.6665,E,10.8,104.4,110826,,*31
$GPGGA,085815.705,4831.2366,N,00743.6666,E,1,03,0.0,0.0,M,,,,0000*00
$GPRMC,085815.705,A,4831.2366,N,00743.6666,E,10.8,104.3,110826,,*3c
$GPGGA,085815.725,4831.2366,N,00743.6666,E,1,03,0.0,0.0,M,,,,0000*02
$GPRMC,085815.725,A,4831.2366,N,00743.6666,E,10.8,104.3,110826,,*3e
$GPGGA,085815.744,4831.2366,N,00743.6667,E,1,03,0.0,0.0,M,,,,0000*04
$GPRMC,085815.744,A,4831.2366,N,00743.6667,E,10.8,104.2,110826,,*39
$GPGGA,085815.762,4831.2366,N,00743.6668,E,1,03,0.0,0.0,M,,,,0000*0f
$GPRMC,085815.762,A,4831.2366,N,00743.6668,E,10.8,104.2,110826,,*32
$GPGGA,085815.777,4831.2366,N,00743.6668,E,1,03,0.0,0.0,M,,,,0000*0b
$GPRMC,085815.777,A,4831.2366,N,00743.6668,E,10.8,104.1,110826,,*35
$GPGGA,085815.799,4831.2366,N,00743.6669,E,1,03,0.0,0.0,M,,,,0000*0a
$GPRMC,085815.799,A,4831.2366,N,00743.6669,E,10.8,104.1,110826,,*34
$GPGGA,085815.828,4831.2365,N,00743.6670,E,1,03,0.0,0.0,M,,,,0000*04
$GPRMC,085815.828,A,4831.2365,N,00743.6670,E,10.8,104.1,110826,,*3a
$GPGGA,085815.848,4831.2365,N,00743.6671,E,1,03,0.0,0.0,M,,,,0000*03
$GPRMC,085815.848,A,4831.2365,N,00743.6671,E,10.8,104.0,110826,,*3c
$GPGGA,085815.863,4831.2365,N,00743.6672,E,1,03,0.0,0.0,M,,,,0000*09
$GPRMC,085815.863,A,4831.2365,N,00743.6672,E,10.8,103.9,110826,,*38
$GPGGA,085815.871,4831.2365,N,00743.6673,E,1,03,0.0,0.0,M,,,,0000*0b
$GPRMC,085815.871,A,4831.2365,N,00743.6673,E,10.8,103.9,110826,,*3a
$GPGGA,085815.905,4831.2365,N,00743.6673,E,1,03,0.0,0.0,M,,,,0000*09
$GPRMC,085815.905,A,4831.2365,N,00743.6673,E,10.8,103.9,110826,,*38
$GPGGA,085815.937,4831.2365,N,00743.6675,E,1,03,0.0,0.0,M,,,,0000*0e
$GPRMC,085815.937,A,4831.2365,N,00743.6675,E,10.8,103.8,110826,,*3e
$GPGGA,085815.955,4831.2364,N,00743.6676,E,1,03,0.0,0.0,M,,,,0000*08
$GPRMC,085815.955,A,4831.2364,N,00743.6676,E,10.8,103.7,110826,,*37
$GPGGA,085815.970,4831.2364,N,00743.6678,E,1,03,0.0,0.0,M,,,,0000*01
$GPRMC,085815.970,A,4831.2364,N,00743.6678,E,10.8,103.6,110826,,*3f
$GPGGA,085815.986,4831.2364,N,00743.6678,E,1,03,0.0,0.0,M,,,,0000*08
$GPRMC,085815.986,A,4831.2364,N,00743.6678,E,10.8,103.6,110826,,*36
$GPGGA,085816.031,4831.2364,N,00743.6679,E,1,03,0.0,0.0,M,,,,0000*0f
$GPRMC,085816.031,A,4831.2364,N,00743.6679,E,10.8,103.6,110826,,*31
$GPGGA,085816.052,4831.2364,N,00743.6680,E,1,03,0.0,0.0,M,,,,0000*0c
$GPRMC,085816.052,A,4831.2364,N,00743.6680,E,10.8,103.6,110826,,*32
$GPGGA,085816.053,4831.2364,N,00743.6681,E,1,03,0.0,0.0,M,,,,0000*0c
$GPRMC,085816.053,A,4831.2364,N,00743.6681,E,10.8,103.6,110826,,*32
$GPGGA,085816.078,4831.2363,N,00743.6682,E,1,03,0.0,0.0,M,,,,0000*01
$GPRMC,085816.078,A,4831.2363,N,00743.6682,E,10.8,103.6,110826,,*3f
$GPGGA,085816.086,4831.2363,N,00743.6683,E,1,03,0.0,0.0,M,,,,0000*01
$GPRMC,085816.086,A,4831.2363,N,00743.6683,E,10.8,103.6,110826,,*3f
$GPGGA,085816.121,4831.2363,N,00743.6683,E,1,03,0.0,0.0,M,,,,0000*0d
$GPRMC,085816.121,A,4831.2363,N,00743.6683,E,10.8,103.6,110826,,*33
$GPGGA,085816.172,4831.2363,N,00743.6685,E,1,03,0.0,0.0,M,,,,0000*0d
$GPRMC,085816.172,A,4831.2363,N,00743.6685,E,10.8,103.6,110826,,*33
$GPGGA,085816.187,4831.2363,N,00743.6687,E,1,03,0.0,0.0,M,,,,0000*05
$GPRMC,085816.187,A,4831.2363,N,00743.6687,E,10.8,103.6,110826,,*3b
$GPGGA,085816.222,4831.2363,N,00743.6687,E,1,03,0.0,0.0,M,,,,0000*09
$GPRMC,085816.222,A,4831.2363,N,00743.6687,E,10.8,103.6,110826,,*37
$GPGGA,085816.247,4831.2362,N,00743.6689,E,1,03,0.0,0.0,M,,,,0000*05
$GPRMC,085816.247,A,4831.2362,N,00743.6689,E,10.8,103.6,110826,,*3b
$GPGGA,085816.281,4831.2362,N,00743.6690,E,1,03,0.0,0.0,M,,,,0000*07
$GPRMC,085816.281,A,4831.2362,N,00743.6690,E,10.8,103.6,110826,,*39
$GPGGA,085816.310,4831.2362,N,00743.6691,E,1,03,0.0,0.0,M,,,,0000*0f
$GPRMC,085816.310,A,4831.2362,N,00743.6691,E,10.8,103.6,110826,,*31
$GPGGA,085816.343,4831.2362,N,00743.6692,E,1,03,0.0,0.0,M,,,,0000*0a
$GPRMC,085816.343,A,4831.2362,N,00743.6692,E,10.8,103.6,110826,,*34
$GPGGA,085816.372,4831.2362,N,00743.6694,E,1,03,0.0,0.0,M,,,,0000*0e
$GPRMC,085816.372,A,4831.2362,N,00743.6694,E,10.8,103.6,110826,,*30
$GPGGA,085816.403,4831.2361,N,00743.6696,E,1,03,0.0,0.0,M,,,,0000*0e
$GPRMC,085816.403,A,4831.2361,N,00743.6696,E,10.8,103.6,110826,,*30
$GPGGA,085816.439,4831.2361,N,00743.6697,E,1,03,0.0,0.0,M,,,,0000*06
$GPRMC,085816.439,A,4831.2361,N,00743.6697,E,10.8,103.6,110826,,*38
$GPGGA,085816.456,4831.2361,N,00743.6699,E,1,03,0.0,0.0,M,,,,0000*01
$GPRMC,085816.456,A,4831.2361,N,00743.6699,E,10.8,103.6,110826,,*3f
$GPGGA,085816.503,4831.2361,N,00743.6699,E,1,03,0.0,0.0,M,,,,0000*00
$GPRMC,085816.503,A,4831.2361,N,00743.6699,E,10.8,103.6,110826,,*3e
$GPGGA,085816.589,4831.2360,N,00743.6702,E,1,03,0.0,0.0,M,,,,0000*00
$GPRMC,085816.589,A,4831.2360,N,00743.6702,E,10.8,103.6,110826,,*3e
$GPGGA,085816.636,4831.2360,N,00743.6705,E,1,03,0.0,0.0,M,,,,0000*00
$GPRMC,085816.636,A,4831.2360,N,00743.6705,E,10.8,103.6,110826,,*3e
$GPGGA,085816.637,4831.2359,N,00743.6706,E,1,03,0.0,0.0,M,,,,0000*08
$GPRMC,085816.637,A,4831.2359,N,00743.6706,E,10.8,103.6,110826,,*36
$GPGGA,085816.666,4831.2359,N,00743.6707,E,1,03,0.0,0.0,M,,,,0000*0d
$GPRMC,085816.666,A,4831.2359,N,00743.6707,E,10.8,103.7,110826,,*32
$GPGGA,085816.667,4831.2359,N,00743.6708,E,1,03,0.0,0.0,M,,,,0000*03
$GPRMC,085816.667,A,4831.2359,N,00743.6708,E,10.8,103.7,110826,,*3c
$GPGGA,085816.693,4831.2359,N,00743.6709,E,1,03,0.0,0.0,M,,,,0000*09
$GPRMC,085816.693,A,4831.2359,N,00743.6709,E,10.8,103.7,110826,,*36
$GPGGA,085816.724,4831.2359,N,00743.6709,E,1,03,0.0,0.0,M,,,,0000*04
$GPRMC,085816.724,A,4831.2359,N,00743.6709,E,10.8,103.7,110826,,*3b
$GPGGA,085816.755,4831.2359,N,00743.6711,E,1,03,0.0,0.0,M,,,,0000*0b
$GPRMC,085816.755,A,4831.2359,N,00743.6711,E,10.8,103.7,110826,,*34
$GPGGA,085816.778,4831.2359,N,00743.6712,E,1,03,0.0,0.0,M,,,,0000*07
$GPRMC,085816.778,A,4831.2359,N,00743.6712,E,10.8,103.7,110826,,*38
$GPGGA,085816.799,4831.2358,N,00743.6713,E,1,03,0.0,0.0,M,,,,0000*08
$GPRMC,085816.799,A,4831.2358,N,00743.6713,E,10.8,103.7,110826,,*37
$GPGGA,085816.819,4831.2358,N,00743.6714,E,1,03,0.0,0.0,M,,,,0000*08
$GPRMC,085816.819,A,4831.2358,N,00743.6714,E,10.8,103.7,110826,,*37
$GPGGA,085816.852,4831.2358,N,00743.6715,E,1,03,0.0,0.0,M,,,,0000*06
$GPRMC,085816.852,A,4831.2358,N,00743.6715,E,10.8,103.7,110826,,*39
$GPGGA,085816.905,4831.2358,N,00743.6717,E,1,03,0.0,0.0,M,,,,0000*07
$GPRMC,085816.905,A,4831.2358,N,00743.6717,E,10.8,103.7,110826,,*38
$GPGGA,085816.953,4831.2357,N,00743.6719,E,1,03,0.0,0.0,M,,,,0000*05
$GPRMC,085816.953,A,4831.2357,N,00743.6719,E,10.8,103.7,110826,,*3a
$GPGGA,085816.969,4831.2357,N,00743.6721,E,1,03,0.0,0.0,M,,,,0000*07
$GPRMC,085816.969,A,4831.2357,N,00743.6721,E,10.8,103.7,110826,,*38
$GPGGA,085816.984,4831.2357,N,00743.6722,E,1,03,0.0,0.0,M,,,,0000*07
$GPRMC,085816.984,A,4831.2357,N,00743.6722,E,10.8,103.7,110826,,*38
$GPGGA,085817.013,4831.2357,N,00743.6723,E,1,03,0.0,0.0,M,,,,0000*00
$GPRMC,085817.013,A,4831.2357,N,00743.6723,E,10.8,103.7,110826,,*3f
$GPGGA,085817.039,4831.2357,N,00743.6723,E,1,03,0.0,0.0,M,,,,0000*08
$GPRMC,085817.039,A,4831.2357,N,00743.6723,E,10.8,103.7,110826,,*37
$GPGGA,085817.067,4831.2356,N,00743.6725,E,1,03,0.0,0.0,M,,,,0000*04
$GPRMC,085817.067,A,4831.2356,N,00743.6725,E,10.8,103.7,110826,,*3b
$GPGGA,085817.108,4831.2356,N,00743.6725,E,1,03,0.0,0.0,M,,,,0000*0c
$GPRMC,085817.108,A,4831.2356,N,00743.6725,E,10.8,103.7,110826,,*33
$GPGGA,085817.138,4831.2356,N,00743.6728,E,1,03,0.0,0.0,M,,,,0000*02
$GPRMC,085817.138,A,4831.2356,N,00743.6728,E,10.8,103.7,110826,,*3d
$GPGGA,085817.174,4831.2356,N,00743.6730,E,1,03,0.0,0.0,M,,,,0000*03
$GPRMC,085817.174,A,4831.2356,N,00743.6730,E,10.8,103.7,110826,,*3c
$GPGGA,085817.201,4831.2355,N,00743.6731,E,1,03,0.0,0.0,M,,,,0000*00
$GPRMC,085817.201,A,4831.2355,N,00743.6731,E,10.8,103.7,110826,,*3f
$GPGGA,085817.225,4831.2355,N,00743.6732,E,1,03,0.0,0.0,M,,,,0000*05
$GPRMC,085817.225,A,4831.2355,N,00743.6732,E,10.8,103.7,110826,,*3a
$GPGGA,085817.256,4831.2355,N,00743.6733,E,1,03,0.0,0.0,M,,,,0000*00
$GPRMC,085817.256,A,4831.2355,N,00743.6733,E,10.8,103.7,110826,,*3f
$GPGGA,085817.293,4831.2355,N,00743.6735,E,1,03,0.0,0.0,M,,,,0000*0f
$GPRMC,085817.293,A,4831.2355,N,00743.6735,E,10.8,103.8,110826,,*3f
$GPGGA,085817.322,4831.2355,N,00743.6736,E,1,03,0.0,0.0,M,,,,0000*07
$GPRMC,085817.322,A,4831.2355,N,00743.6736,E,10.8,103.8,110826,,*37
$GPGGA,085817.355,4831.2354,N,00743.6737,E,1,03,0.0,0.0,M,,,,0000*07
$GPRMC,085817.355,A,4831.2354,N,00743.6737,E,10.8,103.8,110826,,*37
$GPGGA,085817.389,4831.2354,N,00743.6739,E,1,03,0.0,0.0,M,,,,0000*08
$GPRMC,085817.389,A,4831.2354,N,00743.6739,E,10.8,103.8,110826,,*38
$GPGGA,085817.427,4831.2354,N,00743.6740,E,1,03,0.0,0.0,M,,,,0000*05
$GPRMC,085817.427,A,4831.2354,N,00743.6740,E,10.8,103.8,110826,,*35
$GPGGA,085817.492,4831.2354,N,00743.6742,E,1,03,0.0,0.0,M,,,,0000*09
$GPRMC,085817.492,A,4831.2354,N,00743.6742,E,10.8,103.8,110826,,*39
$GPGGA,085817.552,4831.2353,N,00743.6744,E,1,03,0.0,0.0,M,,,,0000*05
$GPRMC,085817.552,A,4831.2353,N,00743.6744,E,10.8,103.8,110826,,*35
$GPGGA,085817.553,4831.2353,N,00743.6747,E,1,03,0.0,0.0,M,,,,0000*07
$GPRMC,085817.553,A,4831.2353,N,00743.6747,E,10.8,103.8,110826,,*37
$GPGGA,085817.603,4831.2353,N,00743.6747,E,1,03,0.0,0.0,M,,,,0000*01
$GPRMC,085817.603,A,4831.2353,N,00743.6747,E,10.8,103.8,110826,,*31
$GPGGA,085817.668,4831.2352,N,00743.6750,E,1,03,0.0,0.0,M,,,,0000*0b
$GPRMC,085817.668,A,4831.2352,N,00743.6750,E,10.8,103.8,110826,,*3b
$GPGGA,085817.668,4831.2352,N,00743.6752,E,1,03,0.0,0.0,M,,,,0000*09
$GPRMC,085817.668,A,4831.2352,N,00743.6752,E,10.8,103.8,110826,,*39
$GPGGA,085817.712,4831.2352,N,00743.6753,E,1,03,0.0,0.0,M,,,,0000*04
$GPRMC,085817.712,A,4831.2352,N,00743.6753,E,10.8,103.9,110826,,*35
$GPGGA,085817.760,4831.2352,N,00743.6754,E,1,03,0.0,0.0,M,,,,0000*06
$GPRMC,085817.760,A,4831.2352,N,00743.6754,E,10.8,103.9,110826,,*37
$GPGGA,085817.804,4831.2351,N,00743.6756,E,1,03,0.0,0.0,M,,,,0000*0a
$GPRMC,085817.804,A,4831.2351,N,00743.6756,E,10.8,103.9,110826,,*3b
$GPGGA,085817.862,4831.2351,N,00743.6758,E,1,03,0.0,0.0,M,,,,0000*04
$GPRMC,085817.862,A,4831.2351,N,00743.6758,E,10.8,103.9,110826,,*35
$GPGGA,085817.904,4831.2351,N,00743.6761,E,1,03,0.0,0.0,M,,,,0000*0f
$GPRMC,085817.904,A,4831.2351,N,00743.6761,E,10.8,103.9,110826,,*3e
$GPGGA,085817.945,4831.2350,N,00743.6763,E,1,03,0.0,0.0,M,,,,0000*09
$GPRMC,085817.945,A,4831.2350,N,00743.6763,E,10.8,103.9,110826,,*38
$GPGGA,085817.989,4831.2350,N,00743.6764,E,1,03,0.0,0.0,M,,,,0000*0e
$GPRMC,085817.989,A,4831.2350,N,00743.6764,E,10.8,103.9,110826,,*3f
$GPGGA,085818.040,4831.2350,N,00743.6767,E,1,03,0.0,0.0,M,,,,0000*0e
$GPRMC,085818.040,A,4831.2350,N,00743.6767,E,10.8,104.0,110826,,*31
$GPGGA,085818.083,4831.2349,N,00743.6769,E,1,03,0.0,0.0,M,,,,0000*07
$GPRMC,085818.083,A,4831.2349,N,00743.6769,E,10.8,104.0,110826,,*38
$GPGGA,085818.125,4831.2349,N,00743.6770,E,1,03,0.0,0.0,M,,,,0000*02
$GPRMC,085818.125,A,4831.2349,N,00743.6770,E,10.8,104.0,110826,,*3d
$GPGGA,085818.167,4831.2349,N,00743.6773,E,1,03,0.0,0.0,M,,,,0000*07
$GPRMC,085818.167,A,4831.2349,N,00743.6773,E,10.8,104.0,110826,,*38
$GPGGA,085818.206,4831.2348,N,00743.6774,E,1,03,0.0,0.0,M,,,,0000*05
$GPRMC,085818.206,A,4831.2348,N,00743.6774,E,10.8,104.0,110826,,*3a
$GPGGA,085818.254,4831.2348,N,00743.6776,E,1,03,0.0,0.0,M,,,,0000*00
$GPRMC,085818.254,A,4831.2348,N,00743.6776,E,10.8,104.0,110826,,*3f
$GPGGA,085818.306,4831.2348,N,00743.6778,E,1,03,0.0,0.0,M,,,,0000*08
$GPRMC,085818.306,A,4831.2348,N,00743.6778,E,10.8,104.0,110826,,*37
$GPGGA,085818.365,4831.2347,N,00743.6780,E,1,03,0.0,0.0,M,,,,0000*05
$GPRMC,085818.365,A,4831.2347,N,00743.6780,E,10.8,104.1,110826,,*3b
$GPGGA,085818.413,4831.2347,N,00743.6782,E,1,03,0.0,0.0,M,,,,0000*01
$GPRMC,085818.413,A,4831.2347,N,00743.6782,E,10.8,104.1,110826,,*3f
$GPGGA,085818.459,4831.2347,N,00743.6785,E,1,03,0.0,0.0,M,,,,0000*08
$GPRMC,085818.459,A,4831.2347,N,00743.6785,E,10.8,104.1,110826,,*36
$GPGGA,085818.504,4831.2346,N,00743.6787,E,1,03,0.0,0.0,M,,,,0000*02
$GPRMC,085818.504,A,4831.2346,N,00743.6787,E,10.8,104.1,110826,,*3c
$GPGGA,085818.545,4831.2346,N,00743.6789,E,1,03,0.0,0.0,M,,,,0000*09
$GPRMC,085818.545,A,4831.2346,N,00743.6789,E,10.8,104.1,110826,,*37
$GPGGA,085818.587,4831.2346,N,00743.6791,E,1,03,0.0,0.0,M,,,,0000*0e
$GPRMC,085818.587,A,4831.2346,N,00743.6791,E,10.8,104.1,110826,,*30
$GPGGA,085818.626,4831.2345,N,00743.6792,E,1,03,0.0,0.0,M,,,,0000*06
$GPRMC,085818.626,A,4831.2345,N,00743.6792,E,10.8,104.1,110826,,*38
$GPGGA,085818.663,4831.2345,N,00743.6794,E,1,03,0.0,0.0,M,,,,0000*01
$GPRMC,085818.663,A,4831.2345,N,00743.6794,E,10.8,104.2,110826,,*3c
$GPGGA,085818.699,4831.2345,N,00743.6796,E,1,03,0.0,0.0,M,,,,0000*06
$GPRMC,085818.699,A,4831.2345,N,00743.6796,E,10.8,104.2,110826,,*3b
$GPGGA,085818.740,4831.2345,N,00743.6797,E,1,03,0.0,0.0,M,,,,0000*02
$GPRMC,085818.740,A,4831.2345,N,00743.6797,E,10.8,104.2,110826,,*3f
$GPGGA,085818.780,4831.2344,N,00743.6799,E,1,03,0.0,0.0,M,,,,0000*01
$GPRMC,085818.780,A,4831.2344,N,00743.6799,E,10.8,104.2,110826,,*3c
$GPGGA,085818.823,4831.2344,N,00743.6801,E,1,03,0.0,0.0,M,,,,0000*09
$GPRMC,085818.823,A,4831.2344,N,00743.6801,E,10.8,104.2,110826,,*34
$GPGGA,085818.869,4831.2343,N,00743.6803,E,1,03,0.0,0.0,M,,,,0000*02
$GPRMC,085818.869,A,4831.2343,N,00743.6803,E,10.8,104.3,110826,,*3e
$GPGGA,085818.912,4831.2343,N,00743.6806,E,1,03,0.0,0.0,M,,,,0000*0a
$GPRMC,085818.912,A,4831.2343,N,00743.6806,E,10.8,104.3,110826,,*36
$GPGGA,085818.972,4831.2343,N,00743.6807,E,1,03,0.0,0.0,M,,,,0000*0d
$GPRMC,085818.972,A,4831.2343,N,00743.6807,E,10.8,104.3,110826,,*31
$GPGGA,085819.031,4831.2342,N,00743.6810,E,1,03,0.0,0.0,M,,,,0000*05
$GPRMC,085819.031,A,4831.2342,N,00743.6810,E,10.8,104.4,110826,,*3e
$GPGGA,085819.078,4831.2342,N,00743.6812,E,1,03,0.0,0.0,M,,,,0000*0a
$GPRMC,085819.078,A,4831.2342,N,00743.6812,E,10.8,104.4,110826,,*31
$GPGGA,085819.127,4831.2342,N,00743.6814,E,1,03,0.0,0.0,M,,,,0000*07
$GPRMC,085819.127,A,4831.2342,N,00743.6814,E,10.8,104.4,110826,,*3c
$GPGGA,085819.172,4831.2341,N,00743.6816,E,1,03,0.0,0.0,M,,,,0000*06
$GPRMC,085819.172,A,4831.2341,N,00743.6816,E,10.8,104.5,110826,,*3c
$GPGGA,085819.231,4831.2341,N,00743.6819,E,1,03,0.0,0.0,M,,,,0000*0d
$GPRMC,085819.231,A,4831.2341,N,00743.6819,E,10.8,104.5,110826,,*37
$GPGGA,085819.272,4831.2341,N,00743.6821,E,1,03,0.0,0.0,M,,,,0000*01
$GPRMC,085819.272,A,4831.2341,N,00743.6821,E,10.8,104.5,110826,,*3b
$GPGGA,085819.323,4831.2340,N,00743.6823,E,1,03,0.0,0.0,M,,,,0000*07
$GPRMC,085819.323,A,4831.2340,N,00743.6823,E,10.8,104.6,110826,,*3e
$GPGGA,085819.372,4831.2340,N,00743.6825,E,1,03,0.0,0.0,M,,,,0000*05
$GPRMC,085819.372,A,4831.2340,N,00743.6825,E,10.8,104.6,110826,,*3c
$GPGGA,085819.420,4831.2339,N,00743.6827,E,1,03,0.0,0.0,M,,,,0000*09
$GPRMC,085819.420,A,4831.2339,N,00743.6827,E,10.8,104.6,110826,,*30
$GPGGA,085819.475,4831.2339,N,00743.6829,E,1,03,0.0,0.0,M,,,,0000*07
$GPRMC,085819.475,A,4831.2339,N,00743.6829,E,10.8,104.6,110826,,*3e
$GPGGA,085819.526,4831.2339,N,00743.6831,E,1,03,0.0,0.0,M,,,,0000*09
$GPRMC,085819.526,A,4831.2339,N,00743.6831,E,10.8,104.6,110826,,*30
$GPGGA,085819.573,4831.2338,N,00743.6834,E,1,03,0.0,0.0,M,,,,0000*0d
$GPRMC,085819.573,A,4831.2338,N,00743.6834,E,10.8,104.6,110826,,*34
$GPGGA,085819.626,4831.2338,N,00743.6836,E,1,03,0.0,0.0,M,,,,0000*0c
$GPRMC,085819.626,A,4831.2338,N,00743.6836,E,10.8,104.6,110826,,*35
$GPGGA,085819.681,4831.2337,N,00743.6838,E,1,03,0.0,0.0,M,,,,0000*00
$GPRMC,085819.681,A,4831.2337,N,00743.6838,E,10.8,104.6,110826,,*39
$GPGGA,085819.726,4831.2337,N,00743.6841,E,1,03,0.0,0.0,M,,,,0000*02
$GPRMC,085819.726,A,4831.2337,N,00743.6841,E,10.8,104.6,110826,,*3b
$GPGGA,085819.774,4831.2337,N,00743.6843,E,1,03,0.0,0.0,M,,,,0000*07
$GPRMC,085819.774,A,4831.2337,N,00743.6843,E,10.8,104.6,110826,,*3e
$GPGGA,085819.807,4831.2336,N,00743.6845,E,1,03,0.0,0.0,M,,,,0000*0b
$GPRMC,085819.807,A,4831.2336,N,00743.6845,E,10.8,104.6,110826,,*32
$GPGGA,085819.875,4831.2336,N,00743.6846,E,1,03,0.0,0.0,M,,,,0000*0d
$GPRMC,085819.875,A,4831.2336,N,00743.6846,E,10.8,104.6,110826,,*34
$GPGGA,085819.907,4831.2336,N,00743.6849,E,1,03,0.0,0.0,M,,,,0000*06
$GPRMC,085819.907,A,4831.2336,N,00743.6849,E,10.8,104.6,110826,,*3f
$GPGGA,085819.970,4831.2335,N,00743.6850,E,1,03,0.0,0.0,M,,,,0000*0d
$GPRMC,085819.970,A,4831.2335,N,00743.6850,E,10.8,104.6,110826,,*34
$GPGGA,085820.020,4831.2335,N,00743.6854,E,1,03,0.0,0.0,M,,,,0000*0f
$GPRMC,085820.020,A,4831.2335,N,00743.6854,E,10.8,104.6,110826,,*36
$GPGGA,085820.058,4831.2335,N,00743.6855,E,1,03,0.0,0.0,M,,,,0000*01
$GPRMC,085820.058,A,4831.2335,N,00743.6855,E,10.8,104.6,110826,,*38
$GPGGA,085820.112,4831.2334,N,00743.6857,E,1,03,0.0,0.0,M,,,,0000*0d
$GPRMC,085820.112,A,4831.2334,N,00743.6857,E,10.8,104.6,110826,,*34
$GPGGA,085820.155,4831.2334,N,00743.6859,E,1,03,0.0,0.0,M,,,,0000*00
$GPRMC,085820.155,A,4831.2334,N,00743.6859,E,10.8,104.6,110826,,*39
$GPGGA,085820.210,4831.2334,N,00743.6862,E,1,03,0.0,0.0,M,,,,0000*0a
$GPRMC,085820.210,A,4831.2334,N,00743.6862,E,10.8,104.6,110826,,*33
$GPGGA,085820.257,4831.2333,N,00743.6864,E,1,03,0.0,0.0,M,,,,0000*08
$GPRMC,085820.257,A,4831.2333,N,00743.6864,E,10.8,104.6,110826,,*31
$GPGGA,085820.326,4831.2333,N,00743.6866,E,1,03,0.0,0.0,M,,,,0000*0d
$GPRMC,085820.326,A,4831.2333,N,00743.6866,E,10.8,104.6,110826,,*34
$GPGGA,085820.388,4831.2332,N,00743.6869,E,1,03,0.0,0.0,M,,,,0000*07
$GPRMC,085820.388,A,4831.2332,N,00743.6869,E,10.8,104.6,110826,,*3e
$GPGGA,085820.452,4831.2332,N,00743.6872,E,1,03,0.0,0.0,M,,,,0000*0d
$GPRMC,085820.452,A,4831.2332,N,00743.6872,E,10.8,104.6,110826,,*34
$GPGGA,085820.509,4831.2331,N,00743.6874,E,1,03,0.0,0.0,M,,,,0000*07
$GPRMC,085820.509,A,4831.2331,N,00743.6874,E,10.8,104.6,110826,,*3e
$GPGGA,085820.574,4831.2331,N,00743.6877,E,1,03,0.0,0.0,M,,,,0000*0e
$GPRMC,085820.574,A,4831.2331,N,00743.6877,E,10.8,104.6,110826,,*37
$GPGGA,085820.634,4831.2330,N,00743.6880,E,1,03,0.0,0.0,M,,,,0000*00
$GPRMC,085820.634,A,4831.2330,N,00743.6880,E,10.8,104.6,110826,,*39
$GPGGA,085820.673,4831.2330,N,00743.6882,E,1,03,0.0,0.0,M,,,,0000*01
$GPRMC,085820.673,A,4831.2330,N,00743.6882,E,10.8,104.6,110826,,*38
$GPGGA,085820.740,4831.2330,N,00743.6884,E,1,03,0.0,0.0,M,,,,0000*06
$GPRMC,085820.740,A,4831.2330,N,00743.6884,E,10.8,104.6,110826,,*3f
$GPGGA,085820.809,4831.2329,N,00743.6888,E,1,03,0.0,0.0,M,,,,0000*00
$GPRMC,085820.809,A,4831.2329,N,00743.6888,E,10.8,104.6,110826,,*39
$GPGGA,085820.876,4831.2329,N,00743.6890,E,1,03,0.0,0.0,M,,,,0000*01
$GPRMC,085820.876,A,4831.2329,N,00743.6890,E,10.8,104.6,110826,,*38
$GPGGA,085820.925,4831.2328,N,00743.6893,E,1,03,0.0,0.0,M,,,,0000*04
$GPRMC,085820.925,A,4831.2328,N,00743.6893,E,10.8,104.6,110826,,*3d
$GPGGA,085820.973,4831.2328,N,00743.6895,E,1,03,0.0,0.0,M,,,,0000*01
$GPRMC,085820.973,A,4831.2328,N,00743.6895,E,10.8,104.6,110826,,*38
$GPGGA,085821.018,4831.2327,N,00743.6897,E,1,03,0.0,0.0,M,,,,0000*09
$GPRMC,085821.018,A,4831.2327,N,00743.6897,E,10.8,104.6,110826,,*30
$GPGGA,085821.063,4831.2327,N,00743.6899,E,1,03,0.0,0.0,M,,,,0000*0b
$GPRMC,085821.063,A,4831.2327,N,00743.6899,E,10.8,104.6,110826,,*32
$GPGGA,085821.106,4831.2327,N,00743.6901,E,1,03,0.0,0.0,M,,,,0000*09
$GPRMC,085821.106,A,4831.2327,N,00743.6901,E,10.8,104.6,110826,,*30
$GPGGA,085821.157,4831.2326,N,00743.6904,E,1,03,0.0,0.0,M,,,,0000*09
$GPRMC,085821.157,A,4831.2326,N,00743.6904,E,10.8,104.6,110826,,*30
$GPGGA,085821.209,4831.2326,N,00743.6906,E,1,03,0.0,0.0,M,,,,0000*03
$GPRMC,085821.209,A,4831.2326,N,00743.6906,E,10.8,104.6,110826,,*3a
$GPGGA,085821.240,4831.2326,N,00743.6908,E,1,03,0.0,0.0,M,,,,0000*00
$GPRMC,085821.240,A,4831.2326,N,00743.6908,E,10.8,104.6,110826,,*39
$GPGGA,085821.287,4831.2325,N,00743.6909,E,1,03,0.0,0.0,M,,,,0000*09
$GPRMC,085821.287,A,4831.2325,N,00743.6909,E,10.8,104.6,110826,,*30
$GPGGA,085821.335,4831.2325,N,00743.6911,E,1,03,0.0,0.0,M,,,,0000*08
$GPRMC,085821.335,A,4831.2325,N,00743.6911,E,10.8,104.6,110826,,*31
$GPGGA,085821.391,4831.2325,N,00743.6913,E,1,03,0.0,0.0,M,,,,0000*04
$GPRMC,085821.391,A,4831.2325,N,00743.6913,E,10.8,104.6,110826,,*3d
$GPGGA,085821.436,4831.2324,N,00743.6916,E,1,03,0.0,0.0,M,,,,0000*0a
$GPRMC,085821.436,A,4831.2324,N,00743.6916,E,10.8,104.6,110826,,*33
$GPGGA,085821.480,4831.2324,N,00743.6917,E,1,03,0.0,0.0,M,,,,0000*06
$GPRMC,085821.480,A,4831.2324,N,00743.6917,E,10.8,104.6,110826,,*3f
$GPGGA,085821.523,4831.2324,N,00743.6919,E,1,03,0.0,0.0,M,,,,0000*00
$GPRMC,085821.523,A,4831.2324,N,00743.6919,E,10.8,104.6,110826,,*39
$GPGGA,085821.569,4831.2323,N,00743.6922,E,1,03,0.0,0.0,M,,,,0000*01
$GPRMC,085821.569,A,4831.2323,N,00743.6922,E,10.8,104.6,110826,,*38
$GPGGA,085821.614,4831.2323,N,00743.6923,E,1,03,0.0,0.0,M,,,,0000*09
$GPRMC,085821.614,A,4831.2323,N,00743.6923,E,10.8,104.6,110826,,*30
$GPGGA,085821.655,4831.2323,N,00743.6925,E,1,03,0.0,0.0,M,,,,0000*0a
$GPRMC,085821.655,A,4831.2323,N,00743.6925,E,10.8,104.6,110826,,*33
$GPGGA,085821.704,4831.2322,N,00743.6927,E,1,03,0.0,0.0,M,,,,0000*0c
$GPRMC,085821.704,A,4831.2322,N,00743.6927,E,10.8,104.6,110826,,*35
$GPGGA,085821.748,4831.2322,N,00743.6929,E,1,03,0.0,0.0,M,,,,0000*0a
$GPRMC,085821.748,A,4831.2322,N,00743.6929,E,10.8,104.6,110826,,*33
$GPGGA,085821.798,4831.2322,N,00743.6931,E,1,03,0.0,0.0,M,,,,0000*0e
$GPRMC,085821.798,A,4831.2322,N,00743.6931,E,10.8,104.6,110826,,*37
$GPGGA,085821.840,4831.2321,N,00743.6933,E,1,03,0.0,0.0,M,,,,0000*05
$GPRMC,085821.840,A,4831.2321,N,00743.6933,E,10.8,104.6,110826,,*3c
$GPGGA,085821.893,4831.2321,N,00743.6935,E,1,03,0.0,0.0,M,,,,0000*0d
$GPRMC,085821.893,A,4831.2321,N,00743.6935,E,10.8,104.6,110826,,*34
$GPGGA,085821.941,4831.2320,N,00743.6937,E,1,03,0.0,0.0,M,,,,0000*00
$GPRMC,085821.941,A,4831.2320,N,00743.6937,E,10.8,104.6,110826,,*39
$GPGGA,085821.987,4831.2320,N,00743.6940,E,1,03,0.0,0.0,M,,,,0000*0a
$GPRMC,085821.987,A,4831.2320,N,00743.6940,E,10.8,104.6,110826,,*33
$GPGGA,085822.031,4831.2320,N,00743.6941,E,1,03,0.0,0.0,M,,,,0000*0c
$GPRMC,085822.031,A,4831.2320,N,00743.6941,E,10.8,104.6,110826,,*35
$GPGGA,085822.074,4831.2319,N,00743.6944,E,1,03,0.0,0.0,M,,,,0000*02
$GPRMC,085822.074,A,4831.2319,N,00743.6944,E,10.8,104.6,110826,,*3b
$GPGGA,085822.117,4831.2319,N,00743.6946,E,1,03,0.0,0.0,M,,,,0000*04
$GPRMC,085822.117,A,4831.2319,N,00743.6946,E,10.8,104.6,110826,,*3d
$GPGGA,085822.158,4831.2319,N,00743.6947,E,1,03,0.0,0.0,M,,,,0000*0e
$GPRMC,085822.158,A,4831.2319,N,00743.6947,E,10.8,104.6,110826,,*37
$GPGGA,085822.206,4831.2318,N,00743.6949,E,1,03,0.0,0.0,M,,,,0000*09
$GPRMC,085822.206,A,4831.2318,N,00743.6949,E,10.8,104.6,110826,,*30
$GPGGA,085822.254,4831.2318,N,00743.6951,E,1,03,0.0,0.0,M,,,,0000*07
$GPRMC,085822.254,A,4831.2318,N,00743.6951,E,10.8,104.6,110826,,*3e
$GPGGA,085822.304,4831.2318,N,00743.6953,E,1,03,0.0,0.0,M,,,,0000*01
$GPRMC,085822.304,A,4831.2318,N,00743.6953,E,10.8,104.6,110826,,*38
$GPGGA,085822.341,4831.2317,N,00743.6956,E,1,03,0.0,0.0,M,,,,0000*0a
$GPRMC,085822.341,A,4831.2317,N,00743.6956,E,10.8,104.6,110826,,*33
$GPGGA,085822.393,4831.2317,N,00743.6957,E,1,03,0.0,0.0,M,,,,0000*04
$GPRMC,085822.393,A,4831.2317,N,00743.6957,E,10.8,104.6,110826,,*3d
$GPGGA,085822.440,4831.2317,N,00743.6960,E,1,03,0.0,0.0,M,,,,0000*09
$GPRMC,085822.440,A,4831.2317,N,00743.6960,E,10.8,104.5,110826,,*33
$GPGGA,085822.474,4831.2316,N,00743.6961,E,1,03,0.0,0.0,M,,,,0000*0e
$GPRMC,085822.474,A,4831.2316,N,00743.6961,E,10.8,104.5,110826,,*34
$GPGGA,085822.527,4831.2316,N,00743.6963,E,1,03,0.0,0.0,M,,,,0000*0b
$GPRMC,085822.527,A,4831.2316,N,00743.6963,E,10.8,104.5,110826,,*31
$GPGGA,085822.581,4831.2316,N,00743.6965,E,1,03,0.0,0.0,M,,,,0000*01
$GPRMC,085822.581,A,4831.2316,N,00743.6965,E,10.8,104.5,110826,,*3b
$GPGGA,085822.627,4831.2315,N,00743.6967,E,1,03,0.0,0.0,M,,,,0000*0f
$GPRMC,085822.627,A,4831.2315,N,00743.6967,E,10.8,104.5,110826,,*35
$GPGGA,085822.675,4831.2315,N,00743.6970,E,1,03,0.0,0.0,M,,,,0000*0e
$GPRMC,085822.675,A,4831.2315,N,00743.6970,E,10.8,104.5,110826,,*34
$GPGGA,085822.732,4831.2314,N,00743.6972,E,1,03,0.0,0.0,M,,,,0000*0f
$GPRMC,085822.732,A,4831.2314,N,00743.6972,E,10.8,104.5,110826,,*35
$GPGGA,085822.793,4831.2314,N,00743.6974,E,1,03,0.0,0.0,M,,,,0000*02
$GPRMC,085822.793,A,4831.2314,N,00743.6974,E,10.8,104.5,110826,,*38
$GPGGA,085822.856,4831.2314,N,00743.6977,E,1,03,0.0,0.0,M,,,,0000*07
$GPRMC,085822.856,A,4831.2314,N,00743.6977,E,10.8,104.5,110826,,*3d
$GPGGA,085822.942,4831.2313,N,00743.6980,E,1,03,0.0,0.0,M,,,,0000*0c
$GPRMC,085822.942,A,4831.2313,N,00743.6980,E,10.8,104.5,110826,,*36
$GPGGA,085823.006,4831.2313,N,00743.6984,E,1,03,0.0,0.0,M,,,,0000*00
$GPRMC,085823.006,A,4831.2313,N,00743.6984,E,10.8,104.5,110826,,*3a
$GPGGA,085823.065,4831.2312,N,00743.6986,E,1,03,0.0,0.0,M,,,,0000*06
$GPRMC,085823.065,A,4831.2312,N,00743.6986,E,10.8,104.5,110826,,*3c
$GPGGA,085823.123,4831.2312,N,00743.6988,E,1,03,0.0,0.0,M,,,,0000*0b
$GPRMC,085823.123,A,4831.2312,N,00743.6988,E,10.8,104.4,110826,,*30
$GPGGA,085823.176,4831.2311,N,00743.6991,E,1,03,0.0,0.0,M,,,,0000*00
$GPRMC,085823.176,A,4831.2311,N,00743.6991,E,10.8,104.4,110826,,*3b
$GPGGA,085823.236,4831.2311,N,00743.6994,E,1,03,0.0,0.0,M,,,,0000*02
$GPRMC,085823.236,A,4831.2311,N,00743.6994,E,10.8,104.4,110826,,*39
$GPGGA,085823.291,4831.2310,N,00743.6996,E,1,03,0.0,0.0,M,,,,0000*0c
$GPRMC,085823.291,A,4831.2310,N,00743.6996,E,10.8,104.4,110826,,*37
$GPGGA,085823.356,4831.2310,N,00743.6999,E,1,03,0.0,0.0,M,,,,0000*09
$GPRMC,085823.356,A,4831.2310,N,00743.6999,E,10.8,104.4,110826,,*32
$GPGGA,085823.420,4831.2309,N,00743.7002,E,1,03,0.0,0.0,M,,,,0000*0d
$GPRMC,085823.420,A,4831.2309,N,00743.7002,E,10.8,104.3,110826,,*31
$GPGGA,085823.475,4831.2309,N,00743.7004,E,1,03,0.0,0.0,M,,,,0000*0b
$GPRMC,085823.475,A,4831.2309,N,00743.7004,E,10.8,104.3,110826,,*37
$GPGGA,085823.535,4831.2309,N,00743.7007,E,1,03,0.0,0.0,M,,,,0000*0d
$GPRMC,085823.535,A,4831.2309,N,00743.7007,E,10.8,104.3,110826,,*31
$GPGGA,085823.591,4831.2308,N,00743.7009,E,1,03,0.0,0.0,M,,,,0000*0c
$GPRMC,085823.591,A,4831.2308,N,00743.7009,E,10.8,104.3,110826,,*30
$GPGGA,085823.647,4831.2308,N,00743.7012,E,1,03,0.0,0.0,M,,,,0000*0e
$GPRMC,085823.647,A,4831.2308,N,00743.7012,E,10.8,104.2,110826,,*33
$GPGGA,085823.693,4831.2307,N,00743.7014,E,1,03,0.0,0.0,M,,,,0000*0e
$GPRMC,085823.693,A,4831.2307,N,00743.7014,E,10.8,104.2,110826,,*33
$GPGGA,085823.753,4831.2307,N,00743.7017,E,1,03,0.0,0.0,M,,,,0000*00
$GPRMC,085823.753,A,4831.2307,N,00743.7017,E,10.8,104.2,110826,,*3d
$GPGGA,085823.819,4831.2307,N,00743.7019,E,1,03,0.0,0.0,M,,,,0000*0f
$GPRMC,085823.819,A,4831.2307,N,00743.7019,E,10.8,104.2,110826,,*32
$GPGGA,085823.880,4831.2306,N,00743.7021,E,1,03,0.0,0.0,M,,,,0000*05
$GPRMC,085823.880,A,4831.2306,N,00743.7021,E,10.8,104.1,110826,,*3b
$GPGGA,085823.938,4831.2306,N,00743.7025,E,1,03,0.0,0.0,M,,,,0000*03
$GPRMC,085823.938,A,4831.2306,N,00743.7025,E,10.8,104.1,110826,,*3d
$GPGGA,085823.995,4831.2305,N,00743.7027,E,1,03,0.0,0.0,M,,,,0000*05
$GPRMC,085823.995,A,4831.2305,N,00743.7027,E,10.8,104.1,110826,,*3b
$GPGGA,085824.054,4831.2305,N,00743.7030,E,1,03,0.0,0.0,M,,,,0000*00
$GPRMC,085824.054,A,4831.2305,N,00743.7030,E,10.8,104.0,110826,,*3f
$GPGGA,085824.116,4831.2304,N,00743.7032,E,1,03,0.0,0.0,M,,,,0000*04
$GPRMC,085824.116,A,4831.2304,N,00743.7032,E,10.8,104.0,110826,,*3b
$GPGGA,085824.176,4831.2304,N,00743.7035,E,1,03,0.0,0.0,M,,,,0000*05
$GPRMC,085824.176,A,4831.2304,N,00743.7035,E,10.8,104.0,110826,,*3a
$GPGGA,085824.232,4831.2304,N,00743.7038,E,1,03,0.0,0.0,M,,,,0000*0b
$GPRMC,085824.232,A,4831.2304,N,00743.7038,E,10.8,104.0,110826,,*34
$GPGGA,085824.287,4831.2303,N,00743.7040,E,1,03,0.0,0.0,M,,,,0000*0d
$GPRMC,085824.287,A,4831.2303,N,00743.7040,E,10.8,103.9,110826,,*3c
$GPGGA,085824.330,4831.2303,N,00743.7042,E,1,03,0.0,0.0,M,,,,0000*02
$GPRMC,085824.330,A,4831.2303,N,00743.7042,E,10.8,103.9,110826,,*33
$GPGGA,085824.386,4831.2302,N,00743.7045,E,1,03,0.0,0.0,M,,,,0000*09
$GPRMC,085824.386,A,4831.2302,N,00743.7045,E,10.8,103.8,110826,,*39
$GPGGA,085824.436,4831.2302,N,00743.7047,E,1,03,0.0,0.0,M,,,,0000*07
$GPRMC,085824.436,A,4831.2302,N,00743.7047,E,10.8,103.8,110826,,*37
$GPGGA,085824.484,4831.2302,N,00743.7049,E,1,03,0.0,0.0,M,,,,0000*00
$GPRMC,085824.484,A,4831.2302,N,00743.7049,E,10.8,103.8,110826,,*30
$GPGGA,085824.531,4831.2301,N,00743.7051,E,1,03,0.0,0.0,M,,,,0000*05
$GPRMC,085824.531,A,4831.2301,N,00743.7051,E,10.8,103.7,110826,,*3a
$GPGGA,085824.580,4831.2301,N,00743.7053,E,1,03,0.0,0.0,M,,,,0000*0d
$GPRMC,085824.580,A,4831.2301,N,00743.7053,E,10.8,103.7,110826,,*32
$GPGGA,085824.629,4831.2301,N,00743.7055,E,1,03,0.0,0.0,M,,,,0000*0b
$GPRMC,085824.629,A,4831.2301,N,00743.7055,E,10.8,103.6,110826,,*35
$GPGGA,085824.677,4831.2300,N,00743.7057,E,1,03,0.0,0.0,M,,,,0000*03
$GPRMC,085824.677,A,4831.2300,N,00743.7057,E,10.8,103.6,110826,,*3d
$GPGGA,085824.725,4831.2300,N,00743.7059,E,1,03,0.0,0.0,M,,,,0000*0b
$GPRMC,085824.725,A,4831.2300,N,00743.7059,E,10.8,103.6,110826,,*35
$GPGGA,085824.775,4831.2300,N,00743.7062,E,1,03,0.0,0.0,M,,,,0000*06
$GPRMC,085824.775,A,4831.2300,N,00743.7062,E,10.8,103.5,110826,,*3b
$GPGGA,085824.820,4831.2299,N,00743.7064,E,1,03,0.0,0.0,M,,,,0000*0e
$GPRMC,085824.820,A,4831.2299,N,00743.7064,E,10.8,103.5,110826,,*33
$GPGGA,085824.857,4831.2299,N,00743.7066,E,1,03,0.0,0.0,M,,,,0000*0c
$GPRMC,085824.857,A,4831.2299,N,00743.7066,E,10.8,103.4,110826,,*30
$GPGGA,085824.926,4831.2299,N,00743.7068,E,1,03,0.0,0.0,M,,,,0000*05
$GPRMC,085824.926,A,4831.2299,N,00743.7068,E,10.8,103.4,110826,,*39
$GPGGA,085824.975,4831.2298,N,00743.7071,E,1,03,0.0,0.0,M,,,,0000*0a
$GPRMC,085824.975,A,4831.2298,N,00743.7071,E,10.8,103.3,110826,,*31
$GPGGA,085825.032,4831.2298,N,00743.7073,E,1,03,0.0,0.0,M,,,,0000*03
$GPRMC,085825.032,A,4831.2298,N,00743.7073,E,10.8,103.3,110826,,*38
$GPGGA,085825.074,4831.2298,N,00743.7075,E,1,03,0.0,0.0,M,,,,0000*07
$GPRMC,085825.074,A,4831.2298,N,00743.7075,E,10.8,103.3,110826,,*3c
$GPGGA,085825.153,4831.2297,N,00743.7078,E,1,03,0.0,0.0,M,,,,0000*01
$GPRMC,085825.153,A,4831.2297,N,00743.7078,E,10.8,103.2,110826,,*3b
$GPGGA,085825.190,4831.2297,N,00743.7081,E,1,03,0.0,0.0,M,,,,0000*08
$GPRMC,085825.190,A,4831.2297,N,00743.7081,E,10.8,103.2,110826,,*32
$GPGGA,085825.253,4831.2296,N,00743.7083,E,1,03,0.0,0.0,M,,,,0000*07
$GPRMC,085825.253,A,4831.2296,N,00743.7083,E,10.8,103.2,110826,,*3d
$GPGGA,085825.302,4831.2296,N,00743.7085,E,1,03,0.0,0.0,M,,,,0000*04
$GPRMC,085825.302,A,4831.2296,N,00743.7085,E,10.8,103.2,110826,,*3e
$GPGGA,085825.352,4831.2296,N,00743.7087,E,1,03,0.0,0.0,M,,,,0000*03
$GPRMC,085825.352,A,4831.2296,N,00743.7087,E,10.8,103.1,110826,,*3a
$GPGGA,085825.404,4831.2295,N,00743.7089,E,1,03,0.0,0.0,M,,,,0000*0a
$GPRMC,085825.404,A,4831.2295,N,00743.7089,E,10.8,103.1,110826,,*33
$GPGGA,085825.454,4831.2295,N,00743.7091,E,1,03,0.0,0.0,M,,,,0000*06
$GPRMC,085825.454,A,4831.2295,N,00743.7091,E,10.8,103.1,110826,,*3f
$GPGGA,085825.498,4831.2295,N,00743.7094,E,1,03,0.0,0.0,M,,,,0000*03
$GPRMC,085825.498,A,4831.2295,N,00743.7094,E,10.8,103.0,110826,,*3b
$GPGGA,085825.552,4831.2294,N,00743.7096,E,1,03,0.0,0.0,M,,,,0000*07
$GPRMC,085825.552,A,4831.2294,N,00743.7096,E,10.8,103.0,110826,,*3f
$GPGGA,085825.599,4831.2294,N,00743.7098,E,1,03,0.0,0.0,M,,,,0000*0e
$GPRMC,085825.599,A,4831.2294,N,00743.7098,E,10.8,103.0,110826,,*36
$GPGGA,085825.646,4831.2294,N,00743.7100,E,1,03,0.0,0.0,M,,,,0000*0f
$GPRMC,085825.646,A,4831.2294,N,00743.7100,E,10.8,102.9,110826,,*3f
$GPGGA,085825.696,4831.2293,N,00743.7102,E,1,03,0.0,0.0,M,,,,0000*07
$GPRMC,085825.696,A,4831.2293,N,00743.7102,E,10.8,102.9,110826,,*37
$GPGGA,085825.740,4831.2293,N,00743.7105,E,1,03,0.0,0.0,M,,,,0000*0a
$GPRMC,085825.740,A,4831.2293,N,00743.7105,E,10.8,102.9,110826,,*3a
$GPGGA,085825.789,4831.2293,N,00743.7107,E,1,03,0.0,0.0,M,,,,0000*0d
$GPRMC,085825.789,A,4831.2293,N,00743.7107,E,10.8,102.8,110826,,*3c
$GPGGA,085825.835,4831.2292,N,00743.7108,E,1,03,0.0,0.0,M,,,,0000*0b
$GPRMC,085825.835,A,4831.2292,N,00743.7108,E,10.8,102.8,110826,,*3a
$GPGGA,085825.892,4831.2292,N,00743.7110,E,1,03,0.0,0.0,M,,,,0000*0f
$GPRMC,085825.892,A,4831.2292,N,00743.7110,E,10.8,102.8,110826,,*3e
$GPGGA,085825.940,4831.2292,N,00743.7114,E,1,03,0.0,0.0,M,,,,0000*05
$GPRMC,085825.940,A,4831.2292,N,00743.7114,E,10.8,102.7,110826,,*3b
$GPGGA,085825.993,4831.2291,N,00743.7116,E,1,03,0.0,0.0,M,,,,0000*0a
$GPRMC,085825.993,A,4831.2291,N,00743.7116,E,10.8,102.7,110826,,*34
$GPGGA,085826.039,4831.2291,N,00743.7118,E,1,03,0.0,0.0,M,,,,0000*0e
$GPRMC,085826.039,A,4831.2291,N,00743.7118,E,10.8,102.7,110826,,*30
$GPGGA,085826.093,4831.2291,N,00743.7119,E,1,03,0.0,0.0,M,,,,0000*0f
$GPRMC,085826.093,A,4831.2291,N,00743.7119,E,10.8,102.7,110826,,*31
$GPGGA,085826.142,4831.2290,N,00743.7122,E,1,03,0.0,0.0,M,,,,0000*0b
$GPRMC,085826.142,A,4831.2290,N,00743.7122,E,10.8,102.7,110826,,*35
$GPGGA,085826.219,4831.2290,N,00743.7124,E,1,03,0.0,0.0,M,,,,0000*00
$GPRMC,085826.219,A,4831.2290,N,00743.7124,E,10.8,102.7,110826,,*3e
$GPGGA,085826.283,4831.2290,N,00743.7127,E,1,03,0.0,0.0,M,,,,0000*00
$GPRMC,085826.283,A,4831.2290,N,00743.7127,E,10.8,102.7,110826,,*3e
$GPGGA,085826.340,4831.2289,N,00743.7131,E,1,03,0.0,0.0,M,,,,0000*01
$GPRMC,085826.340,A,4831.2289,N,00743.7131,E,10.8,102.7,110826,,*3f
$GPGGA,085826.409,4831.2289,N,00743.7134,E,1,03,0.0,0.0,M,,,,0000*0e
$GPRMC,085826.409,A,4831.2289,N,00743.7134,E,10.8,102.7,110826,,*30
$GPGGA,085826.481,4831.2288,N,00743.7136,E,1,03,0.0,0.0,M,,,,0000*0d
$GPRMC,085826.481,A,4831.2288,N,00743.7136,E,10.8,102.7,110826,,*33
$GPGGA,085826.546,4831.2288,N,00743.7139,E,1,03,0.0,0.0,M,,,,0000*08
$GPRMC,085826.546,A,4831.2288,N,00743.7139,E,10.8,102.7,110826,,*36
$GPGGA,085826.611,4831.2287,N,00743.7142,E,1,03,0.0,0.0,M,,,,0000*0a
$GPRMC,085826.611,A,4831.2287,N,00743.7142,E,10.8,102.7,110826,,*34
$GPGGA,085826.678,4831.2287,N,00743.7145,E,1,03,0.0,0.0,M,,,,0000*02
$GPRMC,085826.678,A,4831.2287,N,00743.7145,E,10.8,102.7,110826,,*3c
$GPGGA,085826.742,4831.2286,N,00743.7148,E,1,03,0.0,0.0,M,,,,0000*06
$GPRMC,085826.742,A,4831.2286,N,00743.7148,E,10.8,102.7,110826,,*38
$GPGGA,085826.807,4831.2286,N,00743.7151,E,1,03,0.0,0.0,M,,,,0000*00
$GPRMC,085826.807,A,4831.2286,N,00743.7151,E,10.8,102.7,110826,,*3e
$GPGGA,085826.876,4831.2286,N,00743.7153,E,1,03,0.0,0.0,M,,,,0000*04
$GPRMC,085826.876,A,4831.2286,N,00743.7153,E,10.8,102.7,110826,,*3a
$GPGGA,085826.945,4831.2285,N,00743.7157,E,1,03,0.0,0.0,M,,,,0000*02
$GPRMC,085826.945,A,4831.2285,N,00743.7157,E,10.8,102.7,110826,,*3c
$GPGGA,085827.006,4831.2285,N,00743.7160,E,1,03,0.0,0.0,M,,,,0000*09
$GPRMC,085827.006,A,4831.2285,N,00743.7160,E,10.8,102.7,110826,,*37
$GPGGA,085827.060,4831.2284,N,00743.7162,E,1,03,0.0,0.0,M,,,,0000*0a
$GPRMC,085827.060,A,4831.2284,N,00743.7162,E,10.8,102.7,110826,,*34
$GPGGA,085827.135,4831.2284,N,00743.7165,E,1,03,0.0,0.0,M,,,,0000*0c
$GPRMC,085827.135,A,4831.2284,N,00743.7165,E,10.8,102.7,110826,,*32
$GPGGA,085827.202,4831.2284,N,00743.7168,E,1,03,0.0,0.0,M,,,,0000*06
$GPRMC,085827.202,A,4831.2284,N,00743.7168,E,10.8,102.7,110826,,*38
$GPGGA,085827.257,4831.2283,N,00743.7171,E,1,03,0.0,0.0,M,,,,0000*09
$GPRMC,085827.257,A,4831.2283,N,00743.7171,E,10.8,102.7,110826,,*37
$GPGGA,085827.328,4831.2283,N,00743.7174,E,1,03,0.0,0.0,M,,,,0000*05
$GPRMC,085827.328,A,4831.2283,N,00743.7174,E,10.8,102.7,110826,,*3b
$GPGGA,085827.391,4831.2282,N,00743.7177,E,1,03,0.0,0.0,M,,,,0000*05
$GPRMC,085827.391,A,4831.2282,N,00743.7177,E,10.8,102.7,110826,,*3b
$GPGGA,085827.460,4831.2282,N,00743.7179,E,1,03,0.0,0.0,M,,,,0000*02
$GPRMC,085827.460,A,4831.2282,N,00743.7179,E,10.8,102.7,110826,,*3c
$GPGGA,085827.543,4831.2281,N,00743.7183,E,1,03,0.0,0.0,M,,,,0000*04
$GPRMC,085827.543,A,4831.2281,N,00743.7183,E,10.8,102.7,110826,,*3a
$GPGGA,085827.592,4831.2281,N,00743.7186,E,1,03,0.0,0.0,M,,,,0000*0d
$GPRMC,085827.592,A,4831.2281,N,00743.7186,E,10.8,102.7,110826,,*33
$GPGGA,085827.672,4831.2280,N,00743.7189,E,1,03,0.0,0.0,M,,,,0000*0e
$GPRMC,085827.672,A,4831.2280,N,00743.7189,E,10.8,102.7,110826,,*30
$GPGGA,085827.725,4831.2280,N,00743.7194,E,1,03,0.0,0.0,M,,,,0000*01
$GPRMC,085827.725,A,4831.2280,N,00743.7194,E,10.8,102.7,110826,,*3f
$GPGGA,085827.794,4831.2279,N,00743.7197,E,1,03,0.0,0.0,M,,,,0000*0e
$GPRMC,085827.794,A,4831.2279,N,00743.7197,E,10.8,102.7,110826,,*30
$GPGGA,085827.845,4831.2279,N,00743.7201,E,1,03,0.0,0.0,M,,,,0000*01
$GPRMC,085827.845,A,4831.2279,N,00743.7201,E,10.8,102.7,110826,,*3f
$GPGGA,085827.910,4831.2278,N,00743.7203,E,1,03,0.0,0.0,M,,,,0000*03
$GPRMC,085827.910,A,4831.2278,N,00743.7203,E,10.8,102.7,110826,,*3d
$GPGGA,085827.986,4831.2278,N,00743.7207,E,1,03,0.0,0.0,M,,,,0000*08
$GPRMC,085827.986,A,4831.2278,N,00743.7207,E,10.8,102.7,110826,,*36
$GPGGA,085828.058,4831.2277,N,00743.7211,E,1,03,0.0,0.0,M,,,,0000*05
$GPRMC,085828.058,A,4831.2277,N,00743.7211,E,10.8,102.7,110826,,*3b
$GPGGA,085828.110,4831.2276,N,00743.7216,E,1,03,0.0,0.0,M,,,,0000*0e
$GPRMC,085828.110,A,4831.2276,N,00743.7216,E,10.8,102.7,110826,,*30
$GPGGA,085828.183,4831.2276,N,00743.7221,E,1,03,0.0,0.0,M,,,,0000*00
$GPRMC,085828.183,A,4831.2276,N,00743.7221,E,10.8,102.7,110826,,*3e
$GPGGA,085828.244,4831.2275,N,00743.7227,E,1,03,0.0,0.0,M,,,,0000*0d
$GPRMC,085828.244,A,4831.2275,N,00743.7227,E,10.8,102.7,110826,,*33
$GPGGA,085828.293,4831.2274,N,00743.7235,E,1,03,0.0,0.0,M,,,,0000*05
$GPRMC,085828.293,A,4831.2274,N,00743.7235,E,10.8,102.7,110826,,*3b
$GPGGA,085828.369,4831.2273,N,00743.7239,E,1,03,0.0,0.0,M,,,,0000*0a
$GPRMC,085828.369,A,4831.2273,N,00743.7239,E,10.8,102.7,110826,,*34
$GPGGA,085828.432,4831.2272,N,00743.7247,E,1,03,0.0,0.0,M,,,,0000*0b
$GPRMC,085828.432,A,4831.2272,N,00743.7247,E,10.8,102.7,110826,,*35
$GPGGA,085828.494,4831.2271,N,00743.7253,E,1,03,0.0,0.0,M,,,,0000*01
$GPRMC,085828.494,A,4831.2271,N,00743.7253,E,10.8,102.7,110826,,*3f
$GPGGA,085828.559,4831.2270,N,00743.7259,E,1,03,0.0,0.0,M,,,,0000*0a
$GPRMC,085828.559,A,4831.2270,N,00743.7259,E,10.8,102.6,110826,,*35
$GPGGA,085828.619,4831.2269,N,00743.7266,E,1,03,0.0,0.0,M,,,,0000*09
$GPRMC,085828.619,A,4831.2269,N,00743.7266,E,10.8,102.6,110826,,*36
$GPGGA,085828.676,4831.2268,N,00743.7271,E,1,03,0.0,0.0,M,,,,0000*07
$GPRMC,085828.676,A,4831.2268,N,00743.7271,E,10.8,102.6,110826,,*38
$GPGGA,085828.739,4831.2267,N,00743.7278,E,1,03,0.0,0.0,M,,,,0000*0b
$GPRMC,085828.739,A,4831.2267,N,00743.7278,E,10.8,102.6,110826,,*34
$GPGGA,085828.797,4831.2267,N,00743.7283,E,1,03,0.0,0.0,M,,,,0000*0b
$GPRMC,085828.797,A,4831.2267,N,00743.7283,E,10.8,102.6,110826,,*34
$GPGGA,085828.860,4831.2265,N,00743.7290,E,1,03,0.0,0.0,M,,,,0000*0c
$GPRMC,085828.860,A,4831.2265,N,00743.7290,E,10.8,102.6,110826,,*33
$GPGGA,085828.924,4831.2265,N,00743.7296,E,1,03,0.0,0.0,M,,,,0000*0b
$GPRMC,085828.924,A,4831.2265,N,00743.7296,E,10.8,102.6,110826,,*34
$GPGGA,085828.976,4831.2264,N,00743.7302,E,1,03,0.0,0.0,M,,,,0000*01
$GPRMC,085828.976,A,4831.2264,N,00743.7302,E,10.8,102.5,110826,,*3d
$GPGGA,085829.027,4831.2263,N,00743.7308,E,1,03,0.0,0.0,M,,,,0000*00
$GPRMC,085829.027,A,4831.2263,N,00743.7308,E,10.8,102.5,110826,,*3c
$GPGGA,085829.077,4831.2262,N,00743.7313,E,1,03,0.0,0.0,M,,,,0000*0e
$GPRMC,085829.077,A,4831.2262,N,00743.7313,E,21.6,102.5,110826,,*3e
$GPGGA,085829.109,4831.2261,N,00743.7318,E,1,03,0.0,0.0,M,,,,0000*0e
$GPRMC,085829.109,A,4831.2261,N,00743.7318,E,21.6,102.5,110826,,*3e
$GPGGA,085829.170,4831.2261,N,00743.7321,E,1,03,0.0,0.0,M,,,,0000*0a
$GPRMC,085829.170,A,4831.2261,N,00743.7321,E,21.6,102.5,110826,,*3a
$GPGGA,085829.209,4831.2260,N,00743.7326,E,1,03,0.0,0.0,M,,,,0000*01
$GPRMC,085829.209,A,4831.2260,N,00743.7326,E,21.6,102.4,110826,,*30
$GPGGA,085829.261,4831.2259,N,00743.7331,E,1,03,0.0,0.0,M,,,,0000*03
$GPRMC,085829.261,A,4831.2259,N,00743.7331,E,21.6,102.4,110826,,*32
$GPGGA,085829.311,4831.2259,N,00743.7336,E,1,03,0.0,0.0,M,,,,0000*02
$GPRMC,085829.311,A,4831.2259,N,00743.7336,E,21.6,102.4,110826,,*33
$GPGGA,085829.360,4831.2258,N,00743.7341,E,1,03,0.0,0.0,M,,,,0000*05
$GPRMC,085829.360,A,4831.2258,N,00743.7341,E,21.6,102.4,110826,,*34
$GPGGA,085829.408,4831.2257,N,00743.7346,E,1,03,0.0,0.0,M,,,,0000*04
$GPRMC,085829.408,A,4831.2257,N,00743.7346,E,21.6,102.3,110826,,*32
$GPGGA,085829.452,4831.2257,N,00743.7350,E,1,03,0.0,0.0,M,,,,0000*0c
$GPRMC,085829.452,A,4831.2257,N,00743.7350,E,21.6,102.3,110826,,*3a
$GPGGA,085829.501,4831.2256,N,00743.7355,E,1,03,0.0,0.0,M,,,,0000*0f
$GPRMC,085829.501,A,4831.2256,N,00743.7355,E,21.6,102.3,110826,,*39
$GPGGA,085829.588,4831.2255,N,00743.7360,E,1,03,0.0,0.0,M,,,,0000*0b
$GPRMC,085829.588,A,4831.2255,N,00743.7360,E,21.6,102.2,110826,,*3c
$GPGGA,085829.597,4831.2254,N,00743.7368,E,1,03,0.0,0.0,M,,,,0000*0c
$GPRMC,085829.597,A,4831.2254,N,00743.7368,E,21.6,102.2,110826,,*3b
$GPGGA,085829.650,4831.2254,N,00743.7370,E,1,03,0.0,0.0,M,,,,0000*0d
$GPRMC,085829.650,A,4831.2254,N,00743.7370,E,21.6,102.2,110826,,*3a
$GPGGA,085829.716,4831.2253,N,00743.7375,E,1,03,0.0,0.0,M,,,,0000*0c
$GPRMC,085829.716,A,4831.2253,N,00743.7375,E,21.6,102.1,110826,,*38
$GPGGA,085829.772,4831.2252,N,00743.7382,E,1,03,0.0,0.0,M,,,,0000*07
$GPRMC,085829.772,A,4831.2252,N,00743.7382,E,21.6,102.1,110826,,*33
$GPGGA,085829.832,4831.2251,N,00743.7387,E,1,03,0.0,0.0,M,,,,0000*0a
$GPRMC,085829.832,A,4831.2251,N,00743.7387,E,21.6,102.1,110826,,*3e
$GPGGA,085829.894,4831.2251,N,00743.7393,E,1,03,0.0,0.0,M,,,,0000*03
$GPRMC,085829.894,A,4831.2251,N,00743.7393,E,21.6,102.1,110826,,*37
$GPGGA,085829.986,4831.2250,N,00743.7400,E,1,03,0.0,0.0,M,,,,0000*0d
$GPRMC,085829.986,A,4831.2250,N,00743.7400,E,21.6,102.1,110826,,*39
$GPGGA,085830.045,4831.2248,N,00743.7409,E,1,03,0.0,0.0,M,,,,0000*03
$GPRMC,085830.045,A,4831.2248,N,00743.7409,E,21.6,102.1,110826,,*37
$GPGGA,085830.112,4831.2248,N,00743.7414,E,1,03,0.0,0.0,M,,,,0000*0c
$GPRMC,085830.112,A,4831.2248,N,00743.7414,E,21.6,102.1,110826,,*38
$GPGGA,085830.171,4831.2247,N,00743.7421,E,1,03,0.0,0.0,M,,,,0000*00
$GPRMC,085830.171,A,4831.2247,N,00743.7421,E,21.6,102.1,110826,,*34
$GPGGA,085830.233,4831.2246,N,00743.7426,E,1,03,0.0,0.0,M,,,,0000*03
$GPRMC,085830.233,A,4831.2246,N,00743.7426,E,21.6,102.1,110826,,*37
$GPGGA,085830.294,4831.2245,N,00743.7433,E,1,03,0.0,0.0,M,,,,0000*09
$GPRMC,085830.294,A,4831.2245,N,00743.7433,E,21.6,102.1,110826,,*3d
$GPGGA,085830.358,4831.2244,N,00743.7440,E,1,03,0.0,0.0,M,,,,0000*0d
$GPRMC,085830.358,A,4831.2244,N,00743.7440,E,21.6,102.1,110826,,*39
$GPGGA,085830.409,4831.2243,N,00743.7445,E,1,03,0.0,0.0,M,,,,0000*0c
$GPRMC,085830.409,A,4831.2243,N,00743.7445,E,21.6,102.1,110826,,*38
$GPGGA,085830.474,4831.2242,N,00743.7452,E,1,03,0.0,0.0,M,,,,0000*01
$GPRMC,085830.474,A,4831.2242,N,00743.7452,E,21.6,102.1,110826,,*35
$GPGGA,085830.526,4831.2241,N,00743.7457,E,1,03,0.0,0.0,M,,,,0000*01
$GPRMC,085830.526,A,4831.2241,N,00743.7457,E,21.6,102.1,110826,,*35
$GPGGA,085830.628,4831.2241,N,00743.7463,E,1,03,0.0,0.0,M,,,,0000*0b
$GPRMC,085830.628,A,4831.2241,N,00743.7463,E,21.6,102.1,110826,,*3f
$GPGGA,085830.634,4831.2239,N,00743.7472,E,1,03,0.0,0.0,M,,,,0000*09
$GPRMC,085830.634,A,4831.2239,N,00743.7472,E,21.6,102.2,110826,,*3e
$GPGGA,085830.689,4831.2239,N,00743.7474,E,1,03,0.0,0.0,M,,,,0000*09
$GPRMC,085830.689,A,4831.2239,N,00743.7474,E,21.6,102.2,110826,,*3e
$GPGGA,085830.752,4831.2238,N,00743.7479,E,1,03,0.0,0.0,M,,,,0000*02
$GPRMC,085830.752,A,4831.2238,N,00743.7479,E,21.6,102.3,110826,,*34
$GPGGA,085830.819,4831.2237,N,00743.7485,E,1,03,0.0,0.0,M,,,,0000*0e
$GPRMC,085830.819,A,4831.2237,N,00743.7485,E,21.6,102.3,110826,,*38
$GPGGA,085830.897,4831.2236,N,00743.7492,E,1,03,0.0,0.0,M,,,,0000*0f
$GPRMC,085830.897,A,4831.2236,N,00743.7492,E,21.6,102.4,110826,,*3e
$GPGGA,085830.964,4831.2235,N,00743.7500,E,1,03,0.0,0.0,M,,,,0000*0b
$GPRMC,085830.964,A,4831.2235,N,00743.7500,E,21.6,102.5,110826,,*3b
$GPGGA,085831.039,4831.2234,N,00743.7507,E,1,03,0.0,0.0,M,,,,0000*0d
$GPRMC,085831.039,A,4831.2234,N,00743.7507,E,21.6,102.6,110826,,*3e
$GPGGA,085831.094,4831.2233,N,00743.7513,E,1,03,0.0,0.0,M,,,,0000*08
$GPRMC,085831.094,A,4831.2233,N,00743.7513,E,21.6,102.6,110826,,*3b
$GPGGA,085831.170,4831.2232,N,00743.7520,E,1,03,0.0,0.0,M,,,,0000*02
$GPRMC,085831.170,A,4831.2232,N,00743.7520,E,21.6,102.7,110826,,*30
$GPGGA,085831.234,4831.2231,N,00743.7527,E,1,03,0.0,0.0,M,,,,0000*05
$GPRMC,085831.234,A,4831.2231,N,00743.7527,E,21.6,102.9,110826,,*39
$GPGGA,085831.315,4831.2230,N,00743.7533,E,1,03,0.0,0.0,M,,,,0000*03
$GPRMC,085831.315,A,4831.2230,N,00743.7533,E,21.6,103.0,110826,,*37
$GPGGA,085831.377,4831.2229,N,00743.7541,E,1,03,0.0,0.0,M,,,,0000*0a
$GPRMC,085831.377,A,4831.2229,N,00743.7541,E,21.6,103.2,110826,,*3c
$GPGGA,085831.445,4831.2228,N,00743.7548,E,1,03,0.0,0.0,M,,,,0000*04
$GPRMC,085831.445,A,4831.2228,N,00743.7548,E,21.6,103.3,110826,,*33
$GPGGA,085831.509,4831.2227,N,00743.7555,E,1,03,0.0,0.0,M,,,,0000*0e
$GPRMC,085831.509,A,4831.2227,N,00743.7555,E,21.6,103.3,110826,,*39
$GPGGA,085831.577,4831.2226,N,00743.7561,E,1,03,0.0,0.0,M,,,,0000*01
$GPRMC,085831.577,A,4831.2226,N,00743.7561,E,21.6,103.4,110826,,*31
$GPGGA,085831.694,4831.2225,N,00743.7567,E,1,03,0.0,0.0,M,,,,0000*0a
$GPRMC,085831.694,A,4831.2225,N,00743.7567,E,21.6,103.5,110826,,*3b
$GPGGA,085831.772,4831.2223,N,00743.7579,E,1,03,0.0,0.0,M,,,,0000*0a
$GPRMC,085831.772,A,4831.2223,N,00743.7579,E,21.6,103.8,110826,,*36
$GPGGA,085831.844,4831.2222,N,00743.7587,E,1,03,0.0,0.0,M,,,,0000*00
$GPRMC,085831.844,A,4831.2222,N,00743.7587,E,21.6,104.0,110826,,*33
$GPGGA,085831.919,4831.2221,N,00743.7594,E,1,03,0.0,0.0,M,,,,0000*08
$GPRMC,085831.919,A,4831.2221,N,00743.7594,E,21.6,104.2,110826,,*39
$GPGGA,085831.979,4831.2219,N,00743.7601,E,1,03,0.0,0.0,M,,,,0000*0a
$GPRMC,085831.979,A,4831.2219,N,00743.7601,E,21.6,104.1,110826,,*38
$GPGGA,085832.045,4831.2218,N,00743.7608,E,1,03,0.0,0.0,M,,,,0000*07
$GPRMC,085832.045,A,4831.2218,N,00743.7608,E,21.6,103.9,110826,,*3a
$GPGGA,085832.112,4831.2217,N,00743.7615,E,1,03,0.0,0.0,M,,,,0000*07
$GPRMC,085832.112,A,4831.2217,N,00743.7615,E,21.6,103.8,110826,,*3b
$GPGGA,085832.203,4831.2216,N,00743.7622,E,1,03,0.0,0.0,M,,,,0000*01
$GPRMC,085832.203,A,4831.2216,N,00743.7622,E,21.6,103.6,110826,,*33
$GPGGA,085832.277,4831.2215,N,00743.7629,E,1,03,0.0,0.0,M,,,,0000*0a
$GPRMC,085832.277,A,4831.2215,N,00743.7629,E,21.6,103.4,110826,,*3a
$GPGGA,085832.344,4831.2214,N,00743.7638,E,1,03,0.0,0.0,M,,,,0000*0a
$GPRMC,085832.344,A,4831.2214,N,00743.7638,E,21.6,103.3,110826,,*3d
$GPGGA,085832.417,4831.2213,N,00743.7644,E,1,03,0.0,0.0,M,,,,0000*07
$GPRMC,085832.417,A,4831.2213,N,00743.7644,E,21.6,103.1,110826,,*32
$GPGGA,085832.486,4831.2211,N,00743.7651,E,1,03,0.0,0.0,M,,,,0000*09
$GPRMC,085832.486,A,4831.2211,N,00743.7651,E,21.6,102.8,110826,,*34
$GPGGA,085832.550,4831.2211,N,00743.7658,E,1,03,0.0,0.0,M,,,,0000*0a
$GPRMC,085832.550,A,4831.2211,N,00743.7658,E,21.6,102.5,110826,,*3a
$GPGGA,085832.612,4831.2210,N,00743.7665,E,1,03,0.0,0.0,M,,,,0000*00
$GPRMC,085832.612,A,4831.2210,N,00743.7665,E,21.6,102.2,110826,,*37
$GPGGA,085832.751,4831.2209,N,00743.7671,E,1,03,0.0,0.0,M,,,,0000*0b
$GPRMC,085832.751,A,4831.2209,N,00743.7671,E,21.6,102.0,110826,,*3e
$GPGGA,085832.846,4831.2207,N,00743.7685,E,1,03,0.0,0.0,M,,,,0000*07
$GPRMC,085832.846,A,4831.2207,N,00743.7685,E,21.6,101.9,110826,,*38
$GPGGA,085832.914,4831.2205,N,00743.7694,E,1,03,0.0,0.0,M,,,,0000*03
$GPRMC,085832.914,A,4831.2205,N,00743.7694,E,21.6,101.9,110826,,*3c
$GPGGA,085832.991,4831.2204,N,00743.7702,E,1,03,0.0,0.0,M,,,,0000*01
$GPRMC,085832.991,A,4831.2204,N,00743.7702,E,21.6,101.9,110826,,*3e
$GPGGA,085833.054,4831.2203,N,00743.7708,E,1,03,0.0,0.0,M,,,,0000*0d
$GPRMC,085833.054,A,4831.2203,N,00743.7708,E,21.6,101.9,110826,,*32
$GPGGA,085833.127,4831.2203,N,00743.7714,E,1,03,0.0,0.0,M,,,,0000*05
$GPRMC,085833.127,A,4831.2203,N,00743.7714,E,21.6,101.9,110826,,*3a
$GPGGA,085833.191,4831.2201,N,00743.7722,E,1,03,0.0,0.0,M,,,,0000*0f
$GPRMC,085833.191,A,4831.2201,N,00743.7722,E,21.6,101.9,110826,,*30
$GPGGA,085833.248,4831.2201,N,00743.7728,E,1,03,0.0,0.0,M,,,,0000*02
$GPRMC,085833.248,A,4831.2201,N,00743.7728,E,21.6,101.9,110826,,*3d
$GPGGA,085833.322,4831.2200,N,00743.7734,E,1,03,0.0,0.0,M,,,,0000*03
$GPRMC,085833.322,A,4831.2200,N,00743.7734,E,21.6,101.9,110826,,*3c
$GPGGA,085833.384,4831.2199,N,00743.7741,E,1,03,0.0,0.0,M,,,,0000*0e
$GPRMC,085833.384,A,4831.2199,N,00743.7741,E,21.6,101.9,110826,,*31
$GPGGA,085833.453,4831.2198,N,00743.7748,E,1,03,0.0,0.0,M,,,,0000*0b
$GPRMC,085833.453,A,4831.2198,N,00743.7748,E,21.6,101.9,110826,,*34
$GPGGA,085833.514,4831.2197,N,00743.7755,E,1,03,0.0,0.0,M,,,,0000*0a
$GPRMC,085833.514,A,4831.2197,N,00743.7755,E,21.6,101.9,110826,,*35
$GPGGA,085833.578,4831.2196,N,00743.7761,E,1,03,0.0,0.0,M,,,,0000*06
$GPRMC,085833.578,A,4831.2196,N,00743.7761,E,21.6,101.9,110826,,*39
$GPGGA,085833.648,4831.2195,N,00743.7768,E,1,03,0.0,0.0,M,,,,0000*0c
$GPRMC,085833.648,A,4831.2195,N,00743.7768,E,21.6,101.9,110826,,*33
$GPGGA,085833.763,4831.2194,N,00743.7775,E,1,03,0.0,0.0,M,,,,0000*09
$GPRMC,085833.763,A,4831.2194,N,00743.7775,E,21.6,101.9,110826,,*36
$GPGGA,085833.836,4831.2192,N,00743.7787,E,1,03,0.0,0.0,M,,,,0000*0d
$GPRMC,085833.836,A,4831.2192,N,00743.7787,E,21.6,101.9,110826,,*32
$GPGGA,085833.895,4831.2192,N,00743.7793,E,1,03,0.0,0.0,M,,,,0000*01
$GPRMC,085833.895,A,4831.2192,N,00743.7793,E,21.6,101.9,110826,,*3e
$GPGGA,085833.976,4831.2191,N,00743.7800,E,1,03,0.0,0.0,M,,,,0000*0b
$GPRMC,085833.976,A,4831.2191,N,00743.7800,E,21.6,101.9,110826,,*34
$GPGGA,085834.041,4831.2190,N,00743.7806,E,1,03,0.0,0.0,M,,,,0000*06
$GPRMC,085834.041,A,4831.2190,N,00743.7806,E,21.6,101.9,110826,,*39
$GPGGA,085834.096,4831.2189,N,00743.7813,E,1,03,0.0,0.0,M,,,,0000*00
$GPRMC,085834.096,A,4831.2189,N,00743.7813,E,21.6,101.9,110826,,*3f
$GPGGA,085834.163,4831.2188,N,00743.7820,E,1,03,0.0,0.0,M,,,,0000*0a
$GPRMC,085834.163,A,4831.2188,N,00743.7820,E,21.6,101.9,110826,,*35
$GPGGA,085834.235,4831.2187,N,00743.7826,E,1,03,0.0,0.0,M,,,,0000*03
$GPRMC,085834.235,A,4831.2187,N,00743.7826,E,21.6,101.9,110826,,*3c
$GPGGA,085834.296,4831.2186,N,00743.7833,E,1,03,0.0,0.0,M,,,,0000*0f
$GPRMC,085834.296,A,4831.2186,N,00743.7833,E,21.6,101.9,110826,,*30
$GPGGA,085834.371,4831.2185,N,00743.7840,E,1,03,0.0,0.0,M,,,,0000*00
$GPRMC,085834.371,A,4831.2185,N,00743.7840,E,21.6,101.9,110826,,*3f
$GPGGA,085834.438,4831.2184,N,00743.7846,E,1,03,0.0,0.0,M,,,,0000*0d
$GPRMC,085834.438,A,4831.2184,N,00743.7846,E,21.6,101.9,110826,,*32
$GPGGA,085834.507,4831.2183,N,00743.7853,E,1,03,0.0,0.0,M,,,,0000*03
$GPRMC,085834.507,A,4831.2183,N,00743.7853,E,21.6,101.9,110826,,*3c
$GPGGA,085834.579,4831.2182,N,00743.7860,E,1,03,0.0,0.0,M,,,,0000*0b
$GPRMC,085834.579,A,4831.2182,N,00743.7860,E,21.6,101.9,110826,,*34
$GPGGA,085834.636,4831.2181,N,00743.7868,E,1,03,0.0,0.0,M,,,,0000*08
$GPRMC,085834.636,A,4831.2181,N,00743.7868,E,21.6,101.8,110826,,*36
$GPGGA,085834.712,4831.2181,N,00743.7873,E,1,03,0.0,0.0,M,,,,0000*05
$GPRMC,085834.712,A,4831.2181,N,00743.7873,E,21.6,101.8,110826,,*3b
$GPGGA,085834.837,4831.2179,N,00743.7882,E,1,03,0.0,0.0,M,,,,0000*04
$GPRMC,085834.837,A,4831.2179,N,00743.7882,E,21.6,101.7,110826,,*35
$GPGGA,085834.843,4831.2178,N,00743.7893,E,1,03,0.0,0.0,M,,,,0000*06
$GPRMC,085834.843,A,4831.2178,N,00743.7893,E,21.6,101.6,110826,,*36
$GPGGA,085834.920,4831.2178,N,00743.7895,E,1,03,0.0,0.0,M,,,,0000*04
$GPRMC,085834.920,A,4831.2178,N,00743.7895,E,21.6,101.6,110826,,*34
$GPGGA,085834.990,4831.2177,N,00743.7901,E,1,03,0.0,0.0,M,,,,0000*0c
$GPRMC,085834.990,A,4831.2177,N,00743.7901,E,21.6,101.5,110826,,*3f
$GPGGA,085835.047,4831.2176,N,00743.7909,E,1,03,0.0,0.0,M,,,,0000*07
$GPRMC,085835.047,A,4831.2176,N,00743.7909,E,21.6,101.5,110826,,*34
$GPGGA,085835.119,4831.2175,N,00743.7915,E,1,03,0.0,0.0,M,,,,0000*03
$GPRMC,085835.119,A,4831.2175,N,00743.7915,E,21.6,101.4,110826,,*31
$GPGGA,085835.186,4831.2174,N,00743.7922,E,1,03,0.0,0.0,M,,,,0000*00
$GPRMC,085835.186,A,4831.2174,N,00743.7922,E,21.6,101.3,110826,,*35
$GPGGA,085835.257,4831.2173,N,00743.7928,E,1,03,0.0,0.0,M,,,,0000*02
$GPRMC,085835.257,A,4831.2173,N,00743.7928,E,21.6,101.2,110826,,*36
$GPGGA,085835.317,4831.2172,N,00743.7936,E,1,03,0.0,0.0,M,,,,0000*09
$GPRMC,085835.317,A,4831.2172,N,00743.7936,E,21.6,101.1,110826,,*3e
$GPGGA,085835.387,4831.2171,N,00743.7942,E,1,03,0.0,0.0,M,,,,0000*00
$GPRMC,085835.387,A,4831.2171,N,00743.7942,E,21.6,101.0,110826,,*36
$GPGGA,085835.458,4831.2171,N,00743.7948,E,1,03,0.0,0.0,M,,,,0000*0f
$GPRMC,085835.458,A,4831.2171,N,00743.7948,E,21.6,100.9,110826,,*31
$GPGGA,085835.524,4831.2170,N,00743.7955,E,1,03,0.0,0.0,M,,,,0000*08
$GPRMC,085835.524,A,4831.2170,N,00743.7955,E,21.6,100.8,110826,,*37
$GPGGA,085835.580,4831.2169,N,00743.7962,E,1,03,0.0,0.0,M,,,,0000*0a
$GPRMC,085835.580,A,4831.2169,N,00743.7962,E,21.6,100.6,110826,,*3b
$GPGGA,085835.658,4831.2168,N,00743.7969,E,1,03,0.0,0.0,M,,,,0000*06
$GPRMC,085835.658,A,4831.2168,N,00743.7969,E,21.6,100.5,110826,,*34
$GPGGA,085835.717,4831.2167,N,00743.7975,E,1,03,0.0,0.0,M,,,,0000*0e
$GPRMC,085835.717,A,4831.2167,N,00743.7975,E,21.6,100.3,110826,,*3a
$GPGGA,085835.838,4831.2166,N,00743.7982,E,1,03,0.0,0.0,M,,,,0000*05
$GPRMC,085835.838,A,4831.2166,N,00743.7982,E,21.6,100.0,110826,,*32
$GPGGA,085835.927,4831.2165,N,00743.7994,E,1,03,0.0,0.0,M,,,,0000*0e
$GPRMC,085835.927,A,4831.2165,N,00743.7994,E,21.6,099.7,110826,,*3f
$GPGGA,085836.002,4831.2164,N,00743.8004,E,1,03,0.0,0.0,M,,,,0000*0d
$GPRMC,085836.002,A,4831.2164,N,00743.8004,E,21.6,099.7,110826,,*3c
$GPGGA,085836.072,4831.2163,N,00743.8011,E,1,03,0.0,0.0,M,,,,0000*09
$GPRMC,085836.072,A,4831.2163,N,00743.8011,E,21.6,099.7,110826,,*38
$GPGGA,085836.140,4831.2162,N,00743.8017,E,1,03,0.0,0.0,M,,,,0000*0e
$GPRMC,085836.140,A,4831.2162,N,00743.8017,E,21.6,099.7,110826,,*3f
$GPGGA,085836.210,4831.2162,N,00743.8024,E,1,03,0.0,0.0,M,,,,0000*08
$GPRMC,085836.210,A,4831.2162,N,00743.8024,E,21.6,099.7,110826,,*39
$GPGGA,085836.284,4831.2161,N,00743.8031,E,1,03,0.0,0.0,M,,,,0000*02
$GPRMC,085836.284,A,4831.2161,N,00743.8031,E,21.6,099.7,110826,,*33
$GPGGA,085836.345,4831.2160,N,00743.8040,E,1,03,0.0,0.0,M,,,,0000*09
$GPRMC,085836.345,A,4831.2160,N,00743.8040,E,21.6,099.7,110826,,*38
$GPGGA,085836.417,4831.2159,N,00743.8046,E,1,03,0.0,0.0,M,,,,0000*05
$GPRMC,085836.417,A,4831.2159,N,00743.8046,E,21.6,099.7,110826,,*34
$GPGGA,085836.489,4831.2158,N,00743.8053,E,1,03,0.0,0.0,M,,,,0000*07
$GPRMC,085836.489,A,4831.2158,N,00743.8053,E,21.6,099.7,110826,,*36
$GPGGA,085836.545,4831.2158,N,00743.8060,E,1,03,0.0,0.0,M,,,,0000*06
$GPRMC,085836.545,A,4831.2158,N,00743.8060,E,21.6,099.7,110826,,*37
$GPGGA,085836.618,4831.2157,N,00743.8066,E,1,03,0.0,0.0,M,,,,0000*04
$GPRMC,085836.618,A,4831.2157,N,00743.8066,E,21.6,099.7,110826,,*35
$GPGGA,085836.681,4831.2156,N,00743.8073,E,1,03,0.0,0.0,M,,,,0000*01
$GPRMC,085836.681,A,4831.2156,N,00743.8073,E,21.6,099.7,110826,,*30
$GPGGA,085836.746,4831.2155,N,00743.8080,E,1,03,0.0,0.0,M,,,,0000*04
$GPRMC,085836.746,A,4831.2155,N,00743.8080,E,21.6,099.7,110826,,*35
$GPGGA,085836.862,4831.2155,N,00743.8087,E,1,03,0.0,0.0,M,,,,0000*0a
$GPRMC,085836.862,A,4831.2155,N,00743.8087,E,21.6,099.7,110826,,*3b
$GPGGA,085836.878,4831.2153,N,00743.8098,E,1,03,0.0,0.0,M,,,,0000*09
$GPRMC,085836.878,A,4831.2153,N,00743.8098,E,21.6,099.7,110826,,*38
$GPGGA,085836.946,4831.2153,N,00743.8100,E,1,03,0.0,0.0,M,,,,0000*05
$GPRMC,085836.946,A,4831.2153,N,00743.8100,E,21.6,099.7,110826,,*34
$GPGGA,085837.029,4831.2152,N,00743.8107,E,1,03,0.0,0.0,M,,,,0000*02
$GPRMC,085837.029,A,4831.2152,N,00743.8107,E,21.6,099.7,110826,,*33
$GPGGA,085837.103,4831.2151,N,00743.8115,E,1,03,0.0,0.0,M,,,,0000*0b
$GPRMC,085837.103,A,4831.2151,N,00743.8115,E,21.6,099.7,110826,,*3a
$GPGGA,085837.178,4831.2151,N,00743.8122,E,1,03,0.0,0.0,M,,,,0000*03
$GPRMC,085837.178,A,4831.2151,N,00743.8122,E,21.6,099.7,110826,,*32
$GPGGA,085837.247,4831.2150,N,00743.8130,E,1,03,0.0,0.0,M,,,,0000*0e
$GPRMC,085837.247,A,4831.2150,N,00743.8130,E,21.6,099.7,110826,,*3f
$GPGGA,085837.315,4831.2149,N,00743.8137,E,1,03,0.0,0.0,M,,,,0000*07
$GPRMC,085837.315,A,4831.2149,N,00743.8137,E,21.6,099.7,110826,,*36
$GPGGA,085837.380,4831.2148,N,00743.8144,E,1,03,0.0,0.0,M,,,,0000*0e
$GPRMC,085837.380,A,4831.2148,N,00743.8144,E,21.6,099.7,110826,,*3f
$GPGGA,085837.451,4831.2147,N,00743.8150,E,1,03,0.0,0.0,M,,,,0000*0f
$GPRMC,085837.451,A,4831.2147,N,00743.8150,E,21.6,099.7,110826,,*3e
$GPGGA,085837.515,4831.2147,N,00743.8157,E,1,03,0.0,0.0,M,,,,0000*09
$GPRMC,085837.515,A,4831.2147,N,00743.8157,E,21.6,099.7,110826,,*38
$GPGGA,085837.580,4831.2146,N,00743.8164,E,1,03,0.0,0.0,M,,,,0000*04
$GPRMC,085837.580,A,4831.2146,N,00743.8164,E,21.6,099.8,110826,,*3a
$GPGGA,085837.668,4831.2145,N,00743.8171,E,1,03,0.0,0.0,M,,,,0000*06
$GPRMC,085837.668,A,4831.2145,N,00743.8171,E,21.6,099.8,110826,,*38
$GPGGA,085837.739,4831.2144,N,00743.8179,E,1,03,0.0,0.0,M,,,,0000*0a
$GPRMC,085837.739,A,4831.2144,N,00743.8179,E,21.6,099.8,110826,,*34
$GPGGA,085837.796,4831.2143,N,00743.8187,E,1,03,0.0,0.0,M,,,,0000*09
$GPRMC,085837.796,A,4831.2143,N,00743.8187,E,21.6,099.8,110826,,*37
$GPGGA,085837.921,4831.2143,N,00743.8192,E,1,03,0.0,0.0,M,,,,0000*0f
$GPRMC,085837.921,A,4831.2143,N,00743.8192,E,21.6,099.8,110826,,*31
$GPGGA,085837.929,4831.2141,N,00743.8204,E,1,03,0.0,0.0,M,,,,0000*09
$GPRMC,085837.929,A,4831.2141,N,00743.8204,E,21.6,099.9,110826,,*36
$GPGGA,085838.009,4831.2141,N,00743.8206,E,1,03,0.0,0.0,M,,,,0000*0f
$GPRMC,085838.009,A,4831.2141,N,00743.8206,E,21.6,099.9,110826,,*30
$GPGGA,085838.078,4831.2140,N,00743.8213,E,1,03,0.0,0.0,M,,,,0000*0c
$GPRMC,085838.078,A,4831.2140,N,00743.8213,E,21.6,100.0,110826,,*3b
$GPGGA,085838.152,4831.2139,N,00743.8219,E,1,03,0.0,0.0,M,,,,0000*01
$GPRMC,085838.152,A,4831.2139,N,00743.8219,E,21.6,100.0,110826,,*36
$GPGGA,085838.230,4831.2138,N,00743.8228,E,1,03,0.0,0.0,M,,,,0000*05
$GPRMC,085838.230,A,4831.2138,N,00743.8228,E,21.6,100.1,110826,,*33
$GPGGA,085838.301,4831.2137,N,00743.8237,E,1,03,0.0,0.0,M,,,,0000*07
$GPRMC,085838.301,A,4831.2137,N,00743.8237,E,21.6,100.2,110826,,*32
$GPGGA,085838.368,4831.2137,N,00743.8243,E,1,03,0.0,0.0,M,,,,0000*0b
$GPRMC,085838.368,A,4831.2137,N,00743.8243,E,21.6,100.3,110826,,*3f
$GPGGA,085838.441,4831.2136,N,00743.8250,E,1,03,0.0,0.0,M,,,,0000*04
$GPRMC,085838.441,A,4831.2136,N,00743.8250,E,21.6,100.4,110826,,*37
$GPGGA,085838.512,4831.2135,N,00743.8256,E,1,03,0.0,0.0,M,,,,0000*06
$GPRMC,085838.512,A,4831.2135,N,00743.8256,E,21.6,100.5,110826,,*34
$GPGGA,085838.580,4831.2134,N,00743.8265,E,1,03,0.0,0.0,M,,,,0000*0c
$GPRMC,085838.580,A,4831.2134,N,00743.8265,E,21.6,100.6,110826,,*3d
$GPGGA,085838.653,4831.2133,N,00743.8271,E,1,03,0.0,0.0,M,,,,0000*03
$GPRMC,085838.653,A,4831.2133,N,00743.8271,E,21.6,100.7,110826,,*33
$GPGGA,085838.715,4831.2132,N,00743.8278,E,1,03,0.0,0.0,M,,,,0000*08
$GPRMC,085838.715,A,4831.2132,N,00743.8278,E,21.6,100.8,110826,,*37
$GPGGA,085838.799,4831.2131,N,00743.8285,E,1,03,0.0,0.0,M,,,,0000*0d
$GPRMC,085838.799,A,4831.2131,N,00743.8285,E,21.6,100.9,110826,,*33
$GPGGA,085838.924,4831.2130,N,00743.8293,E,1,03,0.0,0.0,M,,,,0000*03
$GPRMC,085838.924,A,4831.2130,N,00743.8293,E,21.6,101.0,110826,,*35
$GPGGA,085838.931,4831.2129,N,00743.8305,E,1,03,0.0,0.0,M,,,,0000*01
$GPRMC,085838.931,A,4831.2129,N,00743.8305,E,21.6,101.1,110826,,*36
$GPGGA,085839.015,4831.2128,N,00743.8307,E,1,03,0.0,0.0,M,,,,0000*0c
$GPRMC,085839.015,A,4831.2128,N,00743.8307,E,21.6,101.1,110826,,*3b
$GPGGA,085839.081,4831.2127,N,00743.8315,E,1,03,0.0,0.0,M,,,,0000*0d
$GPRMC,085839.081,A,4831.2127,N,00743.8315,E,21.6,101.2,110826,,*39
$GPGGA,085839.165,4831.2126,N,00743.8322,E,1,03,0.0,0.0,M,,,,0000*03
$GPRMC,085839.165,A,4831.2126,N,00743.8322,E,21.6,101.3,110826,,*36
$GPGGA,085839.239,4831.2125,N,00743.8330,E,1,03,0.0,0.0,M,,,,0000*09
$GPRMC,085839.239,A,4831.2125,N,00743.8330,E,21.6,101.5,110826,,*3a
$GPGGA,085839.313,4831.2124,N,00743.8337,E,1,03,0.0,0.0,M,,,,0000*06
$GPRMC,085839.313,A,4831.2124,N,00743.8337,E,21.6,101.6,110826,,*36
$GPGGA,085839.377,4831.2123,N,00743.8345,E,1,03,0.0,0.0,M,,,,0000*06
$GPRMC,085839.377,A,4831.2123,N,00743.8345,E,21.6,101.7,110826,,*37
$GPGGA,085839.454,4831.2122,N,00743.8352,E,1,03,0.0,0.0,M,,,,0000*07
$GPRMC,085839.454,A,4831.2122,N,00743.8352,E,21.6,101.8,110826,,*39
$GPGGA,085839.521,4831.2121,N,00743.8359,E,1,03,0.0,0.0,M,,,,0000*0c
$GPRMC,085839.521,A,4831.2121,N,00743.8359,E,21.6,101.8,110826,,*32
$GPGGA,085839.594,4831.2121,N,00743.8365,E,1,03,0.0,0.0,M,,,,0000*0d
$GPRMC,085839.594,A,4831.2121,N,00743.8365,E,21.6,101.8,110826,,*33
$GPGGA,085839.665,4831.2120,N,00743.8372,E,1,03,0.0,0.0,M,,,,0000*07
$GPRMC,085839.665,A,4831.2120,N,00743.8372,E,21.6,101.8,110826,,*39
$GPGGA,085839.749,4831.2119,N,00743.8380,E,1,03,0.0,0.0,M,,,,0000*0f
$GPRMC,085839.749,A,4831.2119,N,00743.8380,E,21.6,101.8,110826,,*31
$GPGGA,085839.813,4831.2117,N,00743.8389,E,1,03,0.0,0.0,M,,,,0000*08
$GPRMC,085839.813,A,4831.2117,N,00743.8389,E,21.6,101.8,110826,,*36
$GPGGA,085839.955,4831.2116,N,00743.8395,E,1,03,0.0,0.0,M,,,,0000*07
$GPRMC,085839.955,A,4831.2116,N,00743.8395,E,21.6,101.8,110826,,*39
$GPGGA,085840.032,4831.2115,N,00743.8408,E,1,03,0.0,0.0,M,,,,0000*01
$GPRMC,085840.032,A,4831.2115,N,00743.8408,E,21.6,101.8,110826,,*3f
$GPGGA,085840.098,4831.2113,N,00743.8417,E,1,03,0.0,0.0,M,,,,0000*09
$GPRMC,085840.098,A,4831.2113,N,00743.8417,E,21.6,101.8,110826,,*37
$GPGGA,085840.168,4831.2112,N,00743.8424,E,1,03,0.0,0.0,M,,,,0000*06
$GPRMC,085840.168,A,4831.2112,N,00743.8424,E,21.6,101.8,110826,,*38
$GPGGA,085840.247,4831.2112,N,00743.8430,E,1,03,0.0,0.0,M,,,,0000*0d
$GPRMC,085840.247,A,4831.2112,N,00743.8430,E,21.6,101.8,110826,,*33
$GPGGA,085840.315,4831.2110,N,00743.8439,E,1,03,0.0,0.0,M,,,,0000*00
$GPRMC,085840.315,A,4831.2110,N,00743.8439,E,21.6,101.8,110826,,*3e
$GPGGA,085840.387,4831.2109,N,00743.8445,E,1,03,0.0,0.0,M,,,,0000*08
$GPRMC,085840.387,A,4831.2109,N,00743.8445,E,21.6,101.8,110826,,*36
$GPGGA,085840.464,4831.2109,N,00743.8452,E,1,03,0.0,0.0,M,,,,0000*04
$GPRMC,085840.464,A,4831.2109,N,00743.8452,E,21.6,101.8,110826,,*3a
$GPGGA,085840.540,4831.2107,N,00743.8460,E,1,03,0.0,0.0,M,,,,0000*0c
$GPRMC,085840.540,A,4831.2107,N,00743.8460,E,21.6,101.8,110826,,*32
$GPGGA,085840.613,4831.2106,N,00743.8467,E,1,03,0.0,0.0,M,,,,0000*0f
$GPRMC,085840.613,A,4831.2106,N,00743.8467,E,21.6,101.8,110826,,*31
$GPGGA,085840.680,4831.2106,N,00743.8474,E,1,03,0.0,0.0,M,,,,0000*07
$GPRMC,085840.680,A,4831.2106,N,00743.8474,E,21.6,101.8,110826,,*39
$GPGGA,085840.760,4831.2104,N,00743.8482,E,1,03,0.0,0.0,M,,,,0000*03
$GPRMC,085840.760,A,4831.2104,N,00743.8482,E,21.6,101.8,110826,,*3d
$GPGGA,085840.817,4831.2103,N,00743.8488,E,1,03,0.0,0.0,M,,,,0000*01
$GPRMC,085840.817,A,4831.2103,N,00743.8488,E,21.6,101.8,110826,,*3f
$GPGGA,085840.965,4831.2102,N,00743.8496,E,1,03,0.0,0.0,M,,,,0000*0b
$GPRMC,085840.965,A,4831.2102,N,00743.8496,E,21.6,101.8,110826,,*35
$GPGGA,085841.047,4831.2100,N,00743.8510,E,1,03,0.0,0.0,M,,,,0000*0e
$GPRMC,085841.047,A,4831.2100,N,00743.8510,E,21.6,101.8,110826,,*30
$GPGGA,085841.116,4831.2099,N,00743.8519,E,1,03,0.0,0.0,M,,,,0000*03
$GPRMC,085841.116,A,4831.2099,N,00743.8519,E,21.6,101.8,110826,,*3d
$GPGGA,085841.192,4831.2098,N,00743.8525,E,1,03,0.0,0.0,M,,,,0000*01
$GPRMC,085841.192,A,4831.2098,N,00743.8525,E,21.6,101.8,110826,,*3f
$GPGGA,085841.265,4831.2097,N,00743.8532,E,1,03,0.0,0.0,M,,,,0000*03
$GPRMC,085841.265,A,4831.2097,N,00743.8532,E,21.6,101.8,110826,,*3d
$GPGGA,085841.340,4831.2096,N,00743.8541,E,1,03,0.0,0.0,M,,,,0000*00
$GPRMC,085841.340,A,4831.2096,N,00743.8541,E,21.6,101.8,110826,,*3e
$GPGGA,085841.397,4831.2095,N,00743.8548,E,1,03,0.0,0.0,M,,,,0000*00
$GPRMC,085841.397,A,4831.2095,N,00743.8548,E,21.6,101.8,110826,,*3e
$GPGGA,085841.475,4831.2094,N,00743.8554,E,1,03,0.0,0.0,M,,,,0000*07
$GPRMC,085841.475,A,4831.2094,N,00743.8554,E,21.6,101.8,110826,,*39
$GPGGA,085841.549,4831.2093,N,00743.8561,E,1,03,0.0,0.0,M,,,,0000*08
$GPRMC,085841.549,A,4831.2093,N,00743.8561,E,21.6,101.8,110826,,*36
$GPGGA,085841.615,4831.2093,N,00743.8567,E,1,03,0.0,0.0,M,,,,0000*04
$GPRMC,085841.615,A,4831.2093,N,00743.8567,E,21.6,101.8,110826,,*3a
$GPGGA,085841.682,4831.2091,N,00743.8576,E,1,03,0.0,0.0,M,,,,0000*08
$GPRMC,085841.682,A,4831.2091,N,00743.8576,E,21.6,101.8,110826,,*36
$GPGGA,085841.749,4831.2090,N,00743.8583,E,1,03,0.0,0.0,M,,,,0000*05
$GPRMC,085841.749,A,4831.2090,N,00743.8583,E,21.6,101.8,110826,,*3b
$GPGGA,085841.821,4831.2090,N,00743.8588,E,1,03,0.0,0.0,M,,,,0000*0f
$GPRMC,085841.821,A,4831.2090,N,00743.8588,E,21.6,101.8,110826,,*31
$GPGGA,085841.901,4831.2089,N,00743.8595,E,1,03,0.0,0.0,M,,,,0000*08
$GPRMC,085841.901,A,4831.2089,N,00743.8595,E,21.6,101.8,110826,,*36
$GPGGA,085841.971,4831.2087,N,00743.8604,E,1,03,0.0,0.0,M,,,,0000*0a
$GPRMC,085841.971,A,4831.2087,N,00743.8604,E,21.6,101.8,110826,,*34
$GPGGA,085842.041,4831.2086,N,00743.8611,E,1,03,0.0,0.0,M,,,,0000*06
$GPRMC,085842.041,A,4831.2086,N,00743.8611,E,21.6,101.8,110826,,*38
$GPGGA,085842.116,4831.2086,N,00743.8617,E,1,03,0.0,0.0,M,,,,0000*03
$GPRMC,085842.116,A,4831.2086,N,00743.8617,E,21.6,101.8,110826,,*3d
$GPGGA,085842.187,4831.2085,N,00743.8625,E,1,03,0.0,0.0,M,,,,0000*09
$GPRMC,085842.187,A,4831.2085,N,00743.8625,E,21.6,101.8,110826,,*37
$GPGGA,085842.261,4831.2084,N,00743.8632,E,1,03,0.0,0.0,M,,,,0000*05
$GPRMC,085842.261,A,4831.2084,N,00743.8632,E,21.6,101.7,110826,,*34
$GPGGA,085842.352,4831.2083,N,00743.8639,E,1,03,0.0,0.0,M,,,,0000*08
$GPRMC,085842.352,A,4831.2083,N,00743.8639,E,21.6,101.7,110826,,*39
$GPGGA,085842.423,4831.2081,N,00743.8649,E,1,03,0.0,0.0,M,,,,0000*0c
$GPRMC,085842.423,A,4831.2081,N,00743.8649,E,21.6,101.7,110826,,*3d
$GPGGA,085842.495,4831.2080,N,00743.8656,E,1,03,0.0,0.0,M,,,,0000*0e
$GPRMC,085842.495,A,4831.2080,N,00743.8656,E,21.6,101.7,110826,,*3f
$GPGGA,085842.564,4831.2079,N,00743.8662,E,1,03,0.0,0.0,M,,,,0000*00
$GPRMC,085842.564,A,4831.2079,N,00743.8662,E,21.6,101.6,110826,,*30
$GPGGA,085842.635,4831.2078,N,00743.8671,E,1,03,0.0,0.0,M,,,,0000*04
$GPRMC,085842.635,A,4831.2078,N,00743.8671,E,21.6,101.6,110826,,*34
$GPGGA,085842.703,4831.2077,N,00743.8678,E,1,03,0.0,0.0,M,,,,0000*06
$GPRMC,085842.703,A,4831.2077,N,00743.8678,E,21.6,101.5,110826,,*35
$GPGGA,085842.766,4831.2077,N,00743.8684,E,1,03,0.0,0.0,M,,,,0000*06
$GPRMC,085842.766,A,4831.2077,N,00743.8684,E,21.6,101.5,110826,,*35
$GPGGA,085842.851,4831.2076,N,00743.8691,E,1,03,0.0,0.0,M,,,,0000*08
$GPRMC,085842.851,A,4831.2076,N,00743.8691,E,21.6,101.4,110826,,*3a
$GPGGA,085842.987,4831.2075,N,00743.8699,E,1,03,0.0,0.0,M,,,,0000*09
$GPRMC,085842.987,A,4831.2075,N,00743.8699,E,21.6,101.4,110826,,*3b
$GPGGA,085843.050,4831.2073,N,00743.8713,E,1,03,0.0,0.0,M,,,,0000*0e
$GPRMC,085843.050,A,4831.2073,N,00743.8713,E,21.6,101.3,110826,,*3b
$GPGGA,085843.135,4831.2072,N,00743.8719,E,1,03,0.0,0.0,M,,,,0000*07
$GPRMC,085843.135,A,4831.2072,N,00743.8719,E,21.6,101.2,110826,,*33
$GPGGA,085843.202,4831.2071,N,00743.8727,E,1,03,0.0,0.0,M,,,,0000*0e
$GPRMC,085843.202,A,4831.2071,N,00743.8727,E,21.6,101.1,110826,,*39
$GPGGA,085843.278,4831.2070,N,00743.8735,E,1,03,0.0,0.0,M,,,,0000*01
$GPRMC,085843.278,A,4831.2070,N,00743.8735,E,21.6,101.0,110826,,*37
$GPGGA,085843.352,4831.2069,N,00743.8742,E,1,03,0.0,0.0,M,,,,0000*00
$GPRMC,085843.352,A,4831.2069,N,00743.8742,E,21.6,101.0,110826,,*36
$GPGGA,085843.422,4831.2068,N,00743.8749,E,1,03,0.0,0.0,M,,,,0000*0a
$GPRMC,085843.422,A,4831.2068,N,00743.8749,E,21.6,101.0,110826,,*3c
$GPGGA,085843.482,4831.2067,N,00743.8757,E,1,03,0.0,0.0,M,,,,0000*00
$GPRMC,085843.482,A,4831.2067,N,00743.8757,E,21.6,101.0,110826,,*36
$GPGGA,085843.568,4831.2066,N,00743.8763,E,1,03,0.0,0.0,M,,,,0000*03
$GPRMC,085843.568,A,4831.2066,N,00743.8763,E,21.6,101.0,110826,,*35
$GPGGA,085843.631,4831.2065,N,00743.8771,E,1,03,0.0,0.0,M,,,,0000*0c
$GPRMC,085843.631,A,4831.2065,N,00743.8771,E,21.6,101.0,110826,,*3a
$GPGGA,085843.699,4831.2064,N,00743.8778,E,1,03,0.0,0.0,M,,,,0000*06
$GPRMC,085843.699,A,4831.2064,N,00743.8778,E,21.6,101.0,110826,,*30
$GPGGA,085843.768,4831.2063,N,00743.8785,E,1,03,0.0,0.0,M,,,,0000*0c
$GPRMC,085843.768,A,4831.2063,N,00743.8785,E,21.6,101.0,110826,,*3a
$GPGGA,085843.835,4831.2063,N,00743.8791,E,1,03,0.0,0.0,M,,,,0000*0e
$GPRMC,085843.835,A,4831.2063,N,00743.8791,E,21.6,101.0,110826,,*38
$GPGGA,085843.900,4831.2062,N,00743.8799,E,1,03,0.0,0.0,M,,,,0000*00
$GPRMC,085843.900,A,4831.2062,N,00743.8799,E,21.6,101.0,110826,,*36
$GPGGA,085844.026,4831.2061,N,00743.8805,E,1,03,0.0,0.0,M,,,,0000*03
$GPRMC,085844.026,A,4831.2061,N,00743.8805,E,21.6,101.0,110826,,*35
$GPGGA,085844.032,4831.2059,N,00743.8816,E,1,03,0.0,0.0,M,,,,0000*0f
$GPRMC,085844.032,A,4831.2059,N,00743.8816,E,21.6,101.0,110826,,*39
$GPGGA,085844.097,4831.2059,N,00743.8818,E,1,03,0.0,0.0,M,,,,0000*0e
$GPRMC,085844.097,A,4831.2059,N,00743.8818,E,21.6,101.0,110826,,*38
$GPGGA,085844.148,4831.2058,N,00743.8823,E,1,03,0.0,0.0,M,,,,0000*04
$GPRMC,085844.148,A,4831.2058,N,00743.8823,E,21.6,101.0,110826,,*32
$GPGGA,085844.217,4831.2058,N,00743.8830,E,1,03,0.0,0.0,M,,,,0000*0f
$GPRMC,085844.217,A,4831.2058,N,00743.8830,E,21.6,101.0,110826,,*39
$GPGGA,085844.284,4831.2057,N,00743.8837,E,1,03,0.0,0.0,M,,,,0000*0d
$GPRMC,085844.284,A,4831.2057,N,00743.8837,E,21.6,101.0,110826,,*3b
$GPGGA,085844.357,4831.2056,N,00743.8843,E,1,03,0.0,0.0,M,,,,0000*00
$GPRMC,085844.357,A,4831.2056,N,00743.8843,E,21.6,101.0,110826,,*36
$GPGGA,085844.426,4831.2055,N,00743.8850,E,1,03,0.0,0.0,M,,,,0000*00
$GPRMC,085844.426,A,4831.2055,N,00743.8850,E,21.6,101.0,110826,,*36
$GPGGA,085844.494,4831.2054,N,00743.8857,E,1,03,0.0,0.0,M,,,,0000*0f
$GPRMC,085844.494,A,4831.2054,N,00743.8857,E,21.6,101.0,110826,,*39
$GPGGA,085844.548,4831.2053,N,00743.8864,E,1,03,0.0,0.0,M,,,,0000*08
$GPRMC,085844.548,A,4831.2053,N,00743.8864,E,21.6,101.0,110826,,*3e
$GPGGA,085844.629,4831.2052,N,00743.8870,E,1,03,0.0,0.0,M,,,,0000*08
$GPRMC,085844.629,A,4831.2052,N,00743.8870,E,21.6,101.0,110826,,*3e
$GPGGA,085844.717,4831.2052,N,00743.8877,E,1,03,0.0,0.0,M,,,,0000*03
$GPRMC,085844.717,A,4831.2052,N,00743.8877,E,21.6,101.0,110826,,*35
$GPGGA,085844.783,4831.2050,N,00743.8887,E,1,03,0.0,0.0,M,,,,0000*03
$GPRMC,085844.783,A,4831.2050,N,00743.8887,E,21.6,101.0,110826,,*35
$GPGGA,085844.851,4831.2049,N,00743.8894,E,1,03,0.0,0.0,M,,,,0000*09
$GPRMC,085844.851,A,4831.2049,N,00743.8894,E,21.6,101.0,110826,,*3f
$GPGGA,085844.934,4831.2049,N,00743.8901,E,1,03,0.0,0.0,M,,,,0000*06
$GPRMC,085844.934,A,4831.2049,N,00743.8901,E,21.6,101.0,110826,,*30
$GPGGA,085845.046,4831.2047,N,00743.8909,E,1,03,0.0,0.0,M,,,,0000*0d
$GPRMC,085845.046,A,4831.2047,N,00743.8909,E,21.6,101.0,110826,,*3b
$GPGGA,085845.128,4831.2046,N,00743.8920,E,1,03,0.0,0.0,M,,,,0000*0e
$GPRMC,085845.128,A,4831.2046,N,00743.8920,E,21.6,101.0,110826,,*38
$GPGGA,085845.198,4831.2045,N,00743.8926,E,1,03,0.0,0.0,M,,,,0000*00
$GPRMC,085845.198,A,4831.2045,N,00743.8926,E,21.6,101.0,110826,,*36
$GPGGA,085845.261,4831.2044,N,00743.8936,E,1,03,0.0,0.0,M,,,,0000*05
$GPRMC,085845.261,A,4831.2044,N,00743.8936,E,21.6,101.0,110826,,*33
$GPGGA,085845.335,4831.2043,N,00743.8942,E,1,03,0.0,0.0,M,,,,0000*01
$GPRMC,085845.335,A,4831.2043,N,00743.8942,E,21.6,101.0,110826,,*37
$GPGGA,085845.399,4831.2042,N,00743.8949,E,1,03,0.0,0.0,M,,,,0000*0d
$GPRMC,085845.399,A,4831.2042,N,00743.8949,E,21.6,101.0,110826,,*3b
$GPGGA,085845.466,4831.2041,N,00743.8956,E,1,03,0.0,0.0,M,,,,0000*07
$GPRMC,085845.466,A,4831.2041,N,00743.8956,E,21.6,101.0,110826,,*31
$GPGGA,085845.534,4831.2041,N,00743.8963,E,1,03,0.0,0.0,M,,,,0000*07
$GPRMC,085845.534,A,4831.2041,N,00743.8963,E,21.6,101.0,110826,,*31
$GPGGA,085845.600,4831.2040,N,00743.8968,E,1,03,0.0,0.0,M,,,,0000*09
$GPRMC,085845.600,A,4831.2040,N,00743.8968,E,21.6,101.0,110826,,*3f
$GPGGA,085845.665,4831.2039,N,00743.8976,E,1,03,0.0,0.0,M,,,,0000*0b
$GPRMC,085845.665,A,4831.2039,N,00743.8976,E,21.6,101.0,110826,,*3d
$GPGGA,085845.730,4831.2038,N,00743.8981,E,1,03,0.0,0.0,M,,,,0000*03
$GPRMC,085845.730,A,4831.2038,N,00743.8981,E,21.6,101.0,110826,,*35
$GPGGA,085845.784,4831.2037,N,00743.8988,E,1,03,0.0,0.0,M,,,,0000*0a
$GPRMC,085845.784,A,4831.2037,N,00743.8988,E,21.6,101.0,110826,,*3c
$GPGGA,085845.859,4831.2037,N,00743.8994,E,1,03,0.0,0.0,M,,,,0000*08
$GPRMC,085845.859,A,4831.2037,N,00743.8994,E,21.6,101.0,110826,,*3e
$GPGGA,085845.931,4831.2036,N,00743.9001,E,1,03,0.0,0.0,M,,,,0000*02
$GPRMC,085845.931,A,4831.2036,N,00743.9001,E,21.6,101.0,110826,,*34
$GPGGA,085846.001,4831.2035,N,00743.9008,E,1,03,0.0,0.0,M,,,,0000*01
$GPRMC,085846.001,A,4831.2035,N,00743.9008,E,21.6,101.0,110826,,*37
$GPGGA,085846.117,4831.2034,N,00743.9015,E,1,03,0.0,0.0,M,,,,0000*0a
$GPRMC,085846.117,A,4831.2034,N,00743.9015,E,21.6,101.0,110826,,*3c
$GPGGA,085846.192,4831.2032,N,00743.9027,E,1,03,0.0,0.0,M,,,,0000*00
$GPRMC,085846.192,A,4831.2032,N,00743.9027,E,21.6,101.0,110826,,*36
$GPGGA,085846.249,4831.2031,N,00743.9035,E,1,03,0.0,0.0,M,,,,0000*05
$GPRMC,085846.249,A,4831.2031,N,00743.9035,E,21.6,101.0,110826,,*33
$GPGGA,085846.327,4831.2031,N,00743.9041,E,1,03,0.0,0.0,M,,,,0000*0f
$GPRMC,085846.327,A,4831.2031,N,00743.9041,E,21.6,101.0,110826,,*39
$GPGGA,085846.394,4831.2030,N,00743.9048,E,1,03,0.0,0.0,M,,,,0000*0f
$GPRMC,085846.394,A,4831.2030,N,00743.9048,E,21.6,101.0,110826,,*39
$GPGGA,085846.450,4831.2029,N,00743.9055,E,1,03,0.0,0.0,M,,,,0000*04
$GPRMC,085846.450,A,4831.2029,N,00743.9055,E,21.6,101.0,110826,,*32
$GPGGA,085846.527,4831.2028,N,00743.9062,E,1,03,0.0,0.0,M,,,,0000*00
$GPRMC,085846.527,A,4831.2028,N,00743.9062,E,21.6,101.0,110826,,*36
$GPGGA,085846.586,4831.2027,N,00743.9068,E,1,03,0.0,0.0,M,,,,0000*0e
$GPRMC,085846.586,A,4831.2027,N,00743.9068,E,21.6,101.0,110826,,*38
$GPGGA,085846.660,4831.2026,N,00743.9075,E,1,03,0.0,0.0,M,,,,0000*08
$GPRMC,085846.660,A,4831.2026,N,00743.9075,E,21.6,101.0,110826,,*3e
$GPGGA,085846.732,4831.2025,N,00743.9081,E,1,03,0.0,0.0,M,,,,0000*06
$GPRMC,085846.732,A,4831.2025,N,00743.9081,E,21.6,101.0,110826,,*30
$GPGGA,085846.783,4831.2024,N,00743.9089,E,1,03,0.0,0.0,M,,,,0000*05
$GPRMC,085846.783,A,4831.2024,N,00743.9089,E,21.6,101.0,110826,,*33
$GPGGA,085846.864,4831.2024,N,00743.9095,E,1,03,0.0,0.0,M,,,,0000*0e
$GPRMC,085846.864,A,4831.2024,N,00743.9095,E,21.6,101.0,110826,,*38
$GPGGA,085846.938,4831.2023,N,00743.9101,E,1,03,0.0,0.0,M,,,,0000*0d
$GPRMC,085846.938,A,4831.2023,N,00743.9101,E,21.6,101.0,110826,,*3b
$GPGGA,085847.001,4831.2022,N,00743.9110,E,1,03,0.0,0.0,M,,,,0000*0e
$GPRMC,085847.001,A,4831.2022,N,00743.9110,E,21.6,101.0,110826,,*38
$GPGGA,085847.138,4831.2021,N,00743.9117,E,1,03,0.0,0.0,M,,,,0000*01
$GPRMC,085847.138,A,4831.2021,N,00743.9117,E,21.6,101.0,110826,,*37
$GPGGA,085847.215,4831.2019,N,00743.9130,E,1,03,0.0,0.0,M,,,,0000*03
$GPRMC,085847.215,A,4831.2019,N,00743.9130,E,21.6,101.0,110826,,*35
$GPGGA,085847.291,4831.2018,N,00743.9138,E,1,03,0.0,0.0,M,,,,0000*06
$GPRMC,085847.291,A,4831.2018,N,00743.9138,E,21.6,101.0,110826,,*30
$GPGGA,085847.363,4831.2017,N,00743.9145,E,1,03,0.0,0.0,M,,,,0000*0f
$GPRMC,085847.363,A,4831.2017,N,00743.9145,E,21.6,101.0,110826,,*39
$GPGGA,085847.435,4831.2016,N,00743.9152,E,1,03,0.0,0.0,M,,,,0000*0c
$GPRMC,085847.435,A,4831.2016,N,00743.9152,E,21.6,100.9,110826,,*32
$GPGGA,085847.507,4831.2015,N,00743.9160,E,1,03,0.0,0.0,M,,,,0000*0e
$GPRMC,085847.507,A,4831.2015,N,00743.9160,E,21.6,100.9,110826,,*30
$GPGGA,085847.581,4831.2014,N,00743.9167,E,1,03,0.0,0.0,M,,,,0000*06
$GPRMC,085847.581,A,4831.2014,N,00743.9167,E,21.6,100.9,110826,,*38
$GPGGA,085847.652,4831.2013,N,00743.9174,E,1,03,0.0,0.0,M,,,,0000*0e
$GPRMC,085847.652,A,4831.2013,N,00743.9174,E,21.6,100.9,110826,,*30
$GPGGA,085847.725,4831.2012,N,00743.9182,E,1,03,0.0,0.0,M,,,,0000*07
$GPRMC,085847.725,A,4831.2012,N,00743.9182,E,21.6,100.9,110826,,*39
$GPGGA,085847.818,4831.2011,N,00743.9190,E,1,03,0.0,0.0,M,,,,0000*06
$GPRMC,085847.818,A,4831.2011,N,00743.9190,E,21.6,100.9,110826,,*38
$GPGGA,085847.902,4831.2010,N,00743.9199,E,1,03,0.0,0.0,M,,,,0000*04
$GPRMC,085847.902,A,4831.2010,N,00743.9199,E,21.6,100.9,110826,,*3a
$GPGGA,085847.973,4831.2009,N,00743.9207,E,1,03,0.0,0.0,M,,,,0000*0e
$GPRMC,085847.973,A,4831.2009,N,00743.9207,E,21.6,100.9,110826,,*30
$GPGGA,085848.044,4831.2008,N,00743.9214,E,1,03,0.0,0.0,M,,,,0000*0f
$GPRMC,085848.044,A,4831.2008,N,00743.9214,E,21.6,100.8,110826,,*30
$GPGGA,085848.166,4831.2008,N,00743.9220,E,1,03,0.0,0.0,M,,,,0000*09
$GPRMC,085848.166,A,4831.2008,N,00743.9220,E,21.6,100.8,110826,,*36
$GPGGA,085848.187,4831.2006,N,00743.9234,E,1,03,0.0,0.0,M,,,,0000*0d
$GPRMC,085848.187,A,4831.2006,N,00743.9234,E,21.6,100.8,110826,,*32
$GPGGA,085848.251,4831.2006,N,00743.9236,E,1,03,0.0,0.0,M,,,,0000*07
$GPRMC,085848.251,A,4831.2006,N,00743.9236,E,21.6,100.8,110826,,*38
$GPGGA,085848.319,4831.2005,N,00743.9243,E,1,03,0.0,0.0,M,,,,0000*0b
$GPRMC,085848.319,A,4831.2005,N,00743.9243,E,21.6,100.8,110826,,*34
$GPGGA,085848.385,4831.2004,N,00743.9249,E,1,03,0.0,0.0,M,,,,0000*05
$GPRMC,085848.385,A,4831.2004,N,00743.9249,E,21.6,100.7,110826,,*35
$GPGGA,085848.455,4831.2003,N,00743.9256,E,1,03,0.0,0.0,M,,,,0000*06
$GPRMC,085848.455,A,4831.2003,N,00743.9256,E,21.6,100.7,110826,,*36
$GPGGA,085848.528,4831.2002,N,00743.9263,E,1,03,0.0,0.0,M,,,,0000*0a
$GPRMC,085848.528,A,4831.2002,N,00743.9263,E,21.6,100.7,110826,,*3a
$GPGGA,085848.595,4831.2001,N,00743.9269,E,1,03,0.0,0.0,M,,,,0000*05
$GPRMC,085848.595,A,4831.2001,N,00743.9269,E,21.6,100.6,110826,,*34
$GPGGA,085848.653,4831.2001,N,00743.9276,E,1,03,0.0,0.0,M,,,,0000*02
$GPRMC,085848.653,A,4831.2001,N,00743.9276,E,21.6,100.6,110826,,*33
$GPGGA,085848.731,4831.2000,N,00743.9283,E,1,03,0.0,0.0,M,,,,0000*0c
$GPRMC,085848.731,A,4831.2000,N,00743.9283,E,21.6,100.6,110826,,*3d
$GPGGA,085848.795,4831.1999,N,00743.9289,E,1,03,0.0,0.0,M,,,,0000*02
$GPRMC,085848.795,A,4831.1999,N,00743.9289,E,21.6,100.6,110826,,*33
$GPGGA,085848.869,4831.1998,N,00743.9296,E,1,03,0.0,0.0,M,,,,0000*01
$GPRMC,085848.869,A,4831.1998,N,00743.9296,E,21.6,100.6,110826,,*30
$GPGGA,085848.953,4831.1997,N,00743.9305,E,1,03,0.0,0.0,M,,,,0000*0d
$GPRMC,085848.953,A,4831.1997,N,00743.9305,E,21.6,100.6,110826,,*3c
$GPGGA,085849.024,4831.1996,N,00743.9313,E,1,03,0.0,0.0,M,,,,0000*03
$GPRMC,085849.024,A,4831.1996,N,00743.9313,E,21.6,100.6,110826,,*32
$GPGGA,085849.089,4831.1995,N,00743.9320,E,1,03,0.0,0.0,M,,,,0000*07
$GPRMC,085849.089,A,4831.1995,N,00743.9320,E,21.6,100.6,110826,,*36
$GPGGA,085849.215,4831.1994,N,00743.9326,E,1,03,0.0,0.0,M,,,,0000*07
$GPRMC,085849.215,A,4831.1994,N,00743.9326,E,21.6,100.6,110826,,*36
$GPGGA,085849.222,4831.1993,N,00743.9338,E,1,03,0.0,0.0,M,,,,0000*0b
$GPRMC,085849.222,A,4831.1993,N,00743.9338,E,21.6,100.6,110826,,*3a
$GPGGA,085849.295,4831.1993,N,00743.9340,E,1,03,0.0,0.0,M,,,,0000*08
$GPRMC,085849.295,A,4831.1993,N,00743.9340,E,21.6,100.6,110826,,*39
$GPGGA,085849.367,4831.1992,N,00743.9347,E,1,03,0.0,0.0,M,,,,0000*02
$GPRMC,085849.367,A,4831.1992,N,00743.9347,E,21.6,100.6,110826,,*33
$GPGGA,085849.434,4831.1991,N,00743.9355,E,1,03,0.0,0.0,M,,,,0000*03
$GPRMC,085849.434,A,4831.1991,N,00743.9355,E,21.6,100.6,110826,,*32
$GPGGA,085849.506,4831.1990,N,00743.9362,E,1,03,0.0,0.0,M,,,,0000*06
$GPRMC,085849.506,A,4831.1990,N,00743.9362,E,21.6,100.6,110826,,*37
$GPGGA,085849.584,4831.1989,N,00743.9368,E,1,03,0.0,0.0,M,,,,0000*0e
$GPRMC,085849.584,A,4831.1989,N,00743.9368,E,21.6,100.6,110826,,*3f
$GPGGA,085849.652,4831.1988,N,00743.9375,E,1,03,0.0,0.0,M,,,,0000*0b
$GPRMC,085849.652,A,4831.1988,N,00743.9375,E,21.6,100.6,110826,,*3a
$GPGGA,085849.721,4831.1987,N,00743.9383,E,1,03,0.0,0.0,M,,,,0000*08
$GPRMC,085849.721,A,4831.1987,N,00743.9383,E,21.6,100.6,110826,,*39
$GPGGA,085849.791,4831.1986,N,00743.9390,E,1,03,0.0,0.0,M,,,,0000*00
$GPRMC,085849.791,A,4831.1986,N,00743.9390,E,21.6,100.6,110826,,*31
$GPGGA,085849.858,4831.1986,N,00743.9397,E,1,03,0.0,0.0,M,,,,0000*0d
$GPRMC,085849.858,A,4831.1986,N,00743.9397,E,21.6,100.6,110826,,*3c
$GPGGA,085849.950,4831.1985,N,00743.9404,E,1,03,0.0,0.0,M,,,,0000*0a
$GPRMC,085849.950,A,4831.1985,N,00743.9404,E,21.6,100.6,110826,,*3b
$GPGGA,085850.024,4831.1984,N,00743.9414,E,1,03,0.0,0.0,M,,,,0000*08
$GPRMC,085850.024,A,4831.1984,N,00743.9414,E,21.6,100.6,110826,,*39
$GPGGA,085850.094,4831.1983,N,00743.9420,E,1,03,0.0,0.0,M,,,,0000*03
$GPRMC,085850.094,A,4831.1983,N,00743.9420,E,21.6,100.6,110826,,*32
$GPGGA,085850.219,4831.1982,N,00743.9427,E,1,03,0.0,0.0,M,,,,0000*02
$GPRMC,085850.219,A,4831.1982,N,00743.9427,E,21.6,100.6,110826,,*33
$GPGGA,085850.304,4831.1980,N,00743.9441,E,1,03,0.0,0.0,M,,,,0000*0d
$GPRMC,085850.304,A,4831.1980,N,00743.9441,E,21.6,100.6,110826,,*3c
$GPGGA,085850.372,4831.1979,N,00743.9449,E,1,03,0.0,0.0,M,,,,0000*02
$GPRMC,085850.372,A,4831.1979,N,00743.9449,E,21.6,100.6,110826,,*33
$GPGGA,085850.436,4831.1978,N,00743.9456,E,1,03,0.0,0.0,M,,,,0000*0a
$GPRMC,085850.436,A,4831.1978,N,00743.9456,E,21.6,100.6,110826,,*3b
$GPGGA,085850.517,4831.1977,N,00743.9463,E,1,03,0.0,0.0,M,,,,0000*01
$GPRMC,085850.517,A,4831.1977,N,00743.9463,E,21.6,100.7,110826,,*31
$GPGGA,085850.582,4831.1977,N,00743.9469,E,1,03,0.0,0.0,M,,,,0000*07
$GPRMC,085850.582,A,4831.1977,N,00743.9469,E,21.6,100.8,110826,,*38
$GPGGA,085850.649,4831.1976,N,00743.9476,E,1,03,0.0,0.0,M,,,,0000*0c
$GPRMC,085850.649,A,4831.1976,N,00743.9476,E,21.6,100.9,110826,,*32
$GPGGA,085850.723,4831.1975,N,00743.9483,E,1,03,0.0,0.0,M,,,,0000*08
$GPRMC,085850.723,A,4831.1975,N,00743.9483,E,21.6,101.0,110826,,*3e
$GPGGA,085850.795,4831.1974,N,00743.9490,E,1,03,0.0,0.0,M,,,,0000*06
$GPRMC,085850.795,A,4831.1974,N,00743.9490,E,21.6,101.1,110826,,*31
$GPGGA,085850.867,4831.1973,N,00743.9498,E,1,03,0.0,0.0,M,,,,0000*0b
$GPRMC,085850.867,A,4831.1973,N,00743.9498,E,21.6,101.2,110826,,*3f
$GPGGA,085850.944,4831.1972,N,00743.9505,E,1,03,0.0,0.0,M,,,,0000*0f
$GPRMC,085850.944,A,4831.1972,N,00743.9505,E,21.6,101.3,110826,,*3a
$GPGGA,085851.016,4831.1971,N,00743.9512,E,1,03,0.0,0.0,M,,,,0000*05
$GPRMC,085851.016,A,4831.1971,N,00743.9512,E,21.6,101.5,110826,,*36
$GPGGA,085851.088,4831.1969,N,00743.9521,E,1,03,0.0,0.0,M,,,,0000*0b
$GPRMC,085851.088,A,4831.1969,N,00743.9521,E,21.6,101.8,110826,,*35
$GPGGA,085851.160,4831.1968,N,00743.9528,E,1,03,0.0,0.0,M,,,,0000*04
$GPRMC,085851.160,A,4831.1968,N,00743.9528,E,21.6,102.0,110826,,*31
$GPGGA,085851.279,4831.1968,N,00743.9534,E,1,03,0.0,0.0,M,,,,0000*02
$GPRMC,085851.279,A,4831.1968,N,00743.9534,E,21.6,102.2,110826,,*35
$GPGGA,085851.286,4831.1966,N,00743.9546,E,1,03,0.0,0.0,M,,,,0000*09
$GPRMC,085851.286,A,4831.1966,N,00743.9546,E,21.6,102.5,110826,,*39
$GPGGA,085851.363,4831.1966,N,00743.9548,E,1,03,0.0,0.0,M,,,,0000*0d
$GPRMC,085851.363,A,4831.1966,N,00743.9548,E,21.6,102.6,110826,,*3e
$GPGGA,085851.431,4831.1965,N,00743.9554,E,1,03,0.0,0.0,M,,,,0000*03
$GPRMC,085851.431,A,4831.1965,N,00743.9554,E,21.6,102.8,110826,,*3e
$GPGGA,085851.505,4831.1964,N,00743.9561,E,1,03,0.0,0.0,M,,,,0000*02
$GPRMC,085851.505,A,4831.1964,N,00743.9561,E,21.6,103.1,110826,,*37
$GPGGA,085851.572,4831.1962,N,00743.9570,E,1,03,0.0,0.0,M,,,,0000*04
$GPRMC,085851.572,A,4831.1962,N,00743.9570,E,21.6,103.5,110826,,*35
$GPGGA,085851.636,4831.1961,N,00743.9576,E,1,03,0.0,0.0,M,,,,0000*02
$GPRMC,085851.636,A,4831.1961,N,00743.9576,E,21.6,103.9,110826,,*3f
$GPGGA,085851.714,4831.1960,N,00743.9582,E,1,03,0.0,0.0,M,,,,0000*09
$GPRMC,085851.714,A,4831.1960,N,00743.9582,E,21.6,104.3,110826,,*39
$GPGGA,085851.786,4831.1959,N,00743.9589,E,1,03,0.0,0.0,M,,,,0000*03
$GPRMC,085851.786,A,4831.1959,N,00743.9589,E,21.6,104.7,110826,,*37
$GPGGA,085851.853,4831.1958,N,00743.9597,E,1,03,0.0,0.0,M,,,,0000*0a
$GPRMC,085851.853,A,4831.1958,N,00743.9597,E,21.6,104.8,110826,,*31
$GPGGA,085851.935,4831.1956,N,00743.9604,E,1,03,0.0,0.0,M,,,,0000*0c
$GPRMC,085851.935,A,4831.1956,N,00743.9604,E,21.6,104.8,110826,,*37
$GPGGA,085851.996,4831.1955,N,00743.9612,E,1,03,0.0,0.0,M,,,,0000*01
$GPRMC,085851.996,A,4831.1955,N,00743.9612,E,21.6,104.8,110826,,*3a
$GPGGA,085852.070,4831.1954,N,00743.9617,E,1,03,0.0,0.0,M,,,,0000*07
$GPRMC,085852.070,A,4831.1954,N,00743.9617,E,21.6,104.8,110826,,*3c
$GPGGA,085852.137,4831.1953,N,00743.9625,E,1,03,0.0,0.0,M,,,,0000*03
$GPRMC,085852.137,A,4831.1953,N,00743.9625,E,21.6,104.8,110826,,*38
$GPGGA,085852.204,4831.1952,N,00743.9632,E,1,03,0.0,0.0,M,,,,0000*07
$GPRMC,085852.204,A,4831.1952,N,00743.9632,E,21.6,104.8,110826,,*3c
$GPGGA,085852.328,4831.1950,N,00743.9638,E,1,03,0.0,0.0,M,,,,0000*00
$GPRMC,085852.328,A,4831.1950,N,00743.9638,E,21.6,104.8,110826,,*3b
$GPGGA,085852.386,4831.1948,N,00743.9651,E,1,03,0.0,0.0,M,,,,0000*02
$GPRMC,085852.386,A,4831.1948,N,00743.9651,E,21.6,104.8,110826,,*39
$GPGGA,085852.466,4831.1947,N,00743.9657,E,1,03,0.0,0.0,M,,,,0000*02
$GPRMC,085852.466,A,4831.1947,N,00743.9657,E,21.6,104.8,110826,,*39
$GPGGA,085852.532,4831.1946,N,00743.9664,E,1,03,0.0,0.0,M,,,,0000*03
$GPRMC,085852.532,A,4831.1946,N,00743.9664,E,21.6,104.8,110826,,*38
$GPGGA,085852.598,4831.1945,N,00743.9670,E,1,03,0.0,0.0,M,,,,0000*05
$GPRMC,085852.598,A,4831.1945,N,00743.9670,E,21.6,104.8,110826,,*3e
$GPGGA,085852.663,4831.1944,N,00743.9677,E,1,03,0.0,0.0,M,,,,0000*04
$GPRMC,085852.663,A,4831.1944,N,00743.9677,E,21.6,104.8,110826,,*3f
$GPGGA,085852.727,4831.1943,N,00743.9683,E,1,03,0.0,0.0,M,,,,0000*09
$GPRMC,085852.727,A,4831.1943,N,00743.9683,E,21.6,104.8,110826,,*32
$GPGGA,085852.796,4831.1941,N,00743.9690,E,1,03,0.0,0.0,M,,,,0000*03
$GPRMC,085852.796,A,4831.1941,N,00743.9690,E,21.6,104.8,110826,,*38
$GPGGA,085852.854,4831.1940,N,00743.9696,E,1,03,0.0,0.0,M,,,,0000*05
$GPRMC,085852.854,A,4831.1940,N,00743.9696,E,21.6,104.8,110826,,*3e
$GPGGA,085852.920,4831.1939,N,00743.9703,E,1,03,0.0,0.0,M,,,,0000*04
$GPRMC,085852.920,A,4831.1939,N,00743.9703,E,21.6,104.8,110826,,*3f
$GPGGA,085853.012,4831.1938,N,00743.9710,E,1,03,0.0,0.0,M,,,,0000*0e
$GPRMC,085853.012,A,4831.1938,N,00743.9710,E,21.6,104.8,110826,,*35
$GPGGA,085853.072,4831.1936,N,00743.9719,E,1,03,0.0,0.0,M,,,,0000*0f
$GPRMC,085853.072,A,4831.1936,N,00743.9719,E,21.6,104.8,110826,,*34
$GPGGA,085853.137,4831.1935,N,00743.9724,E,1,03,0.0,0.0,M,,,,0000*02
$GPRMC,085853.137,A,4831.1935,N,00743.9724,E,21.6,104.8,110826,,*39
$GPGGA,085853.204,4831.1934,N,00743.9731,E,1,03,0.0,0.0,M,,,,0000*04
$GPRMC,085853.204,A,4831.1934,N,00743.9731,E,21.6,104.8,110826,,*3f
$GPGGA,085853.321,4831.1933,N,00743.9738,E,1,03,0.0,0.0,M,,,,0000*0c
$GPRMC,085853.321,A,4831.1933,N,00743.9738,E,21.6,104.8,110826,,*37
$GPGGA,085853.406,4831.1931,N,00743.9749,E,1,03,0.0,0.0,M,,,,0000*0a
$GPRMC,085853.406,A,4831.1931,N,00743.9749,E,21.6,104.8,110826,,*31
$GPGGA,085853.470,4831.1930,N,00743.9757,E,1,03,0.0,0.0,M,,,,0000*05
$GPRMC,085853.470,A,4831.1930,N,00743.9757,E,21.6,104.8,110826,,*3e
$GPGGA,085853.537,4831.1928,N,00743.9764,E,1,03,0.0,0.0,M,,,,0000*0e
$GPRMC,085853.537,A,4831.1928,N,00743.9764,E,21.6,104.8,110826,,*35
$GPGGA,085853.605,4831.1927,N,00743.9771,E,1,03,0.0,0.0,M,,,,0000*07
$GPRMC,085853.605,A,4831.1927,N,00743.9771,E,21.6,104.8,110826,,*3c
$GPGGA,085853.670,4831.1926,N,00743.9777,E,1,03,0.0,0.0,M,,,,0000*02
$GPRMC,085853.670,A,4831.1926,N,00743.9777,E,21.6,104.8,110826,,*39
$GPGGA,085853.735,4831.1925,N,00743.9784,E,1,03,0.0,0.0,M,,,,0000*0d
$GPRMC,085853.735,A,4831.1925,N,00743.9784,E,21.6,104.8,110826,,*36
$GPGGA,085853.805,4831.1924,N,00743.9790,E,1,03,0.0,0.0,M,,,,0000*05
$GPRMC,085853.805,A,4831.1924,N,00743.9790,E,21.6,104.8,110826,,*3e
$GPGGA,085853.854,4831.1923,N,00743.9797,E,1,03,0.0,0.0,M,,,,0000*01
$GPRMC,085853.854,A,4831.1923,N,00743.9797,E,21.6,104.8,110826,,*3a
$GPGGA,085853.938,4831.1922,N,00743.9802,E,1,03,0.0,0.0,M,,,,0000*08
$GPRMC,085853.938,A,4831.1922,N,00743.9802,E,21.6,104.9,110826,,*32
$GPGGA,085854.008,4831.1920,N,00743.9811,E,1,03,0.0,0.0,M,,,,0000*05
$GPRMC,085854.008,A,4831.1920,N,00743.9811,E,21.6,105.0,110826,,*37
$GPGGA,085854.071,4831.1919,N,00743.9817,E,1,03,0.0,0.0,M,,,,0000*07
$GPRMC,085854.071,A,4831.1919,N,00743.9817,E,21.6,105.1,110826,,*34
$GPGGA,085854.141,4831.1918,N,00743.9824,E,1,03,0.0,0.0,M,,,,0000*04
$GPRMC,085854.141,A,4831.1918,N,00743.9824,E,21.6,105.2,110826,,*34
$GPGGA,085854.202,4831.1917,N,00743.9830,E,1,03,0.0,0.0,M,,,,0000*0a
$GPRMC,085854.202,A,4831.1917,N,00743.9830,E,21.6,105.3,110826,,*3b
$GPGGA,085854.272,4831.1916,N,00743.9836,E,1,03,0.0,0.0,M,,,,0000*0a
$GPRMC,085854.272,A,4831.1916,N,00743.9836,E,21.6,105.3,110826,,*3b
$GPGGA,085854.389,4831.1914,N,00743.9843,E,1,03,0.0,0.0,M,,,,0000*0f
$GPRMC,085854.389,A,4831.1914,N,00743.9843,E,21.6,105.4,110826,,*39
$GPGGA,085854.465,4831.1912,N,00743.9854,E,1,03,0.0,0.0,M,,,,0000*0a
$GPRMC,085854.465,A,4831.1912,N,00743.9854,E,21.6,105.7,110826,,*3f
$GPGGA,085854.528,4831.1911,N,00743.9861,E,1,03,0.0,0.0,M,,,,0000*07
$GPRMC,085854.528,A,4831.1911,N,00743.9861,E,21.6,105.9,110826,,*3c
$GPGGA,085854.594,4831.1910,N,00743.9868,E,1,03,0.0,0.0,M,,,,0000*08
$GPRMC,085854.594,A,4831.1910,N,00743.9868,E,21.6,106.1,110826,,*38
$GPGGA,085854.657,4831.1908,N,00743.9874,E,1,03,0.0,0.0,M,,,,0000*00
$GPRMC,085854.657,A,4831.1908,N,00743.9874,E,21.6,106.3,110826,,*32
$GPGGA,085854.720,4831.1907,N,00743.9881,E,1,03,0.0,0.0,M,,,,0000*04
$GPRMC,085854.720,A,4831.1907,N,00743.9881,E,21.6,106.4,110826,,*31
$GPGGA,085854.793,4831.1906,N,00743.9888,E,1,03,0.0,0.0,M,,,,0000*04
$GPRMC,085854.793,A,4831.1906,N,00743.9888,E,21.6,106.6,110826,,*33
$GPGGA,085854.861,4831.1905,N,00743.9893,E,1,03,0.0,0.0,M,,,,0000*0f
$GPRMC,085854.861,A,4831.1905,N,00743.9893,E,21.6,106.8,110826,,*36
$GPGGA,085854.937,4831.1903,N,00743.9900,E,1,03,0.0,0.0,M,,,,0000*00
$GPRMC,085854.937,A,4831.1903,N,00743.9900,E,21.6,107.1,110826,,*31
$GPGGA,085855.001,4831.1902,N,00743.9907,E,1,03,0.0,0.0,M,,,,0000*0b
$GPRMC,085855.001,A,4831.1902,N,00743.9907,E,21.6,107.5,110826,,*3e
$GPGGA,085855.074,4831.1900,N,00743.9913,E,1,03,0.0,0.0,M,,,,0000*0e
$GPRMC,085855.074,A,4831.1900,N,00743.9913,E,21.6,107.8,110826,,*36
$GPGGA,085855.139,4831.1899,N,00743.9922,E,1,03,0.0,0.0,M,,,,0000*05
$GPRMC,085855.139,A,4831.1899,N,00743.9922,E,21.6,108.3,110826,,*39
$GPGGA,085855.187,4831.1897,N,00743.9928,E,1,03,0.0,0.0,M,,,,0000*04
$GPRMC,085855.187,A,4831.1897,N,00743.9928,E,21.6,108.3,110826,,*38
$GPGGA,085855.255,4831.1896,N,00743.9933,E,1,03,0.0,0.0,M,,,,0000*03
$GPRMC,085855.255,A,4831.1896,N,00743.9933,E,21.6,108.3,110826,,*3f
$GPGGA,085855.325,4831.1895,N,00743.9940,E,1,03,0.0,0.0,M,,,,0000*02
$GPRMC,085855.325,A,4831.1895,N,00743.9940,E,21.6,108.3,110826,,*3e
$GPGGA,085855.386,4831.1893,N,00743.9946,E,1,03,0.0,0.0,M,,,,0000*0b
$GPRMC,085855.386,A,4831.1893,N,00743.9946,E,21.6,108.3,110826,,*37
$GPGGA,085855.457,4831.1892,N,00743.9953,E,1,03,0.0,0.0,M,,,,0000*05
$GPRMC,085855.457,A,4831.1892,N,00743.9953,E,21.6,108.3,110826,,*39
$GPGGA,085855.525,4831.1891,N,00743.9959,E,1,03,0.0,0.0,M,,,,0000*08
$GPRMC,085855.525,A,4831.1891,N,00743.9959,E,21.6,108.3,110826,,*34
$GPGGA,085855.587,4831.1889,N,00743.9966,E,1,03,0.0,0.0,M,,,,0000*05
$GPRMC,085855.587,A,4831.1889,N,00743.9966,E,21.6,108.3,110826,,*39
$GPGGA,085855.658,4831.1888,N,00743.9972,E,1,03,0.0,0.0,M,,,,0000*00
$GPRMC,085855.658,A,4831.1888,N,00743.9972,E,21.6,108.3,110826,,*3c
$GPGGA,085855.726,4831.1886,N,00743.9979,E,1,03,0.0,0.0,M,,,,0000*0d
$GPRMC,085855.726,A,4831.1886,N,00743.9979,E,21.6,108.3,110826,,*31
$GPGGA,085855.796,4831.1885,N,00743.9985,E,1,03,0.0,0.0,M,,,,0000*06
$GPRMC,085855.796,A,4831.1885,N,00743.9985,E,21.6,108.3,110826,,*3a
$GPGGA,085855.886,4831.1884,N,00743.9991,E,1,03,0.0,0.0,M,,,,0000*0c
$GPRMC,085855.886,A,4831.1884,N,00743.9991,E,21.6,108.3,110826,,*30
$GPGGA,085855.971,4831.1882,N,00743.9999,E,1,03,0.0,0.0,M,,,,0000*0b
$GPRMC,085855.971,A,4831.1882,N,00743.9999,E,21.6,108.3,110826,,*37
$GPGGA,085856.041,4831.1879,N,00744.0010,E,1,03,0.0,0.0,M,,,,0000*00
$GPRMC,085856.041,A,4831.1879,N,00744.0010,E,21.6,108.4,110826,,*3b
$GPGGA,085856.104,4831.1878,N,00744.0016,E,1,03,0.0,0.0,M,,,,0000*07
$GPRMC,085856.104,A,4831.1878,N,00744.0016,E,21.6,108.4,110826,,*3c
$GPGGA,085856.172,4831.1877,N,00744.0023,E,1,03,0.0,0.0,M,,,,0000*0f
$GPRMC,085856.172,A,4831.1877,N,00744.0023,E,21.6,108.4,110826,,*34
$GPGGA,085856.238,4831.1875,N,00744.0028,E,1,03,0.0,0.0,M,,,,0000*0b
$GPRMC,085856.238,A,4831.1875,N,00744.0028,E,21.6,108.4,110826,,*30
$GPGGA,085856.313,4831.1874,N,00744.0035,E,1,03,0.0,0.0,M,,,,0000*0e
$GPRMC,085856.313,A,4831.1874,N,00744.0035,E,21.6,108.4,110826,,*35
$GPGGA,085856.378,4831.1872,N,00744.0042,E,1,03,0.0,0.0,M,,,,0000*05
$GPRMC,085856.378,A,4831.1872,N,00744.0042,E,21.6,108.4,110826,,*3e
$GPGGA,085856.491,4831.1871,N,00744.0048,E,1,03,0.0,0.0,M,,,,0000*0c
$GPRMC,085856.491,A,4831.1871,N,00744.0048,E,21.6,108.4,110826,,*37
$GPGGA,085856.557,4831.1868,N,00744.0060,E,1,03,0.0,0.0,M,,,,0000*05
$GPRMC,085856.557,A,4831.1868,N,00744.0060,E,21.6,108.4,110826,,*3e
$GPGGA,085856.605,4831.1867,N,00744.0066,E,1,03,0.0,0.0,M,,,,0000*08
$GPRMC,085856.605,A,4831.1867,N,00744.0066,E,21.6,108.4,110826,,*33
$GPGGA,085856.672,4831.1866,N,00744.0071,E,1,03,0.0,0.0,M,,,,0000*0f
$GPRMC,085856.672,A,4831.1866,N,00744.0071,E,21.6,108.5,110826,,*35
$GPGGA,085856.740,4831.1864,N,00744.0078,E,1,03,0.0,0.0,M,,,,0000*04
$GPRMC,085856.740,A,4831.1864,N,00744.0078,E,21.6,108.5,110826,,*3e
$GPGGA,085856.792,4831.1863,N,00744.0084,E,1,03,0.0,0.0,M,,,,0000*0f
$GPRMC,085856.792,A,4831.1863,N,00744.0084,E,21.6,108.5,110826,,*35
$GPGGA,085856.867,4831.1862,N,00744.0089,E,1,03,0.0,0.0,M,,,,0000*06
$GPRMC,085856.867,A,4831.1862,N,00744.0089,E,21.6,108.5,110826,,*3c
$GPGGA,085856.935,4831.1860,N,00744.0096,E,1,03,0.0,0.0,M,,,,0000*0c
$GPRMC,085856.935,A,4831.1860,N,00744.0096,E,21.6,108.5,110826,,*36
$GPGGA,085856.997,4831.1859,N,00744.0102,E,1,03,0.0,0.0,M,,,,0000*02
$GPRMC,085856.997,A,4831.1859,N,00744.0102,E,21.6,108.6,110826,,*3b
$GPGGA,085857.059,4831.1858,N,00744.0108,E,1,03,0.0,0.0,M,,,,0000*03
$GPRMC,085857.059,A,4831.1858,N,00744.0108,E,21.6,108.6,110826,,*3a
$GPGGA,085857.105,4831.1856,N,00744.0115,E,1,03,0.0,0.0,M,,,,0000*09
$GPRMC,085857.105,A,4831.1856,N,00744.0115,E,21.6,108.6,110826,,*30
$GPGGA,085857.178,4831.1855,N,00744.0120,E,1,03,0.0,0.0,M,,,,0000*06
$GPRMC,085857.178,A,4831.1855,N,00744.0120,E,21.6,108.6,110826,,*3f
$GPGGA,085857.240,4831.1854,N,00744.0126,E,1,03,0.0,0.0,M,,,,0000*09
$GPRMC,085857.240,A,4831.1854,N,00744.0126,E,21.6,108.6,110826,,*30
$GPGGA,085857.302,4831.1852,N,00744.0133,E,1,03,0.0,0.0,M,,,,0000*0c
$GPRMC,085857.302,A,4831.1852,N,00744.0133,E,21.6,108.6,110826,,*35
$GPGGA,085857.359,4831.1851,N,00744.0137,E,1,03,0.0,0.0,M,,,,0000*05
$GPRMC,085857.359,A,4831.1851,N,00744.0137,E,21.6,108.7,110826,,*3d
$GPGGA,085857.423,4831.1850,N,00744.0144,E,1,03,0.0,0.0,M,,,,0000*0a
$GPRMC,085857.423,A,4831.1850,N,00744.0144,E,21.6,108.7,110826,,*32
$GPGGA,085857.535,4831.1848,N,00744.0150,E,1,03,0.0,0.0,M,,,,0000*00
$GPRMC,085857.535,A,4831.1848,N,00744.0150,E,21.6,109.0,110826,,*3e
$GPGGA,085857.543,4831.1846,N,00744.0160,E,1,03,0.0,0.0,M,,,,0000*0c
$GPRMC,085857.543,A,4831.1846,N,00744.0160,E,21.6,109.4,110826,,*36
$GPGGA,085857.605,4831.1845,N,00744.0161,E,1,03,0.0,0.0,M,,,,0000*0f
$GPRMC,085857.605,A,4831.1845,N,00744.0161,E,21.6,109.5,110826,,*34
$GPGGA,085857.667,4831.1844,N,00744.0168,E,1,03,0.0,0.0,M,,,,0000*03
$GPRMC,085857.667,A,4831.1844,N,00744.0168,E,21.6,109.8,110826,,*35
$GPGGA,085857.722,4831.1842,N,00744.0173,E,1,03,0.0,0.0,M,,,,0000*0f
$GPRMC,085857.722,A,4831.1842,N,00744.0173,E,21.6,110.1,110826,,*38
$GPGGA,085857.786,4831.1841,N,00744.0179,E,1,03,0.0,0.0,M,,,,0000*08
$GPRMC,085857.786,A,4831.1841,N,00744.0179,E,21.6,110.4,110826,,*3a
$GPGGA,085857.839,4831.1840,N,00744.0183,E,1,03,0.0,0.0,M,,,,0000*07
$GPRMC,085857.839,A,4831.1840,N,00744.0183,E,21.6,110.6,110826,,*37
$GPGGA,085857.906,4831.1838,N,00744.0190,E,1,03,0.0,0.0,M,,,,0000*07
$GPRMC,085857.906,A,4831.1838,N,00744.0190,E,21.6,110.9,110826,,*38
$GPGGA,085857.971,4831.1836,N,00744.0196,E,1,03,0.0,0.0,M,,,,0000*0f
$GPRMC,085857.971,A,4831.1836,N,00744.0196,E,21.6,111.4,110826,,*3c
$GPGGA,085858.049,4831.1835,N,00744.0202,E,1,03,0.0,0.0,M,,,,0000*0f
$GPRMC,085858.049,A,4831.1835,N,00744.0202,E,21.6,112.0,110826,,*3b
$GPGGA,085858.106,4831.1833,N,00744.0209,E,1,03,0.0,0.0,M,,,,0000*08
$GPRMC,085858.106,A,4831.1833,N,00744.0209,E,21.6,112.6,110826,,*3a
$GPGGA,085858.177,4831.1831,N,00744.0215,E,1,03,0.0,0.0,M,,,,0000*01
$GPRMC,085858.177,A,4831.1831,N,00744.0215,E,21.6,113.3,110826,,*37
$GPGGA,085858.249,4831.1829,N,00744.0221,E,1,03,0.0,0.0,M,,,,0000*01
$GPRMC,085858.249,A,4831.1829,N,00744.0221,E,21.6,113.9,110826,,*3d
$GPGGA,085858.318,4831.1827,N,00744.0228,E,1,03,0.0,0.0,M,,,,0000*03
$GPRMC,085858.318,A,4831.1827,N,00744.0228,E,21.6,114.6,110826,,*37
$GPGGA,085858.319,4831.1825,N,00744.0234,E,1,03,0.0,0.0,M,,,,0000*0d
$GPRMC,085858.319,A,4831.1825,N,00744.0234,E,21.6,115.1,110826,,*3f
$GPGGA,085858.371,4831.1825,N,00744.0235,E,1,03,0.0,0.0,M,,,,0000*02
$GPRMC,085858.371,A,4831.1825,N,00744.0235,E,21.6,115.3,110826,,*32
$GPGGA,085858.441,4831.1823,N,00744.0240,E,1,03,0.0,0.0,M,,,,0000*02
$GPRMC,085858.441,A,4831.1823,N,00744.0240,E,32.4,115.9,110826,,*38
$GPGGA,085858.556,4831.1820,N,00744.0250,E,1,03,0.0,0.0,M,,,,0000*07
$GPRMC,085858.556,A,4831.1820,N,00744.0250,E,32.4,117.6,110826,,*30
$GPGGA,085858.632,4831.1815,N,00744.0265,E,1,03,0.0,0.0,M,,,,0000*06
$GPRMC,085858.632,A,4831.1815,N,00744.0265,E,32.4,120.8,110826,,*3b
$GPGGA,085858.696,4831.1811,N,00744.0274,E,1,03,0.0,0.0,M,,,,0000*0c
$GPRMC,085858.696,A,4831.1811,N,00744.0274,E,32.4,120.5,110826,,*3c
$GPGGA,085858.759,4831.1808,N,00744.0284,E,1,03,0.0,0.0,M,,,,0000*09
$GPRMC,085858.759,A,4831.1808,N,00744.0284,E,32.4,119.8,110826,,*3e
$GPGGA,085858.823,4831.1805,N,00744.0293,E,1,03,0.0,0.0,M,,,,0000*00
$GPRMC,085858.823,A,4831.1805,N,00744.0293,E,32.4,119.2,110826,,*3d
$GPGGA,085858.896,4831.1802,N,00744.0301,E,1,03,0.0,0.0,M,,,,0000*03
$GPRMC,085858.896,A,4831.1802,N,00744.0301,E,32.4,118.6,110826,,*3b
$GPGGA,085858.960,4831.1799,N,00744.0311,E,1,03,0.0,0.0,M,,,,0000*07
$GPRMC,085858.960,A,4831.1799,N,00744.0311,E,32.4,117.9,110826,,*3f
$GPGGA,085859.023,4831.1796,N,00744.0320,E,1,03,0.0,0.0,M,,,,0000*05
$GPRMC,085859.023,A,4831.1796,N,00744.0320,E,32.4,116.8,110826,,*3d
$GPGGA,085859.102,4831.1793,N,00744.0328,E,1,03,0.0,0.0,M,,,,0000*0a
$GPRMC,085859.102,A,4831.1793,N,00744.0328,E,32.4,115.5,110826,,*3c
$GPGGA,085859.167,4831.1790,N,00744.0340,E,1,03,0.0,0.0,M,,,,0000*04
$GPRMC,085859.167,A,4831.1790,N,00744.0340,E,32.4,113.9,110826,,*38
$GPGGA,085859.244,4831.1787,N,00744.0348,E,1,03,0.0,0.0,M,,,,0000*08
$GPRMC,085859.244,A,4831.1787,N,00744.0348,E,32.4,112.8,110826,,*34
$GPGGA,085859.307,4831.1784,N,00744.0359,E,1,03,0.0,0.0,M,,,,0000*0d
$GPRMC,085859.307,A,4831.1784,N,00744.0359,E,32.4,111.1,110826,,*3b
$GPGGA,085859.373,4831.1782,N,00744.0369,E,1,03,0.0,0.0,M,,,,0000*0b
$GPRMC,085859.373,A,4831.1782,N,00744.0369,E,32.4,108.7,110826,,*33
$GPGGA,085859.439,4831.1780,N,00744.0378,E,1,03,0.0,0.0,M,,,,0000*00
$GPRMC,085859.439,A,4831.1780,N,00744.0378,E,32.4,106.2,110826,,*33
$GPGGA,085859.507,4831.1778,N,00744.0389,E,1,03,0.0,0.0,M,,,,0000*05
$GPRMC,085859.507,A,4831.1778,N,00744.0389,E,32.4,103.8,110826,,*39
$GPGGA,085859.622,4831.1777,N,00744.0398,E,1,03,0.0,0.0,M,,,,0000*0e
$GPRMC,085859.622,A,4831.1777,N,00744.0398,E,32.4,103.8,110826,,*32
$GPGGA,085859.695,4831.1774,N,00744.0415,E,1,03,0.0,0.0,M,,,,0000*03
$GPRMC,085859.695,A,4831.1774,N,00744.0415,E,32.4,103.8,110826,,*3f
$GPGGA,085859.759,4831.1772,N,00744.0425,E,1,03,0.0,0.0,M,,,,0000*07
$GPRMC,085859.759,A,4831.1772,N,00744.0425,E,32.4,103.8,110826,,*3b
$GPGGA,085859.806,4831.1770,N,00744.0436,E,1,03,0.0,0.0,M,,,,0000*02
$GPRMC,085859.806,A,4831.1770,N,00744.0436,E,32.4,103.8,110826,,*3e
$GPGGA,085859.883,4831.1769,N,00744.0443,E,1,03,0.0,0.0,M,,,,0000*05
$GPRMC,085859.883,A,4831.1769,N,00744.0443,E,32.4,103.8,110826,,*39
$GPGGA,085859.950,4831.1768,N,00744.0453,E,1,03,0.0,0.0,M,,,,0000*0a
$GPRMC,085859.950,A,4831.1768,N,00744.0453,E,32.4,103.8,110826,,*36
$GPGGA,085900.015,4831.1766,N,00744.0463,E,1,03,0.0,0.0,M,,,,0000*02
$GPRMC,085900.015,A,4831.1766,N,00744.0463,E,32.4,103.8,110826,,*3e
$GPGGA,085900.080,4831.1764,N,00744.0474,E,1,03,0.0,0.0,M,,,,0000*0a
$GPRMC,085900.080,A,4831.1764,N,00744.0474,E,32.4,103.8,110826,,*36
$GPGGA,085900.144,4831.1763,N,00744.0482,E,1,03,0.0,0.0,M,,,,0000*0d
$GPRMC,085900.144,A,4831.1763,N,00744.0482,E,32.4,103.7,110826,,*3e
$GPGGA,085900.208,4831.1762,N,00744.0493,E,1,03,0.0,0.0,M,,,,0000*07
$GPRMC,085900.208,A,4831.1762,N,00744.0493,E,32.4,103.1,110826,,*32
$GPGGA,085900.272,4831.1760,N,00744.0503,E,1,03,0.0,0.0,M,,,,0000*00
$GPRMC,085900.272,A,4831.1760,N,00744.0503,E,32.4,102.5,110826,,*30
$GPGGA,085900.336,4831.1759,N,00744.0513,E,1,03,0.0,0.0,M,,,,0000*0a
$GPRMC,085900.336,A,4831.1759,N,00744.0513,E,32.4,101.9,110826,,*35
$GPGGA,085900.392,4831.1758,N,00744.0521,E,1,03,0.0,0.0,M,,,,0000*04
$GPRMC,085900.392,A,4831.1758,N,00744.0521,E,32.4,101.4,110826,,*36
$GPGGA,085900.456,4831.1757,N,00744.0530,E,1,03,0.0,0.0,M,,,,0000*04
$GPRMC,085900.456,A,4831.1757,N,00744.0530,E,32.4,100.9,110826,,*3a
$GPGGA,085900.507,4831.1756,N,00744.0541,E,1,03,0.0,0.0,M,,,,0000*06
$GPRMC,085900.507,A,4831.1756,N,00744.0541,E,32.4,099.8,110826,,*38
$GPGGA,085900.638,4831.1755,N,00744.0547,E,1,03,0.0,0.0,M,,,,0000*0c
$GPRMC,085900.638,A,4831.1755,N,00744.0547,E,32.4,099.0,110826,,*3a
$GPGGA,085900.730,4831.1754,N,00744.0568,E,1,03,0.0,0.0,M,,,,0000*09
$GPRMC,085900.730,A,4831.1754,N,00744.0568,E,32.4,096.5,110826,,*35
$GPGGA,085900.790,4831.1753,N,00744.0580,E,1,03,0.0,0.0,M,,,,0000*02
$GPRMC,085900.790,A,4831.1753,N,00744.0580,E,32.4,095.0,110826,,*38
$GPGGA,085900.858,4831.1752,N,00744.0591,E,1,03,0.0,0.0,M,,,,0000*08
$GPRMC,085900.858,A,4831.1752,N,00744.0591,E,32.4,093.0,110826,,*34
$GPGGA,085900.928,4831.1752,N,00744.0601,E,1,03,0.0,0.0,M,,,,0000*04
$GPRMC,085900.928,A,4831.1752,N,00744.0601,E,32.4,090.7,110826,,*3c
$GPGGA,085900.974,4831.1752,N,00744.0610,E,1,03,0.0,0.0,M,,,,0000*0d
$GPRMC,085900.974,A,4831.1752,N,00744.0610,E,32.4,088.7,110826,,*3c
$GPGGA,085901.042,4831.1751,N,00744.0618,E,1,03,0.0,0.0,M,,,,0000*0b
$GPRMC,085901.042,A,4831.1751,N,00744.0618,E,32.4,088.3,110826,,*3e
$GPGGA,085901.098,4831.1751,N,00744.0629,E,1,03,0.0,0.0,M,,,,0000*0e
$GPRMC,085901.098,A,4831.1751,N,00744.0629,E,32.4,089.0,110826,,*39
$GPGGA,085901.155,4831.1751,N,00744.0636,E,1,03,0.0,0.0,M,,,,0000*00
$GPRMC,085901.155,A,4831.1751,N,00744.0636,E,32.4,089.5,110826,,*32
$GPGGA,085901.218,4831.1751,N,00744.0647,E,1,03,0.0,0.0,M,,,,0000*0c
$GPRMC,085901.218,A,4831.1751,N,00744.0647,E,32.4,090.2,110826,,*31
$GPGGA,085901.274,4831.1751,N,00744.0655,E,1,03,0.0,0.0,M,,,,0000*05
$GPRMC,085901.274,A,4831.1751,N,00744.0655,E,32.4,090.7,110826,,*3d
$GPGGA,085901.340,4831.1751,N,00744.0664,E,1,03,0.0,0.0,M,,,,0000*01
$GPRMC,085901.340,A,4831.1751,N,00744.0664,E,32.4,091.7,110826,,*38
$GPGGA,085901.396,4831.1750,N,00744.0674,E,1,03,0.0,0.0,M,,,,0000*0a
$GPRMC,085901.396,A,4831.1750,N,00744.0674,E,32.4,093.0,110826,,*36
$GPGGA,085901.472,4831.1750,N,00744.0683,E,1,03,0.0,0.0,M,,,,0000*0f
$GPRMC,085901.472,A,4831.1750,N,00744.0683,E,32.4,094.1,110826,,*35
$GPGGA,085901.539,4831.1749,N,00744.0694,E,1,03,0.0,0.0,M,,,,0000*0f
$GPRMC,085901.539,A,4831.1749,N,00744.0694,E,32.4,095.6,110826,,*33
$GPGGA,085901.651,4831.1749,N,00744.0705,E,1,03,0.0,0.0,M,,,,0000*0b
$GPRMC,085901.651,A,4831.1749,N,00744.0705,E,32.4,097.0,110826,,*33
$GPGGA,085901.726,4831.1746,N,00744.0729,E,1,03,0.0,0.0,M,,,,0000*0b
$GPRMC,085901.726,A,4831.1746,N,00744.0729,E,51.8,102.7,110826,,*30
$GPGGA,085901.791,4831.1743,N,00744.0748,E,1,03,0.0,0.0,M,,,,0000*05
$GPRMC,085901.791,A,4831.1743,N,00744.0748,E,51.8,105.0,110826,,*3e
$GPGGA,085901.856,4831.1740,N,00744.0761,E,1,03,0.0,0.0,M,,,,0000*09
$GPRMC,085901.856,A,4831.1740,N,00744.0761,E,51.8,105.0,110826,,*32
$GPGGA,085901.923,4831.1737,N,00744.0778,E,1,03,0.0,0.0,M,,,,0000*02
$GPRMC,085901.923,A,4831.1737,N,00744.0778,E,51.8,105.0,110826,,*39
$GPGGA,085901.985,4831.1734,N,00744.0795,E,1,03,0.0,0.0,M,,,,0000*0e
$GPRMC,085901.985,A,4831.1734,N,00744.0795,E,51.8,105.0,110826,,*35
$GPGGA,085902.039,4831.1732,N,00744.0806,E,1,03,0.0,0.0,M,,,,0000*00
$GPRMC,085902.039,A,4831.1732,N,00744.0806,E,51.8,105.0,110826,,*3b
$GPGGA,085902.100,4831.1730,N,00744.0822,E,1,03,0.0,0.0,M,,,,0000*0f
$GPRMC,085902.100,A,4831.1730,N,00744.0822,E,51.8,105.0,110826,,*34
$GPGGA,085902.155,4831.1728,N,00744.0833,E,1,03,0.0,0.0,M,,,,0000*06
$GPRMC,085902.155,A,4831.1728,N,00744.0833,E,51.8,105.0,110826,,*3d
$GPGGA,085902.218,4831.1725,N,00744.0850,E,1,03,0.0,0.0,M,,,,0000*04
$GPRMC,085902.218,A,4831.1725,N,00744.0850,E,51.8,105.0,110826,,*3f
$GPGGA,085902.273,4831.1723,N,00744.0862,E,1,03,0.0,0.0,M,,,,0000*0e
$GPRMC,085902.273,A,4831.1723,N,00744.0862,E,51.8,105.0,110826,,*35
$GPGGA,085902.325,4831.1720,N,00744.0879,E,1,03,0.0,0.0,M,,,,0000*05
$GPRMC,085902.325,A,4831.1720,N,00744.0879,E,51.8,105.0,110826,,*3e
$GPGGA,085902.390,4831.1718,N,00744.0887,E,1,03,0.0,0.0,M,,,,0000*01
$GPRMC,085902.390,A,4831.1718,N,00744.0887,E,51.8,105.0,110826,,*3a
$GPGGA,085902.441,4831.1715,N,00744.0905,E,1,03,0.0,0.0,M,,,,0000*0c
$GPRMC,085902.441,A,4831.1715,N,00744.0905,E,51.8,105.1,110826,,*36
$GPGGA,085902.512,4831.1713,N,00744.0917,E,1,03,0.0,0.0,M,,,,0000*0e
$GPRMC,085902.512,A,4831.1713,N,00744.0917,E,51.8,105.1,110826,,*34
$GPGGA,085902.569,4831.1710,N,00744.0932,E,1,03,0.0,0.0,M,,,,0000*06
$GPRMC,085902.569,A,4831.1710,N,00744.0932,E,51.8,105.2,110826,,*3f
$GPGGA,085902.675,4831.1708,N,00744.0944,E,1,03,0.0,0.0,M,,,,0000*00
$GPRMC,085902.675,A,4831.1708,N,00744.0944,E,51.8,105.3,110826,,*38
$GPGGA,085902.750,4831.1703,N,00744.0973,E,1,03,0.0,0.0,M,,,,0000*09
$GPRMC,085902.750,A,4831.1703,N,00744.0973,E,51.8,105.5,110826,,*37
$GPGGA,085902.806,4831.1700,N,00744.0989,E,1,03,0.0,0.0,M,,,,0000*03
$GPRMC,085902.806,A,4831.1700,N,00744.0989,E,51.8,105.7,110826,,*3f
$GPGGA,085902.859,4831.1697,N,00744.1004,E,1,03,0.0,0.0,M,,,,0000*0b
$GPRMC,085902.859,A,4831.1697,N,00744.1004,E,51.8,105.9,110826,,*39
$GPGGA,085902.937,4831.1694,N,00744.1016,E,1,03,0.0,0.0,M,,,,0000*02
$GPRMC,085902.937,A,4831.1694,N,00744.1016,E,51.8,105.9,110826,,*30
$GPGGA,085902.997,4831.1692,N,00744.1031,E,1,03,0.0,0.0,M,,,,0000*0b
$GPRMC,085902.997,A,4831.1692,N,00744.1031,E,51.8,106.1,110826,,*32
$GPGGA,085903.056,4831.1688,N,00744.1048,E,1,03,0.0,0.0,M,,,,0000*0b
$GPRMC,085903.056,A,4831.1688,N,00744.1048,E,51.8,106.5,110826,,*36
$GPGGA,085903.109,4831.1685,N,00744.1062,E,1,03,0.0,0.0,M,,,,0000*05
$GPRMC,085903.109,A,4831.1685,N,00744.1062,E,51.8,106.9,110826,,*34
$GPGGA,085903.158,4831.1682,N,00744.1076,E,1,03,0.0,0.0,M,,,,0000*03
$GPRMC,085903.158,A,4831.1682,N,00744.1076,E,51.8,107.2,110826,,*38
$GPGGA,085903.224,4831.1680,N,00744.1086,E,1,03,0.0,0.0,M,,,,0000*06
$GPRMC,085903.224,A,4831.1680,N,00744.1086,E,51.8,107.7,110826,,*38
$GPGGA,085903.287,4831.1677,N,00744.1102,E,1,03,0.0,0.0,M,,,,0000*0a
$GPRMC,085903.287,A,4831.1677,N,00744.1102,E,51.8,108.6,110826,,*3a
$GPGGA,085903.340,4831.1674,N,00744.1114,E,1,03,0.0,0.0,M,,,,0000*04
$GPRMC,085903.340,A,4831.1674,N,00744.1114,E,51.8,109.2,110826,,*31
$GPGGA,085903.403,4831.1671,N,00744.1128,E,1,03,0.0,0.0,M,,,,0000*0e
$GPRMC,085903.403,A,4831.1671,N,00744.1128,E,51.8,110.1,110826,,*30
$GPGGA,085903.459,4831.1668,N,00744.1140,E,1,03,0.0,0.0,M,,,,0000*07
$GPRMC,085903.459,A,4831.1668,N,00744.1140,E,51.8,111.2,110826,,*3b
$GPGGA,085903.522,4831.1663,N,00744.1156,E,1,03,0.0,0.0,M,,,,0000*06
$GPRMC,085903.522,A,4831.1663,N,00744.1156,E,51.8,112.6,110826,,*3d
$GPGGA,085903.576,4831.1660,N,00744.1167,E,1,03,0.0,0.0,M,,,,0000*06
$GPRMC,085903.576,A,4831.1660,N,00744.1167,E,51.8,112.6,110826,,*3d
$GPGGA,085903.678,4831.1656,N,00744.1181,E,1,03,0.0,0.0,M,,,,0000*06
$GPRMC,085903.678,A,4831.1656,N,00744.1181,E,51.8,112.8,110826,,*33
$GPGGA,085903.743,4831.1649,N,00744.1205,E,1,03,0.0,0.0,M,,,,0000*0e
$GPRMC,085903.743,A,4831.1649,N,00744.1205,E,51.8,113.6,110826,,*34
$GPGGA,085903.806,4831.1645,N,00744.1219,E,1,03,0.0,0.0,M,,,,0000*01
$GPRMC,085903.806,A,4831.1645,N,00744.1219,E,51.8,114.0,110826,,*3a
$GPGGA,085903.859,4831.1641,N,00744.1234,E,1,03,0.0,0.0,M,,,,0000*00
$GPRMC,085903.859,A,4831.1641,N,00744.1234,E,51.8,114.8,110826,,*33
$GPGGA,085903.937,4831.1637,N,00744.1244,E,1,03,0.0,0.0,M,,,,0000*0f
$GPRMC,085903.937,A,4831.1637,N,00744.1244,E,51.8,115.5,110826,,*30
$GPGGA,085903.991,4831.1632,N,00744.1260,E,1,03,0.0,0.0,M,,,,0000*00
$GPRMC,085903.991,A,4831.1632,N,00744.1260,E,51.8,116.5,110826,,*3c
$GPGGA,085904.053,4831.1627,N,00744.1276,E,1,03,0.0,0.0,M,,,,0000*03
$GPRMC,085904.053,A,4831.1627,N,00744.1276,E,51.8,117.8,110826,,*33
$GPGGA,085904.117,4831.1623,N,00744.1286,E,1,03,0.0,0.0,M,,,,0000*09
$GPRMC,085904.117,A,4831.1623,N,00744.1286,E,51.8,119.2,110826,,*3d
$GPGGA,085904.175,4831.1618,N,00744.1300,E,1,03,0.0,0.0,M,,,,0000*0a
$GPRMC,085904.175,A,4831.1618,N,00744.1300,E,51.8,120.5,110826,,*33
$GPGGA,085904.238,4831.1612,N,00744.1315,E,1,03,0.0,0.0,M,,,,0000*0e
$GPRMC,085904.238,A,4831.1612,N,00744.1315,E,51.8,120.5,110826,,*37
$GPGGA,085904.290,4831.1608,N,00744.1325,E,1,03,0.0,0.0,M,,,,0000*04
$GPRMC,085904.290,A,4831.1608,N,00744.1325,E,51.8,120.5,110826,,*3d
$GPGGA,085904.356,4831.1603,N,00744.1339,E,1,03,0.0,0.0,M,,,,0000*09
$GPRMC,085904.356,A,4831.1603,N,00744.1339,E,51.8,120.4,110826,,*31
$GPGGA,085904.412,4831.1598,N,00744.1352,E,1,03,0.0,0.0,M,,,,0000*02
$GPRMC,085904.412,A,4831.1598,N,00744.1352,E,51.8,120.3,110826,,*3d
$GPGGA,085904.475,4831.1593,N,00744.1364,E,1,03,0.0,0.0,M,,,,0000*0d
$GPRMC,085904.475,A,4831.1593,N,00744.1364,E,51.8,120.1,110826,,*30
$GPGGA,085904.542,4831.1588,N,00744.1378,E,1,03,0.0,0.0,M,,,,0000*0f
$GPRMC,085904.542,A,4831.1588,N,00744.1378,E,51.8,120.0,110826,,*33
$GPGGA,085904.593,4831.1583,N,00744.1392,E,1,03,0.0,0.0,M,,,,0000*0c
$GPRMC,085904.593,A,4831.1583,N,00744.1392,E,51.8,119.7,110826,,*3d
$GPGGA,085904.692,4831.1579,N,00744.1402,E,1,03,0.0,0.0,M,,,,0000*05
$GPRMC,085904.692,A,4831.1579,N,00744.1402,E,51.8,119.5,110826,,*36
$GPGGA,085904.708,4831.1571,N,00744.1423,E,1,03,0.0,0.0,M,,,,0000*0c
$GPRMC,085904.708,A,4831.1571,N,00744.1423,E,51.8,119.0,110826,,*3a
$GPGGA,085904.768,4831.1569,N,00744.1428,E,1,03,0.0,0.0,M,,,,0000*08
$GPRMC,085904.768,A,4831.1569,N,00744.1428,E,51.8,118.8,110826,,*37
$GPGGA,085904.831,4831.1564,N,00744.1442,E,1,03,0.0,0.0,M,,,,0000*0a
$GPRMC,085904.831,A,4831.1564,N,00744.1442,E,51.8,118.3,110826,,*3e
$GPGGA,085904.898,4831.1560,N,00744.1452,E,1,03,0.0,0.0,M,,,,0000*0c
$GPRMC,085904.898,A,4831.1560,N,00744.1452,E,51.8,118.2,110826,,*39
$GPGGA,085904.953,4831.1555,N,00744.1468,E,1,03,0.0,0.0,M,,,,0000*05
$GPRMC,085904.953,A,4831.1555,N,00744.1468,E,51.8,118.2,110826,,*30
$GPGGA,085905.013,4831.1551,N,00744.1478,E,1,03,0.0,0.0,M,,,,0000*0c
$GPRMC,085905.013,A,4831.1551,N,00744.1478,E,51.8,118.2,110826,,*39
$GPGGA,085905.078,4831.1546,N,00744.1492,E,1,03,0.0,0.0,M,,,,0000*03
$GPRMC,085905.078,A,4831.1546,N,00744.1492,E,51.8,118.2,110826,,*36
$GPGGA,085905.126,4831.1541,N,00744.1507,E,1,03,0.0,0.0,M,,,,0000*03
$GPRMC,085905.126,A,4831.1541,N,00744.1507,E,51.8,118.2,110826,,*36
$GPGGA,085905.192,4831.1537,N,00744.1518,E,1,03,0.0,0.0,M,,,,0000*03
$GPRMC,085905.192,A,4831.1537,N,00744.1518,E,51.8,118.3,110826,,*37
$GPGGA,085905.253,4831.1532,N,00744.1532,E,1,03,0.0,0.0,M,,,,0000*00
$GPRMC,085905.253,A,4831.1532,N,00744.1532,E,51.8,118.3,110826,,*34
$GPGGA,085905.310,4831.1528,N,00744.1543,E,1,03,0.0,0.0,M,,,,0000*0b
$GPRMC,085905.310,A,4831.1528,N,00744.1543,E,51.8,118.1,110826,,*3d
$GPGGA,085905.360,4831.1524,N,00744.1557,E,1,03,0.0,0.0,M,,,,0000*05
$GPRMC,085905.360,A,4831.1524,N,00744.1557,E,51.8,117.7,110826,,*3a
$GPGGA,085905.412,4831.1519,N,00744.1569,E,1,03,0.0,0.0,M,,,,0000*04
$GPRMC,085905.412,A,4831.1519,N,00744.1569,E,51.8,117.4,110826,,*38
$GPGGA,085905.476,4831.1516,N,00744.1580,E,1,03,0.0,0.0,M,,,,0000*0e
$GPRMC,085905.476,A,4831.1516,N,00744.1580,E,51.8,117.2,110826,,*34
$GPGGA,085905.547,4831.1511,N,00744.1595,E,1,03,0.0,0.0,M,,,,0000*0e
$GPRMC,085905.547,A,4831.1511,N,00744.1595,E,51.8,116.5,110826,,*32
$GPGGA,085905.608,4831.1506,N,00744.1609,E,1,03,0.0,0.0,M,,,,0000*06
$GPRMC,085905.608,A,4831.1506,N,00744.1609,E,51.8,115.7,110826,,*3b
$GPGGA,085905.709,4831.1502,N,00744.1624,E,1,03,0.0,0.0,M,,,,0000*0d
$GPRMC,085905.709,A,4831.1502,N,00744.1624,E,51.8,114.9,110826,,*3f
$GPGGA,085905.709,4831.1496,N,00744.1643,E,1,03,0.0,0.0,M,,,,0000*00
$GPRMC,085905.709,A,4831.1496,N,00744.1643,E,51.8,113.1,110826,,*3d
$GPGGA,085905.777,4831.1495,N,00744.1647,E,1,03,0.0,0.0,M,,,,0000*0e
$GPRMC,085905.777,A,4831.1495,N,00744.1647,E,51.8,112.6,110826,,*35
$GPGGA,085905.827,4831.1491,N,00744.1662,E,1,03,0.0,0.0,M,,,,0000*07
$GPRMC,085905.827,A,4831.1491,N,00744.1662,E,51.8,111.8,110826,,*31
$GPGGA,085905.895,4831.1488,N,00744.1673,E,1,03,0.0,0.0,M,,,,0000*06
$GPRMC,085905.895,A,4831.1488,N,00744.1673,E,51.8,111.8,110826,,*30
$GPGGA,085905.960,4831.1484,N,00744.1688,E,1,03,0.0,0.0,M,,,,0000*05
$GPRMC,085905.960,A,4831.1484,N,00744.1688,E,51.8,111.8,110826,,*33
$GPGGA,085906.009,4831.1480,N,00744.1704,E,1,03,0.0,0.0,M,,,,0000*01
$GPRMC,085906.009,A,4831.1480,N,00744.1704,E,51.8,111.8,110826,,*37
$GPGGA,085906.058,4831.1477,N,00744.1715,E,1,03,0.0,0.0,M,,,,0000*0d
$GPRMC,085906.058,A,4831.1477,N,00744.1715,E,51.8,111.8,110826,,*3b
$GPGGA,085906.131,4831.1474,N,00744.1726,E,1,03,0.0,0.0,M,,,,0000*00
$GPRMC,085906.131,A,4831.1474,N,00744.1726,E,51.8,111.6,110826,,*38
$GPGGA,085906.187,4831.1470,N,00744.1741,E,1,03,0.0,0.0,M,,,,0000*08
$GPRMC,085906.187,A,4831.1470,N,00744.1741,E,51.8,111.3,110826,,*35
$GPGGA,085906.241,4831.1467,N,00744.1754,E,1,03,0.0,0.0,M,,,,0000*03
$GPRMC,085906.241,A,4831.1467,N,00744.1754,E,51.8,111.1,110826,,*3c
$GPGGA,085906.294,4831.1464,N,00744.1765,E,1,03,0.0,0.0,M,,,,0000*0a
$GPRMC,085906.294,A,4831.1464,N,00744.1765,E,51.8,110.8,110826,,*3d
$GPGGA,085906.342,4831.1461,N,00744.1780,E,1,03,0.0,0.0,M,,,,0000*0e
$GPRMC,085906.342,A,4831.1461,N,00744.1780,E,51.8,110.2,110826,,*33
$GPGGA,085906.406,4831.1458,N,00744.1792,E,1,03,0.0,0.0,M,,,,0000*00
$GPRMC,085906.406,A,4831.1458,N,00744.1792,E,51.8,109.8,110826,,*3f
$GPGGA,085906.464,4831.1455,N,00744.1803,E,1,03,0.0,0.0,M,,,,0000*0e
$GPRMC,085906.464,A,4831.1455,N,00744.1803,E,51.8,109.3,110826,,*3a
$GPGGA,085906.518,4831.1451,N,00744.1819,E,1,03,0.0,0.0,M,,,,0000*0b
$GPRMC,085906.518,A,4831.1451,N,00744.1819,E,51.8,108.5,110826,,*38
$GPGGA,085906.572,4831.1449,N,00744.1831,E,1,03,0.0,0.0,M,,,,0000*04
$GPRMC,085906.572,A,4831.1449,N,00744.1831,E,51.8,107.6,110826,,*3b
$GPGGA,085906.624,4831.1446,N,00744.1842,E,1,03,0.0,0.0,M,,,,0000*0f
$GPRMC,085906.624,A,4831.1446,N,00744.1842,E,51.8,106.8,110826,,*3f
$GPGGA,085906.725,4831.1444,N,00744.1854,E,1,03,0.0,0.0,M,,,,0000*0a
$GPRMC,085906.725,A,4831.1444,N,00744.1854,E,51.8,106.8,110826,,*3a
$GPGGA,085906.732,4831.1439,N,00744.1877,E,1,03,0.0,0.0,M,,,,0000*07
$GPRMC,085906.732,A,4831.1439,N,00744.1877,E,51.8,106.8,110826,,*37
$GPGGA,085906.776,4831.1439,N,00744.1881,E,1,03,0.0,0.0,M,,,,0000*0e
$GPRMC,085906.776,A,4831.1439,N,00744.1881,E,51.8,106.8,110826,,*3e
$GPGGA,085906.847,4831.1436,N,00744.1894,E,1,03,0.0,0.0,M,,,,0000*08
$GPRMC,085906.847,A,4831.1436,N,00744.1894,E,51.8,106.8,110826,,*38
$GPGGA,085906.908,4831.1433,N,00744.1909,E,1,03,0.0,0.0,M,,,,0000*02
$GPRMC,085906.908,A,4831.1433,N,00744.1909,E,51.8,106.8,110826,,*32
$GPGGA,085906.961,4831.1430,N,00744.1924,E,1,03,0.0,0.0,M,,,,0000*01
$GPRMC,085906.961,A,4831.1430,N,00744.1924,E,51.8,106.8,110826,,*31
$GPGGA,085907.023,4831.1428,N,00744.1936,E,1,03,0.0,0.0,M,,,,0000*05
$GPRMC,085907.023,A,4831.1428,N,00744.1936,E,51.8,106.8,110826,,*35
$GPGGA,085907.076,4831.1425,N,00744.1947,E,1,03,0.0,0.0,M,,,,0000*0e
$GPRMC,085907.076,A,4831.1425,N,00744.1947,E,51.8,106.8,110826,,*3e
$GPGGA,085907.125,4831.1422,N,00744.1964,E,1,03,0.0,0.0,M,,,,0000*0f
$GPRMC,085907.125,A,4831.1422,N,00744.1964,E,51.8,106.8,110826,,*3f
$GPGGA,085907.190,4831.1420,N,00744.1976,E,1,03,0.0,0.0,M,,,,0000*00
$GPRMC,085907.190,A,4831.1420,N,00744.1976,E,51.8,106.8,110826,,*30
$GPGGA,085907.245,4831.1418,N,00744.1987,E,1,03,0.0,0.0,M,,,,0000*0e
$GPRMC,085907.245,A,4831.1418,N,00744.1987,E,51.8,106.7,110826,,*31
$GPGGA,085907.299,4831.1414,N,00744.2004,E,1,03,0.0,0.0,M,,,,0000*02
$GPRMC,085907.299,A,4831.1414,N,00744.2004,E,51.8,106.3,110826,,*39
$GPGGA,085907.343,4831.1413,N,00744.2014,E,1,03,0.0,0.0,M,,,,0000*02
$GPRMC,085907.343,A,4831.1413,N,00744.2014,E,51.8,106.1,110826,,*3b
$GPGGA,085907.393,4831.1410,N,00744.2026,E,1,03,0.0,0.0,M,,,,0000*0d
$GPRMC,085907.393,A,4831.1410,N,00744.2026,E,51.8,105.8,110826,,*3e
$GPGGA,085907.456,4831.1408,N,00744.2037,E,1,03,0.0,0.0,M,,,,0000*0a
$GPRMC,085907.456,A,4831.1408,N,00744.2037,E,51.8,105.5,110826,,*34
$GPGGA,085907.507,4831.1405,N,00744.2054,E,1,03,0.0,0.0,M,,,,0000*07
$GPRMC,085907.507,A,4831.1405,N,00744.2054,E,51.8,104.7,110826,,*3a
$GPGGA,085907.560,4831.1403,N,00744.2066,E,1,03,0.0,0.0,M,,,,0000*01
$GPRMC,085907.560,A,4831.1403,N,00744.2066,E,51.8,104.2,110826,,*39
$GPGGA,085907.610,4831.1401,N,00744.2078,E,1,03,0.0,0.0,M,,,,0000*08
$GPRMC,085907.610,A,4831.1401,N,00744.2078,E,51.8,103.7,110826,,*32
$GPGGA,085907.674,4831.1400,N,00744.2090,E,1,03,0.0,0.0,M,,,,0000*0d
$GPRMC,085907.674,A,4831.1400,N,00744.2090,E,51.8,103.0,110826,,*30
$GPGGA,085907.779,4831.1397,N,00744.2105,E,1,03,0.0,0.0,M,,,,0000*05
$GPRMC,085907.779,A,4831.1397,N,00744.2105,E,51.8,101.6,110826,,*3c
$GPGGA,085907.844,4831.1394,N,00744.2130,E,1,03,0.0,0.0,M,,,,0000*01
$GPRMC,085907.844,A,4831.1394,N,00744.2130,E,51.8,100.9,110826,,*36
$GPGGA,085907.909,4831.1392,N,00744.2144,E,1,03,0.0,0.0,M,,,,0000*0c
$GPRMC,085907.909,A,4831.1392,N,00744.2144,E,51.8,100.9,110826,,*3b
$GPGGA,085907.964,4831.1390,N,00744.2163,E,1,03,0.0,0.0,M,,,,0000*00
$GPRMC,085907.964,A,4831.1390,N,00744.2163,E,51.8,100.9,110826,,*37
$GPGGA,085908.020,4831.1388,N,00744.2175,E,1,03,0.0,0.0,M,,,,0000*08
$GPRMC,085908.020,A,4831.1388,N,00744.2175,E,51.8,100.9,110826,,*3f
$GPGGA,085908.075,4831.1387,N,00744.2187,E,1,03,0.0,0.0,M,,,,0000*0a
$GPRMC,085908.075,A,4831.1387,N,00744.2187,E,51.8,100.9,110826,,*3d
$GPGGA,085908.130,4831.1385,N,00744.2202,E,1,03,0.0,0.0,M,,,,0000*06
$GPRMC,085908.130,A,4831.1385,N,00744.2202,E,51.8,100.9,110826,,*31
$GPGGA,085908.182,4831.1383,N,00744.2214,E,1,03,0.0,0.0,M,,,,0000*0e
$GPRMC,085908.182,A,4831.1383,N,00744.2214,E,51.8,100.9,110826,,*39
$GPGGA,085908.226,4831.1382,N,00744.2226,E,1,03,0.0,0.0,M,,,,0000*03
$GPRMC,085908.226,A,4831.1382,N,00744.2226,E,51.8,100.6,110826,,*3b
$GPGGA,085908.290,4831.1381,N,00744.2238,E,1,03,0.0,0.0,M,,,,0000*02
$GPRMC,085908.290,A,4831.1381,N,00744.2238,E,51.8,100.3,110826,,*3f
$GPGGA,085908.345,4831.1379,N,00744.2250,E,1,03,0.0,0.0,M,,,,0000*02
$GPRMC,085908.345,A,4831.1379,N,00744.2250,E,51.8,099.9,110826,,*34
$GPGGA,085908.398,4831.1378,N,00744.2267,E,1,03,0.0,0.0,M,,,,0000*07
$GPRMC,085908.398,A,4831.1378,N,00744.2267,E,51.8,099.4,110826,,*3c
$GPGGA,085908.443,4831.1376,N,00744.2279,E,1,03,0.0,0.0,M,,,,0000*07
$GPRMC,085908.443,A,4831.1376,N,00744.2279,E,51.8,098.7,110826,,*3e
$GPGGA,085908.502,4831.1375,N,00744.2291,E,1,03,0.0,0.0,M,,,,0000*06
$GPRMC,085908.502,A,4831.1375,N,00744.2291,E,51.8,098.0,110826,,*38
$GPGGA,085908.553,4831.1374,N,00744.2303,E,1,03,0.0,0.0,M,,,,0000*09
$GPRMC,085908.553,A,4831.1374,N,00744.2303,E,51.8,097.3,110826,,*3b
$GPGGA,085908.605,4831.1373,N,00744.2315,E,1,03,0.0,0.0,M,,,,0000*09
$GPRMC,085908.605,A,4831.1373,N,00744.2315,E,51.8,096.5,110826,,*3c
$GPGGA,085908.656,4831.1372,N,00744.2327,E,1,03,0.0,0.0,M,,,,0000*0f
$GPRMC,085908.656,A,4831.1372,N,00744.2327,E,51.8,095.5,110826,,*39
$GPGGA,085908.713,4831.1372,N,00744.2343,E,1,03,0.0,0.0,M,,,,0000*0d
$GPRMC,085908.713,A,4831.1372,N,00744.2343,E,51.8,093.6,110826,,*3e
$GPGGA,085908.811,4831.1371,N,00744.2357,E,1,03,0.0,0.0,M,,,,0000*06
$GPRMC,085908.811,A,4831.1371,N,00744.2357,E,51.8,092.7,110826,,*35
$GPGGA,085908.860,4831.1370,N,00744.2381,E,1,03,0.0,0.0,M,,,,0000*0a
$GPRMC,085908.860,A,4831.1370,N,00744.2381,E,51.8,092.7,110826,,*39
$GPGGA,085908.933,4831.1370,N,00744.2393,E,1,03,0.0,0.0,M,,,,0000*0e
$GPRMC,085908.933,A,4831.1370,N,00744.2393,E,51.8,092.7,110826,,*3d
$GPGGA,085908.977,4831.1369,N,00744.2411,E,1,03,0.0,0.0,M,,,,0000*0b
$GPRMC,085908.977,A,4831.1369,N,00744.2411,E,51.8,092.7,110826,,*38
$GPGGA,085909.035,4831.1369,N,00744.2423,E,1,03,0.0,0.0,M,,,,0000*04
$GPRMC,085909.035,A,4831.1369,N,00744.2423,E,51.8,092.7,110826,,*37
$GPGGA,085909.075,4831.1369,N,00744.2433,E,1,03,0.0,0.0,M,,,,0000*01
$GPRMC,085909.075,A,4831.1369,N,00744.2433,E,51.8,092.7,110826,,*32
$GPGGA,085909.136,4831.1368,N,00744.2445,E,1,03,0.0,0.0,M,,,,0000*07
$GPRMC,085909.136,A,4831.1368,N,00744.2445,E,51.8,092.7,110826,,*34
$GPGGA,085909.176,4831.1368,N,00744.2461,E,1,03,0.0,0.0,M,,,,0000*05
$GPRMC,085909.176,A,4831.1368,N,00744.2461,E,51.8,092.5,110826,,*34
$GPGGA,085909.234,4831.1368,N,00744.2471,E,1,03,0.0,0.0,M,,,,0000*01
$GPRMC,085909.234,A,4831.1368,N,00744.2471,E,51.8,092.3,110826,,*36
$GPGGA,085909.277,4831.1367,N,00744.2483,E,1,03,0.0,0.0,M,,,,0000*04
$GPRMC,085909.277,A,4831.1367,N,00744.2483,E,51.8,092.1,110826,,*31
$GPGGA,085909.332,4831.1367,N,00744.2496,E,1,03,0.0,0.0,M,,,,0000*00
$GPRMC,085909.332,A,4831.1367,N,00744.2496,E,51.8,091.8,110826,,*3f
$GPGGA,085909.382,4831.1367,N,00744.2508,E,1,03,0.0,0.0,M,,,,0000*0d
$GPRMC,085909.382,A,4831.1367,N,00744.2508,E,51.8,091.5,110826,,*3f
$GPGGA,085909.433,4831.1367,N,00744.2520,E,1,03,0.0,0.0,M,,,,0000*0a
$GPRMC,085909.433,A,4831.1367,N,00744.2520,E,51.8,091.1,110826,,*3c
$GPGGA,085909.485,4831.1367,N,00744.2532,E,1,03,0.0,0.0,M,,,,0000*04
$GPRMC,085909.485,A,4831.1367,N,00744.2532,E,51.8,090.6,110826,,*34
$GPGGA,085909.526,4831.1367,N,00744.2544,E,1,03,0.0,0.0,M,,,,0000*0d
$GPRMC,085909.526,A,4831.1367,N,00744.2544,E,51.8,090.1,110826,,*3a
$GPGGA,085909.592,4831.1367,N,00744.2556,E,1,03,0.0,0.0,M,,,,0000*01
$GPRMC,085909.592,A,4831.1367,N,00744.2556,E,51.8,089.6,110826,,*39
$GPGGA,085909.626,4831.1367,N,00744.2569,E,1,03,0.0,0.0,M,,,,0000*01
$GPRMC,085909.626,A,4831.1367,N,00744.2569,E,51.8,088.8,110826,,*36
$GPGGA,085909.687,4831.1367,N,00744.2582,E,1,03,0.0,0.0,M,,,,0000*0f
$GPRMC,085909.687,A,4831.1367,N,00744.2582,E,51.8,087.7,110826,,*38
$GPGGA,085909.727,4831.1367,N,00744.2595,E,1,03,0.0,0.0,M,,,,0000*02
$GPRMC,085909.727,A,4831.1367,N,00744.2595,E,51.8,087.5,110826,,*37
$GPGGA,085909.827,4831.1368,N,00744.2607,E,1,03,0.0,0.0,M,,,,0000*0a
$GPRMC,085909.827,A,4831.1368,N,00744.2607,E,51.8,087.5,110826,,*3f
$GPGGA,085909.895,4831.1368,N,00744.2631,E,1,03,0.0,0.0,M,,,,0000*06
$GPRMC,085909.895,A,4831.1368,N,00744.2631,E,51.8,087.4,110826,,*32
$GPGGA,085909.943,4831.1369,N,00744.2647,E,1,03,0.0,0.0,M,,,,0000*0c
$GPRMC,085909.943,A,4831.1369,N,00744.2647,E,51.8,087.4,110826,,*38
$GPGGA,085909.993,4831.1369,N,00744.2661,E,1,03,0.0,0.0,M,,,,0000*05
$GPRMC,085909.993,A,4831.1369,N,00744.2661,E,51.8,087.4,110826,,*31
$GPGGA,085910.040,4831.1370,N,00744.2673,E,1,03,0.0,0.0,M,,,,0000*01
$GPRMC,085910.040,A,4831.1370,N,00744.2673,E,51.8,087.4,110826,,*35
$GPGGA,085910.085,4831.1370,N,00744.2680,E,1,03,0.0,0.0,M,,,,0000*04
$GPRMC,085910.085,A,4831.1370,N,00744.2680,E,51.8,087.4,110826,,*30
$GPGGA,085910.128,4831.1370,N,00744.2692,E,1,03,0.0,0.0,M,,,,0000*01
$GPRMC,085910.128,A,4831.1370,N,00744.2692,E,51.8,087.4,110826,,*35
$GPGGA,085910.159,4831.1371,N,00744.2706,E,1,03,0.0,0.0,M,,,,0000*0a
$GPRMC,085910.159,A,4831.1371,N,00744.2706,E,51.8,087.4,110826,,*3e
$GPGGA,085910.219,4831.1371,N,00744.2713,E,1,03,0.0,0.0,M,,,,0000*09
$GPRMC,085910.219,A,4831.1371,N,00744.2713,E,51.8,087.2,110826,,*3b
$GPGGA,085910.260,4831.1372,N,00744.2725,E,1,03,0.0,0.0,M,,,,0000*01
$GPRMC,085910.260,A,4831.1372,N,00744.2725,E,51.8,086.8,110826,,*38
$GPGGA,085910.315,4831.1372,N,00744.2737,E,1,03,0.0,0.0,M,,,,0000*01
$GPRMC,085910.315,A,4831.1372,N,00744.2737,E,51.8,086.4,110826,,*34
$GPGGA,085910.360,4831.1373,N,00744.2749,E,1,03,0.0,0.0,M,,,,0000*0b
$GPRMC,085910.360,A,4831.1373,N,00744.2749,E,51.8,086.1,110826,,*3b
$GPGGA,085910.417,4831.1374,N,00744.2763,E,1,03,0.0,0.0,M,,,,0000*03
$GPRMC,085910.417,A,4831.1374,N,00744.2763,E,51.8,085.5,110826,,*34
$GPGGA,085910.460,4831.1374,N,00744.2775,E,1,03,0.0,0.0,M,,,,0000*04
$GPRMC,085910.460,A,4831.1374,N,00744.2775,E,51.8,084.7,110826,,*30
$GPGGA,085910.513,4831.1375,N,00744.2787,E,1,03,0.0,0.0,M,,,,0000*0d
$GPRMC,085910.513,A,4831.1375,N,00744.2787,E,51.8,084.0,110826,,*3e
$GPGGA,085910.562,4831.1376,N,00744.2797,E,1,03,0.0,0.0,M,,,,0000*09
$GPRMC,085910.562,A,4831.1376,N,00744.2797,E,51.8,083.4,110826,,*39
$GPGGA,085910.613,4831.1377,N,00744.2811,E,1,03,0.0,0.0,M,,,,0000*0c
$GPRMC,085910.613,A,4831.1377,N,00744.2811,E,51.8,082.3,110826,,*3a
$GPGGA,085910.661,4831.1378,N,00744.2823,E,1,03,0.0,0.0,M,,,,0000*07
$GPRMC,085910.661,A,4831.1378,N,00744.2823,E,51.8,080.9,110826,,*39
$GPGGA,085910.713,4831.1380,N,00744.2835,E,1,03,0.0,0.0,M,,,,0000*03
$GPRMC,085910.713,A,4831.1380,N,00744.2835,E,51.8,079.5,110826,,*37
$GPGGA,085910.766,4831.1381,N,00744.2847,E,1,03,0.0,0.0,M,,,,0000*05
$GPRMC,085910.766,A,4831.1381,N,00744.2847,E,51.8,079.1,110826,,*35
$GPGGA,085910.868,4831.1383,N,00744.2859,E,1,03,0.0,0.0,M,,,,0000*09
$GPRMC,085910.868,A,4831.1383,N,00744.2859,E,51.8,079.1,110826,,*39
$GPGGA,085910.926,4831.1386,N,00744.2883,E,1,03,0.0,0.0,M,,,,0000*00
$GPRMC,085910.926,A,4831.1386,N,00744.2883,E,51.8,079.1,110826,,*30
$GPGGA,085910.986,4831.1388,N,00744.2898,E,1,03,0.0,0.0,M,,,,0000*0e
$GPRMC,085910.986,A,4831.1388,N,00744.2898,E,51.8,079.1,110826,,*3e
$GPGGA,085911.032,4831.1389,N,00744.2910,E,1,03,0.0,0.0,M,,,,0000*09
$GPRMC,085911.032,A,4831.1389,N,00744.2910,E,51.8,079.1,110826,,*39
$GPGGA,085911.085,4831.1391,N,00744.2922,E,1,03,0.0,0.0,M,,,,0000*0d
$GPRMC,085911.085,A,4831.1391,N,00744.2922,E,51.8,079.1,110826,,*3d
$GPGGA,085911.127,4831.1392,N,00744.2936,E,1,03,0.0,0.0,M,,,,0000*02
$GPRMC,085911.127,A,4831.1392,N,00744.2936,E,51.8,079.1,110826,,*32
$GPGGA,085911.178,4831.1393,N,00744.2944,E,1,03,0.0,0.0,M,,,,0000*0c
$GPRMC,085911.178,A,4831.1393,N,00744.2944,E,51.8,079.1,110826,,*3c
$GPGGA,085911.211,4831.1395,N,00744.2960,E,1,03,0.0,0.0,M,,,,0000*00
$GPRMC,085911.211,A,4831.1395,N,00744.2960,E,51.8,079.1,110826,,*30
$GPGGA,085911.263,4831.1396,N,00744.2968,E,1,03,0.0,0.0,M,,,,0000*0e
$GPRMC,085911.263,A,4831.1396,N,00744.2968,E,51.8,079.2,110826,,*3d
$GPGGA,085911.311,4831.1398,N,00744.2980,E,1,03,0.0,0.0,M,,,,0000*02
$GPRMC,085911.311,A,4831.1398,N,00744.2980,E,51.8,079.2,110826,,*31
$GPGGA,085911.359,4831.1400,N,00744.2992,E,1,03,0.0,0.0,M,,,,0000*0b
$GPRMC,085911.359,A,4831.1400,N,00744.2992,E,51.8,079.0,110826,,*3a
$GPGGA,085911.417,4831.1401,N,00744.3004,E,1,03,0.0,0.0,M,,,,0000*00
$GPRMC,085911.417,A,4831.1401,N,00744.3004,E,51.8,078.8,110826,,*38
$GPGGA,085911.460,4831.1403,N,00744.3016,E,1,03,0.0,0.0,M,,,,0000*01
$GPRMC,085911.460,A,4831.1403,N,00744.3016,E,51.8,078.6,110826,,*37
$GPGGA,085911.509,4831.1405,N,00744.3028,E,1,03,0.0,0.0,M,,,,0000*04
$GPRMC,085911.509,A,4831.1405,N,00744.3028,E,51.8,078.3,110826,,*37
$GPGGA,085911.557,4831.1406,N,00744.3040,E,1,03,0.0,0.0,M,,,,0000*02
$GPRMC,085911.557,A,4831.1406,N,00744.3040,E,51.8,078.0,110826,,*32
$GPGGA,085911.609,4831.1408,N,00744.3051,E,1,03,0.0,0.0,M,,,,0000*04
$GPRMC,085911.609,A,4831.1408,N,00744.3051,E,51.8,077.5,110826,,*3e
$GPGGA,085911.645,4831.1409,N,00744.3060,E,1,03,0.0,0.0,M,,,,0000*0f
$GPRMC,085911.645,A,4831.1409,N,00744.3060,E,51.8,077.2,110826,,*32
$GPGGA,085911.698,4831.1411,N,00744.3072,E,1,03,0.0,0.0,M,,,,0000*05
$GPRMC,085911.698,A,4831.1411,N,00744.3072,E,51.8,076.7,110826,,*3c
$GPGGA,085911.750,4831.1413,N,00744.3084,E,1,03,0.0,0.0,M,,,,0000*0b
$GPRMC,085911.750,A,4831.1413,N,00744.3084,E,51.8,076.1,110826,,*34
$GPGGA,085911.796,4831.1415,N,00744.3095,E,1,03,0.0,0.0,M,,,,0000*07
$GPRMC,085911.796,A,4831.1415,N,00744.3095,E,51.8,075.3,110826,,*39
$GPGGA,085911.899,4831.1417,N,00744.3107,E,1,03,0.0,0.0,M,,,,0000*0f
$GPRMC,085911.899,A,4831.1417,N,00744.3107,E,51.8,074.3,110826,,*30
$GPGGA,085911.956,4831.1422,N,00744.3130,E,1,03,0.0,0.0,M,,,,0000*0f
$GPRMC,085911.956,A,4831.1422,N,00744.3130,E,51.8,073.4,110826,,*30
$GPGGA,085912.000,4831.1424,N,00744.3142,E,1,03,0.0,0.0,M,,,,0000*05
$GPRMC,085912.000,A,4831.1424,N,00744.3142,E,51.8,073.3,110826,,*3d
$GPGGA,085912.046,4831.1427,N,00744.3155,E,1,03,0.0,0.0,M,,,,0000*02
$GPRMC,085912.046,A,4831.1427,N,00744.3155,E,51.8,073.1,110826,,*38
$GPGGA,085912.093,4831.1429,N,00744.3165,E,1,03,0.0,0.0,M,,,,0000*07
$GPRMC,085912.093,A,4831.1429,N,00744.3165,E,51.8,073.0,110826,,*3c
$GPGGA,085912.135,4831.1431,N,00744.3177,E,1,03,0.0,0.0,M,,,,0000*00
$GPRMC,085912.135,A,4831.1431,N,00744.3177,E,51.8,072.8,110826,,*32
$GPGGA,085912.182,4831.1433,N,00744.3185,E,1,03,0.0,0.0,M,,,,0000*03
$GPRMC,085912.182,A,4831.1433,N,00744.3185,E,51.8,072.6,110826,,*3f
$GPGGA,085912.230,4831.1435,N,00744.3197,E,1,03,0.0,0.0,M,,,,0000*0c
$GPRMC,085912.230,A,4831.1435,N,00744.3197,E,51.8,072.3,110826,,*35
$GPGGA,085912.278,4831.1438,N,00744.3208,E,1,03,0.0,0.0,M,,,,0000*08
$GPRMC,085912.278,A,4831.1438,N,00744.3208,E,51.8,072.0,110826,,*32
$GPGGA,085912.325,4831.1440,N,00744.3220,E,1,03,0.0,0.0,M,,,,0000*04
$GPRMC,085912.325,A,4831.1440,N,00744.3220,E,51.8,071.7,110826,,*3a
$GPGGA,085912.379,4831.1442,N,00744.3228,E,1,03,0.0,0.0,M,,,,0000*07
$GPRMC,085912.379,A,4831.1442,N,00744.3228,E,51.8,071.4,110826,,*3a
$GPGGA,085912.438,4831.1446,N,00744.3245,E,1,03,0.0,0.0,M,,,,0000*0a
$GPRMC,085912.438,A,4831.1446,N,00744.3245,E,51.8,070.5,110826,,*37
$GPGGA,085912.481,4831.1449,N,00744.3256,E,1,03,0.0,0.0,M,,,,0000*05
$GPRMC,085912.481,A,4831.1449,N,00744.3256,E,51.8,070.4,110826,,*39
$GPGGA,085912.522,4831.1451,N,00744.3267,E,1,03,0.0,0.0,M,,,,0000*06
$GPRMC,085912.522,A,4831.1451,N,00744.3267,E,51.8,070.1,110826,,*3f
$GPGGA,085912.564,4831.1453,N,00744.3275,E,1,03,0.0,0.0,M,,,,0000*05
$GPRMC,085912.564,A,4831.1453,N,00744.3275,E,51.8,069.9,110826,,*3c
$GPGGA,085912.601,4831.1456,N,00744.3285,E,1,03,0.0,0.0,M,,,,0000*0f
$GPRMC,085912.601,A,4831.1456,N,00744.3285,E,51.8,069.6,110826,,*39
$GPGGA,085912.643,4831.1458,N,00744.3293,E,1,03,0.0,0.0,M,,,,0000*00
$GPRMC,085912.643,A,4831.1458,N,00744.3293,E,51.8,069.4,110826,,*34
$GPGGA,085912.692,4831.1461,N,00744.3305,E,1,03,0.0,0.0,M,,,,0000*08
$GPRMC,085912.692,A,4831.1461,N,00744.3305,E,51.8,069.1,110826,,*39
$GPGGA,085912.741,4831.1463,N,00744.3313,E,1,03,0.0,0.0,M,,,,0000*02
$GPRMC,085912.741,A,4831.1463,N,00744.3313,E,51.8,068.7,110826,,*34
$GPGGA,085912.785,4831.1466,N,00744.3324,E,1,03,0.0,0.0,M,,,,0000*0b
$GPRMC,085912.785,A,4831.1466,N,00744.3324,E,51.8,068.1,110826,,*3b
$GPGGA,085912.832,4831.1469,N,00744.3335,E,1,03,0.0,0.0,M,,,,0000*07
$GPRMC,085912.832,A,4831.1469,N,00744.3335,E,51.8,067.6,110826,,*3f
$GPGGA,085912.945,4831.1472,N,00744.3346,E,1,03,0.0,0.0,M,,,,0000*08
$GPRMC,085912.945,A,4831.1472,N,00744.3346,E,51.8,067.0,110826,,*36
$GPGGA,085912.998,4831.1480,N,00744.3373,E,1,03,0.0,0.0,M,,,,0000*03
$GPRMC,085912.998,A,4831.1480,N,00744.3373,E,51.8,064.5,110826,,*3b
$GPGGA,085913.028,4831.1484,N,00744.3384,E,1,03,0.0,0.0,M,,,,0000*0c
$GPRMC,085913.028,A,4831.1484,N,00744.3384,E,51.8,063.8,110826,,*3e
$GPGGA,085913.076,4831.1486,N,00744.3392,E,1,03,0.0,0.0,M,,,,0000*02
$GPRMC,085913.076,A,4831.1486,N,00744.3392,E,51.8,063.8,110826,,*30
$GPGGA,085913.113,4831.1489,N,00744.3401,E,1,03,0.0,0.0,M,,,,0000*02
$GPRMC,085913.113,A,4831.1489,N,00744.3401,E,51.8,063.8,110826,,*30
$GPGGA,085913.144,4831.1492,N,00744.3409,E,1,03,0.0,0.0,M,,,,0000*02
$GPRMC,085913.144,A,4831.1492,N,00744.3409,E,51.8,063.8,110826,,*30
$GPGGA,085913.195,4831.1494,N,00744.3417,E,1,03,0.0,0.0,M,,,,0000*07
$GPRMC,085913.195,A,4831.1494,N,00744.3417,E,51.8,063.8,110826,,*35
$GPGGA,085913.242,4831.1498,N,00744.3428,E,1,03,0.0,0.0,M,,,,0000*0e
$GPRMC,085913.242,A,4831.1498,N,00744.3428,E,51.8,063.8,110826,,*3c
$GPGGA,085913.278,4831.1500,N,00744.3436,E,1,03,0.0,0.0,M,,,,0000*08
$GPRMC,085913.278,A,4831.1500,N,00744.3436,E,51.8,063.8,110826,,*3a
$GPGGA,085913.323,4831.1504,N,00744.3447,E,1,03,0.0,0.0,M,,,,0000*05
$GPRMC,085913.323,A,4831.1504,N,00744.3447,E,51.8,063.8,110826,,*37
$GPGGA,085913.367,4831.1507,N,00744.3454,E,1,03,0.0,0.0,M,,,,0000*04
$GPRMC,085913.367,A,4831.1507,N,00744.3454,E,51.8,063.8,110826,,*36
$GPGGA,085913.409,4831.1510,N,00744.3465,E,1,03,0.0,0.0,M,,,,0000*0f
$GPRMC,085913.409,A,4831.1510,N,00744.3465,E,51.8,063.8,110826,,*3d
$GPGGA,085913.450,4831.1512,N,00744.3472,E,1,03,0.0,0.0,M,,,,0000*07
$GPRMC,085913.450,A,4831.1512,N,00744.3472,E,51.8,063.8,110826,,*35
$GPGGA,085913.492,4831.1516,N,00744.3484,E,1,03,0.0,0.0,M,,,,0000*04
$GPRMC,085913.492,A,4831.1516,N,00744.3484,E,51.8,063.8,110826,,*36
$GPGGA,085913.529,4831.1519,N,00744.3493,E,1,03,0.0,0.0,M,,,,0000*0c
$GPRMC,085913.529,A,4831.1519,N,00744.3493,E,51.8,063.8,110826,,*3e
$GPGGA,085913.563,4831.1522,N,00744.3501,E,1,03,0.0,0.0,M,,,,0000*00
$GPRMC,085913.563,A,4831.1522,N,00744.3501,E,51.8,063.8,110826,,*32
$GPGGA,085913.608,4831.1524,N,00744.3509,E,1,03,0.0,0.0,M,,,,0000*00
$GPRMC,085913.608,A,4831.1524,N,00744.3509,E,51.8,063.8,110826,,*32
$GPGGA,085913.648,4831.1527,N,00744.3517,E,1,03,0.0,0.0,M,,,,0000*08
$GPRMC,085913.648,A,4831.1527,N,00744.3517,E,51.8,063.6,110826,,*34
$GPGGA,085913.685,4831.1531,N,00744.3528,E,1,03,0.0,0.0,M,,,,0000*02
$GPRMC,085913.685,A,4831.1531,N,00744.3528,E,51.8,063.4,110826,,*3c
$GPGGA,085913.726,4831.1533,N,00744.3534,E,1,03,0.0,0.0,M,,,,0000*05
$GPRMC,085913.726,A,4831.1533,N,00744.3534,E,51.8,063.3,110826,,*3c
$GPGGA,085913.767,4831.1535,N,00744.3541,E,1,03,0.0,0.0,M,,,,0000*04
$GPRMC,085913.767,A,4831.1535,N,00744.3541,E,51.8,063.1,110826,,*3f
$GPGGA,085913.805,4831.1539,N,00744.3552,E,1,03,0.0,0.0,M,,,,0000*01
$GPRMC,085913.805,A,4831.1539,N,00744.3552,E,51.8,062.9,110826,,*33
$GPGGA,085913.838,4831.1543,N,00744.3563,E,1,03,0.0,0.0,M,,,,0000*00
$GPRMC,085913.838,A,4831.1543,N,00744.3563,E,51.8,062.5,110826,,*3e
$GPGGA,085913.957,4831.1544,N,00744.3568,E,1,03,0.0,0.0,M,,,,0000*04
$GPRMC,085913.957,A,4831.1544,N,00744.3568,E,51.8,062.3,110826,,*3c
$GPGGA,085914.004,4831.1554,N,00744.3595,E,1,03,0.0,0.0,M,,,,0000*0f
$GPRMC,085914.004,A,4831.1554,N,00744.3595,E,51.8,061.2,110826,,*35
$GPGGA,085914.046,4831.1557,N,00744.3603,E,1,03,0.0,0.0,M,,,,0000*06
$GPRMC,085914.046,A,4831.1557,N,00744.3603,E,51.8,060.8,110826,,*37
$GPGGA,085914.086,4831.1561,N,00744.3613,E,1,03,0.0,0.0,M,,,,0000*0e
$GPRMC,085914.086,A,4831.1561,N,00744.3613,E,51.8,060.0,110826,,*37
$GPGGA,085914.122,4831.1564,N,00744.3621,E,1,03,0.0,0.0,M,,,,0000*05
$GPRMC,085914.122,A,4831.1564,N,00744.3621,E,51.8,059.4,110826,,*32
$GPGGA,085914.144,4831.1567,N,00744.3628,E,1,03,0.0,0.0,M,,,,0000*0f
$GPRMC,085914.144,A,4831.1567,N,00744.3628,E,51.8,058.9,110826,,*34
$GPGGA,085914.196,4831.1570,N,00744.3636,E,1,03,0.0,0.0,M,,,,0000*09
$GPRMC,085914.196,A,4831.1570,N,00744.3636,E,51.8,058.9,110826,,*32
$GPGGA,085914.233,4831.1574,N,00744.3646,E,1,03,0.0,0.0,M,,,,0000*06
$GPRMC,085914.233,A,4831.1574,N,00744.3646,E,51.8,058.8,110826,,*3c
$GPGGA,085914.271,4831.1577,N,00744.3654,E,1,03,0.0,0.0,M,,,,0000*00
$GPRMC,085914.271,A,4831.1577,N,00744.3654,E,51.8,058.7,110826,,*35
$GPGGA,085914.308,4831.1579,N,00744.3659,E,1,03,0.0,0.0,M,,,,0000*0c
$GPRMC,085914.308,A,4831.1579,N,00744.3659,E,51.8,058.6,110826,,*38
$GPGGA,085914.338,4831.1582,N,00744.3667,E,1,03,0.0,0.0,M,,,,0000*06
$GPRMC,085914.338,A,4831.1582,N,00744.3667,E,51.8,058.6,110826,,*32
$GPGGA,085914.379,4831.1585,N,00744.3674,E,1,03,0.0,0.0,M,,,,0000*06
$GPRMC,085914.379,A,4831.1585,N,00744.3674,E,51.8,058.5,110826,,*31
$GPGGA,085914.420,4831.1590,N,00744.3685,E,1,03,0.0,0.0,M,,,,0000*07
$GPRMC,085914.420,A,4831.1590,N,00744.3685,E,51.8,058.2,110826,,*37
$GPGGA,085914.461,4831.1593,N,00744.3692,E,1,03,0.0,0.0,M,,,,0000*07
$GPRMC,085914.461,A,4831.1593,N,00744.3692,E,51.8,058.1,110826,,*34
$GPGGA,085914.503,4831.1597,N,00744.3702,E,1,03,0.0,0.0,M,,,,0000*0e
$GPRMC,085914.503,A,4831.1597,N,00744.3702,E,51.8,057.9,110826,,*3a
$GPGGA,085914.543,4831.1600,N,00744.3710,E,1,03,0.0,0.0,M,,,,0000*04
$GPRMC,085914.543,A,4831.1600,N,00744.3710,E,51.8,057.7,110826,,*3e
$GPGGA,085914.574,4831.1603,N,00744.3715,E,1,03,0.0,0.0,M,,,,0000*06
$GPRMC,085914.574,A,4831.1603,N,00744.3715,E,51.8,057.6,110826,,*3d
$GPGGA,085914.611,4831.1605,N,00744.3721,E,1,03,0.0,0.0,M,,,,0000*07
$GPRMC,085914.611,A,4831.1605,N,00744.3721,E,51.8,057.4,110826,,*3e
$GPGGA,085914.646,4831.1610,N,00744.3729,E,1,03,0.0,0.0,M,,,,0000*09
$GPRMC,085914.646,A,4831.1610,N,00744.3729,E,51.8,054.1,110826,,*36
$GPGGA,085914.680,4831.1614,N,00744.3734,E,1,03,0.0,0.0,M,,,,0000*0b
$GPRMC,085914.680,A,4831.1614,N,00744.3734,E,51.8,051.7,110826,,*37
$GPGGA,085914.717,4831.1617,N,00744.3738,E,1,03,0.0,0.0,M,,,,0000*0b
$GPRMC,085914.717,A,4831.1617,N,00744.3738,E,51.8,049.9,110826,,*30
$GPGGA,085914.746,4831.1620,N,00744.3743,E,1,03,0.0,0.0,M,,,,0000*07
$GPRMC,085914.746,A,4831.1620,N,00744.3743,E,51.8,047.6,110826,,*3d
$GPGGA,085914.788,4831.1624,N,00744.3748,E,1,03,0.0,0.0,M,,,,0000*0a
$GPRMC,085914.788,A,4831.1624,N,00744.3748,E,51.8,045.1,110826,,*35
$GPGGA,085914.822,4831.1626,N,00744.3752,E,1,03,0.0,0.0,M,,,,0000*0c
$GPRMC,085914.822,A,4831.1626,N,00744.3752,E,51.8,043.0,110826,,*34
$GPGGA,085914.868,4831.1630,N,00744.3754,E,1,03,0.0,0.0,M,,,,0000*03
$GPRMC,085914.868,A,4831.1630,N,00744.3754,E,51.8,037.3,110826,,*3b
$GPGGA,085914.965,4831.1636,N,00744.3757,E,1,03,0.0,0.0,M,,,,0000*0a
$GPRMC,085914.965,A,4831.1636,N,00744.3757,E,51.8,028.4,110826,,*3b
$GPGGA,085914.984,4831.1647,N,00744.3764,E,1,03,0.0,0.0,M,,,,0000*03
$GPRMC,085914.984,A,4831.1647,N,00744.3764,E,51.8,006.5,110826,,*3f
$GPGGA,085915.066,4831.1649,N,00744.3765,E,1,03,0.0,0.0,M,,,,0000*08
$GPRMC,085915.066,A,4831.1649,N,00744.3765,E,21.6,003.0,110826,,*3d
$GPGGA,085915.132,4831.1653,N,00744.3764,E,1,03,0.0,0.0,M,,,,0000*02
$GPRMC,085915.132,A,4831.1653,N,00744.3764,E,21.6,351.6,110826,,*35
$GPGGA,085915.195,4831.1656,N,00744.3762,E,1,03,0.0,0.0,M,,,,0000*0c
$GPRMC,085915.195,A,4831.1656,N,00744.3762,E,21.6,342.3,110826,,*3c
$GPGGA,085915.280,4831.1660,N,00744.3760,E,1,03,0.0,0.0,M,,,,0000*0c
$GPRMC,085915.280,A,4831.1660,N,00744.3760,E,21.6,333.5,110826,,*3c
$GPGGA,085915.330,4831.1664,N,00744.3758,E,1,03,0.0,0.0,M,,,,0000*09
$GPRMC,085915.330,A,4831.1664,N,00744.3758,E,21.6,325.8,110826,,*33
$GPGGA,085915.380,4831.1666,N,00744.3755,E,1,03,0.0,0.0,M,,,,0000*0d
$GPRMC,085915.380,A,4831.1666,N,00744.3755,E,21.6,325.1,110826,,*3e
$GPGGA,085915.427,4831.1669,N,00744.3752,E,1,03,0.0,0.0,M,,,,0000*0f
$GPRMC,085915.427,A,4831.1669,N,00744.3752,E,21.6,325.1,110826,,*3c
$GPGGA,085915.477,4831.1671,N,00744.3750,E,1,03,0.0,0.0,M,,,,0000*01
$GPRMC,085915.477,A,4831.1671,N,00744.3750,E,21.6,325.1,110826,,*32
$GPGGA,085915.542,4831.1675,N,00744.3746,E,1,03,0.0,0.0,M,,,,0000*05
$GPRMC,085915.542,A,4831.1675,N,00744.3746,E,21.6,325.1,110826,,*36
$GPGGA,085915.594,4831.1678,N,00744.3743,E,1,03,0.0,0.0,M,,,,0000*06
$GPRMC,085915.594,A,4831.1678,N,00744.3743,E,21.6,325.1,110826,,*35
$GPGGA,085915.628,4831.1681,N,00744.3740,E,1,03,0.0,0.0,M,,,,0000*07
$GPRMC,085915.628,A,4831.1681,N,00744.3740,E,21.6,325.1,110826,,*34
$GPGGA,085915.684,4831.1683,N,00744.3737,E,1,03,0.0,0.0,M,,,,0000*03
$GPRMC,085915.684,A,4831.1683,N,00744.3737,E,21.6,325.1,110826,,*30
$GPGGA,085915.729,4831.1686,N,00744.3735,E,1,03,0.0,0.0,M,,,,0000*02
$GPRMC,085915.729,A,4831.1686,N,00744.3735,E,21.6,325.0,110826,,*30
$GPGGA,085915.796,4831.1689,N,00744.3732,E,1,03,0.0,0.0,M,,,,0000*0e
$GPRMC,085915.796,A,4831.1689,N,00744.3732,E,21.6,325.0,110826,,*3c
$GPGGA,085915.797,4831.1692,N,00744.3729,E,1,03,0.0,0.0,M,,,,0000*0f
$GPRMC,085915.797,A,4831.1692,N,00744.3729,E,21.6,325.0,110826,,*3d
$GPGGA,085915.831,4831.1693,N,00744.3727,E,1,03,0.0,0.0,M,,,,0000*03
$GPRMC,085915.831,A,4831.1693,N,00744.3727,E,21.6,325.0,110826,,*31
$GPGGA,085915.902,4831.1694,N,00744.3726,E,1,03,0.0,0.0,M,,,,0000*04
$GPRMC,085915.902,A,4831.1694,N,00744.3726,E,21.6,325.0,110826,,*36
$GPGGA,085915.966,4831.1698,N,00744.3722,E,1,03,0.0,0.0,M,,,,0000*0e
$GPRMC,085915.966,A,4831.1698,N,00744.3722,E,21.6,324.9,110826,,*34
$GPGGA,085916.014,4831.1702,N,00744.3718,E,1,03,0.0,0.0,M,,,,0000*0a
$GPRMC,085916.014,A,4831.1702,N,00744.3718,E,21.6,324.9,110826,,*30
$GPGGA,085916.094,4831.1705,N,00744.3715,E,1,03,0.0,0.0,M,,,,0000*08
$GPRMC,085916.094,A,4831.1705,N,00744.3715,E,21.6,324.9,110826,,*32
$GPGGA,085916.138,4831.1708,N,00744.3711,E,1,03,0.0,0.0,M,,,,0000*06
$GPRMC,085916.138,A,4831.1708,N,00744.3711,E,21.6,324.9,110826,,*3c
$GPGGA,085916.185,4831.1711,N,00744.3708,E,1,03,0.0,0.0,M,,,,0000*00
$GPRMC,085916.185,A,4831.1711,N,00744.3708,E,21.6,324.8,110826,,*3b
$GPGGA,085916.240,4831.1714,N,00744.3705,E,1,03,0.0,0.0,M,,,,0000*02
$GPRMC,085916.240,A,4831.1714,N,00744.3705,E,21.6,324.8,110826,,*39
$GPGGA,085916.285,4831.1717,N,00744.3702,E,1,03,0.0,0.0,M,,,,0000*0f
$GPRMC,085916.285,A,4831.1717,N,00744.3702,E,21.6,324.7,110826,,*3b
$GPGGA,085916.335,4831.1719,N,00744.3699,E,1,03,0.0,0.0,M,,,,0000*08
$GPRMC,085916.335,A,4831.1719,N,00744.3699,E,21.6,324.7,110826,,*3c
$GPGGA,085916.383,4831.1722,N,00744.3696,E,1,03,0.0,0.0,M,,,,0000*02
$GPRMC,085916.383,A,4831.1722,N,00744.3696,E,21.6,324.6,110826,,*37
$GPGGA,085916.430,4831.1725,N,00744.3693,E,1,03,0.0,0.0,M,,,,0000*0f
$GPRMC,085916.430,A,4831.1725,N,00744.3693,E,21.6,324.6,110826,,*3a
$GPGGA,085916.488,4831.1728,N,00744.3690,E,1,03,0.0,0.0,M,,,,0000*02
$GPRMC,085916.488,A,4831.1728,N,00744.3690,E,21.6,324.5,110826,,*34
$GPGGA,085916.530,4831.1730,N,00744.3687,E,1,03,0.0,0.0,M,,,,0000*0f
$GPRMC,085916.530,A,4831.1730,N,00744.3687,E,21.6,324.5,110826,,*39
$GPGGA,085916.593,4831.1733,N,00744.3684,E,1,03,0.0,0.0,M,,,,0000*06
$GPRMC,085916.593,A,4831.1733,N,00744.3684,E,21.6,324.5,110826,,*30
$GPGGA,085916.643,4831.1737,N,00744.3681,E,1,03,0.0,0.0,M,,,,0000*09
$GPRMC,085916.643,A,4831.1737,N,00744.3681,E,21.6,324.5,110826,,*3f
$GPGGA,085916.691,4831.1738,N,00744.3679,E,1,03,0.0,0.0,M,,,,0000*0e
$GPRMC,085916.691,A,4831.1738,N,00744.3679,E,21.6,324.5,110826,,*38
$GPGGA,085916.751,4831.1742,N,00744.3675,E,1,03,0.0,0.0,M,,,,0000*02
$GPRMC,085916.751,A,4831.1742,N,00744.3675,E,21.6,324.5,110826,,*34
$GPGGA,085916.796,4831.1745,N,00744.3671,E,1,03,0.0,0.0,M,,,,0000*0a
$GPRMC,085916.796,A,4831.1745,N,00744.3671,E,21.6,324.5,110826,,*3c
$GPGGA,085916.856,4831.1748,N,00744.3668,E,1,03,0.0,0.0,M,,,,0000*0c
$GPRMC,085916.856,A,4831.1748,N,00744.3668,E,21.6,324.5,110826,,*3a
$GPGGA,085916.911,4831.1751,N,00744.3666,E,1,03,0.0,0.0,M,,,,0000*08
$GPRMC,085916.911,A,4831.1751,N,00744.3666,E,21.6,324.5,110826,,*3e
$GPGGA,085916.972,4831.1755,N,00744.3661,E,1,03,0.0,0.0,M,,,,0000*0e
$GPRMC,085916.972,A,4831.1755,N,00744.3661,E,21.6,324.5,110826,,*38
$GPGGA,085917.013,4831.1757,N,00744.3658,E,1,03,0.0,0.0,M,,,,0000*09
$GPRMC,085917.013,A,4831.1757,N,00744.3658,E,21.6,324.5,110826,,*3f
$GPGGA,085917.073,4831.1760,N,00744.3655,E,1,03,0.0,0.0,M,,,,0000*06
$GPRMC,085917.073,A,4831.1760,N,00744.3655,E,21.6,324.5,110826,,*30
$GPGGA,085917.115,4831.1763,N,00744.3652,E,1,03,0.0,0.0,M,,,,0000*03
$GPRMC,085917.115,A,4831.1763,N,00744.3652,E,21.6,324.5,110826,,*35
$GPGGA,085917.164,4831.1766,N,00744.3650,E,1,03,0.0,0.0,M,,,,0000*02
$GPRMC,085917.164,A,4831.1766,N,00744.3650,E,21.6,324.5,110826,,*34
$GPGGA,085917.222,4831.1768,N,00744.3647,E,1,03,0.0,0.0,M,,,,0000*0b
$GPRMC,085917.222,A,4831.1768,N,00744.3647,E,21.6,324.5,110826,,*3d
$GPGGA,085917.272,4831.1771,N,00744.3644,E,1,03,0.0,0.0,M,,,,0000*05
$GPRMC,085917.272,A,4831.1771,N,00744.3644,E,21.6,324.5,110826,,*33
$GPGGA,085917.322,4831.1774,N,00744.3641,E,1,03,0.0,0.0,M,,,,0000*01
$GPRMC,085917.322,A,4831.1774,N,00744.3641,E,21.6,324.5,110826,,*37
$GPGGA,085917.369,4831.1776,N,00744.3638,E,1,03,0.0,0.0,M,,,,0000*02
$GPRMC,085917.369,A,4831.1776,N,00744.3638,E,21.6,324.5,110826,,*34
$GPGGA,085917.422,4831.1779,N,00744.3635,E,1,03,0.0,0.0,M,,,,0000*08
$GPRMC,085917.422,A,4831.1779,N,00744.3635,E,21.6,324.5,110826,,*3e
$GPGGA,085917.470,4831.1782,N,00744.3632,E,1,03,0.0,0.0,M,,,,0000*0c
$GPRMC,085917.470,A,4831.1782,N,00744.3632,E,21.6,324.5,110826,,*3a
$GPGGA,085917.519,4831.1785,N,00744.3629,E,1,03,0.0,0.0,M,,,,0000*0f
$GPRMC,085917.519,A,4831.1785,N,00744.3629,E,21.6,324.5,110826,,*39
$GPGGA,085917.567,4831.1787,N,00744.3626,E,1,03,0.0,0.0,M,,,,0000*0b
$GPRMC,085917.567,A,4831.1787,N,00744.3626,E,21.6,324.5,110826,,*3d
$GPGGA,085917.621,4831.1791,N,00744.3623,E,1,03,0.0,0.0,M,,,,0000*08
$GPRMC,085917.621,A,4831.1791,N,00744.3623,E,21.6,324.5,110826,,*3e
$GPGGA,085917.669,4831.1793,N,00744.3620,E,1,03,0.0,0.0,M,,,,0000*05
$GPRMC,085917.669,A,4831.1793,N,00744.3620,E,21.6,324.5,110826,,*33
$GPGGA,085917.721,4831.1796,N,00744.3617,E,1,03,0.0,0.0,M,,,,0000*09
$GPRMC,085917.721,A,4831.1796,N,00744.3617,E,21.6,324.5,110826,,*3f
$GPGGA,085917.763,4831.1799,N,00744.3614,E,1,03,0.0,0.0,M,,,,0000*03
$GPRMC,085917.763,A,4831.1799,N,00744.3614,E,21.6,324.5,110826,,*35
$GPGGA,085917.818,4831.1802,N,00744.3611,E,1,03,0.0,0.0,M,,,,0000*08
$GPRMC,085917.818,A,4831.1802,N,00744.3611,E,21.6,324.5,110826,,*3e
$GPGGA,085917.868,4831.1804,N,00744.3608,E,1,03,0.0,0.0,M,,,,0000*01
$GPRMC,085917.868,A,4831.1804,N,00744.3608,E,21.6,324.5,110826,,*37
$GPGGA,085917.915,4831.1807,N,00744.3605,E,1,03,0.0,0.0,M,,,,0000*04
$GPRMC,085917.915,A,4831.1807,N,00744.3605,E,21.6,324.5,110826,,*32
$GPGGA,085917.965,4831.1810,N,00744.3602,E,1,03,0.0,0.0,M,,,,0000*02
$GPRMC,085917.965,A,4831.1810,N,00744.3602,E,21.6,324.5,110826,,*34
$GPGGA,085918.026,4831.1812,N,00744.3599,E,1,03,0.0,0.0,M,,,,0000*00
$GPRMC,085918.026,A,4831.1812,N,00744.3599,E,21.6,324.5,110826,,*36
$GPGGA,085918.065,4831.1815,N,00744.3596,E,1,03,0.0,0.0,M,,,,0000*0f
$GPRMC,085918.065,A,4831.1815,N,00744.3596,E,21.6,324.5,110826,,*39
$GPGGA,085918.124,4831.1818,N,00744.3593,E,1,03,0.0,0.0,M,,,,0000*03
$GPRMC,085918.124,A,4831.1818,N,00744.3593,E,21.6,324.5,110826,,*35
$GPGGA,085918.164,4831.1821,N,00744.3590,E,1,03,0.0,0.0,M,,,,0000*0e
$GPRMC,085918.164,A,4831.1821,N,00744.3590,E,21.6,324.5,110826,,*38
$GPGGA,085918.222,4831.1823,N,00744.3587,E,1,03,0.0,0.0,M,,,,0000*0b
$GPRMC,085918.222,A,4831.1823,N,00744.3587,E,21.6,324.5,110826,,*3d
$GPGGA,085918.264,4831.1826,N,00744.3584,E,1,03,0.0,0.0,M,,,,0000*0f
$GPRMC,085918.264,A,4831.1826,N,00744.3584,E,21.6,324.5,110826,,*39
$GPGGA,085918.321,4831.1829,N,00744.3582,E,1,03,0.0,0.0,M,,,,0000*06
$GPRMC,085918.321,A,4831.1829,N,00744.3582,E,21.6,324.5,110826,,*30
$GPGGA,085918.367,4831.1832,N,00744.3579,E,1,03,0.0,0.0,M,,,,0000*0a
$GPRMC,085918.367,A,4831.1832,N,00744.3579,E,21.6,324.5,110826,,*3c
$GPGGA,085918.414,4831.1834,N,00744.3576,E,1,03,0.0,0.0,M,,,,0000*00
$GPRMC,085918.414,A,4831.1834,N,00744.3576,E,21.6,324.5,110826,,*36
$GPGGA,085918.468,4831.1837,N,00744.3573,E,1,03,0.0,0.0,M,,,,0000*0d
$GPRMC,085918.468,A,4831.1837,N,00744.3573,E,21.6,324.5,110826,,*3b
$GPGGA,085918.518,4831.1840,N,00744.3569,E,1,03,0.0,0.0,M,,,,0000*00
$GPRMC,085918.518,A,4831.1840,N,00744.3569,E,21.6,324.5,110826,,*36
$GPGGA,085918.565,4831.1843,N,00744.3566,E,1,03,0.0,0.0,M,,,,0000*06
$GPRMC,085918.565,A,4831.1843,N,00744.3566,E,21.6,324.5,110826,,*30
$GPGGA,085918.612,4831.1846,N,00744.3563,E,1,03,0.0,0.0,M,,,,0000*05
$GPRMC,085918.612,A,4831.1846,N,00744.3563,E,21.6,324.5,110826,,*33
$GPGGA,085918.669,4831.1848,N,00744.3561,E,1,03,0.0,0.0,M,,,,0000*05
$GPRMC,085918.669,A,4831.1848,N,00744.3561,E,21.6,324.5,110826,,*33
$GPGGA,085918.719,4831.1851,N,00744.3558,E,1,03,0.0,0.0,M,,,,0000*01
$GPRMC,085918.719,A,4831.1851,N,00744.3558,E,21.6,324.5,110826,,*37
$GPGGA,085918.773,4831.1854,N,00744.3555,E,1,03,0.0,0.0,M,,,,0000*05
$GPRMC,085918.773,A,4831.1854,N,00744.3555,E,21.6,324.5,110826,,*33
$GPGGA,085918.818,4831.1857,N,00744.3552,E,1,03,0.0,0.0,M,,,,0000*03
$GPRMC,085918.818,A,4831.1857,N,00744.3552,E,21.6,324.5,110826,,*35
$GPGGA,085918.870,4831.1859,N,00744.3549,E,1,03,0.0,0.0,M,,,,0000*09
$GPRMC,085918.870,A,4831.1859,N,00744.3549,E,21.6,324.5,110826,,*3f
$GPGGA,085918.913,4831.1862,N,00744.3546,E,1,03,0.0,0.0,M,,,,0000*0a
$GPRMC,085918.913,A,4831.1862,N,00744.3546,E,21.6,324.5,110826,,*3c
$GPGGA,085918.972,4831.1865,N,00744.3543,E,1,03,0.0,0.0,M,,,,0000*0f
$GPRMC,085918.972,A,4831.1865,N,00744.3543,E,21.6,324.5,110826,,*39
$GPGGA,085919.014,4831.1868,N,00744.3540,E,1,03,0.0,0.0,M,,,,0000*09
$GPRMC,085919.014,A,4831.1868,N,00744.3540,E,21.6,324.5,110826,,*3f
$GPGGA,085919.075,4831.1871,N,00744.3537,E,1,03,0.0,0.0,M,,,,0000*06
$GPRMC,085919.075,A,4831.1871,N,00744.3537,E,21.6,324.5,110826,,*30
$GPGGA,085919.122,4831.1873,N,00744.3534,E,1,03,0.0,0.0,M,,,,0000*04
$GPRMC,085919.122,A,4831.1873,N,00744.3534,E,21.6,324.5,110826,,*32
$GPGGA,085919.169,4831.1876,N,00744.3531,E,1,03,0.0,0.0,M,,,,0000*0b
$GPRMC,085919.169,A,4831.1876,N,00744.3531,E,21.6,324.5,110826,,*3d
$GPGGA,085919.215,4831.1879,N,00744.3528,E,1,03,0.0,0.0,M,,,,0000*04
$GPRMC,085919.215,A,4831.1879,N,00744.3528,E,21.6,324.5,110826,,*32
$GPGGA,085919.262,4831.1882,N,00744.3525,E,1,03,0.0,0.0,M,,,,0000*0d
$GPRMC,085919.262,A,4831.1882,N,00744.3525,E,21.6,324.5,110826,,*3b
$GPGGA,085919.311,4831.1884,N,00744.3522,E,1,03,0.0,0.0,M,,,,0000*09
$GPRMC,085919.311,A,4831.1884,N,00744.3522,E,21.6,324.5,110826,,*3f
$GPGGA,085919.352,4831.1886,N,00744.3520,E,1,03,0.0,0.0,M,,,,0000*0e
$GPRMC,085919.352,A,4831.1886,N,00744.3520,E,21.6,324.5,110826,,*38
$GPGGA,085919.405,4831.1889,N,00744.3517,E,1,03,0.0,0.0,M,,,,0000*00
$GPRMC,085919.405,A,4831.1889,N,00744.3517,E,21.6,324.5,110826,,*36
$GPGGA,085919.458,4831.1892,N,00744.3514,E,1,03,0.0,0.0,M,,,,0000*01
$GPRMC,085919.458,A,4831.1892,N,00744.3514,E,21.6,324.5,110826,,*37
$GPGGA,085919.506,4831.1894,N,00744.3511,E,1,03,0.0,0.0,M,,,,0000*08
$GPRMC,085919.506,A,4831.1894,N,00744.3511,E,21.6,324.5,110826,,*3e
$GPGGA,085919.548,4831.1897,N,00744.3508,E,1,03,0.0,0.0,M,,,,0000*09
$GPRMC,085919.548,A,4831.1897,N,00744.3508,E,21.6,324.5,110826,,*3f
$GPGGA,085919.602,4831.1900,N,00744.3505,E,1,03,0.0,0.0,M,,,,0000*06
$GPRMC,085919.602,A,4831.1900,N,00744.3505,E,21.6,324.5,110826,,*30
$GPGGA,085919.652,4831.1903,N,00744.3502,E,1,03,0.0,0.0,M,,,,0000*07
$GPRMC,085919.652,A,4831.1903,N,00744.3502,E,21.6,324.5,110826,,*31
$GPGGA,085919.703,4831.1905,N,00744.3499,E,1,03,0.0,0.0,M,,,,0000*07
$GPRMC,085919.703,A,4831.1905,N,00744.3499,E,21.6,324.5,110826,,*31
$GPGGA,085919.748,4831.1908,N,00744.3496,E,1,03,0.0,0.0,M,,,,0000*0a
$GPRMC,085919.748,A,4831.1908,N,00744.3496,E,21.6,324.5,110826,,*3c
$GPGGA,085919.810,4831.1911,N,00744.3493,E,1,03,0.0,0.0,M,,,,0000*05
$GPRMC,085919.810,A,4831.1911,N,00744.3493,E,21.6,324.5,110826,,*33
$GPGGA,085919.858,4831.1914,N,00744.3490,E,1,03,0.0,0.0,M,,,,0000*0f
$GPRMC,085919.858,A,4831.1914,N,00744.3490,E,21.6,324.5,110826,,*39
$GPGGA,085919.913,4831.1916,N,00744.3487,E,1,03,0.0,0.0,M,,,,0000*05
$GPRMC,085919.913,A,4831.1916,N,00744.3487,E,21.6,324.5,110826,,*33
$GPGGA,085919.962,4831.1920,N,00744.3484,E,1,03,0.0,0.0,M,,,,0000*05
$GPRMC,085919.962,A,4831.1920,N,00744.3484,E,21.6,324.5,110826,,*33
$GPGGA,085920.012,4831.1922,N,00744.3481,E,1,03,0.0,0.0,M,,,,0000*06
$GPRMC,085920.012,A,4831.1922,N,00744.3481,E,21.6,324.5,110826,,*30
$GPGGA,085920.067,4831.1926,N,00744.3477,E,1,03,0.0,0.0,M,,,,0000*09
$GPRMC,085920.067,A,4831.1926,N,00744.3477,E,21.6,324.5,110826,,*3f
$GPGGA,085920.113,4831.1928,N,00744.3474,E,1,03,0.0,0.0,M,,,,0000*06
$GPRMC,085920.113,A,4831.1928,N,00744.3474,E,21.6,324.5,110826,,*30
$GPGGA,085920.168,4831.1931,N,00744.3472,E,1,03,0.0,0.0,M,,,,0000*04
$GPRMC,085920.168,A,4831.1931,N,00744.3472,E,21.6,324.5,110826,,*32
$GPGGA,085920.220,4831.1934,N,00744.3469,E,1,03,0.0,0.0,M,,,,0000*04
$GPRMC,085920.220,A,4831.1934,N,00744.3469,E,21.6,324.5,110826,,*32
$GPGGA,085920.270,4831.1937,N,00744.3465,E,1,03,0.0,0.0,M,,,,0000*0e
$GPRMC,085920.270,A,4831.1937,N,00744.3465,E,21.6,324.5,110826,,*38
$GPGGA,085920.318,4831.1940,N,00744.3462,E,1,03,0.0,0.0,M,,,,0000*06
$GPRMC,085920.318,A,4831.1940,N,00744.3462,E,21.6,324.5,110826,,*30
$GPGGA,085920.369,4831.1943,N,00744.3459,E,1,03,0.0,0.0,M,,,,0000*0b
$GPRMC,085920.369,A,4831.1943,N,00744.3459,E,21.6,324.5,110826,,*3d
$GPGGA,085920.415,4831.1945,N,00744.3457,E,1,03,0.0,0.0,M,,,,0000*0f
$GPRMC,085920.415,A,4831.1945,N,00744.3457,E,21.6,324.5,110826,,*39
$GPGGA,085920.467,4831.1948,N,00744.3454,E,1,03,0.0,0.0,M,,,,0000*04
$GPRMC,085920.467,A,4831.1948,N,00744.3454,E,21.6,324.5,110826,,*32
$GPGGA,085920.518,4831.1951,N,00744.3451,E,1,03,0.0,0.0,M,,,,0000*00
$GPRMC,085920.518,A,4831.1951,N,00744.3451,E,21.6,324.5,110826,,*36
$GPGGA,085920.563,4831.1953,N,00744.3448,E,1,03,0.0,0.0,M,,,,0000*06
$GPRMC,085920.563,A,4831.1953,N,00744.3448,E,21.6,324.5,110826,,*30
$GPGGA,085920.615,4831.1956,N,00744.3445,E,1,03,0.0,0.0,M,,,,0000*0c
$GPRMC,085920.615,A,4831.1956,N,00744.3445,E,21.6,324.5,110826,,*3a
$GPGGA,085920.670,4831.1959,N,00744.3442,E,1,03,0.0,0.0,M,,,,0000*07
$GPRMC,085920.670,A,4831.1959,N,00744.3442,E,21.6,324.5,110826,,*31
$GPGGA,085920.722,4831.1962,N,00744.3439,E,1,03,0.0,0.0,M,,,,0000*05
$GPRMC,085920.722,A,4831.1962,N,00744.3439,E,21.6,324.5,110826,,*33
$GPGGA,085920.768,4831.1964,N,00744.3436,E,1,03,0.0,0.0,M,,,,0000*02
$GPRMC,085920.768,A,4831.1964,N,00744.3436,E,21.6,324.5,110826,,*34
$GPGGA,085920.826,4831.1967,N,00744.3433,E,1,03,0.0,0.0,M,,,,0000*01
$GPRMC,085920.826,A,4831.1967,N,00744.3433,E,21.6,324.5,110826,,*37
$GPGGA,085920.865,4831.1970,N,00744.3430,E,1,03,0.0,0.0,M,,,,0000*03
$GPRMC,085920.865,A,4831.1970,N,00744.3430,E,21.6,324.5,110826,,*35
$GPGGA,085920.933,4831.1973,N,00744.3427,E,1,03,0.0,0.0,M,,,,0000*04
$GPRMC,085920.933,A,4831.1973,N,00744.3427,E,21.6,324.5,110826,,*32
$GPGGA,085920.982,4831.1977,N,00744.3423,E,1,03,0.0,0.0,M,,,,0000*0e
$GPRMC,085920.982,A,4831.1977,N,00744.3423,E,21.6,324.5,110826,,*38
$GPGGA,085921.036,4831.1979,N,00744.3420,E,1,03,0.0,0.0,M,,,,0000*04
$GPRMC,085921.036,A,4831.1979,N,00744.3420,E,21.6,324.5,110826,,*32
$GPGGA,085921.082,4831.1982,N,00744.3417,E,1,03,0.0,0.0,M,,,,0000*0b
$GPRMC,085921.082,A,4831.1982,N,00744.3417,E,21.6,324.5,110826,,*3d
$GPGGA,085921.145,4831.1985,N,00744.3414,E,1,03,0.0,0.0,M,,,,0000*05
$GPRMC,085921.145,A,4831.1985,N,00744.3414,E,21.6,324.5,110826,,*33
$GPGGA,085921.182,4831.1987,N,00744.3411,E,1,03,0.0,0.0,M,,,,0000*09
$GPRMC,085921.182,A,4831.1987,N,00744.3411,E,21.6,324.5,110826,,*3f
$GPGGA,085921.249,4831.1990,N,00744.3408,E,1,03,0.0,0.0,M,,,,0000*03
$GPRMC,085921.249,A,4831.1990,N,00744.3408,E,21.6,324.5,110826,,*35
$GPGGA,085921.298,4831.1994,N,00744.3404,E,1,03,0.0,0.0,M,,,,0000*07
$GPRMC,085921.298,A,4831.1994,N,00744.3404,E,21.6,324.5,110826,,*31
$GPGGA,085921.350,4831.1997,N,00744.3401,E,1,03,0.0,0.0,M,,,,0000*04
$GPRMC,085921.350,A,4831.1997,N,00744.3401,E,21.6,324.5,110826,,*32
$GPGGA,085921.398,4831.2000,N,00744.3398,E,1,03,0.0,0.0,M,,,,0000*03
$GPRMC,085921.398,A,4831.2000,N,00744.3398,E,21.6,324.5,110826,,*35
$GPGGA,085921.449,4831.2002,N,00744.3395,E,1,03,0.0,0.0,M,,,,0000*07
$GPRMC,085921.449,A,4831.2002,N,00744.3395,E,21.6,324.5,110826,,*31
$GPGGA,085921.506,4831.2005,N,00744.3392,E,1,03,0.0,0.0,M,,,,0000*0d
$GPRMC,085921.506,A,4831.2005,N,00744.3392,E,21.6,324.5,110826,,*3b
$GPGGA,085921.568,4831.2008,N,00744.3389,E,1,03,0.0,0.0,M,,,,0000*02
$GPRMC,085921.568,A,4831.2008,N,00744.3389,E,21.6,324.5,110826,,*34
$GPGGA,085921.607,4831.2011,N,00744.3386,E,1,03,0.0,0.0,M,,,,0000*0f
$GPRMC,085921.607,A,4831.2011,N,00744.3386,E,21.6,324.5,110826,,*39
$GPGGA,085921.641,4831.2013,N,00744.3383,E,1,03,0.0,0.0,M,,,,0000*0a
$GPRMC,085921.641,A,4831.2013,N,00744.3383,E,21.6,324.5,110826,,*3c
$GPGGA,085921.685,4831.2016,N,00744.3381,E,1,03,0.0,0.0,M,,,,0000*05
$GPRMC,085921.685,A,4831.2016,N,00744.3381,E,21.6,324.5,110826,,*33
$GPGGA,085921.722,4831.2018,N,00744.3378,E,1,03,0.0,0.0,M,,,,0000*01
$GPRMC,085921.722,A,4831.2018,N,00744.3378,E,21.6,324.5,110826,,*37
$GPGGA,085921.763,4831.2020,N,00744.3376,E,1,03,0.0,0.0,M,,,,0000*01
$GPRMC,085921.763,A,4831.2020,N,00744.3376,E,21.6,324.5,110826,,*37
$GPGGA,085921.802,4831.2021,N,00744.3375,E,1,03,0.0,0.0,M,,,,0000*0b
$GPRMC,085921.802,A,4831.2021,N,00744.3375,E,21.6,324.5,110826,,*3d
$GPGGA,085921.833,4831.2024,N,00744.3372,E,1,03,0.0,0.0,M,,,,0000*0b
$GPRMC,085921.833,A,4831.2024,N,00744.3372,E,21.6,324.5,110826,,*3d
$GPGGA,085921.888,4831.2026,N,00744.3369,E,1,03,0.0,0.0,M,,,,0000*03
$GPRMC,085921.888,A,4831.2026,N,00744.3369,E,21.6,324.5,110826,,*35
$GPGGA,085921.927,4831.2029,N,00744.3367,E,1,03,0.0,0.0,M,,,,0000*06
$GPRMC,085921.927,A,4831.2029,N,00744.3367,E,21.6,324.5,110826,,*30
$GPGGA,085921.964,4831.2031,N,00744.3364,E,1,03,0.0,0.0,M,,,,0000*0b
$GPRMC,085921.964,A,4831.2031,N,00744.3364,E,21.6,324.5,110826,,*3d
$GPGGA,085922.005,4831.2034,N,00744.3361,E,1,03,0.0,0.0,M,,,,0000*06
$GPRMC,085922.005,A,4831.2034,N,00744.3361,E,21.6,324.5,110826,,*30
$GPGGA,085922.043,4831.2035,N,00744.3360,E,1,03,0.0,0.0,M,,,,0000*04
$GPRMC,085922.043,A,4831.2035,N,00744.3360,E,21.6,324.5,110826,,*32
$GPGGA,085922.080,4831.2037,N,00744.3358,E,1,03,0.0,0.0,M,,,,0000*02
$GPRMC,085922.080,A,4831.2037,N,00744.3358,E,21.6,324.5,110826,,*34
$GPGGA,085922.128,4831.2040,N,00744.3355,E,1,03,0.0,0.0,M,,,,0000*0c
$GPRMC,085922.128,A,4831.2040,N,00744.3355,E,21.6,324.5,110826,,*3a
$GPGGA,085922.165,4831.2042,N,00744.3353,E,1,03,0.0,0.0,M,,,,0000*01
$GPRMC,085922.165,A,4831.2042,N,00744.3353,E,21.6,324.5,110826,,*37
$GPGGA,085922.204,4831.2045,N,00744.3350,E,1,03,0.0,0.0,M,,,,0000*01
$GPRMC,085922.204,A,4831.2045,N,00744.3350,E,21.6,324.5,110826,,*37
$GPGGA,085922.241,4831.2046,N,00744.3348,E,1,03,0.0,0.0,M,,,,0000*0a
$GPRMC,085922.241,A,4831.2046,N,00744.3348,E,21.6,324.5,110826,,*3c
$GPGGA,085922.280,4831.2048,N,00744.3346,E,1,03,0.0,0.0,M,,,,0000*07
$GPRMC,085922.280,A,4831.2048,N,00744.3346,E,21.6,324.5,110826,,*31
$GPGGA,085922.327,4831.2051,N,00744.3343,E,1,03,0.0,0.0,M,,,,0000*06
$GPRMC,085922.327,A,4831.2051,N,00744.3343,E,21.6,324.5,110826,,*30
$GPGGA,085922.363,4831.2053,N,00744.3341,E,1,03,0.0,0.0,M,,,,0000*06
$GPRMC,085922.363,A,4831.2053,N,00744.3341,E,21.6,324.5,110826,,*30
$GPGGA,085922.399,4831.2055,N,00744.3338,E,1,03,0.0,0.0,M,,,,0000*0b
$GPRMC,085922.399,A,4831.2055,N,00744.3338,E,21.6,324.5,110826,,*3d
$GPGGA,085922.444,4831.2057,N,00744.3336,E,1,03,0.0,0.0,M,,,,0000*00
$GPRMC,085922.444,A,4831.2057,N,00744.3336,E,21.6,324.5,110826,,*36
$GPGGA,085922.467,4831.2059,N,00744.3334,E,1,03,0.0,0.0,M,,,,0000*0d
$GPRMC,085922.467,A,4831.2059,N,00744.3334,E,21.6,324.5,110826,,*3b
$GPGGA,085922.516,4831.2061,N,00744.3332,E,1,03,0.0,0.0,M,,,,0000*07
$GPRMC,085922.516,A,4831.2061,N,00744.3332,E,21.6,324.5,110826,,*31
$GPGGA,085922.562,4831.2064,N,00744.3329,E,1,03,0.0,0.0,M,,,,0000*0b
$GPRMC,085922.562,A,4831.2064,N,00744.3329,E,21.6,324.5,110826,,*3d
$GPGGA,085922.598,4831.2066,N,00744.3327,E,1,03,0.0,0.0,M,,,,0000*02
$GPRMC,085922.598,A,4831.2066,N,00744.3327,E,21.6,324.5,110826,,*34
$GPGGA,085922.640,4831.2069,N,00744.3324,E,1,03,0.0,0.0,M,,,,0000*08
$GPRMC,085922.640,A,4831.2069,N,00744.3324,E,21.6,324.5,110826,,*3e
$GPGGA,085922.676,4831.2070,N,00744.3322,E,1,03,0.0,0.0,M,,,,0000*03
$GPRMC,085922.676,A,4831.2070,N,00744.3322,E,21.6,324.5,110826,,*35
$GPGGA,085922.713,4831.2072,N,00744.3320,E,1,03,0.0,0.0,M,,,,0000*01
$GPRMC,085922.713,A,4831.2072,N,00744.3320,E,21.6,324.5,110826,,*37
$GPGGA,085922.753,4831.2075,N,00744.3317,E,1,03,0.0,0.0,M,,,,0000*06
$GPRMC,085922.753,A,4831.2075,N,00744.3317,E,21.6,324.5,110826,,*30
$GPGGA,085922.794,4831.2077,N,00744.3315,E,1,03,0.0,0.0,M,,,,0000*0d
$GPRMC,085922.794,A,4831.2077,N,00744.3315,E,21.6,324.5,110826,,*3b
$GPGGA,085922.839,4831.2079,N,00744.3313,E,1,03,0.0,0.0,M,,,,0000*0d
$GPRMC,085922.839,A,4831.2079,N,00744.3313,E,21.6,324.5,110826,,*3b
$GPGGA,085922.867,4831.2082,N,00744.3310,E,1,03,0.0,0.0,M,,,,0000*01
$GPRMC,085922.867,A,4831.2082,N,00744.3310,E,21.6,324.5,110826,,*37
$GPGGA,085922.935,4831.2083,N,00744.3308,E,1,03,0.0,0.0,M,,,,0000*0f
$GPRMC,085922.935,A,4831.2083,N,00744.3308,E,21.6,324.5,110826,,*39
$GPGGA,085922.977,4831.2087,N,00744.3304,E,1,03,0.0,0.0,M,,,,0000*01
$GPRMC,085922.977,A,4831.2087,N,00744.3304,E,21.6,324.5,110826,,*37
$GPGGA,085923.015,4831.2089,N,00744.3302,E,1,03,0.0,0.0,M,,,,0000*05
$GPRMC,085923.015,A,4831.2089,N,00744.3302,E,21.6,324.5,110826,,*33
$GPGGA,085923.052,4831.2092,N,00744.3299,E,1,03,0.0,0.0,M,,,,0000*0f
$GPRMC,085923.052,A,4831.2092,N,00744.3299,E,21.6,324.5,110826,,*39
$GPGGA,085923.099,4831.2093,N,00744.3297,E,1,03,0.0,0.0,M,,,,0000*07
$GPRMC,085923.099,A,4831.2093,N,00744.3297,E,21.6,324.5,110826,,*31
$GPGGA,085923.131,4831.2097,N,00744.3294,E,1,03,0.0,0.0,M,,,,0000*03
$GPRMC,085923.131,A,4831.2097,N,00744.3294,E,21.6,324.5,110826,,*35
$GPGGA,085923.183,4831.2098,N,00744.3292,E,1,03,0.0,0.0,M,,,,0000*03
$GPRMC,085923.183,A,4831.2098,N,00744.3292,E,21.6,324.5,110826,,*35
$GPGGA,085923.217,4831.2101,N,00744.3289,E,1,03,0.0,0.0,M,,,,0000*06
$GPRMC,085923.217,A,4831.2101,N,00744.3289,E,21.6,324.5,110826,,*30
$GPGGA,085923.264,4831.2103,N,00744.3287,E,1,03,0.0,0.0,M,,,,0000*0e
$GPRMC,085923.264,A,4831.2103,N,00744.3287,E,21.6,324.5,110826,,*38
$GPGGA,085923.300,4831.2105,N,00744.3285,E,1,03,0.0,0.0,M,,,,0000*09
$GPRMC,085923.300,A,4831.2105,N,00744.3285,E,21.6,324.5,110826,,*3f
$GPGGA,085923.347,4831.2107,N,00744.3282,E,1,03,0.0,0.0,M,,,,0000*0f
$GPRMC,085923.347,A,4831.2107,N,00744.3282,E,21.6,324.5,110826,,*39
$GPGGA,085923.396,4831.2110,N,00744.3279,E,1,03,0.0,0.0,M,,,,0000*01
$GPRMC,085923.396,A,4831.2110,N,00744.3279,E,21.6,324.5,110826,,*37
$GPGGA,085923.433,4831.2112,N,00744.3277,E,1,03,0.0,0.0,M,,,,0000*05
$GPRMC,085923.433,A,4831.2112,N,00744.3277,E,21.6,324.5,110826,,*33
$GPGGA,085923.476,4831.2115,N,00744.3274,E,1,03,0.0,0.0,M,,,,0000*00
$GPRMC,085923.476,A,4831.2115,N,00744.3274,E,21.6,324.5,110826,,*36
$GPGGA,085923.520,4831.2116,N,00744.3272,E,1,03,0.0,0.0,M,,,,0000*07
$GPRMC,085923.520,A,4831.2116,N,00744.3272,E,21.6,324.5,110826,,*31
$GPGGA,085923.562,4831.2119,N,00744.3270,E,1,03,0.0,0.0,M,,,,0000*0c
$GPRMC,085923.562,A,4831.2119,N,00744.3270,E,21.6,324.5,110826,,*3a
$GPGGA,085923.603,4831.2121,N,00744.3267,E,1,03,0.0,0.0,M,,,,0000*05
$GPRMC,085923.603,A,4831.2121,N,00744.3267,E,21.6,324.5,110826,,*33
$GPGGA,085923.642,4831.2124,N,00744.3264,E,1,03,0.0,0.0,M,,,,0000*06
$GPRMC,085923.642,A,4831.2124,N,00744.3264,E,21.6,324.5,110826,,*30
$GPGGA,085923.681,4831.2126,N,00744.3262,E,1,03,0.0,0.0,M,,,,0000*0d
$GPRMC,085923.681,A,4831.2126,N,00744.3262,E,21.6,324.5,110826,,*3b
$GPGGA,085923.723,4831.2129,N,00744.3259,E,1,03,0.0,0.0,M,,,,0000*03
$GPRMC,085923.723,A,4831.2129,N,00744.3259,E,21.6,324.5,110826,,*35
$GPGGA,085923.765,4831.2130,N,00744.3257,E,1,03,0.0,0.0,M,,,,0000*07
$GPRMC,085923.765,A,4831.2130,N,00744.3257,E,21.6,324.5,110826,,*31
$GPGGA,085923.805,4831.2133,N,00744.3254,E,1,03,0.0,0.0,M,,,,0000*0e
$GPRMC,085923.805,A,4831.2133,N,00744.3254,E,21.6,324.5,110826,,*38
$GPGGA,085923.849,4831.2135,N,00744.3253,E,1,03,0.0,0.0,M,,,,0000*07
$GPRMC,085923.849,A,4831.2135,N,00744.3253,E,21.6,324.5,110826,,*31
$GPGGA,085923.903,4831.2138,N,00744.3249,E,1,03,0.0,0.0,M,,,,0000*0e
$GPRMC,085923.903,A,4831.2138,N,00744.3249,E,21.6,324.6,110826,,*3b
$GPGGA,085923.944,4831.2141,N,00744.3246,E,1,03,0.0,0.0,M,,,,0000*0c
$GPRMC,085923.944,A,4831.2141,N,00744.3246,E,21.6,324.6,110826,,*39
$GPGGA,085923.982,4831.2143,N,00744.3244,E,1,03,0.0,0.0,M,,,,0000*06
$GPRMC,085923.982,A,4831.2143,N,00744.3244,E,21.6,324.6,110826,,*33
$GPGGA,085924.034,4831.2145,N,00744.3241,E,1,03,0.0,0.0,M,,,,0000*06
$GPRMC,085924.034,A,4831.2145,N,00744.3241,E,21.6,324.6,110826,,*33
$GPGGA,085924.081,4831.2148,N,00744.3238,E,1,03,0.0,0.0,M,,,,0000*0b
$GPRMC,085924.081,A,4831.2148,N,00744.3238,E,21.6,324.6,110826,,*3e
$GPGGA,085924.184,4831.2151,N,00744.3235,E,1,03,0.0,0.0,M,,,,0000*0a
$GPRMC,085924.184,A,4831.2151,N,00744.3235,E,21.6,324.6,110826,,*3f
$GPGGA,085924.233,4831.2156,N,00744.3230,E,1,03,0.0,0.0,M,,,,0000*07
$GPRMC,085924.233,A,4831.2156,N,00744.3230,E,21.6,324.6,110826,,*32
$GPGGA,085924.284,4831.2159,N,00744.3227,E,1,03,0.0,0.0,M,,,,0000*02
$GPRMC,085924.284,A,4831.2159,N,00744.3227,E,21.6,324.6,110826,,*37
$GPGGA,085924.349,4831.2162,N,00744.3224,E,1,03,0.0,0.0,M,,,,0000*09
$GPRMC,085924.349,A,4831.2162,N,00744.3224,E,21.6,324.6,110826,,*3c
$GPGGA,085924.399,4831.2165,N,00744.3220,E,1,03,0.0,0.0,M,,,,0000*07
$GPRMC,085924.399,A,4831.2165,N,00744.3220,E,21.6,324.6,110826,,*32
$GPGGA,085924.459,4831.2168,N,00744.3217,E,1,03,0.0,0.0,M,,,,0000*05
$GPRMC,085924.459,A,4831.2168,N,00744.3217,E,21.6,324.6,110826,,*30
$GPGGA,085924.511,4831.2171,N,00744.3214,E,1,03,0.0,0.0,M,,,,0000*03
$GPRMC,085924.511,A,4831.2171,N,00744.3214,E,21.6,324.6,110826,,*36
$GPGGA,085924.562,4831.2174,N,00744.3211,E,1,03,0.0,0.0,M,,,,0000*07
$GPRMC,085924.562,A,4831.2174,N,00744.3211,E,21.6,324.6,110826,,*32
$GPGGA,085924.607,4831.2177,N,00744.3207,E,1,03,0.0,0.0,M,,,,0000*03
$GPRMC,085924.607,A,4831.2177,N,00744.3207,E,21.6,324.6,110826,,*36
$GPGGA,085924.660,4831.2179,N,00744.3205,E,1,03,0.0,0.0,M,,,,0000*0e
$GPRMC,085924.660,A,4831.2179,N,00744.3205,E,21.6,324.6,110826,,*3b
$GPGGA,085924.712,4831.2182,N,00744.3202,E,1,03,0.0,0.0,M,,,,0000*09
$GPRMC,085924.712,A,4831.2182,N,00744.3202,E,21.6,324.6,110826,,*3c
$GPGGA,085924.763,4831.2185,N,00744.3199,E,1,03,0.0,0.0,M,,,,0000*09
$GPRMC,085924.763,A,4831.2185,N,00744.3199,E,21.6,324.6,110826,,*3c
$GPGGA,085924.814,4831.2188,N,00744.3195,E,1,03,0.0,0.0,M,,,,0000*07
$GPRMC,085924.814,A,4831.2188,N,00744.3195,E,21.6,324.6,110826,,*32
$GPGGA,085924.865,4831.2190,N,00744.3193,E,1,03,0.0,0.0,M,,,,0000*0e
$GPRMC,085924.865,A,4831.2190,N,00744.3193,E,21.6,324.6,110826,,*3b
$GPGGA,085924.927,4831.2193,N,00744.3190,E,1,03,0.0,0.0,M,,,,0000*09
$GPRMC,085924.927,A,4831.2193,N,00744.3190,E,21.6,324.6,110826,,*3c
$GPGGA,085924.984,4831.2197,N,00744.3186,E,1,03,0.0,0.0,M,,,,0000*03
$GPRMC,085924.984,A,4831.2197,N,00744.3186,E,21.6,324.6,110826,,*36
$GPGGA,085925.037,4831.2200,N,00744.3183,E,1,03,0.0,0.0,M,,,,0000*0b
$GPRMC,085925.037,A,4831.2200,N,00744.3183,E,21.6,324.6,110826,,*3e
$GPGGA,085925.095,4831.2203,N,00744.3179,E,1,03,0.0,0.0,M,,,,0000*05
$GPRMC,085925.095,A,4831.2203,N,00744.3179,E,21.6,324.6,110826,,*30
$GPGGA,085925.189,4831.2206,N,00744.3176,E,1,03,0.0,0.0,M,,,,0000*03
$GPRMC,085925.189,A,4831.2206,N,00744.3176,E,21.6,324.6,110826,,*36
$GPGGA,085925.247,4831.2211,N,00744.3170,E,1,03,0.0,0.0,M,,,,0000*02
$GPRMC,085925.247,A,4831.2211,N,00744.3170,E,21.6,324.6,110826,,*37
$GPGGA,085925.299,4831.2214,N,00744.3167,E,1,03,0.0,0.0,M,,,,0000*02
$GPRMC,085925.299,A,4831.2214,N,00744.3167,E,21.6,324.6,110826,,*37
$GPGGA,085925.349,4831.2218,N,00744.3164,E,1,03,0.0,0.0,M,,,,0000*01
$GPRMC,085925.349,A,4831.2218,N,00744.3164,E,21.6,324.6,110826,,*34
$GPGGA,085925.403,4831.2221,N,00744.3160,E,1,03,0.0,0.0,M,,,,0000*06
$GPRMC,085925.403,A,4831.2221,N,00744.3160,E,21.6,324.6,110826,,*33
$GPGGA,085925.455,4831.2223,N,00744.3157,E,1,03,0.0,0.0,M,,,,0000*03
$GPRMC,085925.455,A,4831.2223,N,00744.3157,E,21.6,324.6,110826,,*36
$GPGGA,085925.513,4831.2226,N,00744.3154,E,1,03,0.0,0.0,M,,,,0000*06
$GPRMC,085925.513,A,4831.2226,N,00744.3154,E,21.6,324.6,110826,,*33
$GPGGA,085925.568,4831.2229,N,00744.3152,E,1,03,0.0,0.0,M,,,,0000*03
$GPRMC,085925.568,A,4831.2229,N,00744.3152,E,21.6,324.6,110826,,*36
$GPGGA,085925.622,4831.2233,N,00744.3147,E,1,03,0.0,0.0,M,,,,0000*01
$GPRMC,085925.622,A,4831.2233,N,00744.3147,E,21.6,324.6,110826,,*34
$GPGGA,085925.667,4831.2236,N,00744.3144,E,1,03,0.0,0.0,M,,,,0000*06
$GPRMC,085925.667,A,4831.2236,N,00744.3144,E,21.6,324.6,110826,,*33
$GPGGA,085925.726,4831.2238,N,00744.3142,E,1,03,0.0,0.0,M,,,,0000*0a
$GPRMC,085925.726,A,4831.2238,N,00744.3142,E,21.6,324.6,110826,,*3f
$GPGGA,085925.781,4831.2241,N,00744.3138,E,1,03,0.0,0.0,M,,,,0000*04
$GPRMC,085925.781,A,4831.2241,N,00744.3138,E,21.6,324.6,110826,,*31
$GPGGA,085925.834,4831.2245,N,00744.3135,E,1,03,0.0,0.0,M,,,,0000*0c
$GPRMC,085925.834,A,4831.2245,N,00744.3135,E,21.6,324.6,110826,,*39
$GPGGA,085925.898,4831.2247,N,00744.3132,E,1,03,0.0,0.0,M,,,,0000*0f
$GPRMC,085925.898,A,4831.2247,N,00744.3132,E,21.6,324.6,110826,,*3a
$GPGGA,085925.951,4831.2250,N,00744.3129,E,1,03,0.0,0.0,M,,,,0000*07
$GPRMC,085925.951,A,4831.2250,N,00744.3129,E,21.6,324.6,110826,,*32
$GPGGA,085926.003,4831.2254,N,00744.3125,E,1,03,0.0,0.0,M,,,,0000*02
$GPRMC,085926.003,A,4831.2254,N,00744.3125,E,21.6,324.6,110826,,*37
$GPGGA,085926.058,4831.2257,N,00744.3122,E,1,03,0.0,0.0,M,,,,0000*08
$GPRMC,085926.058,A,4831.2257,N,00744.3122,E,21.6,324.6,110826,,*3d
$GPGGA,085926.098,4831.2259,N,00744.3119,E,1,03,0.0,0.0,M,,,,0000*02
$GPRMC,085926.098,A,4831.2259,N,00744.3119,E,21.6,324.6,110826,,*37
$GPGGA,085926.212,4831.2262,N,00744.3116,E,1,03,0.0,0.0,M,,,,0000*05
$GPRMC,085926.212,A,4831.2262,N,00744.3116,E,21.6,324.6,110826,,*30
$GPGGA,085926.219,4831.2268,N,00744.3110,E,1,03,0.0,0.0,M,,,,0000*02
$GPRMC,085926.219,A,4831.2268,N,00744.3110,E,21.6,324.6,110826,,*37
$GPGGA,085926.268,4831.2268,N,00744.3109,E,1,03,0.0,0.0,M,,,,0000*0c
$GPRMC,085926.268,A,4831.2268,N,00744.3109,E,21.6,324.6,110826,,*39
$GPGGA,085926.317,4831.2272,N,00744.3106,E,1,03,0.0,0.0,M,,,,0000*01
$GPRMC,085926.317,A,4831.2272,N,00744.3106,E,21.6,324.6,110826,,*34
$GPGGA,085926.372,4831.2274,N,00744.3103,E,1,03,0.0,0.0,M,,,,0000*01
$GPRMC,085926.372,A,4831.2274,N,00744.3103,E,21.6,324.6,110826,,*34
$GPGGA,085926.427,4831.2277,N,00744.3100,E,1,03,0.0,0.0,M,,,,0000*06
$GPRMC,085926.427,A,4831.2277,N,00744.3100,E,21.6,324.6,110826,,*33
$GPGGA,085926.480,4831.2280,N,00744.3097,E,1,03,0.0,0.0,M,,,,0000*0c
$GPRMC,085926.480,A,4831.2280,N,00744.3097,E,21.6,324.6,110826,,*39
$GPGGA,085926.531,4831.2282,N,00744.3094,E,1,03,0.0,0.0,M,,,,0000*06
$GPRMC,085926.531,A,4831.2282,N,00744.3094,E,21.6,324.6,110826,,*33
$GPGGA,085926.585,4831.2286,N,00744.3090,E,1,03,0.0,0.0,M,,,,0000*09
$GPRMC,085926.585,A,4831.2286,N,00744.3090,E,21.6,324.6,110826,,*3c
$GPGGA,085926.650,4831.2289,N,00744.3087,E,1,03,0.0,0.0,M,,,,0000*0b
$GPRMC,085926.650,A,4831.2289,N,00744.3087,E,21.6,324.6,110826,,*3e
$GPGGA,085926.704,4831.2292,N,00744.3084,E,1,03,0.0,0.0,M,,,,0000*02
$GPRMC,085926.704,A,4831.2292,N,00744.3084,E,21.6,324.6,110826,,*37
$GPGGA,085926.749,4831.2295,N,00744.3080,E,1,03,0.0,0.0,M,,,,0000*08
$GPRMC,085926.749,A,4831.2295,N,00744.3080,E,21.6,324.6,110826,,*3d
$GPGGA,085926.797,4831.2298,N,00744.3077,E,1,03,0.0,0.0,M,,,,0000*0e
$GPRMC,085926.797,A,4831.2298,N,00744.3077,E,21.6,324.6,110826,,*3b
$GPGGA,085926.863,4831.2301,N,00744.3074,E,1,03,0.0,0.0,M,,,,0000*08
$GPRMC,085926.863,A,4831.2301,N,00744.3074,E,21.6,324.6,110826,,*3d
$GPGGA,085926.918,4831.2304,N,00744.3071,E,1,03,0.0,0.0,M,,,,0000*05
$GPRMC,085926.918,A,4831.2304,N,00744.3071,E,21.6,324.6,110826,,*30
$GPGGA,085926.981,4831.2308,N,00744.3067,E,1,03,0.0,0.0,M,,,,0000*0e
$GPRMC,085926.981,A,4831.2308,N,00744.3067,E,21.6,324.6,110826,,*3b
$GPGGA,085927.051,4831.2311,N,00744.3063,E,1,03,0.0,0.0,M,,,,0000*07
$GPRMC,085927.051,A,4831.2311,N,00744.3063,E,21.6,324.6,110826,,*32
$GPGGA,085927.101,4831.2315,N,00744.3060,E,1,03,0.0,0.0,M,,,,0000*04
$GPRMC,085927.101,A,4831.2315,N,00744.3060,E,21.6,324.6,110826,,*31
$GPGGA,085927.209,4831.2318,N,00744.3056,E,1,03,0.0,0.0,M,,,,0000*07
$GPRMC,085927.209,A,4831.2318,N,00744.3056,E,21.6,324.6,110826,,*32
$GPGGA,085927.268,4831.2323,N,00744.3051,E,1,03,0.0,0.0,M,,,,0000*0f
$GPRMC,085927.268,A,4831.2323,N,00744.3051,E,21.6,324.6,110826,,*3a
$GPGGA,085927.318,4831.2327,N,00744.3047,E,1,03,0.0,0.0,M,,,,0000*0a
$GPRMC,085927.318,A,4831.2327,N,00744.3047,E,21.6,324.6,110826,,*3f
$GPGGA,085927.390,4831.2329,N,00744.3044,E,1,03,0.0,0.0,M,,,,0000*07
$GPRMC,085927.390,A,4831.2329,N,00744.3044,E,21.6,324.6,110826,,*32
$GPGGA,085927.435,4831.2333,N,00744.3040,E,1,03,0.0,0.0,M,,,,0000*00
$GPRMC,085927.435,A,4831.2333,N,00744.3040,E,21.6,324.6,110826,,*35
$GPGGA,085927.503,4831.2336,N,00744.3036,E,1,03,0.0,0.0,M,,,,0000*00
$GPRMC,085927.503,A,4831.2336,N,00744.3036,E,21.6,324.6,110826,,*35
$GPGGA,085927.550,4831.2340,N,00744.3033,E,1,03,0.0,0.0,M,,,,0000*02
$GPRMC,085927.550,A,4831.2340,N,00744.3033,E,21.6,324.6,110826,,*37
$GPGGA,085927.622,4831.2342,N,00744.3030,E,1,03,0.0,0.0,M,,,,0000*05
$GPRMC,085927.622,A,4831.2342,N,00744.3030,E,21.6,324.6,110826,,*30
$GPGGA,085927.682,4831.2346,N,00744.3026,E,1,03,0.0,0.0,M,,,,0000*0c
$GPRMC,085927.682,A,4831.2346,N,00744.3026,E,21.6,324.6,110826,,*39
$GPGGA,085927.736,4831.2350,N,00744.3022,E,1,03,0.0,0.0,M,,,,0000*01
$GPRMC,085927.736,A,4831.2350,N,00744.3022,E,21.6,324.6,110826,,*34
$GPGGA,085927.799,4831.2352,N,00744.3019,E,1,03,0.0,0.0,M,,,,0000*0e
$GPRMC,085927.799,A,4831.2352,N,00744.3019,E,21.6,324.6,110826,,*3b
$GPGGA,085927.853,4831.2355,N,00744.3016,E,1,03,0.0,0.0,M,,,,0000*0f
$GPRMC,085927.853,A,4831.2355,N,00744.3016,E,21.6,324.6,110826,,*3a
$GPGGA,085927.913,4831.2359,N,00744.3012,E,1,03,0.0,0.0,M,,,,0000*02
$GPRMC,085927.913,A,4831.2359,N,00744.3012,E,21.6,324.6,110826,,*37
$GPGGA,085927.964,4831.2361,N,00744.3009,E,1,03,0.0,0.0,M,,,,0000*03
$GPRMC,085927.964,A,4831.2361,N,00744.3009,E,21.6,324.6,110826,,*36
$GPGGA,085928.023,4831.2365,N,00744.3006,E,1,03,0.0,0.0,M,,,,0000*0d
$GPRMC,085928.023,A,4831.2365,N,00744.3006,E,21.6,324.6,110826,,*38
$GPGGA,085928.073,4831.2368,N,00744.3002,E,1,03,0.0,0.0,M,,,,0000*01
$GPRMC,085928.073,A,4831.2368,N,00744.3002,E,21.6,324.6,110826,,*34
$GPGGA,085928.136,4831.2371,N,00744.2999,E,1,03,0.0,0.0,M,,,,0000*03
$GPRMC,085928.136,A,4831.2371,N,00744.2999,E,21.6,324.6,110826,,*36
$GPGGA,085928.238,4831.2375,N,00744.2995,E,1,03,0.0,0.0,M,,,,0000*06
$GPRMC,085928.238,A,4831.2375,N,00744.2995,E,21.6,324.6,110826,,*33
$GPGGA,085928.301,4831.2380,N,00744.2989,E,1,03,0.0,0.0,M,,,,0000*0a
$GPRMC,085928.301,A,4831.2380,N,00744.2989,E,21.6,324.6,110826,,*3f
$GPGGA,085928.358,4831.2384,N,00744.2986,E,1,03,0.0,0.0,M,,,,0000*0d
$GPRMC,085928.358,A,4831.2384,N,00744.2986,E,21.6,325.3,110826,,*3c
$GPGGA,085928.401,4831.2386,N,00744.2985,E,1,03,0.0,0.0,M,,,,0000*07
$GPRMC,085928.401,A,4831.2386,N,00744.2985,E,21.6,326.2,110826,,*34
$GPGGA,085928.465,4831.2389,N,00744.2983,E,1,03,0.0,0.0,M,,,,0000*0c
$GPRMC,085928.465,A,4831.2389,N,00744.2983,E,21.6,327.5,110826,,*39
$GPGGA,085928.515,4831.2392,N,00744.2981,E,1,03,0.0,0.0,M,,,,0000*02
$GPRMC,085928.515,A,4831.2392,N,00744.2981,E,21.6,329.0,110826,,*3c
$GPGGA,085928.566,4831.2395,N,00744.2979,E,1,03,0.0,0.0,M,,,,0000*06
$GPRMC,085928.566,A,4831.2395,N,00744.2979,E,21.6,330.0,110826,,*30
$GPGGA,085928.601,4831.2397,N,00744.2978,E,1,03,0.0,0.0,M,,,,0000*07
$GPRMC,085928.601,A,4831.2397,N,00744.2978,E,21.6,331.2,110826,,*32
$GPGGA,085928.648,4831.2400,N,00744.2976,E,1,03,0.0,0.0,M,,,,0000*0d
$GPRMC,085928.648,A,4831.2400,N,00744.2976,E,21.6,332.5,110826,,*3c
$GPGGA,085928.712,4831.2402,N,00744.2975,E,1,03,0.0,0.0,M,,,,0000*02
$GPRMC,085928.712,A,4831.2402,N,00744.2975,E,21.6,333.6,110826,,*31
$GPGGA,085928.763,4831.2405,N,00744.2973,E,1,03,0.0,0.0,M,,,,0000*05
$GPRMC,085928.763,A,4831.2405,N,00744.2973,E,21.6,334.9,110826,,*3e
$GPGGA,085928.803,4831.2408,N,00744.2971,E,1,03,0.0,0.0,M,,,,0000*03
$GPRMC,085928.803,A,4831.2408,N,00744.2971,E,21.6,336.5,110826,,*36
$GPGGA,085928.865,4831.2411,N,00744.2970,E,1,03,0.0,0.0,M,,,,0000*0a
$GPRMC,085928.865,A,4831.2411,N,00744.2970,E,21.6,338.4,110826,,*30
$GPGGA,085928.922,4831.2414,N,00744.2969,E,1,03,0.0,0.0,M,,,,0000*05
$GPRMC,085928.922,A,4831.2414,N,00744.2969,E,21.6,342.2,110826,,*34
$GPGGA,085928.975,4831.2417,N,00744.2969,E,1,03,0.0,0.0,M,,,,0000*04
$GPRMC,085928.975,A,4831.2417,N,00744.2969,E,21.6,345.3,110826,,*33
$GPGGA,085929.019,4831.2419,N,00744.2969,E,1,03,0.0,0.0,M,,,,0000*08
$GPRMC,085929.019,A,4831.2419,N,00744.2969,E,21.6,348.5,110826,,*34
$GPGGA,085929.074,4831.2422,N,00744.2968,E,1,03,0.0,0.0,M,,,,0000*0a
$GPRMC,085929.074,A,4831.2422,N,00744.2968,E,21.6,351.9,110826,,*32
$GPGGA,085929.121,4831.2424,N,00744.2968,E,1,03,0.0,0.0,M,,,,0000*0d
$GPRMC,085929.121,A,4831.2424,N,00744.2968,E,21.6,355.3,110826,,*3b
$GPGGA,085929.176,4831.2427,N,00744.2968,E,1,03,0.0,0.0,M,,,,0000*0c
$GPRMC,085929.176,A,4831.2427,N,00744.2968,E,21.6,358.8,110826,,*3c
$GPGGA,085929.282,4831.2430,N,00744.2967,E,1,03,0.0,0.0,M,,,,0000*0d
$GPRMC,085929.282,A,4831.2430,N,00744.2967,E,21.6,002.3,110826,,*3a
$GPGGA,085929.354,4831.2436,N,00744.2967,E,1,03,0.0,0.0,M,,,,0000*01
$GPRMC,085929.354,A,4831.2436,N,00744.2967,E,21.6,011.7,110826,,*30
$GPGGA,085929.429,4831.2439,N,00744.2968,E,1,03,0.0,0.0,M,,,,0000*0c
$GPRMC,085929.429,A,4831.2439,N,00744.2968,E,21.6,018.4,110826,,*37
$GPGGA,085929.487,4831.2443,N,00744.2972,E,1,03,0.0,0.0,M,,,,0000*0e
$GPRMC,085929.487,A,4831.2443,N,00744.2972,E,21.6,027.4,110826,,*39
$GPGGA,085929.545,4831.2446,N,00744.2974,E,1,03,0.0,0.0,M,,,,0000*02
$GPRMC,085929.545,A,4831.2446,N,00744.2974,E,21.6,034.7,110826,,*34
$GPGGA,085929.593,4831.2448,N,00744.2977,E,1,03,0.0,0.0,M,,,,0000*04
$GPRMC,085929.593,A,4831.2448,N,00744.2977,E,21.6,039.6,110826,,*3e
$GPGGA,085929.647,4831.2451,N,00744.2979,E,1,03,0.0,0.0,M,,,,0000*08
$GPRMC,085929.647,A,4831.2451,N,00744.2979,E,21.6,044.0,110826,,*3e
$GPGGA,085929.697,4831.2454,N,00744.2983,E,1,03,0.0,0.0,M,,,,0000*05
$GPRMC,085929.697,A,4831.2454,N,00744.2983,E,21.6,043.9,110826,,*3d
$GPGGA,085929.749,4831.2456,N,00744.2986,E,1,03,0.0,0.0,M,,,,0000*00
$GPRMC,085929.749,A,4831.2456,N,00744.2986,E,21.6,043.9,110826,,*38
$GPGGA,085929.786,4831.2459,N,00744.2990,E,1,03,0.0,0.0,M,,,,0000*0b
$GPRMC,085929.786,A,4831.2459,N,00744.2990,E,21.6,043.9,110826,,*33
$GPGGA,085929.838,4831.2461,N,00744.2993,E,1,03,0.0,0.0,M,,,,0000*09
$GPRMC,085929.838,A,4831.2461,N,00744.2993,E,21.6,043.8,110826,,*30
$GPGGA,085929.890,4831.2463,N,00744.2997,E,1,03,0.0,0.0,M,,,,0000*0d
$GPRMC,085929.890,A,4831.2463,N,00744.2997,E,21.6,043.7,110826,,*3b
$GPGGA,085929.936,4831.2466,N,00744.3000,E,1,03,0.0,0.0,M,,,,0000*03
$GPRMC,085929.936,A,4831.2466,N,00744.3000,E,21.6,043.6,110826,,*34
$GPGGA,085929.981,4831.2468,N,00744.3004,E,1,03,0.0,0.0,M,,,,0000*05
$GPRMC,085929.981,A,4831.2468,N,00744.3004,E,21.6,043.5,110826,,*31
$GPGGA,085930.028,4831.2470,N,00744.3006,E,1,03,0.0,0.0,M,,,,0000*0c
$GPRMC,085930.028,A,4831.2470,N,00744.3006,E,21.6,043.5,110826,,*38
$GPGGA,085930.075,4831.2473,N,00744.3010,E,1,03,0.0,0.0,M,,,,0000*00
$GPRMC,085930.075,A,4831.2473,N,00744.3010,E,21.6,043.3,110826,,*32
$GPGGA,085930.120,4831.2475,N,00744.3013,E,1,03,0.0,0.0,M,,,,0000*04
$GPRMC,085930.120,A,4831.2475,N,00744.3013,E,21.6,043.1,110826,,*34
$GPGGA,085930.172,4831.2478,N,00744.3016,E,1,03,0.0,0.0,M,,,,0000*0b
$GPRMC,085930.172,A,4831.2478,N,00744.3016,E,21.6,042.9,110826,,*32
$GPGGA,085930.202,4831.2480,N,00744.3020,E,1,03,0.0,0.0,M,,,,0000*0d
$GPRMC,085930.202,A,4831.2480,N,00744.3020,E,21.6,042.7,110826,,*3a
$GPGGA,085930.303,4831.2481,N,00744.3022,E,1,03,0.0,0.0,M,,,,0000*0e
$GPRMC,085930.303,A,4831.2481,N,00744.3022,E,21.6,042.6,110826,,*38
$GPGGA,085930.319,4831.2486,N,00744.3029,E,1,03,0.0,0.0,M,,,,0000*09
$GPRMC,085930.319,A,4831.2486,N,00744.3029,E,21.6,042.1,110826,,*38
$GPGGA,085930.368,4831.2488,N,00744.3030,E,1,03,0.0,0.0,M,,,,0000*09
$GPRMC,085930.368,A,4831.2488,N,00744.3030,E,21.6,042.0,110826,,*39
$GPGGA,085930.403,4831.2490,N,00744.3033,E,1,03,0.0,0.0,M,,,,0000*09
$GPRMC,085930.403,A,4831.2490,N,00744.3033,E,21.6,041.7,110826,,*3d
$GPGGA,085930.454,4831.2492,N,00744.3036,E,1,03,0.0,0.0,M,,,,0000*0c
$GPRMC,085930.454,A,4831.2492,N,00744.3036,E,21.6,041.5,110826,,*3a
$GPGGA,085930.503,4831.2494,N,00744.3039,E,1,03,0.0,0.0,M,,,,0000*06
$GPRMC,085930.503,A,4831.2494,N,00744.3039,E,21.6,041.2,110826,,*37
$GPGGA,085930.558,4831.2497,N,00744.3042,E,1,03,0.0,0.0,M,,,,0000*07
$GPRMC,085930.558,A,4831.2497,N,00744.3042,E,21.6,041.0,110826,,*34
$GPGGA,085930.611,4831.2499,N,00744.3046,E,1,03,0.0,0.0,M,,,,0000*03
$GPRMC,085930.611,A,4831.2499,N,00744.3046,E,21.6,040.6,110826,,*37
$GPGGA,085930.652,4831.2502,N,00744.3049,E,1,03,0.0,0.0,M,,,,0000*08
$GPRMC,085930.652,A,4831.2502,N,00744.3049,E,21.6,040.3,110826,,*39
$GPGGA,085930.707,4831.2505,N,00744.3052,E,1,03,0.0,0.0,M,,,,0000*04
$GPRMC,085930.707,A,4831.2505,N,00744.3052,E,21.6,040.1,110826,,*37
$GPGGA,085930.752,4831.2508,N,00744.3056,E,1,03,0.0,0.0,M,,,,0000*0d
$GPRMC,085930.752,A,4831.2508,N,00744.3056,E,21.6,039.8,110826,,*39
$GPGGA,085930.804,4831.2510,N,00744.3059,E,1,03,0.0,0.0,M,,,,0000*07
$GPRMC,085930.804,A,4831.2510,N,00744.3059,E,21.6,039.6,110826,,*3d
$GPGGA,085930.839,4831.2513,N,00744.3062,E,1,03,0.0,0.0,M,,,,0000*02
$GPRMC,085930.839,A,4831.2513,N,00744.3062,E,21.6,039.3,110826,,*3d
$GPGGA,085930.904,4831.2514,N,00744.3064,E,1,03,0.0,0.0,M,,,,0000*0c
$GPRMC,085930.904,A,4831.2514,N,00744.3064,E,21.6,039.2,110826,,*32
$GPGGA,085930.953,4831.2518,N,00744.3068,E,1,03,0.0,0.0,M,,,,0000*0e
$GPRMC,085930.953,A,4831.2518,N,00744.3068,E,21.6,038.7,110826,,*34
$GPGGA,085930.985,4831.2520,N,00744.3071,E,1,03,0.0,0.0,M,,,,0000*06
$GPRMC,085930.985,A,4831.2520,N,00744.3071,E,21.6,038.4,110826,,*3f
$GPGGA,085931.036,4831.2523,N,00744.3074,E,1,03,0.0,0.0,M,,,,0000*00
$GPRMC,085931.036,A,4831.2523,N,00744.3074,E,21.6,038.0,110826,,*3d
$GPGGA,085931.087,4831.2525,N,00744.3077,E,1,03,0.0,0.0,M,,,,0000*0f
$GPRMC,085931.087,A,4831.2525,N,00744.3077,E,21.6,037.6,110826,,*3b
$GPGGA,085931.137,4831.2528,N,00744.3080,E,1,03,0.0,0.0,M,,,,0000*00
$GPRMC,085931.137,A,4831.2528,N,00744.3080,E,21.6,037.0,110826,,*32
$GPGGA,085931.181,4831.2531,N,00744.3083,E,1,03,0.0,0.0,M,,,,0000*06
$GPRMC,085931.181,A,4831.2531,N,00744.3083,E,21.6,036.4,110826,,*31
$GPGGA,085931.219,4831.2533,N,00744.3085,E,1,03,0.0,0.0,M,,,,0000*00
$GPRMC,085931.219,A,4831.2533,N,00744.3085,E,21.6,036.0,110826,,*33
$GPGGA,085931.282,4831.2535,N,00744.3087,E,1,03,0.0,0.0,M,,,,0000*06
$GPRMC,085931.282,A,4831.2535,N,00744.3087,E,21.6,035.4,110826,,*32
$GPGGA,085931.330,4831.2538,N,00744.3090,E,1,03,0.0,0.0,M,,,,0000*05
$GPRMC,085931.330,A,4831.2538,N,00744.3090,E,21.6,034.8,110826,,*3c
$GPGGA,085931.376,4831.2541,N,00744.3094,E,1,03,0.0,0.0,M,,,,0000*0d
$GPRMC,085931.376,A,4831.2541,N,00744.3094,E,21.6,034.4,110826,,*38
$GPGGA,085931.425,4831.2544,N,00744.3096,E,1,03,0.0,0.0,M,,,,0000*0b
$GPRMC,085931.425,A,4831.2544,N,00744.3096,E,21.6,034.3,110826,,*39
$GPGGA,085931.470,4831.2546,N,00744.3099,E,1,03,0.0,0.0,M,,,,0000*06
$GPRMC,085931.470,A,4831.2546,N,00744.3099,E,21.6,034.0,110826,,*37
$GPGGA,085931.522,4831.2549,N,00744.3102,E,1,03,0.0,0.0,M,,,,0000*0c
$GPRMC,085931.522,A,4831.2549,N,00744.3102,E,21.6,033.8,110826,,*32
$GPGGA,085931.570,4831.2552,N,00744.3105,E,1,03,0.0,0.0,M,,,,0000*06
$GPRMC,085931.570,A,4831.2552,N,00744.3105,E,21.6,033.6,110826,,*36
$GPGGA,085931.624,4831.2555,N,00744.3107,E,1,03,0.0,0.0,M,,,,0000*01
$GPRMC,085931.624,A,4831.2555,N,00744.3107,E,21.6,033.3,110826,,*34
$GPGGA,085931.669,4831.2558,N,00744.3110,E,1,03,0.0,0.0,M,,,,0000*03
$GPRMC,085931.669,A,4831.2558,N,00744.3110,E,21.6,033.1,110826,,*34
$GPGGA,085931.717,4831.2560,N,00744.3113,E,1,03,0.0,0.0,M,,,,0000*03
$GPRMC,085931.717,A,4831.2560,N,00744.3113,E,21.6,032.8,110826,,*3c
$GPGGA,085931.762,4831.2562,N,00744.3115,E,1,03,0.0,0.0,M,,,,0000*05
$GPRMC,085931.762,A,4831.2562,N,00744.3115,E,21.6,032.6,110826,,*34
$GPGGA,085931.804,4831.2565,N,00744.3118,E,1,03,0.0,0.0,M,,,,0000*00
$GPRMC,085931.804,A,4831.2565,N,00744.3118,E,21.6,032.3,110826,,*34
$GPGGA,085931.866,4831.2568,N,00744.3120,E,1,03,0.0,0.0,M,,,,0000*02
$GPRMC,085931.866,A,4831.2568,N,00744.3120,E,21.6,031.9,110826,,*3f
$GPGGA,085931.919,4831.2571,N,00744.3123,E,1,03,0.0,0.0,M,,,,0000*00
$GPRMC,085931.919,A,4831.2571,N,00744.3123,E,21.6,031.5,110826,,*31
$GPGGA,085931.972,4831.2575,N,00744.3127,E,1,03,0.0,0.0,M,,,,0000*0d
$GPRMC,085931.972,A,4831.2575,N,00744.3127,E,21.6,030.9,110826,,*31
$GPGGA,085932.021,4831.2578,N,00744.3129,E,1,03,0.0,0.0,M,,,,0000*02
$GPRMC,085932.021,A,4831.2578,N,00744.3129,E,21.6,030.3,110826,,*34
$GPGGA,085932.080,4831.2581,N,00744.3132,E,1,03,0.0,0.0,M,,,,0000*05
$GPRMC,085932.080,A,4831.2581,N,00744.3132,E,21.6,029.7,110826,,*3f
$GPGGA,085932.120,4831.2584,N,00744.3134,E,1,03,0.0,0.0,M,,,,0000*0d
$GPRMC,085932.120,A,4831.2584,N,00744.3134,E,21.6,029.1,110826,,*31
$GPGGA,085932.179,4831.2587,N,00744.3136,E,1,03,0.0,0.0,M,,,,0000*00
$GPRMC,085932.179,A,4831.2587,N,00744.3136,E,21.6,028.5,110826,,*39
$GPGGA,085932.232,4831.2590,N,00744.3139,E,1,03,0.0,0.0,M,,,,0000*05
$GPRMC,085932.232,A,4831.2590,N,00744.3139,E,21.6,028.1,110826,,*38
$GPGGA,085932.337,4831.2593,N,00744.3141,E,1,03,0.0,0.0,M,,,,0000*0d
$GPRMC,085932.337,A,4831.2593,N,00744.3141,E,21.6,028.0,110826,,*31
$GPGGA,085932.394,4831.2600,N,00744.3146,E,1,03,0.0,0.0,M,,,,0000*0a
$GPRMC,085932.394,A,4831.2600,N,00744.3146,E,21.6,027.5,110826,,*3c
$GPGGA,085932.446,4831.2603,N,00744.3149,E,1,03,0.0,0.0,M,,,,0000*0e
$GPRMC,085932.446,A,4831.2603,N,00744.3149,E,21.6,027.3,110826,,*3e
$GPGGA,085932.487,4831.2606,N,00744.3151,E,1,03,0.0,0.0,M,,,,0000*0f
$GPRMC,085932.487,A,4831.2606,N,00744.3151,E,21.6,027.0,110826,,*3c
$GPGGA,085932.540,4831.2609,N,00744.3154,E,1,03,0.0,0.0,M,,,,0000*0f
$GPRMC,085932.540,A,4831.2609,N,00744.3154,E,21.6,026.8,110826,,*35
$GPGGA,085932.571,4831.2612,N,00744.3156,E,1,03,0.0,0.0,M,,,,0000*05
$GPRMC,085932.571,A,4831.2612,N,00744.3156,E,21.6,026.6,110826,,*31
$GPGGA,085932.623,4831.2614,N,00744.3158,E,1,03,0.0,0.0,M,,,,0000*09
$GPRMC,085932.623,A,4831.2614,N,00744.3158,E,21.6,026.4,110826,,*3f
$GPGGA,085932.671,4831.2617,N,00744.3160,E,1,03,0.0,0.0,M,,,,0000*06
$GPRMC,085932.671,A,4831.2617,N,00744.3160,E,21.6,026.1,110826,,*35
$GPGGA,085932.719,4831.2620,N,00744.3162,E,1,03,0.0,0.0,M,,,,0000*0f
$GPRMC,085932.719,A,4831.2620,N,00744.3162,E,21.6,025.6,110826,,*38
$GPGGA,085932.766,4831.2623,N,00744.3164,E,1,03,0.0,0.0,M,,,,0000*02
$GPRMC,085932.766,A,4831.2623,N,00744.3164,E,21.6,025.1,110826,,*32
$GPGGA,085932.841,4831.2626,N,00744.3166,E,1,03,0.0,0.0,M,,,,0000*0f
$GPRMC,085932.841,A,4831.2626,N,00744.3166,E,21.6,024.6,110826,,*39
$GPGGA,085932.887,4831.2631,N,00744.3169,E,1,03,0.0,0.0,M,,,,0000*0c
$GPRMC,085932.887,A,4831.2631,N,00744.3169,E,21.6,023.6,110826,,*3d
$GPGGA,085932.935,4831.2634,N,00744.3170,E,1,03,0.0,0.0,M,,,,0000*09
$GPRMC,085932.935,A,4831.2634,N,00744.3170,E,21.6,022.9,110826,,*36
$GPGGA,085932.986,4831.2636,N,00744.3172,E,1,03,0.0,0.0,M,,,,0000*01
$GPRMC,085932.986,A,4831.2636,N,00744.3172,E,21.6,022.4,110826,,*33
$GPGGA,085933.037,4831.2639,N,00744.3174,E,1,03,0.0,0.0,M,,,,0000*0a
$GPRMC,085933.037,A,4831.2639,N,00744.3174,E,21.6,021.7,110826,,*38
$GPGGA,085933.085,4831.2642,N,00744.3176,E,1,03,0.0,0.0,M,,,,0000*0d
$GPRMC,085933.085,A,4831.2642,N,00744.3176,E,21.6,021.5,110826,,*3d
$GPGGA,085933.138,4831.2646,N,00744.3178,E,1,03,0.0,0.0,M,,,,0000*00
$GPRMC,085933.138,A,4831.2646,N,00744.3178,E,21.6,021.2,110826,,*37
$GPGGA,085933.171,4831.2649,N,00744.3180,E,1,03,0.0,0.0,M,,,,0000*05
$GPRMC,085933.171,A,4831.2649,N,00744.3180,E,21.6,020.9,110826,,*38
$GPGGA,085933.222,4831.2651,N,00744.3180,E,1,03,0.0,0.0,M,,,,0000*09
$GPRMC,085933.222,A,4831.2651,N,00744.3180,E,21.6,020.6,110826,,*3b
$GPGGA,085933.271,4831.2654,N,00744.3182,E,1,03,0.0,0.0,M,,,,0000*08
$GPRMC,085933.271,A,4831.2654,N,00744.3182,E,21.6,020.2,110826,,*3e
$GPGGA,085933.390,4831.2657,N,00744.3184,E,1,03,0.0,0.0,M,,,,0000*03
$GPRMC,085933.390,A,4831.2657,N,00744.3184,E,21.6,019.7,110826,,*3a
$GPGGA,085933.442,4831.2665,N,00744.3187,E,1,03,0.0,0.0,M,,,,0000*09
$GPRMC,085933.442,A,4831.2665,N,00744.3187,E,21.6,018.7,110826,,*31
$GPGGA,085933.488,4831.2668,N,00744.3189,E,1,03,0.0,0.0,M,,,,0000*0c
$GPRMC,085933.488,A,4831.2668,N,00744.3189,E,21.6,018.2,110826,,*31
$GPGGA,085933.540,4831.2671,N,00744.3191,E,1,03,0.0,0.0,M,,,,0000*08
$GPRMC,085933.540,A,4831.2671,N,00744.3191,E,21.6,017.7,110826,,*3f
$GPGGA,085933.587,4831.2675,N,00744.3192,E,1,03,0.0,0.0,M,,,,0000*04
$GPRMC,085933.587,A,4831.2675,N,00744.3192,E,21.6,017.3,110826,,*37
$GPGGA,085933.632,4831.2678,N,00744.3194,E,1,03,0.0,0.0,M,,,,0000*02
$GPRMC,085933.632,A,4831.2678,N,00744.3194,E,21.6,016.8,110826,,*3b
$GPGGA,085933.674,4831.2680,N,00744.3195,E,1,03,0.0,0.0,M,,,,0000*06
$GPRMC,085933.674,A,4831.2680,N,00744.3195,E,21.6,016.4,110826,,*33
$GPGGA,085933.719,4831.2683,N,00744.3196,E,1,03,0.0,0.0,M,,,,0000*0c
$GPRMC,085933.719,A,4831.2683,N,00744.3196,E,21.6,015.6,110826,,*38
$GPGGA,085933.762,4831.2687,N,00744.3197,E,1,03,0.0,0.0,M,,,,0000*05
$GPRMC,085933.762,A,4831.2687,N,00744.3197,E,21.6,014.5,110826,,*33
$GPGGA,085933.808,4831.2689,N,00744.3198,E,1,03,0.0,0.0,M,,,,0000*07
$GPRMC,085933.808,A,4831.2689,N,00744.3198,E,21.6,013.7,110826,,*34
$GPGGA,085933.853,4831.2692,N,00744.3199,E,1,03,0.0,0.0,M,,,,0000*02
$GPRMC,085933.853,A,4831.2692,N,00744.3199,E,21.6,012.7,110826,,*30
$GPGGA,085933.910,4831.2695,N,00744.3200,E,1,03,0.0,0.0,M,,,,0000*00
$GPRMC,085933.910,A,4831.2695,N,00744.3200,E,21.6,011.6,110826,,*30
$GPGGA,085933.938,4831.2699,N,00744.3201,E,1,03,0.0,0.0,M,,,,0000*07
$GPRMC,085933.938,A,4831.2699,N,00744.3201,E,21.6,010.6,110826,,*36
$GPGGA,085933.995,4831.2701,N,00744.3202,E,1,03,0.0,0.0,M,,,,0000*03
$GPRMC,085933.995,A,4831.2701,N,00744.3202,E,21.6,010.4,110826,,*30
$GPGGA,085934.040,4831.2704,N,00744.3203,E,1,03,0.0,0.0,M,,,,0000*01
$GPRMC,085934.040,A,4831.2704,N,00744.3203,E,21.6,010.2,110826,,*34
$GPGGA,085934.076,4831.2708,N,00744.3204,E,1,03,0.0,0.0,M,,,,0000*0f
$GPRMC,085934.076,A,4831.2708,N,00744.3204,E,21.6,010.1,110826,,*39
$GPGGA,085934.126,4831.2710,N,00744.3204,E,1,03,0.0,0.0,M,,,,0000*02
$GPRMC,085934.126,A,4831.2710,N,00744.3204,E,21.6,010.0,110826,,*35
$GPGGA,085934.172,4831.2713,N,00744.3205,E,1,03,0.0,0.0,M,,,,0000*01
$GPRMC,085934.172,A,4831.2713,N,00744.3205,E,21.6,009.8,110826,,*36
$GPGGA,085934.217,4831.2717,N,00744.3206,E,1,03,0.0,0.0,M,,,,0000*06
$GPRMC,085934.217,A,4831.2717,N,00744.3206,E,21.6,009.6,110826,,*3f
$GPGGA,085934.259,4831.2719,N,00744.3206,E,1,03,0.0,0.0,M,,,,0000*02
$GPRMC,085934.259,A,4831.2719,N,00744.3206,E,21.6,009.3,110826,,*3e
$GPGGA,085934.306,4831.2722,N,00744.3207,E,1,03,0.0,0.0,M,,,,0000*00
$GPRMC,085934.306,A,4831.2722,N,00744.3207,E,21.6,009.0,110826,,*3f
$GPGGA,085934.412,4831.2726,N,00744.3208,E,1,03,0.0,0.0,M,,,,0000*09
$GPRMC,085934.412,A,4831.2726,N,00744.3208,E,21.6,008.6,110826,,*31
$GPGGA,085934.466,4831.2732,N,00744.3209,E,1,03,0.0,0.0,M,,,,0000*0e
$GPRMC,085934.466,A,4831.2732,N,00744.3209,E,21.6,008.0,110826,,*30
$GPGGA,085934.503,4831.2736,N,00744.3210,E,1,03,0.0,0.0,M,,,,0000*00
$GPRMC,085934.503,A,4831.2736,N,00744.3210,E,21.6,007.6,110826,,*37
$GPGGA,085934.559,4831.2739,N,00744.3210,E,1,03,0.0,0.0,M,,,,0000*00
$GPRMC,085934.559,A,4831.2739,N,00744.3210,E,21.6,007.1,110826,,*30
$GPGGA,085934.604,4831.2742,N,00744.3211,E,1,03,0.0,0.0,M,,,,0000*06
$GPRMC,085934.604,A,4831.2742,N,00744.3211,E,21.6,006.7,110826,,*31
$GPGGA,085934.652,4831.2746,N,00744.3211,E,1,03,0.0,0.0,M,,,,0000*01
$GPRMC,085934.652,A,4831.2746,N,00744.3211,E,21.6,006.2,110826,,*33
$GPGGA,085934.688,4831.2748,N,00744.3212,E,1,03,0.0,0.0,M,,,,0000*0b
$GPRMC,085934.688,A,4831.2748,N,00744.3212,E,21.6,005.9,110826,,*31
$GPGGA,085934.736,4831.2751,N,00744.3212,E,1,03,0.0,0.0,M,,,,0000*07
$GPRMC,085934.736,A,4831.2751,N,00744.3212,E,21.6,005.3,110826,,*37
$GPGGA,085934.783,4831.2755,N,00744.3213,E,1,03,0.0,0.0,M,,,,0000*0c
$GPRMC,085934.783,A,4831.2755,N,00744.3213,E,21.6,004.6,110826,,*38
$GPGGA,085934.826,4831.2757,N,00744.3213,E,1,03,0.0,0.0,M,,,,0000*0e
$GPRMC,085934.826,A,4831.2757,N,00744.3213,E,21.6,004.0,110826,,*3c
$GPGGA,085934.871,4831.2760,N,00744.3213,E,1,03,0.0,0.0,M,,,,0000*08
$GPRMC,085934.871,A,4831.2760,N,00744.3213,E,21.6,003.3,110826,,*3e
$GPGGA,085934.924,4831.2764,N,00744.3213,E,1,03,0.0,0.0,M,,,,0000*0d
$GPRMC,085934.924,A,4831.2764,N,00744.3213,E,21.6,002.5,110826,,*3c
$GPGGA,085934.969,4831.2767,N,00744.3214,E,1,03,0.0,0.0,M,,,,0000*00
$GPRMC,085934.969,A,4831.2767,N,00744.3214,E,21.6,001.7,110826,,*30
$GPGGA,085935.021,4831.2770,N,00744.3214,E,1,03,0.0,0.0,M,,,,0000*02
$GPRMC,085935.021,A,4831.2770,N,00744.3214,E,21.6,001.2,110826,,*37
$GPGGA,085935.071,4831.2774,N,00744.3214,E,1,03,0.0,0.0,M,,,,0000*03
$GPRMC,085935.071,A,4831.2774,N,00744.3214,E,21.6,001.0,110826,,*34
$GPGGA,085935.116,4831.2777,N,00744.3214,E,1,03,0.0,0.0,M,,,,0000*00
$GPRMC,085935.116,A,4831.2777,N,00744.3214,E,21.6,000.8,110826,,*3e
$GPGGA,085935.154,4831.2779,N,00744.3214,E,1,03,0.0,0.0,M,,,,0000*08
$GPRMC,085935.154,A,4831.2779,N,00744.3214,E,21.6,000.6,110826,,*38
$GPGGA,085935.199,4831.2783,N,00744.3214,E,1,03,0.0,0.0,M,,,,0000*0c
$GPRMC,085935.199,A,4831.2783,N,00744.3214,E,21.6,000.3,110826,,*39
$GPGGA,085935.240,4831.2785,N,00744.3214,E,1,03,0.0,0.0,M,,,,0000*0d
$GPRMC,085935.240,A,4831.2785,N,00744.3214,E,21.6,000.1,110826,,*3a
$GPGGA,085935.281,4831.2788,N,00744.3214,E,1,03,0.0,0.0,M,,,,0000*0d
$GPRMC,085935.281,A,4831.2788,N,00744.3214,E,21.6,359.8,110826,,*3c
$GPGGA,085935.324,4831.2790,N,00744.3214,E,1,03,0.0,0.0,M,,,,0000*0a
$GPRMC,085935.324,A,4831.2790,N,00744.3214,E,21.6,359.6,110826,,*35
$GPGGA,085935.421,4831.2794,N,00744.3213,E,1,03,0.0,0.0,M,,,,0000*0b
$GPRMC,085935.421,A,4831.2794,N,00744.3213,E,21.6,359.3,110826,,*31
$GPGGA,085935.475,4831.2801,N,00744.3213,E,1,03,0.0,0.0,M,,,,0000*09
$GPRMC,085935.475,A,4831.2801,N,00744.3213,E,21.6,358.6,110826,,*37
$GPGGA,085935.526,4831.2804,N,00744.3213,E,1,03,0.0,0.0,M,,,,0000*0b
$GPRMC,085935.526,A,4831.2804,N,00744.3213,E,21.6,358.2,110826,,*31
$GPGGA,085935.571,4831.2808,N,00744.3213,E,1,03,0.0,0.0,M,,,,0000*05
$GPRMC,085935.571,A,4831.2808,N,00744.3213,E,21.6,357.7,110826,,*35
$GPGGA,085935.619,4831.2811,N,00744.3213,E,1,03,0.0,0.0,M,,,,0000*00
$GPRMC,085935.619,A,4831.2811,N,00744.3213,E,21.6,357.2,110826,,*35
$GPGGA,085935.655,4831.2813,N,00744.3212,E,1,03,0.0,0.0,M,,,,0000*0b
$GPRMC,085935.655,A,4831.2813,N,00744.3212,E,21.6,356.9,110826,,*34
$GPGGA,085935.707,4831.2816,N,00744.3212,E,1,03,0.0,0.0,M,,,,0000*08
$GPRMC,085935.707,A,4831.2816,N,00744.3212,E,21.6,356.4,110826,,*3a
$GPGGA,085935.752,4831.2820,N,00744.3212,E,1,03,0.0,0.0,M,,,,0000*0d
$GPRMC,085935.752,A,4831.2820,N,00744.3212,E,21.6,355.7,110826,,*3f
$GPGGA,085935.792,4831.2822,N,00744.3211,E,1,03,0.0,0.0,M,,,,0000*00
$GPRMC,085935.792,A,4831.2822,N,00744.3211,E,21.6,355.3,110826,,*36
$GPGGA,085935.839,4831.2826,N,00744.3211,E,1,03,0.0,0.0,M,,,,0000*0a
$GPRMC,085935.839,A,4831.2826,N,00744.3211,E,21.6,355.1,110826,,*3e
$GPGGA,085935.888,4831.2829,N,00744.3210,E,1,03,0.0,0.0,M,,,,0000*0e
$GPRMC,085935.888,A,4831.2829,N,00744.3210,E,21.6,354.9,110826,,*33
$GPGGA,085935.935,4831.2832,N,00744.3210,E,1,03,0.0,0.0,M,,,,0000*03
$GPRMC,085935.935,A,4831.2832,N,00744.3210,E,21.6,354.6,110826,,*31
$GPGGA,085935.974,4831.2835,N,00744.3209,E,1,03,0.0,0.0,M,,,,0000*09
$GPRMC,085935.974,A,4831.2835,N,00744.3209,E,21.6,354.3,110826,,*3e
$GPGGA,085936.045,4831.2838,N,00744.3209,E,1,03,0.0,0.0,M,,,,0000*0c
$GPRMC,085936.045,A,4831.2838,N,00744.3209,E,21.6,354.1,110826,,*39
$GPGGA,085936.089,4831.2842,N,00744.3208,E,1,03,0.0,0.0,M,,,,0000*00
$GPRMC,085936.089,A,4831.2842,N,00744.3208,E,21.6,353.7,110826,,*34
$GPGGA,085936.145,4831.2846,N,00744.3208,E,1,03,0.0,0.0,M,,,,0000*05
$GPRMC,085936.145,A,4831.2846,N,00744.3208,E,21.6,353.3,110826,,*35
$GPGGA,085936.196,4831.2849,N,00744.3207,E,1,03,0.0,0.0,M,,,,0000*0b
$GPRMC,085936.196,A,4831.2849,N,00744.3207,E,21.6,352.9,110826,,*30
$GPGGA,085936.237,4831.2852,N,00744.3206,E,1,03,0.0,0.0,M,,,,0000*08
$GPRMC,085936.237,A,4831.2852,N,00744.3206,E,21.6,352.5,110826,,*3f
$GPGGA,085936.293,4831.2856,N,00744.3205,E,1,03,0.0,0.0,M,,,,0000*01
$GPRMC,085936.293,A,4831.2856,N,00744.3205,E,21.6,352.0,110826,,*33
$GPGGA,085936.341,4831.2859,N,00744.3205,E,1,03,0.0,0.0,M,,,,0000*00
$GPRMC,085936.341,A,4831.2859,N,00744.3205,E,21.6,351.5,110826,,*34
$GPGGA,085936.438,4831.2862,N,00744.3204,E,1,03,0.0,0.0,M,,,,0000*00
$GPRMC,085936.438,A,4831.2862,N,00744.3204,E,21.6,351.0,110826,,*31
$GPGGA,085936.500,4831.2869,N,00744.3202,E,1,03,0.0,0.0,M,,,,0000*07
$GPRMC,085936.500,A,4831.2869,N,00744.3202,E,21.6,349.8,110826,,*37
$GPGGA,085936.560,4831.2873,N,00744.3201,E,1,03,0.0,0.0,M,,,,0000*09
$GPRMC,085936.560,A,4831.2873,N,00744.3201,E,21.6,349.6,110826,,*37
$GPGGA,085936.609,4831.2877,N,00744.3200,E,1,03,0.0,0.0,M,,,,0000*00
$GPRMC,085936.609,A,4831.2877,N,00744.3200,E,21.6,349.3,110826,,*3b
$GPGGA,085936.655,4831.2880,N,00744.3199,E,1,03,0.0,0.0,M,,,,0000*02
$GPRMC,085936.655,A,4831.2880,N,00744.3199,E,21.6,349.1,110826,,*3b
$GPGGA,085936.711,4831.2883,N,00744.3199,E,1,03,0.0,0.0,M,,,,0000*00
$GPRMC,085936.711,A,4831.2883,N,00744.3199,E,21.6,349.6,110826,,*3e
$GPGGA,085936.754,4831.2886,N,00744.3199,E,1,03,0.0,0.0,M,,,,0000*04
$GPRMC,085936.754,A,4831.2886,N,00744.3199,E,21.6,350.5,110826,,*31
$GPGGA,085936.813,4831.2889,N,00744.3199,E,1,03,0.0,0.0,M,,,,0000*07
$GPRMC,085936.813,A,4831.2889,N,00744.3199,E,21.6,351.5,110826,,*33
$GPGGA,085936.866,4831.2892,N,00744.3199,E,1,03,0.0,0.0,M,,,,0000*0f
$GPRMC,085936.866,A,4831.2892,N,00744.3199,E,21.6,352.5,110826,,*38
$GPGGA,085936.924,4831.2895,N,00744.3200,E,1,03,0.0,0.0,M,,,,0000*0c
$GPRMC,085936.924,A,4831.2895,N,00744.3200,E,21.6,353.5,110826,,*3a
$GPGGA,085936.972,4831.2899,N,00744.3200,E,1,03,0.0,0.0,M,,,,0000*03
$GPRMC,085936.972,A,4831.2899,N,00744.3200,E,21.6,354.8,110826,,*3f
$GPGGA,085937.031,4831.2901,N,00744.3200,E,1,03,0.0,0.0,M,,,,0000*0c
$GPRMC,085937.031,A,4831.2901,N,00744.3200,E,21.6,355.7,110826,,*3e
$GPGGA,085937.084,4831.2904,N,00744.3200,E,1,03,0.0,0.0,M,,,,0000*07
$GPRMC,085937.084,A,4831.2904,N,00744.3200,E,21.6,356.6,110826,,*37
$GPGGA,085937.138,4831.2907,N,00744.3200,E,1,03,0.0,0.0,M,,,,0000*02
$GPRMC,085937.138,A,4831.2907,N,00744.3200,E,21.6,357.5,110826,,*30
$GPGGA,085937.188,4831.2911,N,00744.3200,E,1,03,0.0,0.0,M,,,,0000*0e
$GPRMC,085937.188,A,4831.2911,N,00744.3200,E,21.6,358.8,110826,,*3e
$GPGGA,085937.239,4831.2913,N,00744.3201,E,1,03,0.0,0.0,M,,,,0000*04
$GPRMC,085937.239,A,4831.2913,N,00744.3201,E,21.6,000.9,110826,,*3b
$GPGGA,085937.289,4831.2916,N,00744.3202,E,1,03,0.0,0.0,M,,,,0000*09
$GPRMC,085937.289,A,4831.2916,N,00744.3202,E,21.6,005.2,110826,,*38
$GPGGA,085937.346,4831.2918,N,00744.3204,E,1,03,0.0,0.0,M,,,,0000*03
$GPRMC,085937.346,A,4831.2918,N,00744.3204,E,21.6,008.6,110826,,*3b
$GPGGA,085937.451,4831.2921,N,00744.3205,E,1,03,0.0,0.0,M,,,,0000*09
$GPRMC,085937.451,A,4831.2921,N,00744.3205,E,21.6,012.2,110826,,*3e
$GPGGA,085937.458,4831.2925,N,00744.3207,E,1,03,0.0,0.0,M,,,,0000*06
$GPRMC,085937.458,A,4831.2925,N,00744.3207,E,21.6,019.9,110826,,*31
$GPGGA,085937.503,4831.2926,N,00744.3207,E,1,03,0.0,0.0,M,,,,0000*0a
$GPRMC,085937.503,A,4831.2926,N,00744.3207,E,21.6,021.0,110826,,*3f
$GPGGA,085937.563,4831.2928,N,00744.3209,E,1,03,0.0,0.0,M,,,,0000*0c
$GPRMC,085937.563,A,4831.2928,N,00744.3209,E,21.6,025.0,110826,,*3d
$GPGGA,085937.613,4831.2931,N,00744.3210,E,1,03,0.0,0.0,M,,,,0000*08
$GPRMC,085937.613,A,4831.2931,N,00744.3210,E,21.6,029.0,110826,,*35
$GPGGA,085937.665,4831.2933,N,00744.3211,E,1,03,0.0,0.0,M,,,,0000*0a
$GPRMC,085937.665,A,4831.2933,N,00744.3211,E,21.6,033.0,110826,,*3c
$GPGGA,085937.724,4831.2935,N,00744.3213,E,1,03,0.0,0.0,M,,,,0000*0a
$GPRMC,085937.724,A,4831.2935,N,00744.3213,E,21.6,038.2,110826,,*35
$GPGGA,085937.806,4831.2938,N,00744.3217,E,1,03,0.0,0.0,M,,,,0000*0c
$GPRMC,085937.806,A,4831.2938,N,00744.3217,E,21.6,047.3,110826,,*3a
$GPGGA,085937.880,4831.2940,N,00744.3223,E,1,03,0.0,0.0,M,,,,0000*0a
$GPRMC,085937.880,A,4831.2940,N,00744.3223,E,21.6,058.6,110826,,*37
$GPGGA,085937.937,4831.2942,N,00744.3228,E,1,03,0.0,0.0,M,,,,0000*0e
$GPRMC,085937.937,A,4831.2942,N,00744.3228,E,21.6,065.7,110826,,*3c
$GPGGA,085937.976,4831.2944,N,00744.3232,E,1,03,0.0,0.0,M,,,,0000*06
$GPRMC,085937.976,A,4831.2944,N,00744.3232,E,21.6,071.7,110826,,*31
$GPGGA,085938.023,4831.2945,N,00744.3236,E,1,03,0.0,0.0,M,,,,0000*05
$GPRMC,085938.023,A,4831.2945,N,00744.3236,E,21.6,071.9,110826,,*3c
$GPGGA,085938.068,4831.2946,N,00744.3240,E,1,03,0.0,0.0,M,,,,0000*08
$GPRMC,085938.068,A,4831.2946,N,00744.3240,E,21.6,071.8,110826,,*30
$GPGGA,085938.106,4831.2947,N,00744.3244,E,1,03,0.0,0.0,M,,,,0000*04
$GPRMC,085938.106,A,4831.2947,N,00744.3244,E,21.6,071.8,110826,,*3c
$GPGGA,085938.138,4831.2948,N,00744.3249,E,1,03,0.0,0.0,M,,,,0000*0b
$GPRMC,085938.138,A,4831.2948,N,00744.3249,E,21.6,071.8,110826,,*33
$GPGGA,085938.190,4831.2948,N,00744.3252,E,1,03,0.0,0.0,M,,,,0000*03
$GPRMC,085938.190,A,4831.2948,N,00744.3252,E,21.6,071.8,110826,,*3b
$GPGGA,085938.234,4831.2949,N,00744.3256,E,1,03,0.0,0.0,M,,,,0000*0b
$GPRMC,085938.234,A,4831.2949,N,00744.3256,E,21.6,071.8,110826,,*33
$GPGGA,085938.281,4831.2950,N,00744.3260,E,1,03,0.0,0.0,M,,,,0000*08
$GPRMC,085938.281,A,4831.2950,N,00744.3260,E,21.6,071.7,110826,,*3f
$GPGGA,085938.328,4831.2951,N,00744.3265,E,1,03,0.0,0.0,M,,,,0000*0e
$GPRMC,085938.328,A,4831.2951,N,00744.3265,E,21.6,071.7,110826,,*39
$GPGGA,085938.371,4831.2952,N,00744.3270,E,1,03,0.0,0.0,M,,,,0000*05
$GPRMC,085938.371,A,4831.2952,N,00744.3270,E,21.6,071.7,110826,,*32
$GPGGA,085938.471,4831.2953,N,00744.3275,E,1,03,0.0,0.0,M,,,,0000*06
$GPRMC,085938.471,A,4831.2953,N,00744.3275,E,21.6,071.6,110826,,*30
$GPGGA,085938.526,4831.2955,N,00744.3284,E,1,03,0.0,0.0,M,,,,0000*0d
$GPRMC,085938.526,A,4831.2955,N,00744.3284,E,21.6,071.5,110826,,*38
$GPGGA,085938.571,4831.2957,N,00744.3289,E,1,03,0.0,0.0,M,,,,0000*00
$GPRMC,085938.571,A,4831.2957,N,00744.3289,E,21.6,071.5,110826,,*35
$GPGGA,085938.571,4831.2957,N,00744.3293,E,1,03,0.0,0.0,M,,,,0000*0b
$GPRMC,085938.571,A,4831.2957,N,00744.3293,E,21.6,071.4,110826,,*3f
$GPGGA,085938.639,4831.2958,N,00744.3294,E,1,03,0.0,0.0,M,,,,0000*0c
$GPRMC,085938.639,A,4831.2958,N,00744.3294,E,21.6,071.4,110826,,*38
$GPGGA,085938.684,4831.2959,N,00744.3299,E,1,03,0.0,0.0,M,,,,0000*06
$GPRMC,085938.684,A,4831.2959,N,00744.3299,E,21.6,071.4,110826,,*32
$GPGGA,085938.723,4831.2960,N,00744.3304,E,1,03,0.0,0.0,M,,,,0000*05
$GPRMC,085938.723,A,4831.2960,N,00744.3304,E,21.6,071.4,110826,,*31
$GPGGA,085938.765,4831.2961,N,00744.3309,E,1,03,0.0,0.0,M,,,,0000*0b
$GPRMC,085938.765,A,4831.2961,N,00744.3309,E,21.6,071.4,110826,,*3f
$GPGGA,085938.790,4831.2962,N,00744.3312,E,1,03,0.0,0.0,M,,,,0000*08
$GPRMC,085938.790,A,4831.2962,N,00744.3312,E,21.6,071.4,110826,,*3c
$GPGGA,085938.841,4831.2962,N,00744.3315,E,1,03,0.0,0.0,M,,,,0000*0c
$GPRMC,085938.841,A,4831.2962,N,00744.3315,E,21.6,071.4,110826,,*38
$GPGGA,085938.889,4831.2963,N,00744.3320,E,1,03,0.0,0.0,M,,,,0000*0f
$GPRMC,085938.889,A,4831.2963,N,00744.3320,E,21.6,071.4,110826,,*3b
$GPGGA,085938.922,4831.2965,N,00744.3325,E,1,03,0.0,0.0,M,,,,0000*0c
$GPRMC,085938.922,A,4831.2965,N,00744.3325,E,21.6,071.4,110826,,*38
$GPGGA,085938.970,4831.2965,N,00744.3328,E,1,03,0.0,0.0,M,,,,0000*06
$GPRMC,085938.970,A,4831.2965,N,00744.3328,E,21.6,071.4,110826,,*32
$GPGGA,085939.002,4831.2966,N,00744.3333,E,1,03,0.0,0.0,M,,,,0000*02
$GPRMC,085939.002,A,4831.2966,N,00744.3333,E,21.6,071.4,110826,,*36
$GPGGA,085939.054,4831.2967,N,00744.3336,E,1,03,0.0,0.0,M,,,,0000*05
$GPRMC,085939.054,A,4831.2967,N,00744.3336,E,21.6,071.4,110826,,*31
$GPGGA,085939.089,4831.2968,N,00744.3341,E,1,03,0.0,0.0,M,,,,0000*0a
$GPRMC,085939.089,A,4831.2968,N,00744.3341,E,21.6,071.4,110826,,*3e
$GPGGA,085939.121,4831.2969,N,00744.3345,E,1,03,0.0,0.0,M,,,,0000*0c
$GPRMC,085939.121,A,4831.2969,N,00744.3345,E,21.6,071.4,110826,,*38
$GPGGA,085939.175,4831.2970,N,00744.3348,E,1,03,0.0,0.0,M,,,,0000*08
$GPRMC,085939.175,A,4831.2970,N,00744.3348,E,21.6,071.4,110826,,*3c
$GPGGA,085939.206,4831.2971,N,00744.3352,E,1,03,0.0,0.0,M,,,,0000*05
$GPRMC,085939.206,A,4831.2971,N,00744.3352,E,21.6,071.4,110826,,*31
$GPGGA,085939.258,4831.2971,N,00744.3356,E,1,03,0.0,0.0,M,,,,0000*0a
$GPRMC,085939.258,A,4831.2971,N,00744.3356,E,21.6,071.4,110826,,*3e
$GPGGA,085939.289,4831.2972,N,00744.3361,E,1,03,0.0,0.0,M,,,,0000*01
$GPRMC,085939.289,A,4831.2972,N,00744.3361,E,21.6,071.4,110826,,*35
$GPGGA,085939.342,4831.2973,N,00744.3364,E,1,03,0.0,0.0,M,,,,0000*03
$GPRMC,085939.342,A,4831.2973,N,00744.3364,E,21.6,071.4,110826,,*37
$GPGGA,085939.378,4831.2974,N,00744.3369,E,1,03,0.0,0.0,M,,,,0000*00
$GPRMC,085939.378,A,4831.2974,N,00744.3369,E,21.6,071.4,110826,,*34
$GPGGA,085939.421,4831.2975,N,00744.3372,E,1,03,0.0,0.0,M,,,,0000*00
$GPRMC,085939.421,A,4831.2975,N,00744.3372,E,21.6,071.4,110826,,*34
$GPGGA,085939.466,4831.2976,N,00744.3376,E,1,03,0.0,0.0,M,,,,0000*04
$GPRMC,085939.466,A,4831.2976,N,00744.3376,E,21.6,071.4,110826,,*30
$GPGGA,085939.491,4831.2977,N,00744.3381,E,1,03,0.0,0.0,M,,,,0000*05
$GPRMC,085939.491,A,4831.2977,N,00744.3381,E,21.6,071.4,110826,,*31
$GPGGA,085939.538,4831.2978,N,00744.3383,E,1,03,0.0,0.0,M,,,,0000*0a
$GPRMC,085939.538,A,4831.2978,N,00744.3383,E,21.6,071.4,110826,,*3e
$GPGGA,085939.579,4831.2979,N,00744.3388,E,1,03,0.0,0.0,M,,,,0000*05
$GPRMC,085939.579,A,4831.2979,N,00744.3388,E,21.6,071.4,110826,,*31
$GPGGA,085939.607,4831.2979,N,00744.3392,E,1,03,0.0,0.0,M,,,,0000*04
$GPRMC,085939.607,A,4831.2979,N,00744.3392,E,21.6,071.4,110826,,*30
$GPGGA,085939.657,4831.2980,N,00744.3395,E,1,03,0.0,0.0,M,,,,0000*00
$GPRMC,085939.657,A,4831.2980,N,00744.3395,E,21.6,071.4,110826,,*34
$GPGGA,085939.699,4831.2981,N,00744.3399,E,1,03,0.0,0.0,M,,,,0000*0f
$GPRMC,085939.699,A,4831.2981,N,00744.3399,E,21.6,071.4,110826,,*3b
$GPGGA,085939.723,4831.2982,N,00744.3403,E,1,03,0.0,0.0,M,,,,0000*08
$GPRMC,085939.723,A,4831.2982,N,00744.3403,E,21.6,071.4,110826,,*3c
$GPGGA,085939.775,4831.2983,N,00744.3406,E,1,03,0.0,0.0,M,,,,0000*0f
$GPRMC,085939.775,A,4831.2983,N,00744.3406,E,21.6,071.4,110826,,*3b
$GPGGA,085939.807,4831.2984,N,00744.3411,E,1,03,0.0,0.0,M,,,,0000*04
$GPRMC,085939.807,A,4831.2984,N,00744.3411,E,21.6,071.4,110826,,*30
$GPGGA,085939.854,4831.2984,N,00744.3414,E,1,03,0.0,0.0,M,,,,0000*07
$GPRMC,085939.854,A,4831.2984,N,00744.3414,E,21.6,071.4,110826,,*33
$GPGGA,085939.900,4831.2985,N,00744.3418,E,1,03,0.0,0.0,M,,,,0000*0a
$GPRMC,085939.900,A,4831.2985,N,00744.3418,E,21.6,071.4,110826,,*3e
$GPGGA,085939.936,4831.2986,N,00744.3422,E,1,03,0.0,0.0,M,,,,0000*05
$GPRMC,085939.936,A,4831.2986,N,00744.3422,E,21.6,071.4,110826,,*31
$GPGGA,085939.971,4831.2987,N,00744.3425,E,1,03,0.0,0.0,M,,,,0000*00
$GPRMC,085939.971,A,4831.2987,N,00744.3425,E,21.6,071.4,110826,,*34
$GPGGA,085940.019,4831.2988,N,00744.3430,E,1,03,0.0,0.0,M,,,,0000*02
$GPRMC,085940.019,A,4831.2988,N,00744.3430,E,21.6,071.4,110826,,*36
$GPGGA,085940.056,4831.2989,N,00744.3435,E,1,03,0.0,0.0,M,,,,0000*0d
$GPRMC,085940.056,A,4831.2989,N,00744.3435,E,21.6,071.4,110826,,*39
$GPGGA,085940.094,4831.2990,N,00744.3438,E,1,03,0.0,0.0,M,,,,0000*06
$GPRMC,085940.094,A,4831.2990,N,00744.3438,E,21.6,071.4,110826,,*32
$GPGGA,085940.130,4831.2990,N,00744.3442,E,1,03,0.0,0.0,M,,,,0000*04
$GPRMC,085940.130,A,4831.2990,N,00744.3442,E,21.6,071.4,110826,,*30
$GPGGA,085940.157,4831.2991,N,00744.3445,E,1,03,0.0,0.0,M,,,,0000*03
$GPRMC,085940.157,A,4831.2991,N,00744.3445,E,21.6,071.4,110826,,*37
$GPGGA,085940.203,4831.2992,N,00744.3448,E,1,03,0.0,0.0,M,,,,0000*0f
$GPRMC,085940.203,A,4831.2992,N,00744.3448,E,21.6,071.4,110826,,*3b
$GPGGA,085940.236,4831.2993,N,00744.3451,E,1,03,0.0,0.0,M,,,,0000*00
$GPRMC,085940.236,A,4831.2993,N,00744.3451,E,21.6,071.4,110826,,*34
$GPGGA,085940.257,4831.2993,N,00744.3455,E,1,03,0.0,0.0,M,,,,0000*03
$GPRMC,085940.257,A,4831.2993,N,00744.3455,E,21.6,071.4,110826,,*37
$GPGGA,085940.304,4831.2994,N,00744.3457,E,1,03,0.0,0.0,M,,,,0000*01
$GPRMC,085940.304,A,4831.2994,N,00744.3457,E,21.6,071.4,110826,,*35
$GPGGA,085940.343,4831.2995,N,00744.3461,E,1,03,0.0,0.0,M,,,,0000*06
$GPRMC,085940.343,A,4831.2995,N,00744.3461,E,21.6,071.4,110826,,*32
$GPGGA,085940.378,4831.2996,N,00744.3466,E,1,03,0.0,0.0,M,,,,0000*0a
$GPRMC,085940.378,A,4831.2996,N,00744.3466,E,21.6,071.4,110826,,*3e
$GPGGA,085940.474,4831.2997,N,00744.3469,E,1,03,0.0,0.0,M,,,,0000*0f
$GPRMC,085940.474,A,4831.2997,N,00744.3469,E,21.6,071.4,110826,,*3b
$GPGGA,085940.510,4831.2999,N,00744.3479,E,1,03,0.0,0.0,M,,,,0000*03
$GPRMC,085940.510,A,4831.2999,N,00744.3479,E,21.6,071.4,110826,,*37
$GPGGA,085940.552,4831.3000,N,00744.3482,E,1,03,0.0,0.0,M,,,,0000*09
$GPRMC,085940.552,A,4831.3000,N,00744.3482,E,21.6,071.4,110826,,*3d
$GPGGA,085940.584,4831.3000,N,00744.3485,E,1,03,0.0,0.0,M,,,,0000*05
$GPRMC,085940.584,A,4831.3000,N,00744.3485,E,21.6,071.4,110826,,*31
$GPGGA,085940.604,4831.3001,N,00744.3488,E,1,03,0.0,0.0,M,,,,0000*02
$GPRMC,085940.604,A,4831.3001,N,00744.3488,E,21.6,071.4,110826,,*36
$GPGGA,085940.659,4831.3002,N,00744.3492,E,1,03,0.0,0.0,M,,,,0000*02
$GPRMC,085940.659,A,4831.3002,N,00744.3492,E,21.6,071.4,110826,,*36
$GPGGA,085940.690,4831.3003,N,00744.3497,E,1,03,0.0,0.0,M,,,,0000*03
$GPRMC,085940.690,A,4831.3003,N,00744.3497,E,21.6,071.4,110826,,*37
$GPGGA,085940.734,4831.3003,N,00744.3500,E,1,03,0.0,0.0,M,,,,0000*03
$GPRMC,085940.734,A,4831.3003,N,00744.3500,E,21.6,071.4,110826,,*37
$GPGGA,085940.774,4831.3004,N,00744.3503,E,1,03,0.0,0.0,M,,,,0000*03
$GPRMC,085940.774,A,4831.3004,N,00744.3503,E,21.6,071.4,110826,,*37
$GPGGA,085940.805,4831.3005,N,00744.3508,E,1,03,0.0,0.0,M,,,,0000*00
$GPRMC,085940.805,A,4831.3005,N,00744.3508,E,21.6,071.4,110826,,*34
$GPGGA,085940.843,4831.3006,N,00744.3511,E,1,03,0.0,0.0,M,,,,0000*09
$GPRMC,085940.843,A,4831.3006,N,00744.3511,E,21.6,071.5,110826,,*3c
$GPGGA,085940.891,4831.3007,N,00744.3514,E,1,03,0.0,0.0,M,,,,0000*02
$GPRMC,085940.891,A,4831.3007,N,00744.3514,E,21.6,071.5,110826,,*37
$GPGGA,085940.923,4831.3008,N,00744.3519,E,1,03,0.0,0.0,M,,,,0000*08
$GPRMC,085940.923,A,4831.3008,N,00744.3519,E,21.6,071.5,110826,,*3d
$GPGGA,085940.967,4831.3008,N,00744.3523,E,1,03,0.0,0.0,M,,,,0000*01
$GPRMC,085940.967,A,4831.3008,N,00744.3523,E,21.6,071.5,110826,,*34
$GPGGA,085940.991,4831.3009,N,00744.3526,E,1,03,0.0,0.0,M,,,,0000*0c
$GPRMC,085940.991,A,4831.3009,N,00744.3526,E,21.6,071.5,110826,,*39
$GPGGA,085941.026,4831.3010,N,00744.3529,E,1,03,0.0,0.0,M,,,,0000*0f
$GPRMC,085941.026,A,4831.3010,N,00744.3529,E,21.6,071.5,110826,,*3a
$GPGGA,085941.072,4831.3011,N,00744.3532,E,1,03,0.0,0.0,M,,,,0000*05
$GPRMC,085941.072,A,4831.3011,N,00744.3532,E,21.6,071.6,110826,,*33
$GPGGA,085941.091,4831.3011,N,00744.3535,E,1,03,0.0,0.0,M,,,,0000*0f
$GPRMC,085941.091,A,4831.3011,N,00744.3535,E,21.6,071.6,110826,,*39
$GPGGA,085941.139,4831.3012,N,00744.3538,E,1,03,0.0,0.0,M,,,,0000*02
$GPRMC,085941.139,A,4831.3012,N,00744.3538,E,21.6,071.6,110826,,*34
$GPGGA,085941.178,4831.3013,N,00744.3543,E,1,03,0.0,0.0,M,,,,0000*0a
$GPRMC,085941.178,A,4831.3013,N,00744.3543,E,21.6,071.6,110826,,*3c
$GPGGA,085941.240,4831.3014,N,00744.3547,E,1,03,0.0,0.0,M,,,,0000*01
$GPRMC,085941.240,A,4831.3014,N,00744.3547,E,21.6,071.6,110826,,*37
$GPGGA,085941.284,4831.3015,N,00744.3554,E,1,03,0.0,0.0,M,,,,0000*0a
$GPRMC,085941.284,A,4831.3015,N,00744.3554,E,21.6,071.7,110826,,*3d
$GPGGA,085941.319,4831.3016,N,00744.3556,E,1,03,0.0,0.0,M,,,,0000*0e
$GPRMC,085941.319,A,4831.3016,N,00744.3556,E,21.6,071.7,110826,,*39
$GPGGA,085941.340,4831.3017,N,00744.3560,E,1,03,0.0,0.0,M,,,,0000*06
$GPRMC,085941.340,A,4831.3017,N,00744.3560,E,21.6,071.7,110826,,*31
$GPGGA,085941.379,4831.3017,N,00744.3563,E,1,03,0.0,0.0,M,,,,0000*0f
$GPRMC,085941.379,A,4831.3017,N,00744.3563,E,21.6,071.8,110826,,*37
$GPGGA,085941.479,4831.3018,N,00744.3566,E,1,03,0.0,0.0,M,,,,0000*02
$GPRMC,085941.479,A,4831.3018,N,00744.3566,E,21.6,071.8,110826,,*3a
$GPGGA,085941.488,4831.3020,N,00744.3576,E,1,03,0.0,0.0,M,,,,0000*06
$GPRMC,085941.488,A,4831.3020,N,00744.3576,E,21.6,071.9,110826,,*3f
$GPGGA,085941.524,4831.3020,N,00744.3578,E,1,03,0.0,0.0,M,,,,0000*0f
$GPRMC,085941.524,A,4831.3020,N,00744.3578,E,21.6,071.9,110826,,*36
$GPGGA,085941.563,4831.3021,N,00744.3580,E,1,03,0.0,0.0,M,,,,0000*0a
$GPRMC,085941.563,A,4831.3021,N,00744.3580,E,21.6,071.9,110826,,*33
$GPGGA,085941.600,4831.3022,N,00744.3584,E,1,03,0.0,0.0,M,,,,0000*0b
$GPRMC,085941.600,A,4831.3022,N,00744.3584,E,21.6,072.0,110826,,*38
$GPGGA,085941.632,4831.3023,N,00744.3587,E,1,03,0.0,0.0,M,,,,0000*08
$GPRMC,085941.632,A,4831.3023,N,00744.3587,E,21.6,072.0,110826,,*3b
$GPGGA,085941.659,4831.3023,N,00744.3591,E,1,03,0.0,0.0,M,,,,0000*02
$GPRMC,085941.659,A,4831.3023,N,00744.3591,E,21.6,072.0,110826,,*31
$GPGGA,085941.690,4831.3024,N,00744.3594,E,1,03,0.0,0.0,M,,,,0000*05
$GPRMC,085941.690,A,4831.3024,N,00744.3594,E,21.6,072.1,110826,,*37
$GPGGA,085941.725,4831.3025,N,00744.3597,E,1,03,0.0,0.0,M,,,,0000*08
$GPRMC,085941.725,A,4831.3025,N,00744.3597,E,21.6,072.1,110826,,*3a
$GPGGA,085941.765,4831.3025,N,00744.3600,E,1,03,0.0,0.0,M,,,,0000*01
$GPRMC,085941.765,A,4831.3025,N,00744.3600,E,21.6,072.1,110826,,*33
$GPGGA,085941.796,4831.3026,N,00744.3604,E,1,03,0.0,0.0,M,,,,0000*0a
$GPRMC,085941.796,A,4831.3026,N,00744.3604,E,21.6,072.2,110826,,*3b
$GPGGA,085941.830,4831.3027,N,00744.3607,E,1,03,0.0,0.0,M,,,,0000*0b
$GPRMC,085941.830,A,4831.3027,N,00744.3607,E,21.6,072.2,110826,,*3a
$GPGGA,085941.857,4831.3027,N,00744.3610,E,1,03,0.0,0.0,M,,,,0000*0c
$GPRMC,085941.857,A,4831.3027,N,00744.3610,E,21.6,072.3,110826,,*3c
$GPGGA,085941.900,4831.3028,N,00744.3613,E,1,03,0.0,0.0,M,,,,0000*03
$GPRMC,085941.900,A,4831.3028,N,00744.3613,E,21.6,072.3,110826,,*33
$GPGGA,085941.931,4831.3029,N,00744.3616,E,1,03,0.0,0.0,M,,,,0000*05
$GPRMC,085941.931,A,4831.3029,N,00744.3616,E,21.6,072.4,110826,,*32
$GPGGA,085941.958,4831.3029,N,00744.3620,E,1,03,0.0,0.0,M,,,,0000*0f
$GPRMC,085941.958,A,4831.3029,N,00744.3620,E,21.6,072.5,110826,,*39
$GPGGA,085941.996,4831.3030,N,00744.3623,E,1,03,0.0,0.0,M,,,,0000*06
$GPRMC,085941.996,A,4831.3030,N,00744.3623,E,21.6,072.5,110826,,*30
$GPGGA,085942.032,4831.3031,N,00744.3627,E,1,03,0.0,0.0,M,,,,0000*07
$GPRMC,085942.032,A,4831.3031,N,00744.3627,E,21.6,072.6,110826,,*32
$GPGGA,085942.069,4831.3031,N,00744.3629,E,1,03,0.0,0.0,M,,,,0000*07
$GPRMC,085942.069,A,4831.3031,N,00744.3629,E,21.6,072.7,110826,,*33
$GPGGA,085942.104,4831.3032,N,00744.3633,E,1,03,0.0,0.0,M,,,,0000*05
$GPRMC,085942.104,A,4831.3032,N,00744.3633,E,21.6,072.7,110826,,*31
$GPGGA,085942.138,4831.3033,N,00744.3638,E,1,03,0.0,0.0,M,,,,0000*00
$GPRMC,085942.138,A,4831.3033,N,00744.3638,E,21.6,072.7,110826,,*34
$GPGGA,085942.172,4831.3034,N,00744.3640,E,1,03,0.0,0.0,M,,,,0000*06
$GPRMC,085942.172,A,4831.3034,N,00744.3640,E,21.6,072.7,110826,,*32
$GPGGA,085942.205,4831.3034,N,00744.3643,E,1,03,0.0,0.0,M,,,,0000*06
$GPRMC,085942.205,A,4831.3034,N,00744.3643,E,21.6,072.7,110826,,*32
$GPGGA,085942.236,4831.3035,N,00744.3646,E,1,03,0.0,0.0,M,,,,0000*02
$GPRMC,085942.236,A,4831.3035,N,00744.3646,E,21.6,072.7,110826,,*36
$GPGGA,085942.272,4831.3036,N,00744.3649,E,1,03,0.0,0.0,M,,,,0000*0e
$GPRMC,085942.272,A,4831.3036,N,00744.3649,E,21.6,072.7,110826,,*3a
$GPGGA,085942.304,4831.3036,N,00744.3652,E,1,03,0.0,0.0,M,,,,0000*04
$GPRMC,085942.304,A,4831.3036,N,00744.3652,E,21.6,072.7,110826,,*30
$GPGGA,085942.334,4831.3037,N,00744.3656,E,1,03,0.0,0.0,M,,,,0000*02
$GPRMC,085942.334,A,4831.3037,N,00744.3656,E,21.6,072.7,110826,,*36
$GPGGA,085942.366,4831.3038,N,00744.3659,E,1,03,0.0,0.0,M,,,,0000*05
$GPRMC,085942.366,A,4831.3038,N,00744.3659,E,21.6,072.7,110826,,*31
$GPGGA,085942.392,4831.3038,N,00744.3663,E,1,03,0.0,0.0,M,,,,0000*07
$GPRMC,085942.392,A,4831.3038,N,00744.3663,E,21.6,072.7,110826,,*33
$GPGGA,085942.492,4831.3039,N,00744.3665,E,1,03,0.0,0.0,M,,,,0000*07
$GPRMC,085942.492,A,4831.3039,N,00744.3665,E,21.6,072.7,110826,,*33
$GPGGA,085942.528,4831.3041,N,00744.3675,E,1,03,0.0,0.0,M,,,,0000*09
$GPRMC,085942.528,A,4831.3041,N,00744.3675,E,21.6,072.7,110826,,*3d
$GPGGA,085942.558,4831.3042,N,00744.3678,E,1,03,0.0,0.0,M,,,,0000*00
$GPRMC,085942.558,A,4831.3042,N,00744.3678,E,21.6,072.7,110826,,*34
$GPGGA,085942.596,4831.3042,N,00744.3682,E,1,03,0.0,0.0,M,,,,0000*07
$GPRMC,085942.596,A,4831.3042,N,00744.3682,E,21.6,072.7,110826,,*33
$GPGGA,085942.624,4831.3043,N,00744.3685,E,1,03,0.0,0.0,M,,,,0000*0b
$GPRMC,085942.624,A,4831.3043,N,00744.3685,E,21.6,072.6,110826,,*3e
$GPGGA,085942.660,4831.3044,N,00744.3689,E,1,03,0.0,0.0,M,,,,0000*00
$GPRMC,085942.660,A,4831.3044,N,00744.3689,E,21.6,072.6,110826,,*35
$GPGGA,085942.689,4831.3044,N,00744.3692,E,1,03,0.0,0.0,M,,,,0000*0d
$GPRMC,085942.689,A,4831.3044,N,00744.3692,E,21.6,072.6,110826,,*38
$GPGGA,085942.708,4831.3045,N,00744.3694,E,1,03,0.0,0.0,M,,,,0000*02
$GPRMC,085942.708,A,4831.3045,N,00744.3694,E,21.6,072.6,110826,,*37
$GPGGA,085942.740,4831.3045,N,00744.3696,E,1,03,0.0,0.0,M,,,,0000*0c
$GPRMC,085942.740,A,4831.3045,N,00744.3696,E,21.6,072.6,110826,,*39
$GPGGA,085942.777,4831.3046,N,00744.3700,E,1,03,0.0,0.0,M,,,,0000*05
$GPRMC,085942.777,A,4831.3046,N,00744.3700,E,21.6,072.6,110826,,*30
$GPGGA,085942.805,4831.3047,N,00744.3703,E,1,03,0.0,0.0,M,,,,0000*0d
$GPRMC,085942.805,A,4831.3047,N,00744.3703,E,21.6,072.6,110826,,*38
$GPGGA,085942.824,4831.3047,N,00744.3705,E,1,03,0.0,0.0,M,,,,0000*08
$GPRMC,085942.824,A,4831.3047,N,00744.3705,E,21.6,072.5,110826,,*3e
$GPGGA,085942.855,4831.3048,N,00744.3708,E,1,03,0.0,0.0,M,,,,0000*0c
$GPRMC,085942.855,A,4831.3048,N,00744.3708,E,21.6,072.5,110826,,*3a
$GPGGA,085942.892,4831.3048,N,00744.3711,E,1,03,0.0,0.0,M,,,,0000*0f
$GPRMC,085942.892,A,4831.3048,N,00744.3711,E,21.6,072.5,110826,,*39
$GPGGA,085942.928,4831.3049,N,00744.3714,E,1,03,0.0,0.0,M,,,,0000*0b
$GPRMC,085942.928,A,4831.3049,N,00744.3714,E,21.6,072.5,110826,,*3d
$GPGGA,085942.958,4831.3050,N,00744.3718,E,1,03,0.0,0.0,M,,,,0000*08
$GPRMC,085942.958,A,4831.3050,N,00744.3718,E,21.6,072.5,110826,,*3e
$GPGGA,085942.993,4831.3051,N,00744.3721,E,1,03,0.0,0.0,M,,,,0000*04
$GPRMC,085942.993,A,4831.3051,N,00744.3721,E,21.6,072.5,110826,,*32
$GPGGA,085943.024,4831.3051,N,00744.3724,E,1,03,0.0,0.0,M,,,,0000*05
$GPRMC,085943.024,A,4831.3051,N,00744.3724,E,21.6,072.5,110826,,*33
$GPGGA,085943.057,4831.3051,N,00744.3725,E,1,03,0.0,0.0,M,,,,0000*00
$GPRMC,085943.057,A,4831.3051,N,00744.3725,E,21.6,072.5,110826,,*36
$GPGGA,085943.091,4831.3053,N,00744.3731,E,1,03,0.0,0.0,M,,,,0000*0d
$GPRMC,085943.091,A,4831.3053,N,00744.3731,E,21.6,072.4,110826,,*3a
$GPGGA,085943.109,4831.3053,N,00744.3734,E,1,03,0.0,0.0,M,,,,0000*08
$GPRMC,085943.109,A,4831.3053,N,00744.3734,E,21.6,072.4,110826,,*3f
$GPGGA,085943.148,4831.3054,N,00744.3735,E,1,03,0.0,0.0,M,,,,0000*0b
$GPRMC,085943.148,A,4831.3054,N,00744.3735,E,21.6,072.4,110826,,*3c
$GPGGA,085943.175,4831.3054,N,00744.3739,E,1,03,0.0,0.0,M,,,,0000*09
$GPRMC,085943.175,A,4831.3054,N,00744.3739,E,21.6,072.3,110826,,*39
$GPGGA,085943.211,4831.3055,N,00744.3742,E,1,03,0.0,0.0,M,,,,0000*05
$GPRMC,085943.211,A,4831.3055,N,00744.3742,E,21.6,072.3,110826,,*35
$GPGGA,085943.243,4831.3056,N,00744.3745,E,1,03,0.0,0.0,M,,,,0000*06
$GPRMC,085943.243,A,4831.3056,N,00744.3745,E,21.6,072.3,110826,,*36
$GPGGA,085943.274,4831.3056,N,00744.3749,E,1,03,0.0,0.0,M,,,,0000*0e
$GPRMC,085943.274,A,4831.3056,N,00744.3749,E,21.6,072.2,110826,,*3f
$GPGGA,085943.305,4831.3057,N,00744.3750,E,1,03,0.0,0.0,M,,,,0000*00
$GPRMC,085943.305,A,4831.3057,N,00744.3750,E,21.6,072.2,110826,,*31
$GPGGA,085943.334,4831.3057,N,00744.3754,E,1,03,0.0,0.0,M,,,,0000*06
$GPRMC,085943.334,A,4831.3057,N,00744.3754,E,21.6,072.2,110826,,*37
$GPGGA,085943.358,4831.3058,N,00744.3756,E,1,03,0.0,0.0,M,,,,0000*01
$GPRMC,085943.358,A,4831.3058,N,00744.3756,E,21.6,072.2,110826,,*30
$GPGGA,085943.396,4831.3059,N,00744.3760,E,1,03,0.0,0.0,M,,,,0000*07
$GPRMC,085943.396,A,4831.3059,N,00744.3760,E,21.6,072.2,110826,,*36
$GPGGA,085943.491,4831.3059,N,00744.3763,E,1,03,0.0,0.0,M,,,,0000*04
$GPRMC,085943.491,A,4831.3059,N,00744.3763,E,21.6,072.2,110826,,*35
$GPGGA,085943.531,4831.3062,N,00744.3773,E,1,03,0.0,0.0,M,,,,0000*06
$GPRMC,085943.531,A,4831.3062,N,00744.3773,E,21.6,072.1,110826,,*34
$GPGGA,085943.558,4831.3062,N,00744.3776,E,1,03,0.0,0.0,M,,,,0000*0c
$GPRMC,085943.558,A,4831.3062,N,00744.3776,E,21.6,072.1,110826,,*3e
$GPGGA,085943.590,4831.3063,N,00744.3779,E,1,03,0.0,0.0,M,,,,0000*06
$GPRMC,085943.590,A,4831.3063,N,00744.3779,E,21.6,072.1,110826,,*34
$GPGGA,085943.626,4831.3064,N,00744.3783,E,1,03,0.0,0.0,M,,,,0000*0a
$GPRMC,085943.626,A,4831.3064,N,00744.3783,E,21.6,072.0,110826,,*39
$GPGGA,085943.655,4831.3064,N,00744.3785,E,1,03,0.0,0.0,M,,,,0000*08
$GPRMC,085943.655,A,4831.3064,N,00744.3785,E,21.6,072.0,110826,,*3b
$GPGGA,085943.680,4831.3065,N,00744.3788,E,1,03,0.0,0.0,M,,,,0000*0c
$GPRMC,085943.680,A,4831.3065,N,00744.3788,E,21.6,072.0,110826,,*3f
$GPGGA,085943.714,4831.3065,N,00744.3791,E,1,03,0.0,0.0,M,,,,0000*08
$GPRMC,085943.714,A,4831.3065,N,00744.3791,E,21.6,071.9,110826,,*31
$GPGGA,085943.747,4831.3066,N,00744.3794,E,1,03,0.0,0.0,M,,,,0000*08
$GPRMC,085943.747,A,4831.3066,N,00744.3794,E,21.6,071.9,110826,,*31
$GPGGA,085943.777,4831.3067,N,00744.3797,E,1,03,0.0,0.0,M,,,,0000*09
$GPRMC,085943.777,A,4831.3067,N,00744.3797,E,21.6,071.9,110826,,*30
$GPGGA,085943.793,4831.3067,N,00744.3801,E,1,03,0.0,0.0,M,,,,0000*03
$GPRMC,085943.793,A,4831.3067,N,00744.3801,E,21.6,071.8,110826,,*3b
$GPGGA,085943.825,4831.3068,N,00744.3802,E,1,03,0.0,0.0,M,,,,0000*0d
$GPRMC,085943.825,A,4831.3068,N,00744.3802,E,21.6,071.8,110826,,*35
$GPGGA,085943.859,4831.3068,N,00744.3805,E,1,03,0.0,0.0,M,,,,0000*01
$GPRMC,085943.859,A,4831.3068,N,00744.3805,E,21.6,071.8,110826,,*39
$GPGGA,085943.894,4831.3069,N,00744.3809,E,1,03,0.0,0.0,M,,,,0000*0d
$GPRMC,085943.894,A,4831.3069,N,00744.3809,E,21.6,071.9,110826,,*34
$GPGGA,085943.918,4831.3070,N,00744.3812,E,1,03,0.0,0.0,M,,,,0000*0a
$GPRMC,085943.918,A,4831.3070,N,00744.3812,E,21.6,071.9,110826,,*33
$GPGGA,085943.946,4831.3070,N,00744.3814,E,1,03,0.0,0.0,M,,,,0000*07
$GPRMC,085943.946,A,4831.3070,N,00744.3814,E,21.6,071.9,110826,,*3e
$GPGGA,085943.972,4831.3071,N,00744.3816,E,1,03,0.0,0.0,M,,,,0000*03
$GPRMC,085943.972,A,4831.3071,N,00744.3816,E,21.6,071.9,110826,,*3a
$GPGGA,085943.992,4831.3071,N,00744.3819,E,1,03,0.0,0.0,M,,,,0000*02
$GPRMC,085943.992,A,4831.3071,N,00744.3819,E,21.6,072.0,110826,,*31
$GPGGA,085944.008,4831.3072,N,00744.3822,E,1,03,0.0,0.0,M,,,,0000*04
$GPRMC,085944.008,A,4831.3072,N,00744.3822,E,21.6,072.0,110826,,*37
$GPGGA,085944.047,4831.3072,N,00744.3823,E,1,03,0.0,0.0,M,,,,0000*0e
$GPRMC,085944.047,A,4831.3072,N,00744.3823,E,21.6,072.0,110826,,*3d
$GPGGA,085944.077,4831.3073,N,00744.3827,E,1,03,0.0,0.0,M,,,,0000*08
$GPRMC,085944.077,A,4831.3073,N,00744.3827,E,21.6,072.0,110826,,*3b
$GPGGA,085944.092,4831.3074,N,00744.3830,E,1,03,0.0,0.0,M,,,,0000*02
$GPRMC,085944.092,A,4831.3074,N,00744.3830,E,21.6,072.1,110826,,*30
$GPGGA,085944.123,4831.3074,N,00744.3832,E,1,03,0.0,0.0,M,,,,0000*0b
$GPRMC,085944.123,A,4831.3074,N,00744.3832,E,21.6,072.1,110826,,*39
$GPGGA,085944.141,4831.3075,N,00744.3834,E,1,03,0.0,0.0,M,,,,0000*08
$GPRMC,085944.141,A,4831.3075,N,00744.3834,E,21.6,072.1,110826,,*3a
$GPGGA,085944.180,4831.3075,N,00744.3836,E,1,03,0.0,0.0,M,,,,0000*07
$GPRMC,085944.180,A,4831.3075,N,00744.3836,E,21.6,072.1,110826,,*35
$GPGGA,085944.210,4831.3076,N,00744.3840,E,1,03,0.0,0.0,M,,,,0000*0f
$GPRMC,085944.210,A,4831.3076,N,00744.3840,E,21.6,072.2,110826,,*3e
$GPGGA,085944.227,4831.3076,N,00744.3843,E,1,03,0.0,0.0,M,,,,0000*08
$GPRMC,085944.227,A,4831.3076,N,00744.3843,E,21.6,072.2,110826,,*39
$GPGGA,085944.256,4831.3077,N,00744.3844,E,1,03,0.0,0.0,M,,,,0000*08
$GPRMC,085944.256,A,4831.3077,N,00744.3844,E,21.6,072.2,110826,,*39
$GPGGA,085944.321,4831.3077,N,00744.3847,E,1,03,0.0,0.0,M,,,,0000*0a
$GPRMC,085944.321,A,4831.3077,N,00744.3847,E,21.6,072.3,110826,,*3a
$GPGGA,085944.377,4831.3079,N,00744.3854,E,1,03,0.0,0.0,M,,,,0000*05
$GPRMC,085944.377,A,4831.3079,N,00744.3854,E,21.6,072.3,110826,,*35
$GPGGA,085944.438,4831.3080,N,00744.3859,E,1,03,0.0,0.0,M,,,,0000*02
$GPRMC,085944.438,A,4831.3080,N,00744.3859,E,21.6,072.5,110826,,*34
$GPGGA,085944.534,4831.3081,N,00744.3864,E,1,03,0.0,0.0,M,,,,0000*00
$GPRMC,085944.534,A,4831.3081,N,00744.3864,E,21.6,072.6,110826,,*35
$GPGGA,085944.541,4831.3083,N,00744.3874,E,1,03,0.0,0.0,M,,,,0000*01
$GPRMC,085944.541,A,4831.3083,N,00744.3874,E,21.6,072.8,110826,,*3a
$GPGGA,085944.586,4831.3083,N,00744.3875,E,1,03,0.0,0.0,M,,,,0000*0b
$GPRMC,085944.586,A,4831.3083,N,00744.3875,E,21.6,072.8,110826,,*30
$GPGGA,085944.629,4831.3084,N,00744.3878,E,1,03,0.0,0.0,M,,,,0000*07
$GPRMC,085944.629,A,4831.3084,N,00744.3878,E,21.6,072.9,110826,,*3d
$GPGGA,085944.675,4831.3085,N,00744.3883,E,1,03,0.0,0.0,M,,,,0000*0b
$GPRMC,085944.675,A,4831.3085,N,00744.3883,E,21.6,072.9,110826,,*31
$GPGGA,085944.721,4831.3086,N,00744.3888,E,1,03,0.0,0.0,M,,,,0000*03
$GPRMC,085944.721,A,4831.3086,N,00744.3888,E,21.6,072.9,110826,,*39
$GPGGA,085944.766,4831.3087,N,00744.3892,E,1,03,0.0,0.0,M,,,,0000*0a
$GPRMC,085944.766,A,4831.3087,N,00744.3892,E,21.6,072.8,110826,,*31
$GPGGA,085944.814,4831.3088,N,00744.3897,E,1,03,0.0,0.0,M,,,,0000*0a
$GPRMC,085944.814,A,4831.3088,N,00744.3897,E,21.6,072.8,110826,,*31
$GPGGA,085944.857,4831.3089,N,00744.3901,E,1,03,0.0,0.0,M,,,,0000*02
$GPRMC,085944.857,A,4831.3089,N,00744.3901,E,21.6,072.8,110826,,*39
$GPGGA,085944.892,4831.3090,N,00744.3906,E,1,03,0.0,0.0,M,,,,0000*04
$GPRMC,085944.892,A,4831.3090,N,00744.3906,E,21.6,072.8,110826,,*3f
$GPGGA,085944.937,4831.3090,N,00744.3910,E,1,03,0.0,0.0,M,,,,0000*0d
$GPRMC,085944.937,A,4831.3090,N,00744.3910,E,21.6,072.8,110826,,*36
$GPGGA,085944.973,4831.3091,N,00744.3913,E,1,03,0.0,0.0,M,,,,0000*0f
$GPRMC,085944.973,A,4831.3091,N,00744.3913,E,21.6,072.8,110826,,*34
$GPGGA,085945.012,4831.3092,N,00744.3916,E,1,03,0.0,0.0,M,,,,0000*06
$GPRMC,085945.012,A,4831.3092,N,00744.3916,E,21.6,072.8,110826,,*3d
$GPGGA,085945.047,4831.3093,N,00744.3921,E,1,03,0.0,0.0,M,,,,0000*03
$GPRMC,085945.047,A,4831.3093,N,00744.3921,E,21.6,072.8,110826,,*38
$GPGGA,085945.086,4831.3093,N,00744.3924,E,1,03,0.0,0.0,M,,,,0000*0b
$GPRMC,085945.086,A,4831.3093,N,00744.3924,E,21.6,072.8,110826,,*30
$GPGGA,085945.118,4831.3094,N,00744.3928,E,1,03,0.0,0.0,M,,,,0000*06
$GPRMC,085945.118,A,4831.3094,N,00744.3928,E,21.6,072.8,110826,,*3d
$GPGGA,085945.155,4831.3095,N,00744.3930,E,1,03,0.0,0.0,M,,,,0000*07
$GPRMC,085945.155,A,4831.3095,N,00744.3930,E,21.6,072.8,110826,,*3c
$GPGGA,085945.192,4831.3095,N,00744.3934,E,1,03,0.0,0.0,M,,,,0000*08
$GPRMC,085945.192,A,4831.3095,N,00744.3934,E,21.6,072.8,110826,,*33
$GPGGA,085945.228,4831.3096,N,00744.3939,E,1,03,0.0,0.0,M,,,,0000*04
$GPRMC,085945.228,A,4831.3096,N,00744.3939,E,21.6,072.8,110826,,*3f
$GPGGA,085945.259,4831.3097,N,00744.3942,E,1,03,0.0,0.0,M,,,,0000*0f
$GPRMC,085945.259,A,4831.3097,N,00744.3942,E,21.6,072.8,110826,,*34
$GPGGA,085945.298,4831.3098,N,00744.3945,E,1,03,0.0,0.0,M,,,,0000*0a
$GPRMC,085945.298,A,4831.3098,N,00744.3945,E,21.6,072.8,110826,,*31
$GPGGA,085945.338,4831.3098,N,00744.3948,E,1,03,0.0,0.0,M,,,,0000*0c
$GPRMC,085945.338,A,4831.3098,N,00744.3948,E,21.6,072.8,110826,,*37
$GPGGA,085945.375,4831.3099,N,00744.3953,E,1,03,0.0,0.0,M,,,,0000*0e
$GPRMC,085945.375,A,4831.3099,N,00744.3953,E,21.6,072.8,110826,,*35
$GPGGA,085945.416,4831.3100,N,00744.3957,E,1,03,0.0,0.0,M,,,,0000*09
$GPRMC,085945.416,A,4831.3100,N,00744.3957,E,21.6,072.8,110826,,*32
$GPGGA,085945.454,4831.3101,N,00744.3960,E,1,03,0.0,0.0,M,,,,0000*0a
$GPRMC,085945.454,A,4831.3101,N,00744.3960,E,21.6,072.8,110826,,*31
$GPGGA,085945.534,4831.3101,N,00744.3964,E,1,03,0.0,0.0,M,,,,0000*09
$GPRMC,085945.534,A,4831.3101,N,00744.3964,E,21.6,072.8,110826,,*32
$GPGGA,085945.540,4831.3103,N,00744.3971,E,1,03,0.0,0.0,M,,,,0000*0c
$GPRMC,085945.540,A,4831.3103,N,00744.3971,E,21.6,072.8,110826,,*37
$GPGGA,085945.576,4831.3103,N,00744.3973,E,1,03,0.0,0.0,M,,,,0000*0b
$GPRMC,085945.576,A,4831.3103,N,00744.3973,E,21.6,072.8,110826,,*30
$GPGGA,085945.619,4831.3104,N,00744.3976,E,1,03,0.0,0.0,M,,,,0000*03
$GPRMC,085945.619,A,4831.3104,N,00744.3976,E,21.6,072.8,110826,,*38
$GPGGA,085945.660,4831.3105,N,00744.3980,E,1,03,0.0,0.0,M,,,,0000*05
$GPRMC,085945.660,A,4831.3105,N,00744.3980,E,21.6,072.8,110826,,*3e
$GPGGA,085945.698,4831.3106,N,00744.3984,E,1,03,0.0,0.0,M,,,,0000*05
$GPRMC,085945.698,A,4831.3106,N,00744.3984,E,21.6,072.8,110826,,*3e
$GPGGA,085945.736,4831.3106,N,00744.3988,E,1,03,0.0,0.0,M,,,,0000*0c
$GPRMC,085945.736,A,4831.3106,N,00744.3988,E,21.6,072.8,110826,,*37
$GPGGA,085945.759,4831.3107,N,00744.3991,E,1,03,0.0,0.0,M,,,,0000*0c
$GPRMC,085945.759,A,4831.3107,N,00744.3991,E,21.6,072.8,110826,,*37
$GPGGA,085945.809,4831.3108,N,00744.3994,E,1,03,0.0,0.0,M,,,,0000*0c
$GPRMC,085945.809,A,4831.3108,N,00744.3994,E,21.6,072.8,110826,,*37
$GPGGA,085945.851,4831.3109,N,00744.3999,E,1,03,0.0,0.0,M,,,,0000*0d
$GPRMC,085945.851,A,4831.3109,N,00744.3999,E,21.6,072.8,110826,,*36
$GPGGA,085945.899,4831.3109,N,00744.4002,E,1,03,0.0,0.0,M,,,,0000*05
$GPRMC,085945.899,A,4831.3109,N,00744.4002,E,21.6,072.8,110826,,*3e
$GPGGA,085945.925,4831.3110,N,00744.4007,E,1,03,0.0,0.0,M,,,,0000*0e
$GPRMC,085945.925,A,4831.3110,N,00744.4007,E,21.6,072.8,110826,,*35
$GPGGA,085945.976,4831.3111,N,00744.4011,E,1,03,0.0,0.0,M,,,,0000*0e
$GPRMC,085945.976,A,4831.3111,N,00744.4011,E,21.6,072.8,110826,,*35
$GPGGA,085946.017,4831.3112,N,00744.4015,E,1,03,0.0,0.0,M,,,,0000*04
$GPRMC,085946.017,A,4831.3112,N,00744.4015,E,21.6,072.8,110826,,*3f
$GPGGA,085946.057,4831.3113,N,00744.4019,E,1,03,0.0,0.0,M,,,,0000*0d
$GPRMC,085946.057,A,4831.3113,N,00744.4019,E,21.6,072.8,110826,,*36
$GPGGA,085946.097,4831.3114,N,00744.4024,E,1,03,0.0,0.0,M,,,,0000*08
$GPRMC,085946.097,A,4831.3114,N,00744.4024,E,21.6,072.8,110826,,*33
$GPGGA,085946.135,4831.3114,N,00744.4027,E,1,03,0.0,0.0,M,,,,0000*02
$GPRMC,085946.135,A,4831.3114,N,00744.4027,E,21.6,072.8,110826,,*39
$GPGGA,085946.172,4831.3115,N,00744.4031,E,1,03,0.0,0.0,M,,,,0000*07
$GPRMC,085946.172,A,4831.3115,N,00744.4031,E,21.6,072.8,110826,,*3c
$GPGGA,085946.208,4831.3116,N,00744.4033,E,1,03,0.0,0.0,M,,,,0000*08
$GPRMC,085946.208,A,4831.3116,N,00744.4033,E,21.6,072.8,110826,,*33
$GPGGA,085946.249,4831.3117,N,00744.4038,E,1,03,0.0,0.0,M,,,,0000*07
$GPRMC,085946.249,A,4831.3117,N,00744.4038,E,21.6,072.8,110826,,*3c
$GPGGA,085946.282,4831.3117,N,00744.4042,E,1,03,0.0,0.0,M,,,,0000*0d
$GPRMC,085946.282,A,4831.3117,N,00744.4042,E,21.6,072.8,110826,,*36
$GPGGA,085946.328,4831.3118,N,00744.4045,E,1,03,0.0,0.0,M,,,,0000*04
$GPRMC,085946.328,A,4831.3118,N,00744.4045,E,21.6,072.8,110826,,*3f
$GPGGA,085946.366,4831.3119,N,00744.4050,E,1,03,0.0,0.0,M,,,,0000*0b
$GPRMC,085946.366,A,4831.3119,N,00744.4050,E,21.6,072.8,110826,,*30
$GPGGA,085946.406,4831.3120,N,00744.4053,E,1,03,0.0,0.0,M,,,,0000*03
$GPRMC,085946.406,A,4831.3120,N,00744.4053,E,21.6,072.8,110826,,*38
$GPGGA,085946.445,4831.3121,N,00744.4058,E,1,03,0.0,0.0,M,,,,0000*0e
$GPRMC,085946.445,A,4831.3121,N,00744.4058,E,21.6,072.8,110826,,*35
$GPGGA,085946.482,4831.3121,N,00744.4061,E,1,03,0.0,0.0,M,,,,0000*0f
$GPRMC,085946.482,A,4831.3121,N,00744.4061,E,21.6,072.8,110826,,*34
$GPGGA,085946.564,4831.3122,N,00744.4065,E,1,03,0.0,0.0,M,,,,0000*01
$GPRMC,085946.564,A,4831.3122,N,00744.4065,E,21.6,072.8,110826,,*3a
$GPGGA,085946.607,4831.3124,N,00744.4073,E,1,03,0.0,0.0,M,,,,0000*06
$GPRMC,085946.607,A,4831.3124,N,00744.4073,E,21.6,072.8,110826,,*3d
$GPGGA,085946.649,4831.3124,N,00744.4076,E,1,03,0.0,0.0,M,,,,0000*09
$GPRMC,085946.649,A,4831.3124,N,00744.4076,E,21.6,072.8,110826,,*32
$GPGGA,085946.694,4831.3125,N,00744.4081,E,1,03,0.0,0.0,M,,,,0000*00
$GPRMC,085946.694,A,4831.3125,N,00744.4081,E,21.6,072.8,110826,,*3b
$GPGGA,085946.759,4831.3127,N,00744.4086,E,1,03,0.0,0.0,M,,,,0000*05
$GPRMC,085946.759,A,4831.3127,N,00744.4086,E,21.6,072.8,110826,,*3e
$GPGGA,085946.811,4831.3128,N,00744.4092,E,1,03,0.0,0.0,M,,,,0000*0c
$GPRMC,085946.811,A,4831.3128,N,00744.4092,E,21.6,072.8,110826,,*37
$GPGGA,085946.866,4831.3129,N,00744.4097,E,1,03,0.0,0.0,M,,,,0000*08
$GPRMC,085946.866,A,4831.3129,N,00744.4097,E,21.6,072.8,110826,,*33
$GPGGA,085946.924,4831.3130,N,00744.4102,E,1,03,0.0,0.0,M,,,,0000*0a
$GPRMC,085946.924,A,4831.3130,N,00744.4102,E,21.6,072.8,110826,,*31
$GPGGA,085946.982,4831.3131,N,00744.4108,E,1,03,0.0,0.0,M,,,,0000*0d
$GPRMC,085946.982,A,4831.3131,N,00744.4108,E,21.6,072.8,110826,,*36
$GPGGA,085947.024,4831.3132,N,00744.4113,E,1,03,0.0,0.0,M,,,,0000*00
$GPRMC,085947.024,A,4831.3132,N,00744.4113,E,21.6,072.8,110826,,*3b
$GPGGA,085947.093,4831.3133,N,00744.4118,E,1,03,0.0,0.0,M,,,,0000*06
$GPRMC,085947.093,A,4831.3133,N,00744.4118,E,21.6,072.8,110826,,*3d
$GPGGA,085947.148,4831.3134,N,00744.4124,E,1,03,0.0,0.0,M,,,,0000*09
$GPRMC,085947.148,A,4831.3134,N,00744.4124,E,21.6,072.8,110826,,*32
$GPGGA,085947.192,4831.3135,N,00744.4130,E,1,03,0.0,0.0,M,,,,0000*0a
$GPRMC,085947.192,A,4831.3135,N,00744.4130,E,21.6,072.8,110826,,*31
$GPGGA,085947.248,4831.3136,N,00744.4134,E,1,03,0.0,0.0,M,,,,0000*09
$GPRMC,085947.248,A,4831.3136,N,00744.4134,E,21.6,072.8,110826,,*32
$GPGGA,085947.308,4831.3137,N,00744.4139,E,1,03,0.0,0.0,M,,,,0000*00
$GPRMC,085947.308,A,4831.3137,N,00744.4139,E,21.6,072.8,110826,,*3b
$GPGGA,085947.366,4831.3139,N,00744.4146,E,1,03,0.0,0.0,M,,,,0000*0e
$GPRMC,085947.366,A,4831.3139,N,00744.4146,E,21.6,072.8,110826,,*35
$GPGGA,085947.419,4831.3140,N,00744.4151,E,1,03,0.0,0.0,M,,,,0000*09
$GPRMC,085947.419,A,4831.3140,N,00744.4151,E,21.6,072.8,110826,,*32
$GPGGA,085947.473,4831.3141,N,00744.4156,E,1,03,0.0,0.0,M,,,,0000*03
$GPRMC,085947.473,A,4831.3141,N,00744.4156,E,21.6,072.8,110826,,*38
$GPGGA,085947.525,4831.3142,N,00744.4161,E,1,03,0.0,0.0,M,,,,0000*06
$GPRMC,085947.525,A,4831.3142,N,00744.4161,E,21.6,072.8,110826,,*3d
$GPGGA,085947.627,4831.3143,N,00744.4167,E,1,03,0.0,0.0,M,,,,0000*00
$GPRMC,085947.627,A,4831.3143,N,00744.4167,E,21.6,072.8,110826,,*3b
$GPGGA,085947.682,4831.3145,N,00744.4177,E,1,03,0.0,0.0,M,,,,0000*08
$GPRMC,085947.682,A,4831.3145,N,00744.4177,E,21.6,072.8,110826,,*33
$GPGGA,085947.727,4831.3146,N,00744.4182,E,1,03,0.0,0.0,M,,,,0000*0f
$GPRMC,085947.727,A,4831.3146,N,00744.4182,E,21.6,072.8,110826,,*34
$GPGGA,085947.799,4831.3147,N,00744.4187,E,1,03,0.0,0.0,M,,,,0000*0e
$GPRMC,085947.799,A,4831.3147,N,00744.4187,E,21.6,072.8,110826,,*35
$GPGGA,085947.852,4831.3148,N,00744.4193,E,1,03,0.0,0.0,M,,,,0000*0c
$GPRMC,085947.852,A,4831.3148,N,00744.4193,E,21.6,072.8,110826,,*37
$GPGGA,085947.917,4831.3149,N,00744.4198,E,1,03,0.0,0.0,M,,,,0000*06
$GPRMC,085947.917,A,4831.3149,N,00744.4198,E,21.6,072.8,110826,,*3d
$GPGGA,085947.959,4831.3151,N,00744.4205,E,1,03,0.0,0.0,M,,,,0000*02
$GPRMC,085947.959,A,4831.3151,N,00744.4205,E,21.6,072.8,110826,,*39
$GPGGA,085948.029,4831.3152,N,00744.4210,E,1,03,0.0,0.0,M,,,,0000*04
$GPRMC,085948.029,A,4831.3152,N,00744.4210,E,21.6,072.8,110826,,*3f
$GPGGA,085948.083,4831.3153,N,00744.4216,E,1,03,0.0,0.0,M,,,,0000*03
$GPRMC,085948.083,A,4831.3153,N,00744.4216,E,21.6,072.8,110826,,*38
$GPGGA,085948.136,4831.3154,N,00744.4221,E,1,03,0.0,0.0,M,,,,0000*0f
$GPRMC,085948.136,A,4831.3154,N,00744.4221,E,21.6,072.8,110826,,*34
$GPGGA,085948.182,4831.3155,N,00744.4226,E,1,03,0.0,0.0,M,,,,0000*06
$GPRMC,085948.182,A,4831.3155,N,00744.4226,E,21.6,072.8,110826,,*3d
$GPGGA,085948.238,4831.3156,N,00744.4231,E,1,03,0.0,0.0,M,,,,0000*01
$GPRMC,085948.238,A,4831.3156,N,00744.4231,E,21.6,072.8,110826,,*3a
$GPGGA,085948.282,4831.3157,N,00744.4236,E,1,03,0.0,0.0,M,,,,0000*06
$GPRMC,085948.282,A,4831.3157,N,00744.4236,E,21.6,072.8,110826,,*3d
$GPGGA,085948.329,4831.3158,N,00744.4241,E,1,03,0.0,0.0,M,,,,0000*09
$GPRMC,085948.329,A,4831.3158,N,00744.4241,E,21.6,072.8,110826,,*32
$GPGGA,085948.382,4831.3159,N,00744.4245,E,1,03,0.0,0.0,M,,,,0000*0d
$GPRMC,085948.382,A,4831.3159,N,00744.4245,E,21.6,072.8,110826,,*36
$GPGGA,085948.457,4831.3160,N,00744.4251,E,1,03,0.0,0.0,M,,,,0000*0d
$GPRMC,085948.457,A,4831.3160,N,00744.4251,E,21.6,072.8,110826,,*36
$GPGGA,085948.493,4831.3162,N,00744.4257,E,1,03,0.0,0.0,M,,,,0000*01
$GPRMC,085948.493,A,4831.3162,N,00744.4257,E,21.6,072.8,110826,,*3a
$GPGGA,085948.566,4831.3163,N,00744.4262,E,1,03,0.0,0.0,M,,,,0000*0d
$GPRMC,085948.566,A,4831.3163,N,00744.4262,E,21.6,072.8,110826,,*36
$GPGGA,085948.671,4831.3164,N,00744.4269,E,1,03,0.0,0.0,M,,,,0000*04
$GPRMC,085948.671,A,4831.3164,N,00744.4269,E,21.6,072.8,110826,,*3f
$GPGGA,085948.677,4831.3166,N,00744.4278,E,1,03,0.0,0.0,M,,,,0000*00
$GPRMC,085948.677,A,4831.3166,N,00744.4278,E,21.6,072.8,110826,,*3b
$GPGGA,085948.743,4831.3166,N,00744.4280,E,1,03,0.0,0.0,M,,,,0000*01
$GPRMC,085948.743,A,4831.3166,N,00744.4280,E,21.6,072.8,110826,,*3a
$GPGGA,085948.793,4831.3168,N,00744.4286,E,1,03,0.0,0.0,M,,,,0000*04
$GPRMC,085948.793,A,4831.3168,N,00744.4286,E,21.6,072.8,110826,,*3f
$GPGGA,085948.856,4831.3169,N,00744.4292,E,1,03,0.0,0.0,M,,,,0000*06
$GPRMC,085948.856,A,4831.3169,N,00744.4292,E,21.6,072.8,110826,,*3d
$GPGGA,085948.918,4831.3170,N,00744.4296,E,1,03,0.0,0.0,M,,,,0000*01
$GPRMC,085948.918,A,4831.3170,N,00744.4296,E,21.6,072.8,110826,,*3a
$GPGGA,085948.978,4831.3171,N,00744.4303,E,1,03,0.0,0.0,M,,,,0000*0b
$GPRMC,085948.978,A,4831.3171,N,00744.4303,E,21.6,072.8,110826,,*30
$GPGGA,085949.034,4831.3172,N,00744.4309,E,1,03,0.0,0.0,M,,,,0000*02
$GPRMC,085949.034,A,4831.3172,N,00744.4309,E,21.6,072.8,110826,,*39
$GPGGA,085949.092,4831.3173,N,00744.4314,E,1,03,0.0,0.0,M,,,,0000*03
$GPRMC,085949.092,A,4831.3173,N,00744.4314,E,21.6,072.8,110826,,*38
$GPGGA,085949.144,4831.3175,N,00744.4321,E,1,03,0.0,0.0,M,,,,0000*09
$GPRMC,085949.144,A,4831.3175,N,00744.4321,E,21.6,072.8,110826,,*32
$GPGGA,085949.202,4831.3176,N,00744.4325,E,1,03,0.0,0.0,M,,,,0000*0f
$GPRMC,085949.202,A,4831.3176,N,00744.4325,E,21.6,072.8,110826,,*34
$GPGGA,085949.252,4831.3177,N,00744.4330,E,1,03,0.0,0.0,M,,,,0000*0f
$GPRMC,085949.252,A,4831.3177,N,00744.4330,E,21.6,072.8,110826,,*34
$GPGGA,085949.308,4831.3178,N,00744.4336,E,1,03,0.0,0.0,M,,,,0000*08
$GPRMC,085949.308,A,4831.3178,N,00744.4336,E,21.6,072.8,110826,,*33
$GPGGA,085949.343,4831.3179,N,00744.4341,E,1,03,0.0,0.0,M,,,,0000*06
$GPRMC,085949.343,A,4831.3179,N,00744.4341,E,21.6,072.8,110826,,*3d
$GPGGA,085949.412,4831.3180,N,00744.4345,E,1,03,0.0,0.0,M,,,,0000*07
$GPRMC,085949.412,A,4831.3180,N,00744.4345,E,21.6,072.8,110826,,*3c
$GPGGA,085949.467,4831.3181,N,00744.4352,E,1,03,0.0,0.0,M,,,,0000*02
$GPRMC,085949.467,A,4831.3181,N,00744.4352,E,21.6,072.8,110826,,*39
$GPGGA,085949.525,4831.3182,N,00744.4357,E,1,03,0.0,0.0,M,,,,0000*03
$GPRMC,085949.525,A,4831.3182,N,00744.4357,E,21.6,072.8,110826,,*38
$GPGGA,085949.580,4831.3183,N,00744.4361,E,1,03,0.0,0.0,M,,,,0000*08
$GPRMC,085949.580,A,4831.3183,N,00744.4361,E,21.6,072.8,110826,,*33
$GPGGA,085949.661,4831.3184,N,00744.4368,E,1,03,0.0,0.0,M,,,,0000*0a
$GPRMC,085949.661,A,4831.3184,N,00744.4368,E,21.6,072.8,110826,,*31
$GPGGA,085949.681,4831.3186,N,00744.4376,E,1,03,0.0,0.0,M,,,,0000*09
$GPRMC,085949.681,A,4831.3186,N,00744.4376,E,21.6,072.8,110826,,*32
$GPGGA,085949.736,4831.3186,N,00744.4378,E,1,03,0.0,0.0,M,,,,0000*0a
$GPRMC,085949.736,A,4831.3186,N,00744.4378,E,21.6,072.8,110826,,*31
$GPGGA,085949.783,4831.3187,N,00744.4383,E,1,03,0.0,0.0,M,,,,0000*01
$GPRMC,085949.783,A,4831.3187,N,00744.4383,E,21.6,072.8,110826,,*3a
$GPGGA,085949.841,4831.3188,N,00744.4388,E,1,03,0.0,0.0,M,,,,0000*04
$GPRMC,085949.841,A,4831.3188,N,00744.4388,E,21.6,072.8,110826,,*3f
$GPGGA,085949.883,4831.3189,N,00744.4392,E,1,03,0.0,0.0,M,,,,0000*00
$GPRMC,085949.883,A,4831.3189,N,00744.4392,E,21.6,072.8,110826,,*3b
$GPGGA,085949.959,4831.3190,N,00744.4397,E,1,03,0.0,0.0,M,,,,0000*0b
$GPRMC,085949.959,A,4831.3190,N,00744.4397,E,21.6,072.8,110826,,*30
$GPGGA,085950.010,4831.3192,N,00744.4404,E,1,03,0.0,0.0,M,,,,0000*08
$GPRMC,085950.010,A,4831.3192,N,00744.4404,E,21.6,072.8,110826,,*33
$GPGGA,085950.080,4831.3193,N,00744.4410,E,1,03,0.0,0.0,M,,,,0000*05
$GPRMC,085950.080,A,4831.3193,N,00744.4410,E,21.6,072.8,110826,,*3e
$GPGGA,085950.125,4831.3194,N,00744.4417,E,1,03,0.0,0.0,M,,,,0000*0b
$GPRMC,085950.125,A,4831.3194,N,00744.4417,E,21.6,072.8,110826,,*30
$GPGGA,085950.201,4831.3195,N,00744.4422,E,1,03,0.0,0.0,M,,,,0000*09
$GPRMC,085950.201,A,4831.3195,N,00744.4422,E,21.6,072.8,110826,,*32
$GPGGA,085950.243,4831.3197,N,00744.4428,E,1,03,0.0,0.0,M,,,,0000*07
$GPRMC,085950.243,A,4831.3197,N,00744.4428,E,21.6,072.8,110826,,*3c
$GPGGA,085950.310,4831.3198,N,00744.4433,E,1,03,0.0,0.0,M,,,,0000*05
$GPRMC,085950.310,A,4831.3198,N,00744.4433,E,21.6,072.8,110826,,*3e
$GPGGA,085950.367,4831.3199,N,00744.4440,E,1,03,0.0,0.0,M,,,,0000*00
$GPRMC,085950.367,A,4831.3199,N,00744.4440,E,21.6,072.8,110826,,*3b
$GPGGA,085950.424,4831.3200,N,00744.4445,E,1,03,0.0,0.0,M,,,,0000*06
$GPRMC,085950.424,A,4831.3200,N,00744.4445,E,21.6,072.8,110826,,*3d
$GPGGA,085950.460,4831.3201,N,00744.4450,E,1,03,0.0,0.0,M,,,,0000*03
$GPRMC,085950.460,A,4831.3201,N,00744.4450,E,21.6,072.8,110826,,*38
$GPGGA,085950.523,4831.3202,N,00744.4454,E,1,03,0.0,0.0,M,,,,0000*02
$GPRMC,085950.523,A,4831.3202,N,00744.4454,E,21.6,072.8,110826,,*39
$GPGGA,085950.579,4831.3203,N,00744.4461,E,1,03,0.0,0.0,M,,,,0000*0a
$GPRMC,085950.579,A,4831.3203,N,00744.4461,E,21.6,072.8,110826,,*31
$GPGGA,085950.634,4831.3204,N,00744.4466,E,1,03,0.0,0.0,M,,,,0000*00
$GPRMC,085950.634,A,4831.3204,N,00744.4466,E,21.6,072.8,110826,,*3b
$GPGGA,085950.711,4831.3205,N,00744.4471,E,1,03,0.0,0.0,M,,,,0000*01
$GPRMC,085950.711,A,4831.3205,N,00744.4471,E,21.6,072.7,110826,,*35
$GPGGA,085950.727,4831.3207,N,00744.4479,E,1,03,0.0,0.0,M,,,,0000*0e
$GPRMC,085950.727,A,4831.3207,N,00744.4479,E,21.6,072.7,110826,,*3a
$GPGGA,085950.796,4831.3207,N,00744.4480,E,1,03,0.0,0.0,M,,,,0000*02
$GPRMC,085950.796,A,4831.3207,N,00744.4480,E,21.6,072.7,110826,,*36
$GPGGA,085950.844,4831.3209,N,00744.4487,E,1,03,0.0,0.0,M,,,,0000*0b
$GPRMC,085950.844,A,4831.3209,N,00744.4487,E,21.6,072.7,110826,,*3f
$GPGGA,085950.917,4831.3210,N,00744.4492,E,1,03,0.0,0.0,M,,,,0000*00
$GPRMC,085950.917,A,4831.3210,N,00744.4492,E,21.6,072.7,110826,,*34
$GPGGA,085950.963,4831.3211,N,00744.4498,E,1,03,0.0,0.0,M,,,,0000*08
$GPRMC,085950.963,A,4831.3211,N,00744.4498,E,21.6,072.7,110826,,*3c
$GPGGA,085951.012,4831.3212,N,00744.4503,E,1,03,0.0,0.0,M,,,,0000*06
$GPRMC,085951.012,A,4831.3212,N,00744.4503,E,21.6,072.7,110826,,*32
$GPGGA,085951.082,4831.3214,N,00744.4507,E,1,03,0.0,0.0,M,,,,0000*0d
$GPRMC,085951.082,A,4831.3214,N,00744.4507,E,21.6,071.5,110826,,*38
$GPGGA,085951.128,4831.3216,N,00744.4512,E,1,03,0.0,0.0,M,,,,0000*0a
$GPRMC,085951.128,A,4831.3216,N,00744.4512,E,21.6,070.1,110826,,*3a
$GPGGA,085951.198,4831.3217,N,00744.4515,E,1,03,0.0,0.0,M,,,,0000*07
$GPRMC,085951.198,A,4831.3217,N,00744.4515,E,21.6,068.8,110826,,*37
$GPGGA,085951.244,4831.3219,N,00744.4520,E,1,03,0.0,0.0,M,,,,0000*0d
$GPRMC,085951.244,A,4831.3219,N,00744.4520,E,21.6,067.1,110826,,*3b
$GPGGA,085951.314,4831.3220,N,00744.4524,E,1,03,0.0,0.0,M,,,,0000*07
$GPRMC,085951.314,A,4831.3220,N,00744.4524,E,21.6,065.7,110826,,*35
$GPGGA,085951.361,4831.3222,N,00744.4528,E,1,03,0.0,0.0,M,,,,0000*0b
$GPRMC,085951.361,A,4831.3222,N,00744.4528,E,21.6,064.0,110826,,*3f
$GPGGA,085951.428,4831.3224,N,00744.4532,E,1,03,0.0,0.0,M,,,,0000*0c
$GPRMC,085951.428,A,4831.3224,N,00744.4532,E,21.6,062.5,110826,,*3b
$GPGGA,085951.485,4831.3226,N,00744.4537,E,1,03,0.0,0.0,M,,,,0000*0c
$GPRMC,085951.485,A,4831.3226,N,00744.4537,E,21.6,060.6,110826,,*3a
$GPGGA,085951.542,4831.3227,N,00744.4540,E,1,03,0.0,0.0,M,,,,0000*07
$GPRMC,085951.542,A,4831.3227,N,00744.4540,E,21.6,059.0,110826,,*3d
$GPGGA,085951.598,4831.3229,N,00744.4543,E,1,03,0.0,0.0,M,,,,0000*0d
$GPRMC,085951.598,A,4831.3229,N,00744.4543,E,21.6,055.5,110826,,*3e
$GPGGA,085951.660,4831.3232,N,00744.4546,E,1,03,0.0,0.0,M,,,,0000*06
$GPRMC,085951.660,A,4831.3232,N,00744.4546,E,21.6,050.9,110826,,*3c
$GPGGA,085951.745,4831.3233,N,00744.4548,E,1,03,0.0,0.0,M,,,,0000*0f
$GPRMC,085951.745,A,4831.3233,N,00744.4548,E,21.6,047.1,110826,,*3b
$GPGGA,085951.766,4831.3237,N,00744.4552,E,1,03,0.0,0.0,M,,,,0000*01
$GPRMC,085951.766,A,4831.3237,N,00744.4552,E,21.6,039.0,110826,,*3d
$GPGGA,085951.824,4831.3238,N,00744.4553,E,1,03,0.0,0.0,M,,,,0000*06
$GPRMC,085951.824,A,4831.3238,N,00744.4553,E,21.6,037.2,110826,,*36
$GPGGA,085951.862,4831.3240,N,00744.4555,E,1,03,0.0,0.0,M,,,,0000*0d
$GPRMC,085951.862,A,4831.3240,N,00744.4555,E,21.6,033.5,110826,,*3e
$GPGGA,085951.938,4831.3242,N,00744.4558,E,1,03,0.0,0.0,M,,,,0000*0c
$GPRMC,085951.938,A,4831.3242,N,00744.4558,E,21.6,028.5,110826,,*35
$GPGGA,085951.985,4831.3244,N,00744.4561,E,1,03,0.0,0.0,M,,,,0000*06
$GPRMC,085951.985,A,4831.3244,N,00744.4561,E,21.6,022.9,110826,,*39
$GPGGA,085952.060,4831.3247,N,00744.4563,E,1,03,0.0,0.0,M,,,,0000*06
$GPRMC,085952.060,A,4831.3247,N,00744.4563,E,51.8,015.2,110826,,*3f
$GPGGA,085952.131,4831.3258,N,00744.4562,E,1,03,0.0,0.0,M,,,,0000*0c
$GPRMC,085952.131,A,4831.3258,N,00744.4562,E,51.8,347.7,110826,,*34
$GPGGA,085952.197,4831.3267,N,00744.4559,E,1,03,0.0,0.0,M,,,,0000*04
$GPRMC,085952.197,A,4831.3267,N,00744.4559,E,51.8,340.3,110826,,*3f
$GPGGA,085952.266,4831.3278,N,00744.4553,E,1,03,0.0,0.0,M,,,,0000*0d
$GPRMC,085952.266,A,4831.3278,N,00744.4553,E,51.8,340.1,110826,,*34
$GPGGA,085952.314,4831.3288,N,00744.4547,E,1,03,0.0,0.0,M,,,,0000*03
$GPRMC,085952.314,A,4831.3288,N,00744.4547,E,51.8,340.0,110826,,*3b
$GPGGA,085952.369,4831.3295,N,00744.4543,E,1,03,0.0,0.0,M,,,,0000*01
$GPRMC,085952.369,A,4831.3295,N,00744.4543,E,51.8,339.9,110826,,*3e
$GPGGA,085952.411,4831.3303,N,00744.4539,E,1,03,0.0,0.0,M,,,,0000*0a
$GPRMC,085952.411,A,4831.3303,N,00744.4539,E,51.8,339.7,110826,,*3b
$GPGGA,085952.448,4831.3311,N,00744.4534,E,1,03,0.0,0.0,M,,,,0000*08
$GPRMC,085952.448,A,4831.3311,N,00744.4534,E,51.8,339.4,110826,,*3a
$GPGGA,085952.496,4831.3316,N,00744.4532,E,1,03,0.0,0.0,M,,,,0000*0a
$GPRMC,085952.496,A,4831.3316,N,00744.4532,E,51.8,339.3,110826,,*3f
$GPGGA,085952.527,4831.3323,N,00744.4527,E,1,03,0.0,0.0,M,,,,0000*03
$GPRMC,085952.527,A,4831.3323,N,00744.4527,E,51.8,339.0,110826,,*35
$GPGGA,085952.583,4831.3329,N,00744.4524,E,1,03,0.0,0.0,M,,,,0000*04
$GPRMC,085952.583,A,4831.3329,N,00744.4524,E,51.8,338.8,110826,,*3b
$GPGGA,085952.612,4831.3336,N,00744.4520,E,1,03,0.0,0.0,M,,,,0000*05
$GPRMC,085952.612,A,4831.3336,N,00744.4520,E,51.8,338.3,110826,,*31
$GPGGA,085952.664,4831.3340,N,00744.4517,E,1,03,0.0,0.0,M,,,,0000*01
$GPRMC,085952.664,A,4831.3340,N,00744.4517,E,51.8,338.0,110826,,*36
$GPGGA,085952.745,4831.3349,N,00744.4512,E,1,03,0.0,0.0,M,,,,0000*0f
$GPRMC,085952.745,A,4831.3349,N,00744.4512,E,51.8,337.6,110826,,*31
$GPGGA,085952.803,4831.3362,N,00744.4504,E,1,03,0.0,0.0,M,,,,0000*0c
$GPRMC,085952.803,A,4831.3362,N,00744.4504,E,51.8,337.3,110826,,*37
$GPGGA,085952.835,4831.3369,N,00744.4499,E,1,03,0.0,0.0,M,,,,0000*07
$GPRMC,085952.835,A,4831.3369,N,00744.4499,E,51.8,337.2,110826,,*3d
$GPGGA,085952.865,4831.3373,N,00744.4496,E,1,03,0.0,0.0,M,,,,0000*06
$GPRMC,085952.865,A,4831.3373,N,00744.4496,E,51.8,337.1,110826,,*3f
$GPGGA,085952.913,4831.3379,N,00744.4493,E,1,03,0.0,0.0,M,,,,0000*09
$GPRMC,085952.913,A,4831.3379,N,00744.4493,E,51.8,336.9,110826,,*39
$GPGGA,085952.957,4831.3386,N,00744.4488,E,1,03,0.0,0.0,M,,,,0000*03
$GPRMC,085952.957,A,4831.3386,N,00744.4488,E,51.8,336.6,110826,,*3c
$GPGGA,085952.985,4831.3391,N,00744.4484,E,1,03,0.0,0.0,M,,,,0000*06
$GPRMC,085952.985,A,4831.3391,N,00744.4484,E,51.8,336.2,110826,,*3d
$GPGGA,085953.023,4831.3395,N,00744.4481,E,1,03,0.0,0.0,M,,,,0000*03
$GPRMC,085953.023,A,4831.3395,N,00744.4481,E,51.8,335.8,110826,,*31
$GPGGA,085953.058,4831.3401,N,00744.4478,E,1,03,0.0,0.0,M,,,,0000*03
$GPRMC,085953.058,A,4831.3401,N,00744.4478,E,51.8,335.5,110826,,*3c
$GPGGA,085953.087,4831.3406,N,00744.4474,E,1,03,0.0,0.0,M,,,,0000*0a
$GPRMC,085953.087,A,4831.3406,N,00744.4474,E,51.8,335.3,110826,,*33
$GPGGA,085953.126,4831.3411,N,00744.4470,E,1,03,0.0,0.0,M,,,,0000*02
$GPRMC,085953.126,A,4831.3411,N,00744.4470,E,51.8,335.1,110826,,*39
$GPGGA,085953.145,4831.3416,N,00744.4467,E,1,03,0.0,0.0,M,,,,0000*06
$GPRMC,085953.145,A,4831.3416,N,00744.4467,E,51.8,334.9,110826,,*34
$GPGGA,085953.194,4831.3420,N,00744.4464,E,1,03,0.0,0.0,M,,,,0000*0c
$GPRMC,085953.194,A,4831.3420,N,00744.4464,E,51.8,334.6,110826,,*31
$GPGGA,085953.229,4831.3428,N,00744.4458,E,1,03,0.0,0.0,M,,,,0000*0e
$GPRMC,085953.229,A,4831.3428,N,00744.4458,E,51.8,334.1,110826,,*34
$GPGGA,085953.261,4831.3433,N,00744.4455,E,1,03,0.0,0.0,M,,,,0000*05
$GPRMC,085953.261,A,4831.3433,N,00744.4455,E,51.8,333.8,110826,,*31
$GPGGA,085953.311,4831.3438,N,00744.4451,E,1,03,0.0,0.0,M,,,,0000*0c
$GPRMC,085953.311,A,4831.3438,N,00744.4451,E,51.8,333.4,110826,,*34
$GPGGA,085953.347,4831.3444,N,00744.4446,E,1,03,0.0,0.0,M,,,,0000*02
$GPRMC,085953.347,A,4831.3444,N,00744.4446,E,51.8,332.9,110826,,*36
$GPGGA,085953.363,4831.3448,N,00744.4443,E,1,03,0.0,0.0,M,,,,0000*0d
$GPRMC,085953.363,A,4831.3448,N,00744.4443,E,32.4,332.6,110826,,*3f
$GPGGA,085953.408,4831.3449,N,00744.4442,E,1,03,0.0,0.0,M,,,,0000*07
$GPRMC,085953.408,A,4831.3449,N,00744.4442,E,32.4,332.3,110826,,*30
$GPGGA,085953.443,4831.3453,N,00744.4439,E,1,03,0.0,0.0,M,,,,0000*0f
$GPRMC,085953.443,A,4831.3453,N,00744.4439,E,32.4,331.9,110826,,*31
$GPGGA,085953.475,4831.3455,N,00744.4437,E,1,03,0.0,0.0,M,,,,0000*02
$GPRMC,085953.475,A,4831.3455,N,00744.4437,E,32.4,331.5,110826,,*30
$GPGGA,085953.509,4831.3458,N,00744.4435,E,1,03,0.0,0.0,M,,,,0000*07
$GPRMC,085953.509,A,4831.3458,N,00744.4435,E,32.4,331.1,110826,,*31
$GPGGA,085953.540,4831.3461,N,00744.4432,E,1,03,0.0,0.0,M,,,,0000*07
$GPRMC,085953.540,A,4831.3461,N,00744.4432,E,32.4,330.6,110826,,*37
$GPGGA,085953.561,4831.3465,N,00744.4429,E,1,03,0.0,0.0,M,,,,0000*0a
$GPRMC,085953.561,A,4831.3465,N,00744.4429,E,32.4,330.3,110826,,*3f
$GPGGA,085953.593,4831.3467,N,00744.4427,E,1,03,0.0,0.0,M,,,,0000*0b
$GPRMC,085953.593,A,4831.3467,N,00744.4427,E,32.4,330.3,110826,,*3e
$GPGGA,085953.633,4831.3470,N,00744.4425,E,1,03,0.0,0.0,M,,,,0000*06
$GPRMC,085953.633,A,4831.3470,N,00744.4425,E,32.4,330.3,110826,,*33
$GPGGA,085953.662,4831.3473,N,00744.4422,E,1,03,0.0,0.0,M,,,,0000*06
$GPRMC,085953.662,A,4831.3473,N,00744.4422,E,32.4,330.3,110826,,*33
$GPGGA,085953.693,4831.3476,N,00744.4420,E,1,03,0.0,0.0,M,,,,0000*0f
$GPRMC,085953.693,A,4831.3476,N,00744.4420,E,32.4,330.3,110826,,*3a
$GPGGA,085953.763,4831.3478,N,00744.4418,E,1,03,0.0,0.0,M,,,,0000*04
$GPRMC,085953.763,A,4831.3478,N,00744.4418,E,32.4,330.3,110826,,*31
$GPGGA,085953.796,4831.3485,N,00744.4412,E,1,03,0.0,0.0,M,,,,0000*06
$GPRMC,085953.796,A,4831.3485,N,00744.4412,E,32.4,330.3,110826,,*33
$GPGGA,085953.824,4831.3488,N,00744.4409,E,1,03,0.0,0.0,M,,,,0000*07
$GPRMC,085953.824,A,4831.3488,N,00744.4409,E,32.4,330.3,110826,,*32
$GPGGA,085953.850,4831.3489,N,00744.4408,E,1,03,0.0,0.0,M,,,,0000*04
$GPRMC,085953.850,A,4831.3489,N,00744.4408,E,32.4,330.3,110826,,*31
$GPGGA,085953.884,4831.3492,N,00744.4406,E,1,03,0.0,0.0,M,,,,0000*09
$GPRMC,085953.884,A,4831.3492,N,00744.4406,E,32.4,330.3,110826,,*3c
$GPGGA,085953.912,4831.3495,N,00744.4403,E,1,03,0.0,0.0,M,,,,0000*05
$GPRMC,085953.912,A,4831.3495,N,00744.4403,E,32.4,330.3,110826,,*30
$GPGGA,085953.937,4831.3497,N,00744.4402,E,1,03,0.0,0.0,M,,,,0000*01
$GPRMC,085953.937,A,4831.3497,N,00744.4402,E,32.4,330.3,110826,,*34
$GPGGA,085953.963,4831.3500,N,00744.4399,E,1,03,0.0,0.0,M,,,,0000*0a
$GPRMC,085953.963,A,4831.3500,N,00744.4399,E,32.4,330.3,110826,,*3f
$GPGGA,085953.994,4831.3503,N,00744.4397,E,1,03,0.0,0.0,M,,,,0000*0f
$GPRMC,085953.994,A,4831.3503,N,00744.4397,E,32.4,330.3,110826,,*3a
$GPGGA,085954.046,4831.3505,N,00744.4394,E,1,03,0.0,0.0,M,,,,0000*0b
$GPRMC,085954.046,A,4831.3505,N,00744.4394,E,32.4,330.3,110826,,*3e
$GPGGA,085954.067,4831.3510,N,00744.4391,E,1,03,0.0,0.0,M,,,,0000*09
$GPRMC,085954.067,A,4831.3510,N,00744.4391,E,32.4,330.3,110826,,*3c
$GPGGA,085954.110,4831.3512,N,00744.4389,E,1,03,0.0,0.0,M,,,,0000*03
$GPRMC,085954.110,A,4831.3512,N,00744.4389,E,32.4,330.3,110826,,*36
$GPGGA,085954.129,4831.3516,N,00744.4385,E,1,03,0.0,0.0,M,,,,0000*01
$GPRMC,085954.129,A,4831.3516,N,00744.4385,E,32.4,330.3,110826,,*34
$GPGGA,085954.164,4831.3517,N,00744.4384,E,1,03,0.0,0.0,M,,,,0000*08
$GPRMC,085954.164,A,4831.3517,N,00744.4384,E,32.4,330.3,110826,,*3d
$GPGGA,085954.195,4831.3520,N,00744.4381,E,1,03,0.0,0.0,M,,,,0000*07
$GPRMC,085954.195,A,4831.3520,N,00744.4381,E,32.4,330.3,110826,,*32
$GPGGA,085954.220,4831.3523,N,00744.4379,E,1,03,0.0,0.0,M,,,,0000*0e
$GPRMC,085954.220,A,4831.3523,N,00744.4379,E,32.4,330.2,110826,,*3a
$GPGGA,085954.248,4831.3525,N,00744.4378,E,1,03,0.0,0.0,M,,,,0000*07
$GPRMC,085954.248,A,4831.3525,N,00744.4378,E,32.4,330.1,110826,,*30
$GPGGA,085954.276,4831.3527,N,00744.4375,E,1,03,0.0,0.0,M,,,,0000*05
$GPRMC,085954.276,A,4831.3527,N,00744.4375,E,32.4,330.0,110826,,*33
$GPGGA,085954.300,4831.3529,N,00744.4374,E,1,03,0.0,0.0,M,,,,0000*0a
$GPRMC,085954.300,A,4831.3529,N,00744.4374,E,32.4,330.0,110826,,*3c
$GPGGA,085954.327,4831.3532,N,00744.4371,E,1,03,0.0,0.0,M,,,,0000*00
$GPRMC,085954.327,A,4831.3532,N,00744.4371,E,32.4,329.9,110826,,*37
$GPGGA,085954.357,4831.3534,N,00744.4369,E,1,03,0.0,0.0,M,,,,0000*08
$GPRMC,085954.357,A,4831.3534,N,00744.4369,E,32.4,329.8,110826,,*3e
$GPGGA,085954.383,4831.3536,N,00744.4367,E,1,03,0.0,0.0,M,,,,0000*0d
$GPRMC,085954.383,A,4831.3536,N,00744.4367,E,32.4,329.7,110826,,*34
$GPGGA,085954.413,4831.3539,N,00744.4364,E,1,03,0.0,0.0,M,,,,0000*0f
$GPRMC,085954.413,A,4831.3539,N,00744.4364,E,32.4,329.6,110826,,*37
$GPGGA,085954.429,4831.3543,N,00744.4361,E,1,03,0.0,0.0,M,,,,0000*0e
$GPRMC,085954.429,A,4831.3543,N,00744.4361,E,32.4,329.5,110826,,*35
$GPGGA,085954.468,4831.3544,N,00744.4360,E,1,03,0.0,0.0,M,,,,0000*0d
$GPRMC,085954.468,A,4831.3544,N,00744.4360,E,32.4,329.5,110826,,*36
$GPGGA,085954.495,4831.3546,N,00744.4358,E,1,03,0.0,0.0,M,,,,0000*06
$GPRMC,085954.495,A,4831.3546,N,00744.4358,E,32.4,329.4,110826,,*3c
$GPGGA,085954.519,4831.3549,N,00744.4355,E,1,03,0.0,0.0,M,,,,0000*01
$GPRMC,085954.519,A,4831.3549,N,00744.4355,E,32.4,329.2,110826,,*3d
$GPGGA,085954.548,4831.3551,N,00744.4354,E,1,03,0.0,0.0,M,,,,0000*0d
$GPRMC,085954.548,A,4831.3551,N,00744.4354,E,32.4,329.1,110826,,*32
$GPGGA,085954.584,4831.3554,N,00744.4351,E,1,03,0.0,0.0,M,,,,0000*0d
$GPRMC,085954.584,A,4831.3554,N,00744.4351,E,32.4,328.9,110826,,*3b
$GPGGA,085954.596,4831.3557,N,00744.4349,E,1,03,0.0,0.0,M,,,,0000*04
$GPRMC,085954.596,A,4831.3557,N,00744.4349,E,32.4,328.7,110826,,*3c
$GPGGA,085954.640,4831.3558,N,00744.4347,E,1,03,0.0,0.0,M,,,,0000*0d
$GPRMC,085954.640,A,4831.3558,N,00744.4347,E,32.4,328.6,110826,,*34
$GPGGA,085954.677,4831.3561,N,00744.4344,E,1,03,0.0,0.0,M,,,,0000*00
$GPRMC,085954.677,A,4831.3561,N,00744.4344,E,32.4,328.4,110826,,*3b
$GPGGA,085954.697,4831.3565,N,00744.4340,E,1,03,0.0,0.0,M,,,,0000*0e
$GPRMC,085954.697,A,4831.3565,N,00744.4340,E,32.4,328.1,110826,,*30
$GPGGA,085954.789,4831.3566,N,00744.4339,E,1,03,0.0,0.0,M,,,,0000*0d
$GPRMC,085954.789,A,4831.3566,N,00744.4339,E,32.4,328.0,110826,,*32
$GPGGA,085954.797,4831.3574,N,00744.4332,E,1,03,0.0,0.0,M,,,,0000*0a
$GPRMC,085954.797,A,4831.3574,N,00744.4332,E,32.4,327.4,110826,,*3e
$GPGGA,085954.827,4831.3575,N,00744.4331,E,1,03,0.0,0.0,M,,,,0000*0c
$GPRMC,085954.827,A,4831.3575,N,00744.4331,E,32.4,327.3,110826,,*3f
$GPGGA,085954.846,4831.3578,N,00744.4328,E,1,03,0.0,0.0,M,,,,0000*0e
$GPRMC,085954.846,A,4831.3578,N,00744.4328,E,32.4,326.9,110826,,*36
$GPGGA,085954.890,4831.3580,N,00744.4326,E,1,03,0.0,0.0,M,,,,0000*0c
$GPRMC,085954.890,A,4831.3580,N,00744.4326,E,32.4,326.7,110826,,*3a
$GPGGA,085954.914,4831.3582,N,00744.4324,E,1,03,0.0,0.0,M,,,,0000*01
$GPRMC,085954.914,A,4831.3582,N,00744.4324,E,32.4,326.4,110826,,*34
$GPGGA,085954.946,4831.3585,N,00744.4321,E,1,03,0.0,0.0,M,,,,0000*04
$GPRMC,085954.946,A,4831.3585,N,00744.4321,E,32.4,325.8,110826,,*3e
$GPGGA,085954.972,4831.3588,N,00744.4318,E,1,03,0.0,0.0,M,,,,0000*04
$GPRMC,085954.972,A,4831.3588,N,00744.4318,E,32.4,325.3,110826,,*35
$GPGGA,085955.001,4831.3590,N,00744.4315,E,1,03,0.0,0.0,M,,,,0000*0c
$GPRMC,085955.001,A,4831.3590,N,00744.4315,E,32.4,324.8,110826,,*37
$GPGGA,085955.026,4831.3592,N,00744.4313,E,1,03,0.0,0.0,M,,,,0000*0d
$GPRMC,085955.026,A,4831.3592,N,00744.4313,E,32.4,324.5,110826,,*3b
$GPGGA,085955.045,4831.3593,N,00744.4312,E,1,03,0.0,0.0,M,,,,0000*08
$GPRMC,085955.045,A,4831.3593,N,00744.4312,E,32.4,324.2,110826,,*39
$GPGGA,085955.080,4831.3596,N,00744.4309,E,1,03,0.0,0.0,M,,,,0000*0e
$GPRMC,085955.080,A,4831.3596,N,00744.4309,E,32.4,324.1,110826,,*3c
$GPGGA,085955.105,4831.3599,N,00744.4306,E,1,03,0.0,0.0,M,,,,0000*02
$GPRMC,085955.105,A,4831.3599,N,00744.4306,E,32.4,323.9,110826,,*3f
$GPGGA,085955.129,4831.3600,N,00744.4304,E,1,03,0.0,0.0,M,,,,0000*0d
$GPRMC,085955.129,A,4831.3600,N,00744.4304,E,32.4,323.9,110826,,*30
$GPGGA,085955.152,4831.3603,N,00744.4301,E,1,03,0.0,0.0,M,,,,0000*07
$GPRMC,085955.152,A,4831.3603,N,00744.4301,E,32.4,323.7,110826,,*34
$GPGGA,085955.180,4831.3604,N,00744.4300,E,1,03,0.0,0.0,M,,,,0000*0e
$GPRMC,085955.180,A,4831.3604,N,00744.4300,E,32.4,323.6,110826,,*3c
$GPGGA,085955.197,4831.3607,N,00744.4297,E,1,03,0.0,0.0,M,,,,0000*04
$GPRMC,085955.197,A,4831.3607,N,00744.4297,E,32.4,323.5,110826,,*35
$GPGGA,085955.229,4831.3608,N,00744.4295,E,1,03,0.0,0.0,M,,,,0000*0f
$GPRMC,085955.229,A,4831.3608,N,00744.4295,E,32.4,323.4,110826,,*3f
$GPGGA,085955.246,4831.3611,N,00744.4292,E,1,03,0.0,0.0,M,,,,0000*09
$GPRMC,085955.246,A,4831.3611,N,00744.4292,E,32.4,323.2,110826,,*3f
$GPGGA,085955.277,4831.3613,N,00744.4290,E,1,03,0.0,0.0,M,,,,0000*0b
$GPRMC,085955.277,A,4831.3613,N,00744.4290,E,32.4,323.1,110826,,*3e
$GPGGA,085955.301,4831.3614,N,00744.4289,E,1,03,0.0,0.0,M,,,,0000*04
$GPRMC,085955.301,A,4831.3614,N,00744.4289,E,32.4,323.0,110826,,*30
$GPGGA,085955.327,4831.3616,N,00744.4286,E,1,03,0.0,0.0,M,,,,0000*0d
$GPRMC,085955.327,A,4831.3616,N,00744.4286,E,32.4,322.8,110826,,*30
$GPGGA,085955.346,4831.3618,N,00744.4284,E,1,03,0.0,0.0,M,,,,0000*06
$GPRMC,085955.346,A,4831.3618,N,00744.4284,E,32.4,322.6,110826,,*35
$GPGGA,085955.362,4831.3621,N,00744.4281,E,1,03,0.0,0.0,M,,,,0000*0f
$GPRMC,085955.362,A,4831.3621,N,00744.4281,E,32.4,322.3,110826,,*39
$GPGGA,085955.394,4831.3622,N,00744.4279,E,1,03,0.0,0.0,M,,,,0000*02
$GPRMC,085955.394,A,4831.3622,N,00744.4279,E,32.4,322.2,110826,,*35
$GPGGA,085955.420,4831.3624,N,00744.4277,E,1,03,0.0,0.0,M,,,,0000*02
$GPRMC,085955.420,A,4831.3624,N,00744.4277,E,32.4,321.9,110826,,*3d
$GPGGA,085955.445,4831.3626,N,00744.4275,E,1,03,0.0,0.0,M,,,,0000*01
$GPRMC,085955.445,A,4831.3626,N,00744.4275,E,32.4,321.7,110826,,*30
$GPGGA,085955.463,4831.3628,N,00744.4272,E,1,03,0.0,0.0,M,,,,0000*0c
$GPRMC,085955.463,A,4831.3628,N,00744.4272,E,32.4,321.5,110826,,*3f
$GPGGA,085955.487,4831.3630,N,00744.4270,E,1,03,0.0,0.0,M,,,,0000*0d
$GPRMC,085955.487,A,4831.3630,N,00744.4270,E,32.4,321.3,110826,,*38
$GPGGA,085955.518,4831.3631,N,00744.4269,E,1,03,0.0,0.0,M,,,,0000*03
$GPRMC,085955.518,A,4831.3631,N,00744.4269,E,32.4,321.2,110826,,*37
$GPGGA,085955.547,4831.3634,N,00744.4265,E,1,03,0.0,0.0,M,,,,0000*00
$GPRMC,085955.547,A,4831.3634,N,00744.4265,E,32.4,321.1,110826,,*37
$GPGGA,085955.582,4831.3637,N,00744.4262,E,1,03,0.0,0.0,M,,,,0000*0d
$GPRMC,085955.582,A,4831.3637,N,00744.4262,E,32.4,320.9,110826,,*33
$GPGGA,085955.611,4831.3639,N,00744.4259,E,1,03,0.0,0.0,M,,,,0000*02
$GPRMC,085955.611,A,4831.3639,N,00744.4259,E,32.4,320.6,110826,,*33
$GPGGA,085955.646,4831.3642,N,00744.4256,E,1,03,0.0,0.0,M,,,,0000*03
$GPRMC,085955.646,A,4831.3642,N,00744.4256,E,32.4,320.3,110826,,*37
$GPGGA,085955.664,4831.3644,N,00744.4253,E,1,03,0.0,0.0,M,,,,0000*00
$GPRMC,085955.664,A,4831.3644,N,00744.4253,E,32.4,320.0,110826,,*37
$GPGGA,085955.704,4831.3645,N,00744.4251,E,1,03,0.0,0.0,M,,,,0000*04
$GPRMC,085955.704,A,4831.3645,N,00744.4251,E,32.4,319.8,110826,,*31
$GPGGA,085955.802,4831.3648,N,00744.4247,E,1,03,0.0,0.0,M,,,,0000*07
$GPRMC,085955.802,A,4831.3648,N,00744.4247,E,32.4,319.5,110826,,*3f
$GPGGA,085955.841,4831.3656,N,00744.4237,E,1,03,0.0,0.0,M,,,,0000*08
$GPRMC,085955.841,A,4831.3656,N,00744.4237,E,32.4,319.0,110826,,*35
$GPGGA,085955.864,4831.3659,N,00744.4234,E,1,03,0.0,0.0,M,,,,0000*03
$GPRMC,085955.864,A,4831.3659,N,00744.4234,E,32.4,319.0,110826,,*3e
$GPGGA,085955.896,4831.3661,N,00744.4230,E,1,03,0.0,0.0,M,,,,0000*01
$GPRMC,085955.896,A,4831.3661,N,00744.4230,E,32.4,319.0,110826,,*3c
$GPGGA,085955.940,4831.3663,N,00744.4227,E,1,03,0.0,0.0,M,,,,0000*0f
$GPRMC,085955.940,A,4831.3663,N,00744.4227,E,32.4,319.0,110826,,*32
$GPGGA,085955.964,4831.3666,N,00744.4224,E,1,03,0.0,0.0,M,,,,0000*0f
$GPRMC,085955.964,A,4831.3666,N,00744.4224,E,32.4,319.0,110826,,*32
$GPGGA,085955.999,4831.3669,N,00744.4220,E,1,03,0.0,0.0,M,,,,0000*06
$GPRMC,085955.999,A,4831.3669,N,00744.4220,E,32.4,319.0,110826,,*3b
$GPGGA,085956.033,4831.3671,N,00744.4218,E,1,03,0.0,0.0,M,,,,0000*0e
$GPRMC,085956.033,A,4831.3671,N,00744.4218,E,32.4,319.0,110826,,*33
$GPGGA,085956.067,4831.3674,N,00744.4214,E,1,03,0.0,0.0,M,,,,0000*06
$GPRMC,085956.067,A,4831.3674,N,00744.4214,E,32.4,319.0,110826,,*3b
$GPGGA,085956.096,4831.3676,N,00744.4210,E,1,03,0.0,0.0,M,,,,0000*0e
$GPRMC,085956.096,A,4831.3676,N,00744.4210,E,32.4,319.0,110826,,*33
$GPGGA,085956.131,4831.3679,N,00744.4207,E,1,03,0.0,0.0,M,,,,0000*0b
$GPRMC,085956.131,A,4831.3679,N,00744.4207,E,32.4,319.0,110826,,*36
$GPGGA,085956.163,4831.3681,N,00744.4204,E,1,03,0.0,0.0,M,,,,0000*08
$GPRMC,085956.163,A,4831.3681,N,00744.4204,E,32.4,319.0,110826,,*35
$GPGGA,085956.196,4831.3684,N,00744.4200,E,1,03,0.0,0.0,M,,,,0000*03
$GPRMC,085956.196,A,4831.3684,N,00744.4200,E,32.4,319.0,110826,,*3e
$GPGGA,085956.214,4831.3686,N,00744.4198,E,1,03,0.0,0.0,M,,,,0000*0a
$GPRMC,085956.214,A,4831.3686,N,00744.4198,E,32.4,319.0,110826,,*37
$GPGGA,085956.257,4831.3688,N,00744.4195,E,1,03,0.0,0.0,M,,,,0000*0e
$GPRMC,085956.257,A,4831.3688,N,00744.4195,E,32.4,319.0,110826,,*33
$GPGGA,085956.304,4831.3691,N,00744.4191,E,1,03,0.0,0.0,M,,,,0000*05
$GPRMC,085956.304,A,4831.3691,N,00744.4191,E,32.4,319.0,110826,,*38
$GPGGA,085956.333,4831.3694,N,00744.4187,E,1,03,0.0,0.0,M,,,,0000*03
$GPRMC,085956.333,A,4831.3694,N,00744.4187,E,32.4,319.0,110826,,*3e
$GPGGA,085956.366,4831.3697,N,00744.4183,E,1,03,0.0,0.0,M,,,,0000*04
$GPRMC,085956.366,A,4831.3697,N,00744.4183,E,32.4,319.0,110826,,*39
$GPGGA,085956.404,4831.3699,N,00744.4180,E,1,03,0.0,0.0,M,,,,0000*0a
$GPRMC,085956.404,A,4831.3699,N,00744.4180,E,32.4,319.0,110826,,*37
$GPGGA,085956.437,4831.3702,N,00744.4177,E,1,03,0.0,0.0,M,,,,0000*01
$GPRMC,085956.437,A,4831.3702,N,00744.4177,E,32.4,319.0,110826,,*3c
$GPGGA,085956.470,4831.3705,N,00744.4173,E,1,03,0.0,0.0,M,,,,0000*01
$GPRMC,085956.470,A,4831.3705,N,00744.4173,E,32.4,319.0,110826,,*3c
$GPGGA,085956.500,4831.3707,N,00744.4170,E,1,03,0.0,0.0,M,,,,0000*06
$GPRMC,085956.500,A,4831.3707,N,00744.4170,E,32.4,319.0,110826,,*3b
$GPGGA,085956.537,4831.3710,N,00744.4167,E,1,03,0.0,0.0,M,,,,0000*02
$GPRMC,085956.537,A,4831.3710,N,00744.4167,E,32.4,319.0,110826,,*3f
$GPGGA,085956.568,4831.3712,N,00744.4163,E,1,03,0.0,0.0,M,,,,0000*0e
$GPRMC,085956.568,A,4831.3712,N,00744.4163,E,32.4,319.0,110826,,*33
$GPGGA,085956.595,4831.3715,N,00744.4160,E,1,03,0.0,0.0,M,,,,0000*08
$GPRMC,085956.595,A,4831.3715,N,00744.4160,E,32.4,319.0,110826,,*35
$GPGGA,085956.627,4831.3717,N,00744.4157,E,1,03,0.0,0.0,M,,,,0000*04
$GPRMC,085956.627,A,4831.3717,N,00744.4157,E,32.4,319.0,110826,,*39
$GPGGA,085956.652,4831.3720,N,00744.4153,E,1,03,0.0,0.0,M,,,,0000*06
$GPRMC,085956.652,A,4831.3720,N,00744.4153,E,32.4,319.0,110826,,*3b
$GPGGA,085956.688,4831.3721,N,00744.4152,E,1,03,0.0,0.0,M,,,,0000*01
$GPRMC,085956.688,A,4831.3721,N,00744.4152,E,32.4,319.0,110826,,*3c
$GPGGA,085956.720,4831.3723,N,00744.4149,E,1,03,0.0,0.0,M,,,,0000*0a
$GPRMC,085956.720,A,4831.3723,N,00744.4149,E,32.4,319.0,110826,,*37
$GPGGA,085956.824,4831.3726,N,00744.4145,E,1,03,0.0,0.0,M,,,,0000*08
$GPRMC,085956.824,A,4831.3726,N,00744.4145,E,32.4,319.0,110826,,*35
$GPGGA,085956.831,4831.3734,N,00744.4135,E,1,03,0.0,0.0,M,,,,0000*08
$GPRMC,085956.831,A,4831.3734,N,00744.4135,E,32.4,319.0,110826,,*35
$GPGGA,085956.868,4831.3735,N,00744.4133,E,1,03,0.0,0.0,M,,,,0000*03
$GPRMC,085956.868,A,4831.3735,N,00744.4133,E,32.4,319.0,110826,,*3e
$GPGGA,085956.912,4831.3738,N,00744.4130,E,1,03,0.0,0.0,M,,,,0000*01
$GPRMC,085956.912,A,4831.3738,N,00744.4130,E,32.4,319.0,110826,,*3c
$GPGGA,085956.931,4831.3741,N,00744.4126,E,1,03,0.0,0.0,M,,,,0000*09
$GPRMC,085956.931,A,4831.3741,N,00744.4126,E,32.4,319.0,110826,,*34
$GPGGA,085956.963,4831.3743,N,00744.4123,E,1,03,0.0,0.0,M,,,,0000*09
$GPRMC,085956.963,A,4831.3743,N,00744.4123,E,32.4,319.0,110826,,*34
$GPGGA,085957.005,4831.3745,N,00744.4120,E,1,03,0.0,0.0,M,,,,0000*04
$GPRMC,085957.005,A,4831.3745,N,00744.4120,E,32.4,319.0,110826,,*39
$GPGGA,085957.037,4831.3748,N,00744.4116,E,1,03,0.0,0.0,M,,,,0000*0d
$GPRMC,085957.037,A,4831.3748,N,00744.4116,E,32.4,319.0,110826,,*30
$GPGGA,085957.069,4831.3751,N,00744.4113,E,1,03,0.0,0.0,M,,,,0000*0b
$GPRMC,085957.069,A,4831.3751,N,00744.4113,E,32.4,318.8,110826,,*3f
$GPGGA,085957.102,4831.3753,N,00744.4110,E,1,03,0.0,0.0,M,,,,0000*06
$GPRMC,085957.102,A,4831.3753,N,00744.4110,E,32.4,318.7,110826,,*3d
$GPGGA,085957.133,4831.3756,N,00744.4106,E,1,03,0.0,0.0,M,,,,0000*06
$GPRMC,085957.133,A,4831.3756,N,00744.4106,E,32.4,318.5,110826,,*3f
$GPGGA,085957.163,4831.3758,N,00744.4102,E,1,03,0.0,0.0,M,,,,0000*09
$GPRMC,085957.163,A,4831.3758,N,00744.4102,E,32.4,318.4,110826,,*31
$GPGGA,085957.194,4831.3759,N,00744.4101,E,1,03,0.0,0.0,M,,,,0000*03
$GPRMC,085957.194,A,4831.3759,N,00744.4101,E,32.4,318.3,110826,,*3c
$GPGGA,085957.225,4831.3762,N,00744.4097,E,1,03,0.0,0.0,M,,,,0000*0c
$GPRMC,085957.225,A,4831.3762,N,00744.4097,E,32.4,318.2,110826,,*32
$GPGGA,085957.248,4831.3765,N,00744.4094,E,1,03,0.0,0.0,M,,,,0000*03
$GPRMC,085957.248,A,4831.3765,N,00744.4094,E,32.4,318.0,110826,,*3f
$GPGGA,085957.286,4831.3767,N,00744.4091,E,1,03,0.0,0.0,M,,,,0000*06
$GPRMC,085957.286,A,4831.3767,N,00744.4091,E,32.4,317.9,110826,,*3c
$GPGGA,085957.322,4831.3769,N,00744.4087,E,1,03,0.0,0.0,M,,,,0000*00
$GPRMC,085957.322,A,4831.3769,N,00744.4087,E,32.4,317.7,110826,,*34
$GPGGA,085957.354,4831.3772,N,00744.4083,E,1,03,0.0,0.0,M,,,,0000*0f
$GPRMC,085957.354,A,4831.3772,N,00744.4083,E,32.4,317.6,110826,,*3a
$GPGGA,085957.389,4831.3774,N,00744.4080,E,1,03,0.0,0.0,M,,,,0000*0a
$GPRMC,085957.389,A,4831.3774,N,00744.4080,E,32.4,317.4,110826,,*3d
$GPGGA,085957.423,4831.3777,N,00744.4077,E,1,03,0.0,0.0,M,,,,0000*06
$GPRMC,085957.423,A,4831.3777,N,00744.4077,E,32.4,317.1,110826,,*34
$GPGGA,085957.456,4831.3779,N,00744.4073,E,1,03,0.0,0.0,M,,,,0000*0e
$GPRMC,085957.456,A,4831.3779,N,00744.4073,E,32.4,316.8,110826,,*34
$GPGGA,085957.480,4831.3782,N,00744.4069,E,1,03,0.0,0.0,M,,,,0000*0a
$GPRMC,085957.480,A,4831.3782,N,00744.4069,E,32.4,316.5,110826,,*3d
$GPGGA,085957.523,4831.3784,N,00744.4066,E,1,03,0.0,0.0,M,,,,0000*0b
$GPRMC,085957.523,A,4831.3784,N,00744.4066,E,32.4,316.3,110826,,*3a
$GPGGA,085957.555,4831.3786,N,00744.4062,E,1,03,0.0,0.0,M,,,,0000*0c
$GPRMC,085957.555,A,4831.3786,N,00744.4062,E,32.4,316.0,110826,,*3e
$GPGGA,085957.581,4831.3788,N,00744.4059,E,1,03,0.0,0.0,M,,,,0000*03
$GPRMC,085957.581,A,4831.3788,N,00744.4059,E,32.4,315.7,110826,,*35
$GPGGA,085957.613,4831.3791,N,00744.4055,E,1,03,0.0,0.0,M,,,,0000*0f
$GPRMC,085957.613,A,4831.3791,N,00744.4055,E,32.4,315.4,110826,,*3a
$GPGGA,085957.655,4831.3794,N,00744.4052,E,1,03,0.0,0.0,M,,,,0000*0f
$GPRMC,085957.655,A,4831.3794,N,00744.4052,E,32.4,315.1,110826,,*3f
$GPGGA,085957.681,4831.3796,N,00744.4048,E,1,03,0.0,0.0,M,,,,0000*0f
$GPRMC,085957.681,A,4831.3796,N,00744.4048,E,32.4,314.8,110826,,*37
$GPGGA,085957.722,4831.3799,N,00744.4044,E,1,03,0.0,0.0,M,,,,0000*04
$GPRMC,085957.722,A,4831.3799,N,00744.4044,E,32.4,314.3,110826,,*37
$GPGGA,085957.829,4831.3801,N,00744.4041,E,1,03,0.0,0.0,M,,,,0000*0b
$GPRMC,085957.829,A,4831.3801,N,00744.4041,E,32.4,314.0,110826,,*3b
$GPGGA,085957.830,4831.3808,N,00744.4029,E,1,03,0.0,0.0,M,,,,0000*04
$GPRMC,085957.830,A,4831.3808,N,00744.4029,E,32.4,312.1,110826,,*33
$GPGGA,085957.872,4831.3809,N,00744.4027,E,1,03,0.0,0.0,M,,,,0000*0d
$GPRMC,085957.872,A,4831.3809,N,00744.4027,E,32.4,311.9,110826,,*31
$GPGGA,085957.914,4831.3811,N,00744.4024,E,1,03,0.0,0.0,M,,,,0000*06
$GPRMC,085957.914,A,4831.3811,N,00744.4024,E,32.4,311.4,110826,,*37
$GPGGA,085957.949,4831.3815,N,00744.4018,E,1,03,0.0,0.0,M,,,,0000*05
$GPRMC,085957.949,A,4831.3815,N,00744.4018,E,32.4,311.2,110826,,*32
$GPGGA,085957.983,4831.3817,N,00744.4014,E,1,03,0.0,0.0,M,,,,0000*0d
$GPRMC,085957.983,A,4831.3817,N,00744.4014,E,32.4,311.2,110826,,*3a
$GPGGA,085958.013,4831.3819,N,00744.4010,E,1,03,0.0,0.0,M,,,,0000*08
$GPRMC,085958.013,A,4831.3819,N,00744.4010,E,32.4,311.2,110826,,*3f
$GPGGA,085958.045,4831.3821,N,00744.4006,E,1,03,0.0,0.0,M,,,,0000*07
$GPRMC,085958.045,A,4831.3821,N,00744.4006,E,32.4,311.2,110826,,*30
$GPGGA,085958.079,4831.3823,N,00744.4003,E,1,03,0.0,0.0,M,,,,0000*0f
$GPRMC,085958.079,A,4831.3823,N,00744.4003,E,32.4,311.3,110826,,*39
$GPGGA,085958.098,4831.3826,N,00744.3999,E,1,03,0.0,0.0,M,,,,0000*08
$GPRMC,085958.098,A,4831.3826,N,00744.3999,E,32.4,311.3,110826,,*3e
$GPGGA,085958.136,4831.3827,N,00744.3997,E,1,03,0.0,0.0,M,,,,0000*02
$GPRMC,085958.136,A,4831.3827,N,00744.3997,E,32.4,311.3,110826,,*34
$GPGGA,085958.169,4831.3829,N,00744.3993,E,1,03,0.0,0.0,M,,,,0000*02
$GPRMC,085958.169,A,4831.3829,N,00744.3993,E,32.4,311.3,110826,,*34
$GPGGA,085958.202,4831.3831,N,00744.3989,E,1,03,0.0,0.0,M,,,,0000*0e
$GPRMC,085958.202,A,4831.3831,N,00744.3989,E,32.4,311.3,110826,,*38
$GPGGA,085958.231,4831.3834,N,00744.3985,E,1,03,0.0,0.0,M,,,,0000*07
$GPRMC,085958.231,A,4831.3834,N,00744.3985,E,32.4,311.3,110826,,*31
$GPGGA,085958.263,4831.3836,N,00744.3982,E,1,03,0.0,0.0,M,,,,0000*05
$GPRMC,085958.263,A,4831.3836,N,00744.3982,E,32.4,311.3,110826,,*33
$GPGGA,085958.301,4831.3838,N,00744.3978,E,1,03,0.0,0.0,M,,,,0000*0b
$GPRMC,085958.301,A,4831.3838,N,00744.3978,E,32.4,311.3,110826,,*3d
$GPGGA,085958.331,4831.3840,N,00744.3974,E,1,03,0.0,0.0,M,,,,0000*0b
$GPRMC,085958.331,A,4831.3840,N,00744.3974,E,32.4,311.3,110826,,*3d
$GPGGA,085958.363,4831.3843,N,00744.3970,E,1,03,0.0,0.0,M,,,,0000*0b
$GPRMC,085958.363,A,4831.3843,N,00744.3970,E,32.4,311.3,110826,,*3d
$GPGGA,085958.398,4831.3845,N,00744.3966,E,1,03,0.0,0.0,M,,,,0000*0e
$GPRMC,085958.398,A,4831.3845,N,00744.3966,E,32.4,311.3,110826,,*38
$GPGGA,085958.428,4831.3847,N,00744.3962,E,1,03,0.0,0.0,M,,,,0000*04
$GPRMC,085958.428,A,4831.3847,N,00744.3962,E,32.4,311.3,110826,,*32
$GPGGA,085958.458,4831.3848,N,00744.3960,E,1,03,0.0,0.0,M,,,,0000*0e
$GPRMC,085958.458,A,4831.3848,N,00744.3960,E,32.4,311.3,110826,,*38
$GPGGA,085958.487,4831.3850,N,00744.3956,E,1,03,0.0,0.0,M,,,,0000*00
$GPRMC,085958.487,A,4831.3850,N,00744.3956,E,32.4,311.3,110826,,*36
$GPGGA,085958.520,4831.3853,N,00744.3952,E,1,03,0.0,0.0,M,,,,0000*0b
$GPRMC,085958.520,A,4831.3853,N,00744.3952,E,32.4,311.3,110826,,*3d
$GPGGA,085958.543,4831.3855,N,00744.3948,E,1,03,0.0,0.0,M,,,,0000*03
$GPRMC,085958.543,A,4831.3855,N,00744.3948,E,32.4,311.3,110826,,*35
$GPGGA,085958.565,4831.3856,N,00744.3947,E,1,03,0.0,0.0,M,,,,0000*0b
$GPRMC,085958.565,A,4831.3856,N,00744.3947,E,32.4,311.3,110826,,*3d
$GPGGA,085958.590,4831.3858,N,00744.3943,E,1,03,0.0,0.0,M,,,,0000*0b
$GPRMC,085958.590,A,4831.3858,N,00744.3943,E,32.4,311.3,110826,,*3d
$GPGGA,085958.614,4831.3859,N,00744.3941,E,1,03,0.0,0.0,M,,,,0000*07
$GPRMC,085958.614,A,4831.3859,N,00744.3941,E,32.4,311.3,110826,,*31
$GPGGA,085958.638,4831.3862,N,00744.3937,E,1,03,0.0,0.0,M,,,,0000*00
$GPRMC,085958.638,A,4831.3862,N,00744.3937,E,32.4,311.3,110826,,*36
$GPGGA,085958.658,4831.3863,N,00744.3935,E,1,03,0.0,0.0,M,,,,0000*05
$GPRMC,085958.658,A,4831.3863,N,00744.3935,E,32.4,311.3,110826,,*33
$GPGGA,085958.680,4831.3864,N,00744.3934,E,1,03,0.0,0.0,M,,,,0000*06
$GPRMC,085958.680,A,4831.3864,N,00744.3934,E,32.4,311.4,110826,,*37
$GPGGA,085958.700,4831.3866,N,00744.3930,E,1,03,0.0,0.0,M,,,,0000*09
$GPRMC,085958.700,A,4831.3866,N,00744.3930,E,32.4,311.4,110826,,*38
$GPGGA,085958.725,4831.3867,N,00744.3928,E,1,03,0.0,0.0,M,,,,0000*06
$GPRMC,085958.725,A,4831.3867,N,00744.3928,E,32.4,311.4,110826,,*37
$GPGGA,085958.813,4831.3868,N,00744.3925,E,1,03,0.0,0.0,M,,,,0000*0e
$GPRMC,085958.813,A,4831.3868,N,00744.3925,E,32.4,311.4,110826,,*3f
$GPGGA,085958.819,4831.3874,N,00744.3916,E,1,03,0.0,0.0,M,,,,0000*09
$GPRMC,085958.819,A,4831.3874,N,00744.3916,E,32.4,311.4,110826,,*38
$GPGGA,085958.845,4831.3875,N,00744.3914,E,1,03,0.0,0.0,M,,,,0000*03
$GPRMC,085958.845,A,4831.3875,N,00744.3914,E,32.4,311.4,110826,,*32
$GPGGA,085958.864,4831.3876,N,00744.3912,E,1,03,0.0,0.0,M,,,,0000*05
$GPRMC,085958.864,A,4831.3876,N,00744.3912,E,32.4,311.4,110826,,*34
$GPGGA,085958.895,4831.3878,N,00744.3908,E,1,03,0.0,0.0,M,,,,0000*0e
$GPRMC,085958.895,A,4831.3878,N,00744.3908,E,32.4,311.4,110826,,*3f
$GPGGA,085958.923,4831.3881,N,00744.3904,E,1,03,0.0,0.0,M,,,,0000*08
$GPRMC,085958.923,A,4831.3881,N,00744.3904,E,32.4,311.4,110826,,*39
$GPGGA,085958.946,4831.3882,N,00744.3903,E,1,03,0.0,0.0,M,,,,0000*0f
$GPRMC,085958.946,A,4831.3882,N,00744.3903,E,32.4,311.4,110826,,*3e
$GPGGA,085958.964,4831.3884,N,00744.3899,E,1,03,0.0,0.0,M,,,,0000*0b
$GPRMC,085958.964,A,4831.3884,N,00744.3899,E,32.4,311.4,110826,,*3a
$GPGGA,085958.990,4831.3885,N,00744.3897,E,1,03,0.0,0.0,M,,,,0000*0f
$GPRMC,085958.990,A,4831.3885,N,00744.3897,E,32.4,311.4,110826,,*3e
$GPGGA,085959.011,4831.3887,N,00744.3895,E,1,03,0.0,0.0,M,,,,0000*0e
$GPRMC,085959.011,A,4831.3887,N,00744.3895,E,32.4,311.4,110826,,*3f
$GPGGA,085959.036,4831.3888,N,00744.3891,E,1,03,0.0,0.0,M,,,,0000*00
$GPRMC,085959.036,A,4831.3888,N,00744.3891,E,32.4,311.4,110826,,*31
$GPGGA,085959.058,4831.3889,N,00744.3890,E,1,03,0.0,0.0,M,,,,0000*08
$GPRMC,085959.058,A,4831.3889,N,00744.3890,E,32.4,311.4,110826,,*39
$GPGGA,085959.080,4831.3891,N,00744.3887,E,1,03,0.0,0.0,M,,,,0000*02
$GPRMC,085959.080,A,4831.3891,N,00744.3887,E,32.4,311.4,110826,,*33
$GPGGA,085959.099,4831.3892,N,00744.3886,E,1,03,0.0,0.0,M,,,,0000*08
$GPRMC,085959.099,A,4831.3892,N,00744.3886,E,32.4,311.4,110826,,*39
$GPGGA,085959.125,4831.3894,N,00744.3881,E,1,03,0.0,0.0,M,,,,0000*0f
$GPRMC,085959.125,A,4831.3894,N,00744.3881,E,32.4,311.4,110826,,*3e
$GPGGA,085959.150,4831.3895,N,00744.3880,E,1,03,0.0,0.0,M,,,,0000*0d
$GPRMC,085959.150,A,4831.3895,N,00744.3880,E,32.4,311.4,110826,,*3c
$GPGGA,085959.172,4831.3897,N,00744.3876,E,1,03,0.0,0.0,M,,,,0000*06
$GPRMC,085959.172,A,4831.3897,N,00744.3876,E,32.4,311.4,110826,,*37
$GPGGA,085959.192,4831.3899,N,00744.3873,E,1,03,0.0,0.0,M,,,,0000*03
$GPRMC,085959.192,A,4831.3899,N,00744.3873,E,32.4,311.4,110826,,*32
$GPGGA,085959.198,4831.3900,N,00744.3872,E,1,03,0.0,0.0,M,,,,0000*09
$GPRMC,085959.198,A,4831.3900,N,00744.3872,E,32.4,311.4,110826,,*38
$GPGGA,085959.239,4831.3901,N,00744.3870,E,1,03,0.0,0.0,M,,,,0000*02
$GPRMC,085959.239,A,4831.3901,N,00744.3870,E,32.4,311.4,110826,,*33
$GPGGA,085959.262,4831.3903,N,00744.3866,E,1,03,0.0,0.0,M,,,,0000*09
$GPRMC,085959.262,A,4831.3903,N,00744.3866,E,32.4,311.4,110826,,*38
$GPGGA,085959.281,4831.3904,N,00744.3864,E,1,03,0.0,0.0,M,,,,0000*01
$GPRMC,085959.281,A,4831.3904,N,00744.3864,E,32.4,311.3,110826,,*37
$GPGGA,085959.305,4831.3906,N,00744.3860,E,1,03,0.0,0.0,M,,,,0000*0a
$GPRMC,085959.305,A,4831.3906,N,00744.3860,E,32.4,311.1,110826,,*3e
$GPGGA,085959.328,4831.3908,N,00744.3858,E,1,03,0.0,0.0,M,,,,0000*00
$GPRMC,085959.328,A,4831.3908,N,00744.3858,E,32.4,311.0,110826,,*35
$GPGGA,085959.351,4831.3910,N,00744.3854,E,1,03,0.0,0.0,M,,,,0000*0b
$GPRMC,085959.351,A,4831.3910,N,00744.3854,E,32.4,310.9,110826,,*36
$GPGGA,085959.373,4831.3911,N,00744.3852,E,1,03,0.0,0.0,M,,,,0000*0c
$GPRMC,085959.373,A,4831.3911,N,00744.3852,E,32.4,310.8,110826,,*30
$GPGGA,085959.413,4831.3912,N,00744.3850,E,1,03,0.0,0.0,M,,,,0000*0c
$GPRMC,085959.413,A,4831.3912,N,00744.3850,E,32.4,310.7,110826,,*3f
$GPGGA,085959.465,4831.3915,N,00744.3844,E,1,03,0.0,0.0,M,,,,0000*0f
$GPRMC,085959.465,A,4831.3915,N,00744.3844,E,32.4,310.5,110826,,*3e
$GPGGA,085959.506,4831.3918,N,00744.3838,E,1,03,0.0,0.0,M,,,,0000*0d
$GPRMC,085959.506,A,4831.3918,N,00744.3838,E,32.4,310.3,110826,,*3a
$GPGGA,085959.548,4831.3921,N,00744.3834,E,1,03,0.0,0.0,M,,,,0000*01
$GPRMC,085959.548,A,4831.3921,N,00744.3834,E,32.4,310.1,110826,,*34
$GPGGA,085959.594,4831.3924,N,00744.3828,E,1,03,0.0,0.0,M,,,,0000*08
$GPRMC,085959.594,A,4831.3924,N,00744.3828,E,32.4,309.9,110826,,*3d
$GPGGA,085959.615,4831.3926,N,00744.3824,E,1,03,0.0,0.0,M,,,,0000*0c
$GPRMC,085959.615,A,4831.3926,N,00744.3824,E,32.4,309.7,110826,,*37
$GPGGA,085959.662,4831.3928,N,00744.3821,E,1,03,0.0,0.0,M,,,,0000*07
$GPRMC,085959.662,A,4831.3928,N,00744.3821,E,32.4,309.4,110826,,*3f
$GPGGA,085959.696,4831.3930,N,00744.3817,E,1,03,0.0,0.0,M,,,,0000*00
$GPRMC,085959.696,A,4831.3930,N,00744.3817,E,32.4,309.1,110826,,*3d
$GPGGA,085959.731,4831.3932,N,00744.3812,E,1,03,0.0,0.0,M,,,,0000*0b
$GPRMC,085959.731,A,4831.3932,N,00744.3812,E,32.4,308.8,110826,,*3e
$GPGGA,085959.815,4831.3935,N,00744.3806,E,1,03,0.0,0.0,M,,,,0000*00
$GPRMC,085959.815,A,4831.3935,N,00744.3806,E,32.4,308.3,110826,,*3e
$GPGGA,085959.865,4831.3941,N,00744.3796,E,1,03,0.0,0.0,M,,,,0000*02
$GPRMC,085959.865,A,4831.3941,N,00744.3796,E,32.4,307.5,110826,,*35
$GPGGA,085959.909,4831.3944,N,00744.3790,E,1,03,0.0,0.0,M,,,,0000*0a
$GPRMC,085959.909,A,4831.3944,N,00744.3790,E,32.4,307.0,110826,,*38
$GPGGA,085959.944,4831.3946,N,00744.3787,E,1,03,0.0,0.0,M,,,,0000*07
$GPRMC,085959.944,A,4831.3946,N,00744.3787,E,32.4,306.7,110826,,*33
$GPGGA,085959.979,4831.3948,N,00744.3782,E,1,03,0.0,0.0,M,,,,0000*02
$GPRMC,085959.979,A,4831.3948,N,00744.3782,E,32.4,306.3,110826,,*32
$GPGGA,085959.998,4831.3951,N,00744.3776,E,1,03,0.0,0.0,M,,,,0000*0e
$GPRMC,085959.998,A,4831.3951,N,00744.3776,E,32.4,305.4,110826,,*3a
$GPGGA,090000.045,4831.3951,N,00744.3774,E,1,03,0.0,0.0,M,,,,0000*04
$GPRMC,090000.045,A,4831.3951,N,00744.3774,E,32.4,305.1,110826,,*35
$GPGGA,090000.082,4831.3953,N,00744.3770,E,1,03,0.0,0.0,M,,,,0000*09
$GPRMC,090000.082,A,4831.3953,N,00744.3770,E,32.4,304.5,110826,,*3d
$GPGGA,090000.112,4831.3956,N,00744.3764,E,1,03,0.0,0.0,M,,,,0000*01
$GPRMC,090000.112,A,4831.3956,N,00744.3764,E,32.4,303.5,110826,,*32
$GPGGA,090000.131,4831.3957,N,00744.3761,E,1,03,0.0,0.0,M,,,,0000*04
$GPRMC,090000.131,A,4831.3957,N,00744.3761,E,32.4,303.1,110826,,*33
$GPGGA,090000.163,4831.3959,N,00744.3756,E,1,03,0.0,0.0,M,,,,0000*09
$GPRMC,090000.163,A,4831.3959,N,00744.3756,E,32.4,302.9,110826,,*37
$GPGGA,090000.198,4831.3961,N,00744.3753,E,1,03,0.0,0.0,M,,,,0000*03
$GPRMC,090000.198,A,4831.3961,N,00744.3753,E,32.4,302.9,110826,,*3d
$GPGGA,090000.239,4831.3963,N,00744.3748,E,1,03,0.0,0.0,M,,,,0000*03
$GPRMC,090000.239,A,4831.3963,N,00744.3748,E,32.4,302.9,110826,,*3d
$GPGGA,090000.272,4831.3965,N,00744.3744,E,1,03,0.0,0.0,M,,,,0000*06
$GPRMC,090000.272,A,4831.3965,N,00744.3744,E,32.4,302.9,110826,,*38
$GPGGA,090000.303,4831.3967,N,00744.3739,E,1,03,0.0,0.0,M,,,,0000*09
$GPRMC,090000.303,A,4831.3967,N,00744.3739,E,32.4,302.9,110826,,*37
$GPGGA,090000.332,4831.3968,N,00744.3735,E,1,03,0.0,0.0,M,,,,0000*08
$GPRMC,090000.332,A,4831.3968,N,00744.3735,E,32.4,302.9,110826,,*36
$GPGGA,090000.370,4831.3970,N,00744.3731,E,1,03,0.0,0.0,M,,,,0000*03
$GPRMC,090000.370,A,4831.3970,N,00744.3731,E,32.4,302.9,110826,,*3d
$GPGGA,090000.399,4831.3972,N,00744.3726,E,1,03,0.0,0.0,M,,,,0000*00
$GPRMC,090000.399,A,4831.3972,N,00744.3726,E,32.4,302.9,110826,,*3e
$GPGGA,090000.442,4831.3974,N,00744.3723,E,1,03,0.0,0.0,M,,,,0000*02
$GPRMC,090000.442,A,4831.3974,N,00744.3723,E,32.4,302.9,110826,,*3c
$GPGGA,090000.465,4831.3976,N,00744.3718,E,1,03,0.0,0.0,M,,,,0000*0d
$GPRMC,090000.465,A,4831.3976,N,00744.3718,E,32.4,302.9,110826,,*33
$GPGGA,090000.517,4831.3978,N,00744.3714,E,1,03,0.0,0.0,M,,,,0000*0b
$GPRMC,090000.517,A,4831.3978,N,00744.3714,E,32.4,302.9,110826,,*35
$GPGGA,090000.549,4831.3981,N,00744.3707,E,1,03,0.0,0.0,M,,,,0000*04
$GPRMC,090000.549,A,4831.3981,N,00744.3707,E,32.4,302.9,110826,,*3a
$GPGGA,090000.591,4831.3982,N,00744.3704,E,1,03,0.0,0.0,M,,,,0000*01
$GPRMC,090000.591,A,4831.3982,N,00744.3704,E,32.4,302.9,110826,,*3f
$GPGGA,090000.616,4831.3984,N,00744.3699,E,1,03,0.0,0.0,M,,,,0000*0e
$GPRMC,090000.616,A,4831.3984,N,00744.3699,E,32.4,302.9,110826,,*30
$GPGGA,090000.661,4831.3986,N,00744.3694,E,1,03,0.0,0.0,M,,,,0000*01
$GPRMC,090000.661,A,4831.3986,N,00744.3694,E,32.4,302.9,110826,,*3f
$GPGGA,090000.695,4831.3988,N,00744.3690,E,1,03,0.0,0.0,M,,,,0000*00
$GPRMC,090000.695,A,4831.3988,N,00744.3690,E,32.4,302.9,110826,,*3e
$GPGGA,090000.732,4831.3990,N,00744.3686,E,1,03,0.0,0.0,M,,,,0000*02
$GPRMC,090000.732,A,4831.3990,N,00744.3686,E,32.4,302.9,110826,,*3c
$GPGGA,090000.814,4831.3992,N,00744.3680,E,1,03,0.0,0.0,M,,,,0000*0d
$GPRMC,090000.814,A,4831.3992,N,00744.3680,E,32.4,302.9,110826,,*33
$GPGGA,090000.855,4831.3997,N,00744.3669,E,1,03,0.0,0.0,M,,,,0000*0a
$GPRMC,090000.855,A,4831.3997,N,00744.3669,E,32.4,302.9,110826,,*34
$GPGGA,090000.891,4831.3999,N,00744.3664,E,1,03,0.0,0.0,M,,,,0000*01
$GPRMC,090000.891,A,4831.3999,N,00744.3664,E,32.4,302.9,110826,,*3f
$GPGGA,090000.934,4831.4001,N,00744.3660,E,1,03,0.0,0.0,M,,,,0000*04
$GPRMC,090000.934,A,4831.4001,N,00744.3660,E,32.4,302.9,110826,,*3a
$GPGGA,090000.973,4831.4004,N,00744.3653,E,1,03,0.0,0.0,M,,,,0000*02
$GPRMC,090000.973,A,4831.4004,N,00744.3653,E,32.4,302.9,110826,,*3c
$GPGGA,090001.012,4831.4006,N,00744.3649,E,1,03,0.0,0.0,M,,,,0000*04
$GPRMC,090001.012,A,4831.4006,N,00744.3649,E,32.4,302.9,110826,,*3a
$GPGGA,090001.049,4831.4007,N,00744.3645,E,1,03,0.0,0.0,M,,,,0000*07
$GPRMC,090001.049,A,4831.4007,N,00744.3645,E,32.4,302.9,110826,,*39
$GPGGA,090001.089,4831.4010,N,00744.3639,E,1,03,0.0,0.0,M,,,,0000*06
$GPRMC,090001.089,A,4831.4010,N,00744.3639,E,32.4,302.9,110826,,*38
$GPGGA,090001.115,4831.4012,N,00744.3634,E,1,03,0.0,0.0,M,,,,0000*0d
$GPRMC,090001.115,A,4831.4012,N,00744.3634,E,32.4,302.9,110826,,*33
$GPGGA,090001.162,4831.4014,N,00744.3630,E,1,03,0.0,0.0,M,,,,0000*0f
$GPRMC,090001.162,A,4831.4014,N,00744.3630,E,32.4,302.9,110826,,*31
$GPGGA,090001.199,4831.4015,N,00744.3626,E,1,03,0.0,0.0,M,,,,0000*0d
$GPRMC,090001.199,A,4831.4015,N,00744.3626,E,32.4,302.9,110826,,*33
$GPGGA,090001.240,4831.4018,N,00744.3620,E,1,03,0.0,0.0,M,,,,0000*01
$GPRMC,090001.240,A,4831.4018,N,00744.3620,E,32.4,302.9,110826,,*3f
$GPGGA,090001.280,4831.4020,N,00744.3615,E,1,03,0.0,0.0,M,,,,0000*00
$GPRMC,090001.280,A,4831.4020,N,00744.3615,E,32.4,302.9,110826,,*3e
$GPGGA,090001.316,4831.4022,N,00744.3611,E,1,03,0.0,0.0,M,,,,0000*08
$GPRMC,090001.316,A,4831.4022,N,00744.3611,E,32.4,302.9,110826,,*36
$GPGGA,090001.350,4831.4025,N,00744.3604,E,1,03,0.0,0.0,M,,,,0000*09
$GPRMC,090001.350,A,4831.4025,N,00744.3604,E,32.4,302.9,110826,,*37
$GPGGA,090001.395,4831.4027,N,00744.3600,E,1,03,0.0,0.0,M,,,,0000*06
$GPRMC,090001.395,A,4831.4027,N,00744.3600,E,32.4,302.9,110826,,*38
$GPGGA,090001.416,4831.4029,N,00744.3595,E,1,03,0.0,0.0,M,,,,0000*0b
$GPRMC,090001.416,A,4831.4029,N,00744.3595,E,32.4,302.9,110826,,*35
$GPGGA,090001.464,4831.4030,N,00744.3591,E,1,03,0.0,0.0,M,,,,0000*02
$GPRMC,090001.464,A,4831.4030,N,00744.3591,E,32.4,302.9,110826,,*3c
$GPGGA,090001.499,4831.4033,N,00744.3585,E,1,03,0.0,0.0,M,,,,0000*06
$GPRMC,090001.499,A,4831.4033,N,00744.3585,E,32.4,302.9,110826,,*38
$GPGGA,090001.533,4831.4035,N,00744.3580,E,1,03,0.0,0.0,M,,,,0000*04
$GPRMC,090001.533,A,4831.4035,N,00744.3580,E,32.4,302.9,110826,,*3a
$GPGGA,090001.572,4831.4037,N,00744.3576,E,1,03,0.0,0.0,M,,,,0000*0a
$GPRMC,090001.572,A,4831.4037,N,00744.3576,E,32.4,302.9,110826,,*34
$GPGGA,090001.610,4831.4039,N,00744.3571,E,1,03,0.0,0.0,M,,,,0000*04
$GPRMC,090001.610,A,4831.4039,N,00744.3571,E,32.4,302.9,110826,,*3a
$GPGGA,090001.633,4831.4040,N,00744.3568,E,1,03,0.0,0.0,M,,,,0000*03
$GPRMC,090001.633,A,4831.4040,N,00744.3568,E,32.4,302.9,110826,,*3d
$GPGGA,090001.665,4831.4042,N,00744.3563,E,1,03,0.0,0.0,M,,,,0000*09
$GPRMC,090001.665,A,4831.4042,N,00744.3563,E,32.4,302.7,110826,,*39
$GPGGA,090001.718,4831.4044,N,00744.3558,E,1,03,0.0,0.0,M,,,,0000*0c
$GPRMC,090001.718,A,4831.4044,N,00744.3558,E,32.4,302.5,110826,,*3e
$GPGGA,090001.756,4831.4047,N,00744.3552,E,1,03,0.0,0.0,M,,,,0000*0f
$GPRMC,090001.756,A,4831.4047,N,00744.3552,E,32.4,302.3,110826,,*3b
$GPGGA,090001.838,4831.4048,N,00744.3548,E,1,03,0.0,0.0,M,,,,0000*0c
$GPRMC,090001.838,A,4831.4048,N,00744.3548,E,32.4,302.1,110826,,*3a
$GPGGA,090001.866,4831.4053,N,00744.3537,E,1,03,0.0,0.0,M,,,,0000*05
$GPRMC,090001.866,A,4831.4053,N,00744.3537,E,32.4,301.7,110826,,*36
$GPGGA,090001.916,4831.4055,N,00744.3532,E,1,03,0.0,0.0,M,,,,0000*00
$GPRMC,090001.916,A,4831.4055,N,00744.3532,E,32.4,301.5,110826,,*31
$GPGGA,090001.965,4831.4057,N,00744.3526,E,1,03,0.0,0.0,M,,,,0000*03
$GPRMC,090001.965,A,4831.4057,N,00744.3526,E,32.4,301.2,110826,,*35
$GPGGA,090001.998,4831.4060,N,00744.3519,E,1,03,0.0,0.0,M,,,,0000*09
$GPRMC,090001.998,A,4831.4060,N,00744.3519,E,32.4,300.8,110826,,*34
$GPGGA,090002.039,4831.4061,N,00744.3515,E,1,03,0.0,0.0,M,,,,0000*05
$GPRMC,090002.039,A,4831.4061,N,00744.3515,E,32.4,300.4,110826,,*34
$GPGGA,090002.083,4831.4063,N,00744.3511,E,1,03,0.0,0.0,M,,,,0000*02
$GPRMC,090002.083,A,4831.4063,N,00744.3511,E,32.4,300.1,110826,,*36
$GPGGA,090002.115,4831.4066,N,00744.3503,E,1,03,0.0,0.0,M,,,,0000*0a
$GPRMC,090002.115,A,4831.4066,N,00744.3503,E,32.4,299.5,110826,,*3b
$GPGGA,090002.164,4831.4067,N,00744.3500,E,1,03,0.0,0.0,M,,,,0000*0e
$GPRMC,090002.164,A,4831.4067,N,00744.3500,E,32.4,299.3,110826,,*39
$GPGGA,090002.198,4831.4069,N,00744.3495,E,1,03,0.0,0.0,M,,,,0000*0e
$GPRMC,090002.198,A,4831.4069,N,00744.3495,E,32.4,298.9,110826,,*32
$GPGGA,090002.235,4831.4071,N,00744.3488,E,1,03,0.0,0.0,M,,,,0000*0f
$GPRMC,090002.235,A,4831.4071,N,00744.3488,E,32.4,298.4,110826,,*3e
$GPGGA,090002.288,4831.4073,N,00744.3483,E,1,03,0.0,0.0,M,,,,0000*00
$GPRMC,090002.288,A,4831.4073,N,00744.3483,E,32.4,298.0,110826,,*35
$GPGGA,090002.316,4831.4075,N,00744.3477,E,1,03,0.0,0.0,M,,,,0000*0b
$GPRMC,090002.316,A,4831.4075,N,00744.3477,E,32.4,297.3,110826,,*32
$GPGGA,090002.367,4831.4077,N,00744.3472,E,1,03,0.0,0.0,M,,,,0000*0a
$GPRMC,090002.367,A,4831.4077,N,00744.3472,E,32.4,296.7,110826,,*36
$GPGGA,090002.411,4831.4079,N,00744.3465,E,1,03,0.0,0.0,M,,,,0000*04
$GPRMC,090002.411,A,4831.4079,N,00744.3465,E,32.4,295.6,110826,,*3a
$GPGGA,090002.452,4831.4080,N,00744.3461,E,1,03,0.0,0.0,M,,,,0000*01
$GPRMC,090002.452,A,4831.4080,N,00744.3461,E,32.4,295.1,110826,,*38
$GPGGA,090002.516,4831.4082,N,00744.3454,E,1,03,0.0,0.0,M,,,,0000*04
$GPRMC,090002.516,A,4831.4082,N,00744.3454,E,32.4,294.0,110826,,*3d
$GPGGA,090002.559,4831.4085,N,00744.3444,E,1,03,0.0,0.0,M,,,,0000*09
$GPRMC,090002.559,A,4831.4085,N,00744.3444,E,32.4,293.7,110826,,*30
$GPGGA,090002.602,4831.4087,N,00744.3440,E,1,03,0.0,0.0,M,,,,0000*02
$GPRMC,090002.602,A,4831.4087,N,00744.3440,E,32.4,293.7,110826,,*3b
$GPGGA,090002.641,4831.4089,N,00744.3433,E,1,03,0.0,0.0,M,,,,0000*0f
$GPRMC,090002.641,A,4831.4089,N,00744.3433,E,32.4,293.7,110826,,*36
$GPGGA,090002.685,4831.4090,N,00744.3427,E,1,03,0.0,0.0,M,,,,0000*0a
$GPRMC,090002.685,A,4831.4090,N,00744.3427,E,32.4,293.7,110826,,*33
$GPGGA,090002.730,4831.4092,N,00744.3422,E,1,03,0.0,0.0,M,,,,0000*02
$GPRMC,090002.730,A,4831.4092,N,00744.3422,E,32.4,293.7,110826,,*3b
$GPGGA,090002.772,4831.4093,N,00744.3417,E,1,03,0.0,0.0,M,,,,0000*03
$GPRMC,090002.772,A,4831.4093,N,00744.3417,E,32.4,293.6,110826,,*3b
$GPGGA,090002.855,4831.4095,N,00744.3410,E,1,03,0.0,0.0,M,,,,0000*08
$GPRMC,090002.855,A,4831.4095,N,00744.3410,E,32.4,293.6,110826,,*30
$GPGGA,090002.859,4831.4099,N,00744.3399,E,1,03,0.0,0.0,M,,,,0000*0e
$GPRMC,090002.859,A,4831.4099,N,00744.3399,E,32.4,293.4,110826,,*34
$GPGGA,090002.916,4831.4099,N,00744.3397,E,1,03,0.0,0.0,M,,,,0000*0a
$GPRMC,090002.916,A,4831.4099,N,00744.3397,E,32.4,293.4,110826,,*30
$GPGGA,090002.949,4831.4101,N,00744.3389,E,1,03,0.0,0.0,M,,,,0000*0f
$GPRMC,090002.949,A,4831.4101,N,00744.3389,E,32.4,293.3,110826,,*32
$GPGGA,090003.004,4831.4103,N,00744.3384,E,1,03,0.0,0.0,M,,,,0000*01
$GPRMC,090003.004,A,4831.4103,N,00744.3384,E,32.4,293.3,110826,,*3c
$GPGGA,090003.050,4831.4105,N,00744.3377,E,1,03,0.0,0.0,M,,,,0000*0a
$GPRMC,090003.050,A,4831.4105,N,00744.3377,E,32.4,293.2,110826,,*36
$GPGGA,090003.092,4831.4107,N,00744.3370,E,1,03,0.0,0.0,M,,,,0000*01
$GPRMC,090003.092,A,4831.4107,N,00744.3370,E,32.4,293.1,110826,,*3e
$GPGGA,090003.133,4831.4108,N,00744.3365,E,1,03,0.0,0.0,M,,,,0000*00
$GPRMC,090003.133,A,4831.4108,N,00744.3365,E,32.4,293.0,110826,,*3e
$GPGGA,090003.181,4831.4110,N,00744.3358,E,1,03,0.0,0.0,M,,,,0000*0e
$GPRMC,090003.181,A,4831.4110,N,00744.3358,E,32.4,292.9,110826,,*38
$GPGGA,090003.225,4831.4112,N,00744.3351,E,1,03,0.0,0.0,M,,,,0000*08
$GPRMC,090003.225,A,4831.4112,N,00744.3351,E,32.4,292.7,110826,,*30
$GPGGA,090003.266,4831.4113,N,00744.3346,E,1,03,0.0,0.0,M,,,,0000*08
$GPRMC,090003.266,A,4831.4113,N,00744.3346,E,32.4,292.6,110826,,*31
$GPGGA,090003.303,4831.4115,N,00744.3339,E,1,03,0.0,0.0,M,,,,0000*04
$GPRMC,090003.303,A,4831.4115,N,00744.3339,E,32.4,292.5,110826,,*3e
$GPGGA,090003.351,4831.4117,N,00744.3334,E,1,03,0.0,0.0,M,,,,0000*0c
$GPRMC,090003.351,A,4831.4117,N,00744.3334,E,32.4,292.4,110826,,*37
$GPGGA,090003.382,4831.4119,N,00744.3327,E,1,03,0.0,0.0,M,,,,0000*0e
$GPRMC,090003.382,A,4831.4119,N,00744.3327,E,32.4,292.3,110826,,*32
$GPGGA,090003.421,4831.4120,N,00744.3322,E,1,03,0.0,0.0,M,,,,0000*0f
$GPRMC,090003.421,A,4831.4120,N,00744.3322,E,32.4,292.2,110826,,*32
$GPGGA,090003.450,4831.4121,N,00744.3317,E,1,03,0.0,0.0,M,,,,0000*0e
$GPRMC,090003.450,A,4831.4121,N,00744.3317,E,32.4,292.0,110826,,*31
$GPGGA,090003.482,4831.4122,N,00744.3313,E,1,03,0.0,0.0,M,,,,0000*06
$GPRMC,090003.482,A,4831.4122,N,00744.3313,E,32.4,291.9,110826,,*33
$GPGGA,090003.522,4831.4124,N,00744.3308,E,1,03,0.0,0.0,M,,,,0000*01
$GPRMC,090003.522,A,4831.4124,N,00744.3308,E,32.4,291.8,110826,,*35
$GPGGA,090003.556,4831.4125,N,00744.3303,E,1,03,0.0,0.0,M,,,,0000*08
$GPRMC,090003.556,A,4831.4125,N,00744.3303,E,32.4,291.6,110826,,*32
$GPGGA,090003.589,4831.4126,N,00744.3298,E,1,03,0.0,0.0,M,,,,0000*0a
$GPRMC,090003.589,A,4831.4126,N,00744.3298,E,32.4,291.5,110826,,*33
$GPGGA,090003.615,4831.4128,N,00744.3293,E,1,03,0.0,0.0,M,,,,0000*09
$GPRMC,090003.615,A,4831.4128,N,00744.3293,E,32.4,291.5,110826,,*30
$GPGGA,090003.659,4831.4129,N,00744.3289,E,1,03,0.0,0.0,M,,,,0000*0b
$GPRMC,090003.659,A,4831.4129,N,00744.3289,E,32.4,291.5,110826,,*32
$GPGGA,090003.692,4831.4130,N,00744.3284,E,1,03,0.0,0.0,M,,,,0000*09
$GPRMC,090003.692,A,4831.4130,N,00744.3284,E,32.4,291.5,110826,,*30
$GPGGA,090003.720,4831.4131,N,00744.3279,E,1,03,0.0,0.0,M,,,,0000*02
$GPRMC,090003.720,A,4831.4131,N,00744.3279,E,32.4,291.4,110826,,*3a
$GPGGA,090003.762,4831.4132,N,00744.3275,E,1,03,0.0,0.0,M,,,,0000*0b
$GPRMC,090003.762,A,4831.4132,N,00744.3275,E,32.4,291.3,110826,,*34
$GPGGA,090003.792,4831.4133,N,00744.3270,E,1,03,0.0,0.0,M,,,,0000*00
$GPRMC,090003.792,A,4831.4133,N,00744.3270,E,32.4,291.3,110826,,*3f
$GPGGA,090003.868,4831.4135,N,00744.3265,E,1,03,0.0,0.0,M,,,,0000*08
$GPRMC,090003.868,A,4831.4135,N,00744.3265,E,32.4,291.2,110826,,*36
$GPGGA,090003.916,4831.4138,N,00744.3253,E,1,03,0.0,0.0,M,,,,0000*08
$GPRMC,090003.916,A,4831.4138,N,00744.3253,E,32.4,291.0,110826,,*34
$GPGGA,090003.953,4831.4140,N,00744.3246,E,1,03,0.0,0.0,M,,,,0000*02
$GPRMC,090003.953,A,4831.4140,N,00744.3246,E,32.4,290.9,110826,,*36
$GPGGA,090003.984,4831.4141,N,00744.3240,E,1,03,0.0,0.0,M,,,,0000*0f
$GPRMC,090003.984,A,4831.4141,N,00744.3240,E,32.4,290.8,110826,,*3a
$GPGGA,090004.015,4831.4142,N,00744.3236,E,1,03,0.0,0.0,M,,,,0000*0b
$GPRMC,090004.015,A,4831.4142,N,00744.3236,E,32.4,290.7,110826,,*31
$GPGGA,090004.050,4831.4143,N,00744.3231,E,1,03,0.0,0.0,M,,,,0000*0c
$GPRMC,090004.050,A,4831.4143,N,00744.3231,E,32.4,290.6,110826,,*37
$GPGGA,090004.086,4831.4144,N,00744.3227,E,1,03,0.0,0.0,M,,,,0000*07
$GPRMC,090004.086,A,4831.4144,N,00744.3227,E,32.4,290.5,110826,,*3f
$GPGGA,090004.117,4831.4145,N,00744.3222,E,1,03,0.0,0.0,M,,,,0000*0a
$GPRMC,090004.117,A,4831.4145,N,00744.3222,E,32.4,290.3,110826,,*34
$GPGGA,090004.152,4831.4146,N,00744.3217,E,1,03,0.0,0.0,M,,,,0000*0e
$GPRMC,090004.152,A,4831.4146,N,00744.3217,E,32.4,290.2,110826,,*31
$GPGGA,090004.188,4831.4148,N,00744.3212,E,1,03,0.0,0.0,M,,,,0000*02
$GPRMC,090004.188,A,4831.4148,N,00744.3212,E,32.4,290.0,110826,,*3f
$GPGGA,090004.222,4831.4149,N,00744.3208,E,1,03,0.0,0.0,M,,,,0000*0b
$GPRMC,090004.222,A,4831.4149,N,00744.3208,E,32.4,289.9,110826,,*37
$GPGGA,090004.252,4831.4150,N,00744.3203,E,1,03,0.0,0.0,M,,,,0000*0f
$GPRMC,090004.252,A,4831.4150,N,00744.3203,E,32.4,289.7,110826,,*3d
$GPGGA,090004.286,4831.4151,N,00744.3198,E,1,03,0.0,0.0,M,,,,0000*06
$GPRMC,090004.286,A,4831.4151,N,00744.3198,E,32.4,289.6,110826,,*35
$GPGGA,090004.317,4831.4152,N,00744.3193,E,1,03,0.0,0.0,M,,,,0000*07
$GPRMC,090004.317,A,4831.4152,N,00744.3193,E,32.4,289.4,110826,,*36
$GPGGA,090004.352,4831.4153,N,00744.3188,E,1,03,0.0,0.0,M,,,,0000*0d
$GPRMC,090004.352,A,4831.4153,N,00744.3188,E,32.4,289.3,110826,,*3b
$GPGGA,090004.386,4831.4155,N,00744.3183,E,1,03,0.0,0.0,M,,,,0000*09
$GPRMC,090004.386,A,4831.4155,N,00744.3183,E,32.4,289.0,110826,,*3c
$GPGGA,090004.419,4831.4156,N,00744.3178,E,1,03,0.0,0.0,M,,,,0000*0f
$GPRMC,090004.419,A,4831.4156,N,00744.3178,E,32.4,288.8,110826,,*33
$GPGGA,090004.449,4831.4157,N,00744.3174,E,1,03,0.0,0.0,M,,,,0000*07
$GPRMC,090004.449,A,4831.4157,N,00744.3174,E,32.4,288.5,110826,,*36
$GPGGA,090004.487,4831.4158,N,00744.3169,E,1,03,0.0,0.0,M,,,,0000*06
$GPRMC,090004.487,A,4831.4158,N,00744.3169,E,32.4,288.2,110826,,*30
$GPGGA,090004.519,4831.4159,N,00744.3164,E,1,03,0.0,0.0,M,,,,0000*0c
$GPRMC,090004.519,A,4831.4159,N,00744.3164,E,32.4,287.9,110826,,*3e
$GPGGA,090004.550,4831.4160,N,00744.3159,E,1,03,0.0,0.0,M,,,,0000*05
$GPRMC,090004.550,A,4831.4160,N,00744.3159,E,32.4,287.5,110826,,*3b
$GPGGA,090004.585,4831.4161,N,00744.3154,E,1,03,0.0,0.0,M,,,,0000*01
$GPRMC,090004.585,A,4831.4161,N,00744.3154,E,32.4,287.5,110826,,*3f
$GPGGA,090004.621,4831.4162,N,00744.3149,E,1,03,0.0,0.0,M,,,,0000*03
$GPRMC,090004.621,A,4831.4162,N,00744.3149,E,32.4,287.5,110826,,*3d
$GPGGA,090004.652,4831.4163,N,00744.3144,E,1,03,0.0,0.0,M,,,,0000*0b
$GPRMC,090004.652,A,4831.4163,N,00744.3144,E,32.4,287.5,110826,,*35
$GPGGA,090004.692,4831.4164,N,00744.3139,E,1,03,0.0,0.0,M,,,,0000*0a
$GPRMC,090004.692,A,4831.4164,N,00744.3139,E,32.4,287.5,110826,,*34
$GPGGA,090004.730,4831.4165,N,00744.3135,E,1,03,0.0,0.0,M,,,,0000*0e
$GPRMC,090004.730,A,4831.4165,N,00744.3135,E,32.4,287.5,110826,,*30
$GPGGA,090004.751,4831.4166,N,00744.3130,E,1,03,0.0,0.0,M,,,,0000*0f
$GPRMC,090004.751,A,4831.4166,N,00744.3130,E,32.4,287.5,110826,,*31
$GPGGA,090004.800,4831.4167,N,00744.3125,E,1,03,0.0,0.0,M,,,,0000*01
$GPRMC,090004.800,A,4831.4167,N,00744.3125,E,32.4,287.5,110826,,*3f
$GPGGA,090004.867,4831.4168,N,00744.3118,E,1,03,0.0,0.0,M,,,,0000*01
$GPRMC,090004.867,A,4831.4168,N,00744.3118,E,32.4,287.5,110826,,*3f
$GPGGA,090004.919,4831.4171,N,00744.3108,E,1,03,0.0,0.0,M,,,,0000*00
$GPRMC,090004.919,A,4831.4171,N,00744.3108,E,32.4,287.5,110826,,*3e
$GPGGA,090004.957,4831.4172,N,00744.3101,E,1,03,0.0,0.0,M,,,,0000*00
$GPRMC,090004.957,A,4831.4172,N,00744.3101,E,32.4,287.5,110826,,*3e
$GPGGA,090004.993,4831.4173,N,00744.3095,E,1,03,0.0,0.0,M,,,,0000*05
$GPRMC,090004.993,A,4831.4173,N,00744.3095,E,32.4,287.5,110826,,*3b
$GPGGA,090005.024,4831.4174,N,00744.3090,E,1,03,0.0,0.0,M,,,,0000*03
$GPRMC,090005.024,A,4831.4174,N,00744.3090,E,32.4,287.5,110826,,*3d
$GPGGA,090005.067,4831.4175,N,00744.3086,E,1,03,0.0,0.0,M,,,,0000*02
$GPRMC,090005.067,A,4831.4175,N,00744.3086,E,32.4,287.5,110826,,*3c
$GPGGA,090005.110,4831.4177,N,00744.3079,E,1,03,0.0,0.0,M,,,,0000*01
$GPRMC,090005.110,A,4831.4177,N,00744.3079,E,32.4,287.5,110826,,*3f
$GPGGA,090005.134,4831.4178,N,00744.3074,E,1,03,0.0,0.0,M,,,,0000*05
$GPRMC,090005.134,A,4831.4178,N,00744.3074,E,32.4,287.5,110826,,*3b
$GPGGA,090005.185,4831.4179,N,00744.3069,E,1,03,0.0,0.0,M,,,,0000*02
$GPRMC,090005.185,A,4831.4179,N,00744.3069,E,32.4,287.5,110826,,*3c
$GPGGA,090005.236,4831.4180,N,00744.3061,E,1,03,0.0,0.0,M,,,,0000*07
$GPRMC,090005.236,A,4831.4180,N,00744.3061,E,32.4,287.5,110826,,*39
$GPGGA,090005.284,4831.4182,N,00744.3054,E,1,03,0.0,0.0,M,,,,0000*0a
$GPRMC,090005.284,A,4831.4182,N,00744.3054,E,32.4,287.5,110826,,*34
$GPGGA,090005.316,4831.4183,N,00744.3047,E,1,03,0.0,0.0,M,,,,0000*03
$GPRMC,090005.316,A,4831.4183,N,00744.3047,E,32.4,287.5,110826,,*3d
$GPGGA,090005.379,4831.4184,N,00744.3041,E,1,03,0.0,0.0,M,,,,0000*0b
$GPRMC,090005.379,A,4831.4184,N,00744.3041,E,32.4,287.5,110826,,*35
$GPGGA,090005.418,4831.4186,N,00744.3034,E,1,03,0.0,0.0,M,,,,0000*0b
$GPRMC,090005.418,A,4831.4186,N,00744.3034,E,32.4,287.5,110826,,*35
$GPGGA,090005.474,4831.4187,N,00744.3027,E,1,03,0.0,0.0,M,,,,0000*02
$GPRMC,090005.474,A,4831.4187,N,00744.3027,E,32.4,287.5,110826,,*3c
$GPGGA,090005.517,4831.4189,N,00744.3020,E,1,03,0.0,0.0,M,,,,0000*0f
$GPRMC,090005.517,A,4831.4189,N,00744.3020,E,32.4,287.7,110826,,*33
$GPGGA,090005.564,4831.4191,N,00744.3013,E,1,03,0.0,0.0,M,,,,0000*02
$GPRMC,090005.564,A,4831.4191,N,00744.3013,E,32.4,287.9,110826,,*30
$GPGGA,090005.602,4831.4192,N,00744.3008,E,1,03,0.0,0.0,M,,,,0000*08
$GPRMC,090005.602,A,4831.4192,N,00744.3008,E,32.4,288.1,110826,,*3d
$GPGGA,090005.649,4831.4194,N,00744.3000,E,1,03,0.0,0.0,M,,,,0000*09
$GPRMC,090005.649,A,4831.4194,N,00744.3000,E,32.4,288.4,110826,,*39
$GPGGA,090005.706,4831.4195,N,00744.2993,E,1,03,0.0,0.0,M,,,,0000*00
$GPRMC,090005.706,A,4831.4195,N,00744.2993,E,32.4,288.6,110826,,*32
$GPGGA,090005.750,4831.4197,N,00744.2986,E,1,03,0.0,0.0,M,,,,0000*05
$GPRMC,090005.750,A,4831.4197,N,00744.2986,E,32.4,288.9,110826,,*38
$GPGGA,090005.802,4831.4199,N,00744.2979,E,1,03,0.0,0.0,M,,,,0000*03
$GPRMC,090005.802,A,4831.4199,N,00744.2979,E,32.4,289.1,110826,,*37
$GPGGA,090005.883,4831.4200,N,00744.2972,E,1,03,0.0,0.0,M,,,,0000*02
$GPRMC,090005.883,A,4831.4200,N,00744.2972,E,32.4,289.5,110826,,*32
$GPGGA,090005.943,4831.4203,N,00744.2962,E,1,03,0.0,0.0,M,,,,0000*0d
$GPRMC,090005.943,A,4831.4203,N,00744.2962,E,32.4,290.2,110826,,*32
$GPGGA,090005.984,4831.4205,N,00744.2953,E,1,03,0.0,0.0,M,,,,0000*02
$GPRMC,090005.984,A,4831.4205,N,00744.2953,E,32.4,290.9,110826,,*36
$GPGGA,090006.031,4831.4207,N,00744.2945,E,1,03,0.0,0.0,M,,,,0000*03
$GPRMC,090006.031,A,4831.4207,N,00744.2945,E,32.4,291.4,110826,,*3b
$GPGGA,090006.073,4831.4208,N,00744.2940,E,1,03,0.0,0.0,M,,,,0000*0f
$GPRMC,090006.073,A,4831.4208,N,00744.2940,E,32.4,291.7,110826,,*34
$GPGGA,090006.119,4831.4210,N,00744.2933,E,1,03,0.0,0.0,M,,,,0000*0f
$GPRMC,090006.119,A,4831.4210,N,00744.2933,E,32.4,292.2,110826,,*32
$GPGGA,090006.164,4831.4212,N,00744.2926,E,1,03,0.0,0.0,M,,,,0000*03
$GPRMC,090006.164,A,4831.4212,N,00744.2926,E,32.4,293.1,110826,,*3c
$GPGGA,090006.201,4831.4214,N,00744.2922,E,1,03,0.0,0.0,M,,,,0000*01
$GPRMC,090006.201,A,4831.4214,N,00744.2922,E,32.4,294.0,110826,,*38
$GPGGA,090006.251,4831.4216,N,00744.2915,E,1,03,0.0,0.0,M,,,,0000*02
$GPRMC,090006.251,A,4831.4216,N,00744.2915,E,32.4,295.4,110826,,*3e
$GPGGA,090006.302,4831.4218,N,00744.2908,E,1,03,0.0,0.0,M,,,,0000*07
$GPRMC,090006.302,A,4831.4218,N,00744.2908,E,32.4,296.7,110826,,*3b
$GPGGA,090006.352,4831.4221,N,00744.2902,E,1,03,0.0,0.0,M,,,,0000*02
$GPRMC,090006.352,A,4831.4221,N,00744.2902,E,32.4,298.1,110826,,*36
$GPGGA,090006.394,4831.4223,N,00744.2895,E,1,03,0.0,0.0,M,,,,0000*05
$GPRMC,090006.394,A,4831.4223,N,00744.2895,E,32.4,298.5,110826,,*35
$GPGGA,090006.445,4831.4225,N,00744.2890,E,1,03,0.0,0.0,M,,,,0000*0d
$GPRMC,090006.445,A,4831.4225,N,00744.2890,E,32.4,298.8,110826,,*30
$GPGGA,090006.515,4831.4227,N,00744.2884,E,1,03,0.0,0.0,M,,,,0000*0e
$GPRMC,090006.515,A,4831.4227,N,00744.2884,E,32.4,299.2,110826,,*38
$GPGGA,090006.563,4831.4231,N,00744.2874,E,1,03,0.0,0.0,M,,,,0000*07
$GPRMC,090006.563,A,4831.4231,N,00744.2874,E,32.4,300.4,110826,,*36
$GPGGA,090006.600,4831.4233,N,00744.2869,E,1,03,0.0,0.0,M,,,,0000*0f
$GPRMC,090006.600,A,4831.4233,N,00744.2869,E,32.4,301.0,110826,,*3b
$GPGGA,090006.656,4831.4236,N,00744.2863,E,1,03,0.0,0.0,M,,,,0000*03
$GPRMC,090006.656,A,4831.4236,N,00744.2863,E,32.4,301.8,110826,,*3f
$GPGGA,090006.701,4831.4239,N,00744.2855,E,1,03,0.0,0.0,M,,,,0000*0a
$GPRMC,090006.701,A,4831.4239,N,00744.2855,E,32.4,302.6,110826,,*3b
$GPGGA,090006.749,4831.4242,N,00744.2849,E,1,03,0.0,0.0,M,,,,0000*07
$GPRMC,090006.749,A,4831.4242,N,00744.2849,E,32.4,303.4,110826,,*35
$GPGGA,090006.785,4831.4243,N,00744.2845,E,1,03,0.0,0.0,M,,,,0000*0a
$GPRMC,090006.785,A,4831.4243,N,00744.2845,E,32.4,303.9,110826,,*35
$GPGGA,090006.846,4831.4246,N,00744.2839,E,1,03,0.0,0.0,M,,,,0000*04
$GPRMC,090006.846,A,4831.4246,N,00744.2839,E,32.4,304.9,110826,,*3c
$GPGGA,090006.917,4831.4249,N,00744.2833,E,1,03,0.0,0.0,M,,,,0000*04
$GPRMC,090006.917,A,4831.4249,N,00744.2833,E,32.4,306.3,110826,,*34
$GPGGA,090006.941,4831.4254,N,00744.2823,E,1,03,0.0,0.0,M,,,,0000*0a
$GPRMC,090006.941,A,4831.4254,N,00744.2823,E,32.4,309.0,110826,,*36
$GPGGA,090006.995,4831.4255,N,00744.2821,E,1,03,0.0,0.0,M,,,,0000*00
$GPRMC,090006.995,A,4831.4255,N,00744.2821,E,32.4,309.5,110826,,*39
$GPGGA,090007.044,4831.4258,N,00744.2815,E,1,03,0.0,0.0,M,,,,0000*0e
$GPRMC,090007.044,A,4831.4258,N,00744.2815,E,32.4,310.7,110826,,*3d
$GPGGA,090007.085,4831.4262,N,00744.2809,E,1,03,0.0,0.0,M,,,,0000*07
$GPRMC,090007.085,A,4831.4262,N,00744.2809,E,32.4,310.9,110826,,*3a
$GPGGA,090007.132,4831.4265,N,00744.2803,E,1,03,0.0,0.0,M,,,,0000*07
$GPRMC,090007.132,A,4831.4265,N,00744.2803,E,32.4,311.1,110826,,*33
$GPGGA,090007.183,4831.4269,N,00744.2797,E,1,03,0.0,0.0,M,,,,0000*03
$GPRMC,090007.183,A,4831.4269,N,00744.2797,E,32.4,311.4,110826,,*32
$GPGGA,090007.221,4831.4271,N,00744.2794,E,1,03,0.0,0.0,M,,,,0000*02
$GPRMC,090007.221,A,4831.4271,N,00744.2794,E,32.4,311.5,110826,,*32
$GPGGA,090007.268,4831.4275,N,00744.2788,E,1,03,0.0,0.0,M,,,,0000*06
$GPRMC,090007.268,A,4831.4275,N,00744.2788,E,32.4,311.7,110826,,*34
$GPGGA,090007.319,4831.4277,N,00744.2783,E,1,03,0.0,0.0,M,,,,0000*08
$GPRMC,090007.319,A,4831.4277,N,00744.2783,E,32.4,312.0,110826,,*3e
$GPGGA,090007.355,4831.4281,N,00744.2777,E,1,03,0.0,0.0,M,,,,0000*02
$GPRMC,090007.355,A,4831.4281,N,00744.2777,E,32.4,312.5,110826,,*31
$GPGGA,090007.402,4831.4284,N,00744.2773,E,1,03,0.0,0.0,M,,,,0000*06
$GPRMC,090007.402,A,4831.4284,N,00744.2773,E,32.4,312.8,110826,,*38
$GPGGA,090007.449,4831.4287,N,00744.2768,E,1,03,0.0,0.0,M,,,,0000*00
$GPRMC,090007.449,A,4831.4287,N,00744.2768,E,32.4,313.1,110826,,*36
$GPGGA,090007.499,4831.4291,N,00744.2762,E,1,03,0.0,0.0,M,,,,0000*00
$GPRMC,090007.499,A,4831.4291,N,00744.2762,E,32.4,313.6,110826,,*31
$GPGGA,090007.534,4831.4294,N,00744.2757,E,1,03,0.0,0.0,M,,,,0000*05
$GPRMC,090007.534,A,4831.4294,N,00744.2757,E,32.4,314.0,110826,,*35
$GPGGA,090007.590,4831.4296,N,00744.2753,E,1,03,0.0,0.0,M,,,,0000*0d
$GPRMC,090007.590,A,4831.4296,N,00744.2753,E,32.4,314.3,110826,,*3e
$GPGGA,090007.634,4831.4300,N,00744.2747,E,1,03,0.0,0.0,M,,,,0000*0b
$GPRMC,090007.634,A,4831.4300,N,00744.2747,E,32.4,314.9,110826,,*32
$GPGGA,090007.666,4831.4304,N,00744.2742,E,1,03,0.0,0.0,M,,,,0000*0d
$GPRMC,090007.666,A,4831.4304,N,00744.2742,E,32.4,315.8,110826,,*34
$GPGGA,090007.719,4831.4306,N,00744.2739,E,1,03,0.0,0.0,M,,,,0000*0a
$GPRMC,090007.719,A,4831.4306,N,00744.2739,E,32.4,316.4,110826,,*3c
$GPGGA,090007.750,4831.4310,N,00744.2734,E,1,03,0.0,0.0,M,,,,0000*0d
$GPRMC,090007.750,A,4831.4310,N,00744.2734,E,32.4,317.4,110826,,*3a
$GPGGA,090007.802,4831.4312,N,00744.2730,E,1,03,0.0,0.0,M,,,,0000*03
$GPRMC,090007.802,A,4831.4312,N,00744.2730,E,32.4,318.2,110826,,*3d
$GPGGA,090007.852,4831.4316,N,00744.2725,E,1,03,0.0,0.0,M,,,,0000*06
$GPRMC,090007.852,A,4831.4316,N,00744.2725,E,32.4,319.0,110826,,*3b
$GPGGA,090007.936,4831.4320,N,00744.2720,E,1,03,0.0,0.0,M,,,,0000*05
$GPRMC,090007.936,A,4831.4320,N,00744.2720,E,32.4,319.2,110826,,*3a
$GPGGA,090007.952,4831.4327,N,00744.2712,E,1,03,0.0,0.0,M,,,,0000*01
$GPRMC,090007.952,A,4831.4327,N,00744.2712,E,32.4,319.6,110826,,*3a
$GPGGA,090008.003,4831.4328,N,00744.2710,E,1,03,0.0,0.0,M,,,,0000*0e
$GPRMC,090008.003,A,4831.4328,N,00744.2710,E,32.4,319.7,110826,,*34
$GPGGA,090008.035,4831.4332,N,00744.2705,E,1,03,0.0,0.0,M,,,,0000*04
$GPRMC,090008.035,A,4831.4332,N,00744.2705,E,32.4,320.1,110826,,*32
$GPGGA,090008.083,4831.4334,N,00744.2702,E,1,03,0.0,0.0,M,,,,0000*08
$GPRMC,090008.083,A,4831.4334,N,00744.2702,E,32.4,320.4,110826,,*3b
$GPGGA,090008.135,4831.4338,N,00744.2697,E,1,03,0.0,0.0,M,,,,0000*05
$GPRMC,090008.135,A,4831.4338,N,00744.2697,E,32.4,320.8,110826,,*3a
$GPGGA,090008.167,4831.4342,N,00744.2693,E,1,03,0.0,0.0,M,,,,0000*0b
$GPRMC,090008.167,A,4831.4342,N,00744.2693,E,32.4,321.2,110826,,*3f
$GPGGA,090008.220,4831.4345,N,00744.2689,E,1,03,0.0,0.0,M,,,,0000*07
$GPRMC,090008.220,A,4831.4345,N,00744.2689,E,32.4,321.5,110826,,*34
$GPGGA,090008.268,4831.4349,N,00744.2684,E,1,03,0.0,0.0,M,,,,0000*0a
$GPRMC,090008.268,A,4831.4349,N,00744.2684,E,32.4,322.0,110826,,*3f
$GPGGA,090008.300,4831.4353,N,00744.2680,E,1,03,0.0,0.0,M,,,,0000*0a
$GPRMC,090008.300,A,4831.4353,N,00744.2680,E,32.4,322.4,110826,,*3b
$GPGGA,090008.352,4831.4356,N,00744.2676,E,1,03,0.0,0.0,M,,,,0000*01
$GPRMC,090008.352,A,4831.4356,N,00744.2676,E,32.4,322.9,110826,,*3d
$GPGGA,090008.400,4831.4359,N,00744.2673,E,1,03,0.0,0.0,M,,,,0000*0b
$GPRMC,090008.400,A,4831.4359,N,00744.2673,E,32.4,323.8,110826,,*37
$GPGGA,090008.438,4831.4364,N,00744.2668,E,1,03,0.0,0.0,M,,,,0000*04
$GPRMC,090008.438,A,4831.4364,N,00744.2668,E,32.4,325.1,110826,,*37
$GPGGA,090008.497,4831.4366,N,00744.2666,E,1,03,0.0,0.0,M,,,,0000*0d
$GPRMC,090008.497,A,4831.4366,N,00744.2666,E,32.4,325.7,110826,,*38
$GPGGA,090008.543,4831.4371,N,00744.2661,E,1,03,0.0,0.0,M,,,,0000*04
$GPRMC,090008.543,A,4831.4371,N,00744.2661,E,32.4,326.7,110826,,*32
$GPGGA,090008.590,4831.4375,N,00744.2657,E,1,03,0.0,0.0,M,,,,0000*0b
$GPRMC,090008.590,A,4831.4375,N,00744.2657,E,32.4,327.0,110826,,*3b
$GPGGA,090008.655,4831.4380,N,00744.2653,E,1,03,0.0,0.0,M,,,,0000*0f
$GPRMC,090008.655,A,4831.4380,N,00744.2653,E,32.4,327.2,110826,,*3d
$GPGGA,090008.697,4831.4385,N,00744.2648,E,1,03,0.0,0.0,M,,,,0000*0e
$GPRMC,090008.697,A,4831.4385,N,00744.2648,E,32.4,327.7,110826,,*39
$GPGGA,090008.744,4831.4388,N,00744.2645,E,1,03,0.0,0.0,M,,,,0000*01
$GPRMC,090008.744,A,4831.4388,N,00744.2645,E,32.4,328.1,110826,,*3f
$GPGGA,090008.791,4831.4393,N,00744.2641,E,1,03,0.0,0.0,M,,,,0000*07
$GPRMC,090008.791,A,4831.4393,N,00744.2641,E,32.4,328.7,110826,,*3f
$GPGGA,090008.844,4831.4397,N,00744.2637,E,1,03,0.0,0.0,M,,,,0000*05
$GPRMC,090008.844,A,4831.4397,N,00744.2637,E,32.4,329.3,110826,,*38
$GPGGA,090008.885,4831.4401,N,00744.2634,E,1,03,0.0,0.0,M,,,,0000*03
$GPRMC,090008.885,A,4831.4401,N,00744.2634,E,32.4,329.8,110826,,*35
$GPGGA,090008.986,4831.4406,N,00744.2629,E,1,03,0.0,0.0,M,,,,0000*0a
$GPRMC,090008.986,A,4831.4406,N,00744.2629,E,32.4,330.6,110826,,*3a
$GPGGA,090009.046,4831.4414,N,00744.2622,E,1,03,0.0,0.0,M,,,,0000*06
$GPRMC,090009.046,A,4831.4414,N,00744.2622,E,32.4,331.9,110826,,*38
$GPGGA,090009.095,4831.4419,N,00744.2619,E,1,03,0.0,0.0,M,,,,0000*0d
$GPRMC,090009.095,A,4831.4419,N,00744.2619,E,32.4,332.9,110826,,*30
$GPGGA,090009.135,4831.4424,N,00744.2615,E,1,03,0.0,0.0,M,,,,0000*04
$GPRMC,090009.135,A,4831.4424,N,00744.2615,E,32.4,334.3,110826,,*35
$GPGGA,090009.189,4831.4428,N,00744.2612,E,1,03,0.0,0.0,M,,,,0000*08
$GPRMC,090009.189,A,4831.4428,N,00744.2612,E,32.4,335.5,110826,,*3e
$GPGGA,090009.235,4831.4433,N,00744.2608,E,1,03,0.0,0.0,M,,,,0000*0d
$GPRMC,090009.235,A,4831.4433,N,00744.2608,E,32.4,336.2,110826,,*3f
$GPGGA,090009.282,4831.4438,N,00744.2606,E,1,03,0.0,0.0,M,,,,0000*04
$GPRMC,090009.282,A,4831.4438,N,00744.2606,E,32.4,336.5,110826,,*31
$GPGGA,090009.318,4831.4441,N,00744.2604,E,1,03,0.0,0.0,M,,,,0000*0a
$GPRMC,090009.318,A,4831.4441,N,00744.2604,E,32.4,336.8,110826,,*32
$GPGGA,090009.377,4831.4446,N,00744.2601,E,1,03,0.0,0.0,M,,,,0000*01
$GPRMC,090009.377,A,4831.4446,N,00744.2601,E,32.4,337.1,110826,,*31
$GPGGA,090009.419,4831.4450,N,00744.2599,E,1,03,0.0,0.0,M,,,,0000*0b
$GPRMC,090009.419,A,4831.4450,N,00744.2599,E,32.4,337.4,110826,,*3e
$GPGGA,090009.478,4831.4455,N,00744.2595,E,1,03,0.0,0.0,M,,,,0000*05
$GPRMC,090009.478,A,4831.4455,N,00744.2595,E,32.4,337.8,110826,,*3c
$GPGGA,090009.524,4831.4460,N,00744.2593,E,1,03,0.0,0.0,M,,,,0000*0d
$GPRMC,090009.524,A,4831.4460,N,00744.2593,E,32.4,338.2,110826,,*31
$GPGGA,090009.574,4831.4464,N,00744.2590,E,1,03,0.0,0.0,M,,,,0000*0f
$GPRMC,090009.574,A,4831.4464,N,00744.2590,E,32.4,338.5,110826,,*34
$GPGGA,090009.619,4831.4469,N,00744.2587,E,1,03,0.0,0.0,M,,,,0000*0c
$GPRMC,090009.619,A,4831.4469,N,00744.2587,E,32.4,339.2,110826,,*31
$GPGGA,090009.673,4831.4474,N,00744.2585,E,1,03,0.0,0.0,M,,,,0000*0e
$GPRMC,090009.673,A,4831.4474,N,00744.2585,E,32.4,339.9,110826,,*38
$GPGGA,090009.732,4831.4479,N,00744.2582,E,1,03,0.0,0.0,M,,,,0000*00
$GPRMC,090009.732,A,4831.4479,N,00744.2582,E,32.4,340.6,110826,,*37
$GPGGA,090009.772,4831.4483,N,00744.2580,E,1,03,0.0,0.0,M,,,,0000*03
$GPRMC,090009.772,A,4831.4483,N,00744.2580,E,32.4,341.3,110826,,*30
$GPGGA,090009.821,4831.4489,N,00744.2577,E,1,03,0.0,0.0,M,,,,0000*08
$GPRMC,090009.821,A,4831.4489,N,00744.2577,E,32.4,342.1,110826,,*3a
$GPGGA,090009.854,4831.4493,N,00744.2575,E,1,03,0.0,0.0,M,,,,0000*03
$GPRMC,090009.854,A,4831.4493,N,00744.2575,E,32.4,342.7,110826,,*37
$GPGGA,090009.914,4831.4496,N,00744.2573,E,1,03,0.0,0.0,M,,,,0000*05
$GPRMC,090009.914,A,4831.4496,N,00744.2573,E,32.4,343.3,110826,,*34
$GPGGA,090009.999,4831.4502,N,00744.2571,E,1,03,0.0,0.0,M,,,,0000*0e
$GPRMC,090009.999,A,4831.4502,N,00744.2571,E,32.4,344.6,110826,,*3d
$GPGGA,090010.053,4831.4511,N,00744.2568,E,1,03,0.0,0.0,M,,,,0000*03
$GPRMC,090010.053,A,4831.4511,N,00744.2568,E,32.4,347.5,110826,,*30
$GPGGA,090010.085,4831.4516,N,00744.2567,E,1,03,0.0,0.0,M,,,,0000*00
$GPRMC,090010.085,A,4831.4516,N,00744.2567,E,32.4,349.1,110826,,*39
$GPGGA,090010.138,4831.4519,N,00744.2566,E,1,03,0.0,0.0,M,,,,0000*09
$GPRMC,090010.138,A,4831.4519,N,00744.2566,E,32.4,349.3,110826,,*32
$GPGGA,090010.169,4831.4524,N,00744.2564,E,1,03,0.0,0.0,M,,,,0000*01
$GPRMC,090010.169,A,4831.4524,N,00744.2564,E,32.4,349.6,110826,,*3f
$GPGGA,090010.216,4831.4528,N,00744.2564,E,1,03,0.0,0.0,M,,,,0000*06
$GPRMC,090010.216,A,4831.4528,N,00744.2564,E,32.4,349.8,110826,,*36
$GPGGA,090010.257,4831.4533,N,00744.2562,E,1,03,0.0,0.0,M,,,,0000*0f
$GPRMC,090010.257,A,4831.4533,N,00744.2562,E,32.4,350.2,110826,,*3d
$GPGGA,090010.286,4831.4536,N,00744.2561,E,1,03,0.0,0.0,M,,,,0000*05
$GPRMC,090010.286,A,4831.4536,N,00744.2561,E,32.4,350.4,110826,,*31
$GPGGA,090010.322,4831.4540,N,00744.2561,E,1,03,0.0,0.0,M,,,,0000*0b
$GPRMC,090010.322,A,4831.4540,N,00744.2561,E,32.4,350.6,110826,,*3d
$GPGGA,090010.370,4831.4543,N,00744.2560,E,1,03,0.0,0.0,M,,,,0000*0e
$GPRMC,090010.370,A,4831.4543,N,00744.2560,E,32.4,350.9,110826,,*37
$GPGGA,090010.408,4831.4548,N,00744.2559,E,1,03,0.0,0.0,M,,,,0000*07
$GPRMC,090010.408,A,4831.4548,N,00744.2559,E,32.4,351.6,110826,,*30
$GPGGA,090010.452,4831.4551,N,00744.2558,E,1,03,0.0,0.0,M,,,,0000*01
$GPRMC,090010.452,A,4831.4551,N,00744.2558,E,32.4,352.0,110826,,*33
$GPGGA,090010.486,4831.4556,N,00744.2557,E,1,03,0.0,0.0,M,,,,0000*00
$GPRMC,090010.486,A,4831.4556,N,00744.2557,E,32.4,352.6,110826,,*34
$GPGGA,090010.518,4831.4560,N,00744.2557,E,1,03,0.0,0.0,M,,,,0000*03
$GPRMC,090010.518,A,4831.4560,N,00744.2557,E,32.4,353.1,110826,,*31
$GPGGA,090010.572,4831.4563,N,00744.2556,E,1,03,0.0,0.0,M,,,,0000*0d
$GPRMC,090010.572,A,4831.4563,N,00744.2556,E,32.4,353.5,110826,,*3b
$GPGGA,090010.603,4831.4568,N,00744.2555,E,1,03,0.0,0.0,M,,,,0000*00
$GPRMC,090010.603,A,4831.4568,N,00744.2555,E,32.4,354.2,110826,,*36
$GPGGA,090010.635,4831.4572,N,00744.2555,E,1,03,0.0,0.0,M,,,,0000*0e
$GPRMC,090010.635,A,4831.4572,N,00744.2555,E,32.4,354.6,110826,,*3c
$GPGGA,090010.689,4831.4575,N,00744.2554,E,1,03,0.0,0.0,M,,,,0000*0f
$GPRMC,090010.689,A,4831.4575,N,00744.2554,E,32.4,355.1,110826,,*3b
$GPGGA,090010.722,4831.4580,N,00744.2554,E,1,03,0.0,0.0,M,,,,0000*05
$GPRMC,090010.722,A,4831.4580,N,00744.2554,E,32.4,356.2,110826,,*31
$GPGGA,090010.773,4831.4583,N,00744.2553,E,1,03,0.0,0.0,M,,,,0000*05
$GPRMC,090010.773,A,4831.4583,N,00744.2553,E,32.4,357.1,110826,,*33
$GPGGA,090010.813,4831.4588,N,00744.2553,E,1,03,0.0,0.0,M,,,,0000*07
$GPRMC,090010.813,A,4831.4588,N,00744.2553,E,32.4,358.4,110826,,*3b
$GPGGA,090010.851,4831.4592,N,00744.2553,E,1,03,0.0,0.0,M,,,,0000*0a
$GPRMC,090010.851,A,4831.4592,N,00744.2553,E,32.4,359.3,110826,,*30
$GPGGA,090010.899,4831.4597,N,00744.2553,E,1,03,0.0,0.0,M,,,,0000*0b
$GPRMC,090010.899,A,4831.4597,N,00744.2553,E,32.4,359.8,110826,,*3a
$GPGGA,090010.936,4831.4600,N,00744.2553,E,1,03,0.0,0.0,M,,,,0000*02
$GPRMC,090010.936,A,4831.4600,N,00744.2553,E,32.4,359.8,110826,,*33
$GPGGA,090011.024,4831.4605,N,00744.2553,E,1,03,0.0,0.0,M,,,,0000*0c
$GPRMC,090011.024,A,4831.4605,N,00744.2553,E,32.4,359.8,110826,,*3d
$GPGGA,090011.061,4831.4614,N,00744.2553,E,1,03,0.0,0.0,M,,,,0000*0d
$GPRMC,090011.061,A,4831.4614,N,00744.2553,E,32.4,359.8,110826,,*3c
$GPGGA,090011.106,4831.4617,N,00744.2553,E,1,03,0.0,0.0,M,,,,0000*0e
$GPRMC,090011.106,A,4831.4617,N,00744.2553,E,32.4,359.8,110826,,*3f
$GPGGA,090011.142,4831.4622,N,00744.2553,E,1,03,0.0,0.0,M,,,,0000*08
$GPRMC,090011.142,A,4831.4622,N,00744.2553,E,32.4,359.8,110826,,*39
$GPGGA,090011.192,4831.4626,N,00744.2553,E,1,03,0.0,0.0,M,,,,0000*01
$GPRMC,090011.192,A,4831.4626,N,00744.2553,E,32.4,359.8,110826,,*30
$GPGGA,090011.236,4831.4631,N,00744.2553,E,1,03,0.0,0.0,M,,,,0000*0a
$GPRMC,090011.236,A,4831.4631,N,00744.2553,E,32.4,359.8,110826,,*3b
$GPGGA,090011.280,4831.4636,N,00744.2552,E,1,03,0.0,0.0,M,,,,0000*01
$GPRMC,090011.280,A,4831.4636,N,00744.2552,E,32.4,359.8,110826,,*30
$GPGGA,090011.322,4831.4639,N,00744.2552,E,1,03,0.0,0.0,M,,,,0000*07
$GPRMC,090011.322,A,4831.4639,N,00744.2552,E,32.4,359.8,110826,,*36
$GPGGA,090011.369,4831.4644,N,00744.2552,E,1,03,0.0,0.0,M,,,,0000*02
$GPRMC,090011.369,A,4831.4644,N,00744.2552,E,32.4,359.8,110826,,*33
$GPGGA,090011.413,4831.4649,N,00744.2552,E,1,03,0.0,0.0,M,,,,0000*05
$GPRMC,090011.413,A,4831.4649,N,00744.2552,E,32.4,359.8,110826,,*34
$GPGGA,090011.453,4831.4653,N,00744.2552,E,1,03,0.0,0.0,M,,,,0000*0a
$GPRMC,090011.453,A,4831.4653,N,00744.2552,E,32.4,359.8,110826,,*3b
$GPGGA,090011.498,4831.4658,N,00744.2552,E,1,03,0.0,0.0,M,,,,0000*06
$GPRMC,090011.498,A,4831.4658,N,00744.2552,E,32.4,359.8,110826,,*37
$GPGGA,090011.540,4831.4662,N,00744.2552,E,1,03,0.0,0.0,M,,,,0000*0b
$GPRMC,090011.540,A,4831.4662,N,00744.2552,E,32.4,359.8,110826,,*3a
$GPGGA,090011.585,4831.4667,N,00744.2552,E,1,03,0.0,0.0,M,,,,0000*07
$GPRMC,090011.585,A,4831.4667,N,00744.2552,E,32.4,359.8,110826,,*36
$GPGGA,090011.639,4831.4672,N,00744.2552,E,1,03,0.0,0.0,M,,,,0000*07
$GPRMC,090011.639,A,4831.4672,N,00744.2552,E,32.4,359.8,110826,,*36
$GPGGA,090011.681,4831.4676,N,00744.2552,E,1,03,0.0,0.0,M,,,,0000*00
$GPRMC,090011.681,A,4831.4676,N,00744.2552,E,32.4,359.8,110826,,*31
$GPGGA,090011.720,4831.4680,N,00744.2552,E,1,03,0.0,0.0,M,,,,0000*03
$GPRMC,090011.720,A,4831.4680,N,00744.2552,E,32.4,359.8,110826,,*32
$GPGGA,090011.771,4831.4685,N,00744.2552,E,1,03,0.0,0.0,M,,,,0000*02
$GPRMC,090011.771,A,4831.4685,N,00744.2552,E,32.4,359.8,110826,,*33
$GPGGA,090011.816,4831.4690,N,00744.2552,E,1,03,0.0,0.0,M,,,,0000*08
$GPRMC,090011.816,A,4831.4690,N,00744.2552,E,32.4,359.8,110826,,*39
$GPGGA,090011.854,4831.4694,N,00744.2552,E,1,03,0.0,0.0,M,,,,0000*0a
$GPRMC,090011.854,A,4831.4694,N,00744.2552,E,32.4,359.8,110826,,*3b
$GPGGA,090011.914,4831.4699,N,00744.2552,E,1,03,0.0,0.0,M,,,,0000*02
$GPRMC,090011.914,A,4831.4699,N,00744.2552,E,32.4,359.8,110826,,*33
$GPGGA,090011.954,4831.4703,N,00744.2552,E,1,03,0.0,0.0,M,,,,0000*04
$GPRMC,090011.954,A,4831.4703,N,00744.2552,E,32.4,359.8,110826,,*35
$GPGGA,090012.050,4831.4709,N,00744.2552,E,1,03,0.0,0.0,M,,,,0000*00
$GPRMC,090012.050,A,4831.4709,N,00744.2552,E,32.4,359.8,110826,,*31
$GPGGA,090012.062,4831.4718,N,00744.2552,E,1,03,0.0,0.0,M,,,,0000*01
$GPRMC,090012.062,A,4831.4718,N,00744.2552,E,32.4,359.8,110826,,*30
$GPGGA,090012.108,4831.4719,N,00744.2552,E,1,03,0.0,0.0,M,,,,0000*0d
$GPRMC,090012.108,A,4831.4719,N,00744.2552,E,32.4,359.8,110826,,*3c
$GPGGA,090012.154,4831.4724,N,00744.2552,E,1,03,0.0,0.0,M,,,,0000*0a
$GPRMC,090012.154,A,4831.4724,N,00744.2552,E,32.4,359.8,110826,,*3b
$GPGGA,090012.196,4831.4729,N,00744.2552,E,1,03,0.0,0.0,M,,,,0000*09
$GPRMC,090012.196,A,4831.4729,N,00744.2552,E,32.4,359.8,110826,,*38
$GPGGA,090012.241,4831.4732,N,00744.2552,E,1,03,0.0,0.0,M,,,,0000*0a
$GPRMC,090012.241,A,4831.4732,N,00744.2552,E,32.4,359.8,110826,,*3b
