/*******************************************************************************
 * Size: 18 px
 * Bpp: 4
 * Opts: --no-compress --no-prefilter --bpp 4 --size 18 --font /tmp/Montserrat-SemiBold.ttf -r 0x20-0x7F,0xA0-0xFF,0x102,0x103,0xC2,0xE2,0xCE,0xEE,0x218,0x219,0x21A,0x21B,0x171,0x170,0x151,0x150,0x10D,0x10F,0x13A,0x13E,0x148,0x155,0x161,0x165,0x17E,0xDF,0xB0,0x2022 --font /home/balazs/Desktop/Work/ROUTE_VIA_BLE/maps-sdk-examples-for-cpp/BUILD/linux-sdl-ninja-release/_deps/lvgl-src/scripts/built_in_font/FontAwesome5-Solid+Brands+Regular.woff -r 61441,61448,61451,61452,61453,61457,61459,61461,61465,61468,61473,61478,61479,61480,61502,61507,61512,61515,61516,61517,61521,61522,61523,61524,61543,61544,61550,61552,61553,61556,61559,61560,61561,61563,61587,61589,61636,61637,61639,61641,61664,61671,61674,61683,61724,61732,61787,61931,62016,62017,62018,62019,62020,62087,62099,62212,62189,62810,63426,63650 --format lvgl -o /home/balazs/Desktop/Work/ROUTE_VIA_BLE/maps-sdk-examples-for-cpp/Examples/font_montserrat_semi_bold_18.c --force-fast-kern-format
 ******************************************************************************/

#ifdef LV_LVGL_H_INCLUDE_SIMPLE
#include "lvgl.h"
#else
#include "lvgl/lvgl.h"
#endif

#ifndef FONT_MONTSERRAT_SEMI_BOLD_18
#define FONT_MONTSERRAT_SEMI_BOLD_18 1
#endif

#if FONT_MONTSERRAT_SEMI_BOLD_18

#if LV_FONT_FMT_TXT_LARGE != 1
#error "font_montserrat_semi_bold_18.c: LV_FONT_FMT_TXT_LARGE must be 1 (check lv_conf.h include path)"
#endif

/*-----------------
 *    BITMAPS
 *----------------*/

/*Store the image of the glyphs*/
static LV_ATTRIBUTE_LARGE_CONST const uint8_t glyph_bitmap[] = {
    /* U+0020 " " */

    /* U+0021 "!" */
    0xcf, 0xdb, 0xfc, 0xbf, 0xba, 0xfa, 0x9f, 0x98,
    0xf9, 0x7f, 0x86, 0xf7, 0x4a, 0x40, 0x0, 0x6c,
    0x6e, 0xfe, 0x8f, 0x80,

    /* U+0022 "\"" */
    0xfe, 0x8, 0xf6, 0xfe, 0x7, 0xf6, 0xee, 0x7,
    0xf5, 0xed, 0x6, 0xf5, 0xdd, 0x6, 0xf4, 0x11,
    0x0, 0x20,

    /* U+0023 "#" */
    0x0, 0x0, 0xf9, 0x0, 0x6f, 0x40, 0x0, 0x0,
    0x2f, 0x70, 0x8, 0xf2, 0x0, 0x0, 0x4, 0xf5,
    0x0, 0xaf, 0x0, 0x0, 0xff, 0xff, 0xff, 0xff,
    0xff, 0xf5, 0xa, 0xbd, 0xfb, 0xbb, 0xfe, 0xbb,
    0x40, 0x0, 0xaf, 0x0, 0xf, 0xa0, 0x0, 0x0,
    0xc, 0xe0, 0x1, 0xf8, 0x0, 0x0, 0x0, 0xdc,
    0x0, 0x3f, 0x70, 0x0, 0x6a, 0xaf, 0xea, 0xac,
    0xfc, 0xa8, 0x9, 0xff, 0xff, 0xff, 0xff, 0xff,
    0xc0, 0x0, 0x3f, 0x60, 0x8, 0xf1, 0x0, 0x0,
    0x5, 0xf4, 0x0, 0xaf, 0x0, 0x0, 0x0, 0x7f,
    0x20, 0xc, 0xd0, 0x0, 0x0,

    /* U+0024 "$" */
    0x0, 0x0, 0x6, 0x30, 0x0, 0x0, 0x0, 0x0,
    0xf8, 0x0, 0x0, 0x0, 0x0, 0xf, 0x80, 0x0,
    0x0, 0x2, 0xae, 0xff, 0xea, 0x30, 0x4, 0xff,
    0xff, 0xff, 0xff, 0x0, 0xdf, 0xc2, 0xf8, 0x27,
    0x80, 0xf, 0xf4, 0xf, 0x80, 0x0, 0x0, 0xff,
    0xa0, 0xf8, 0x0, 0x0, 0x8, 0xff, 0xff, 0xa1,
    0x0, 0x0, 0x7, 0xef, 0xff, 0xfb, 0x30, 0x0,
    0x0, 0x4f, 0xff, 0xff, 0x20, 0x0, 0x0, 0xf8,
    0x3e, 0xf9, 0x1, 0x0, 0xf, 0x80, 0xaf, 0xa0,
    0xea, 0x40, 0xf8, 0x4f, 0xf6, 0x3f, 0xff, 0xff,
    0xff, 0xfc, 0x0, 0x29, 0xdf, 0xff, 0xd7, 0x0,
    0x0, 0x0, 0xf, 0x80, 0x0, 0x0, 0x0, 0x0,
    0xf8, 0x0, 0x0,

    /* U+0025 "%" */
    0x2, 0xbf, 0xc3, 0x0, 0x0, 0x3f, 0x90, 0x0,
    0xdd, 0x5b, 0xf1, 0x0, 0xd, 0xe0, 0x0, 0x3f,
    0x30, 0x1f, 0x70, 0x7, 0xf4, 0x0, 0x5, 0xf1,
    0x0, 0xe9, 0x2, 0xf9, 0x0, 0x0, 0x4f, 0x20,
    0xf, 0x70, 0xce, 0x0, 0x0, 0x0, 0xea, 0x17,
    0xf3, 0x7f, 0x40, 0x0, 0x0, 0x4, 0xff, 0xf7,
    0x2f, 0x90, 0xaf, 0xe7, 0x0, 0x0, 0x20, 0xc,
    0xe0, 0xae, 0x57, 0xf5, 0x0, 0x0, 0x7, 0xf4,
    0xf, 0x70, 0xc, 0xb0, 0x0, 0x2, 0xfa, 0x1,
    0xf5, 0x0, 0x9d, 0x0, 0x0, 0xce, 0x10, 0xf,
    0x70, 0xc, 0xb0, 0x0, 0x7f, 0x40, 0x0, 0x9e,
    0x68, 0xf5, 0x0, 0x2f, 0xa0, 0x0, 0x0, 0x9e,
    0xe7, 0x0,

    /* U+0026 "&" */
    0x0, 0x4, 0xcf, 0xea, 0x20, 0x0, 0x0, 0x4,
    0xff, 0xbc, 0xfd, 0x0, 0x0, 0x0, 0xaf, 0x70,
    0xc, 0xf3, 0x0, 0x0, 0xa, 0xf7, 0x0, 0xdf,
    0x20, 0x0, 0x0, 0x5f, 0xe4, 0xbf, 0x90, 0x0,
    0x0, 0x0, 0xaf, 0xff, 0x80, 0x0, 0x0, 0x0,
    0x7f, 0xff, 0xf3, 0x0, 0x50, 0x0, 0x7f, 0xe3,
    0x9f, 0xf4, 0x2f, 0xc0, 0x1f, 0xf2, 0x0, 0x8f,
    0xfb, 0xf8, 0x3, 0xff, 0x0, 0x0, 0x7f, 0xff,
    0x10, 0x1f, 0xf8, 0x0, 0x6, 0xff, 0xf5, 0x0,
    0x7f, 0xff, 0xef, 0xff, 0xaf, 0xf2, 0x0, 0x4b,
    0xef, 0xea, 0x30, 0x68, 0x0, 0x0, 0x0, 0x0,
    0x0, 0x0, 0x0,

    /* U+0027 "'" */
    0xfe, 0xfe, 0xee, 0xed, 0xdd, 0x11,

    /* U+0028 "(" */
    0x0, 0x8f, 0x90, 0x1f, 0xf2, 0x6, 0xfc, 0x0,
    0xcf, 0x70, 0xf, 0xf3, 0x2, 0xff, 0x0, 0x5f,
    0xd0, 0x6, 0xfc, 0x0, 0x7f, 0xb0, 0x7, 0xfb,
    0x0, 0x6f, 0xc0, 0x5, 0xfd, 0x0, 0x2f, 0xf0,
    0x0, 0xff, 0x30, 0xc, 0xf7, 0x0, 0x6f, 0xc0,
    0x1, 0xff, 0x20, 0x8, 0xf9,

    /* U+0029 ")" */
    0x6f, 0xc0, 0x0, 0xef, 0x40, 0x8, 0xfa, 0x0,
    0x3f, 0xf0, 0x0, 0xff, 0x30, 0xc, 0xf6, 0x0,
    0x9f, 0x90, 0x8, 0xfa, 0x0, 0x7f, 0xb0, 0x7,
    0xfb, 0x0, 0x8f, 0xa0, 0x9, 0xf9, 0x0, 0xcf,
    0x60, 0xf, 0xf3, 0x3, 0xff, 0x0, 0x8f, 0xa0,
    0xe, 0xf4, 0x6, 0xfc, 0x0,

    /* U+002A "*" */
    0x0, 0xf, 0x60, 0x0, 0x39, 0xe, 0x64, 0x90,
    0x6f, 0xef, 0xef, 0xc0, 0x2, 0xef, 0xf9, 0x0,
    0x5e, 0xff, 0xff, 0xa0, 0x4b, 0x2e, 0x66, 0xb0,
    0x0, 0xe, 0x60, 0x0, 0x0, 0x1, 0x0, 0x0,

    /* U+002B "+" */
    0x0, 0x3, 0x51, 0x0, 0x0, 0x0, 0xaf, 0x40,
    0x0, 0x0, 0xa, 0xf4, 0x0, 0x0, 0x0, 0xaf,
    0x40, 0x0, 0xdf, 0xff, 0xff, 0xff, 0x7b, 0xdd,
    0xff, 0xed, 0xd6, 0x0, 0xa, 0xf4, 0x0, 0x0,
    0x0, 0xaf, 0x40, 0x0, 0x0, 0xa, 0xf4, 0x0,
    0x0,

    /* U+002C "," */
    0x7, 0xa2, 0x2f, 0xf9, 0x1e, 0xf8, 0x7, 0xf3,
    0xb, 0xd0, 0xf, 0x80,

    /* U+002D "-" */
    0xe, 0xee, 0xed, 0xf, 0xff, 0xff,

    /* U+002E "." */
    0x0, 0x0, 0xd, 0xf4, 0x3f, 0xfa, 0xc, 0xe4,

    /* U+002F "/" */
    0x0, 0x0, 0x0, 0x58, 0x20, 0x0, 0x0, 0xe,
    0xf1, 0x0, 0x0, 0x4, 0xfb, 0x0, 0x0, 0x0,
    0x9f, 0x60, 0x0, 0x0, 0xe, 0xf1, 0x0, 0x0,
    0x4, 0xfb, 0x0, 0x0, 0x0, 0xaf, 0x60, 0x0,
    0x0, 0xf, 0xf1, 0x0, 0x0, 0x5, 0xfb, 0x0,
    0x0, 0x0, 0xaf, 0x50, 0x0, 0x0, 0xf, 0xf0,
    0x0, 0x0, 0x5, 0xfa, 0x0, 0x0, 0x0, 0xaf,
    0x50, 0x0, 0x0, 0xf, 0xf0, 0x0, 0x0, 0x5,
    0xfa, 0x0, 0x0, 0x0, 0xbf, 0x50, 0x0, 0x0,
    0x1f, 0xf0, 0x0, 0x0, 0x6, 0xfa, 0x0, 0x0,
    0x0,

    /* U+0030 "0" */
    0x0, 0x4, 0xbe, 0xfc, 0x50, 0x0, 0x0, 0x7f,
    0xff, 0xff, 0xf9, 0x0, 0x3, 0xff, 0xa2, 0x29,
    0xff, 0x50, 0xa, 0xfc, 0x0, 0x0, 0xaf, 0xc0,
    0xf, 0xf6, 0x0, 0x0, 0x4f, 0xf1, 0x1f, 0xf3,
    0x0, 0x0, 0x1f, 0xf3, 0x2f, 0xf2, 0x0, 0x0,
    0xf, 0xf4, 0x1f, 0xf3, 0x0, 0x0, 0x1f, 0xf3,
    0xf, 0xf6, 0x0, 0x0, 0x4f, 0xf1, 0xb, 0xfc,
    0x0, 0x0, 0xaf, 0xc0, 0x3, 0xff, 0xa2, 0x29,
    0xff, 0x50, 0x0, 0x7f, 0xff, 0xff, 0xf9, 0x0,
    0x0, 0x4, 0xbe, 0xfc, 0x50, 0x0,

    /* U+0031 "1" */
    0xdf, 0xff, 0xf2, 0xdf, 0xff, 0xf2, 0x0, 0x3f,
    0xf2, 0x0, 0x3f, 0xf2, 0x0, 0x3f, 0xf2, 0x0,
    0x3f, 0xf2, 0x0, 0x3f, 0xf2, 0x0, 0x3f, 0xf2,
    0x0, 0x3f, 0xf2, 0x0, 0x3f, 0xf2, 0x0, 0x3f,
    0xf2, 0x0, 0x3f, 0xf2, 0x0, 0x3f, 0xf2,

    /* U+0032 "2" */
    0x1, 0x8d, 0xff, 0xc6, 0x0, 0x4f, 0xff, 0xff,
    0xff, 0xa0, 0x6f, 0xc4, 0x13, 0xaf, 0xf3, 0x2,
    0x0, 0x0, 0xf, 0xf6, 0x0, 0x0, 0x0, 0xf,
    0xf5, 0x0, 0x0, 0x0, 0x7f, 0xf1, 0x0, 0x0,
    0x5, 0xff, 0x60, 0x0, 0x0, 0x5f, 0xf8, 0x0,
    0x0, 0x6, 0xff, 0x80, 0x0, 0x0, 0x6f, 0xf7,
    0x0, 0x0, 0x7, 0xff, 0x70, 0x0, 0x0, 0x4f,
    0xff, 0xff, 0xff, 0xfe, 0x6f, 0xff, 0xff, 0xff,
    0xfe,

    /* U+0033 "3" */
    0x6f, 0xff, 0xff, 0xff, 0xf3, 0x6f, 0xff, 0xff,
    0xff, 0xf2, 0x0, 0x0, 0x2, 0xef, 0x70, 0x0,
    0x0, 0xd, 0xfa, 0x0, 0x0, 0x0, 0xbf, 0xc0,
    0x0, 0x0, 0x6, 0xff, 0xa5, 0x0, 0x0, 0x8,
    0xff, 0xff, 0xb0, 0x0, 0x0, 0x12, 0x8f, 0xf6,
    0x0, 0x0, 0x0, 0xb, 0xfa, 0x1, 0x0, 0x0,
    0xc, 0xfa, 0x7e, 0x83, 0x13, 0x9f, 0xf6, 0xbf,
    0xff, 0xff, 0xff, 0xb0, 0x5, 0xbe, 0xfe, 0xc6,
    0x0,

    /* U+0034 "4" */
    0x0, 0x0, 0x0, 0x8f, 0xe1, 0x0, 0x0, 0x0,
    0x0, 0x4f, 0xf3, 0x0, 0x0, 0x0, 0x0, 0x1e,
    0xf7, 0x0, 0x0, 0x0, 0x0, 0xc, 0xfc, 0x0,
    0x0, 0x0, 0x0, 0x8, 0xfe, 0x10, 0x0, 0x0,
    0x0, 0x4, 0xff, 0x40, 0x39, 0x70, 0x0, 0x1,
    0xef, 0x90, 0x6, 0xfc, 0x0, 0x0, 0xbf, 0xc0,
    0x0, 0x6f, 0xc0, 0x0, 0x5f, 0xff, 0xff, 0xff,
    0xff, 0xff, 0x6, 0xff, 0xff, 0xff, 0xff, 0xff,
    0xf0, 0x0, 0x0, 0x0, 0x7, 0xfc, 0x0, 0x0,
    0x0, 0x0, 0x0, 0x7f, 0xc0, 0x0, 0x0, 0x0,
    0x0, 0x7, 0xfc, 0x0, 0x0,

    /* U+0035 "5" */
    0x3, 0xff, 0xff, 0xff, 0xf3, 0x5, 0xff, 0xff,
    0xff, 0xf3, 0x6, 0xfc, 0x0, 0x0, 0x0, 0x8,
    0xfa, 0x0, 0x0, 0x0, 0x9, 0xf9, 0x0, 0x0,
    0x0, 0xb, 0xff, 0xff, 0xd9, 0x10, 0xc, 0xff,
    0xff, 0xff, 0xf2, 0x0, 0x0, 0x1, 0x5f, 0xfa,
    0x0, 0x0, 0x0, 0x8, 0xfe, 0x1, 0x0, 0x0,
    0x8, 0xfd, 0x3f, 0x94, 0x22, 0x6f, 0xf9, 0x8f,
    0xff, 0xff, 0xff, 0xd1, 0x4, 0xad, 0xff, 0xd8,
    0x0,

    /* U+0036 "6" */
    0x0, 0x1, 0x8d, 0xff, 0xd7, 0x0, 0x3, 0xef,
    0xff, 0xff, 0xe0, 0x1, 0xef, 0xd4, 0x11, 0x45,
    0x0, 0x9f, 0xd0, 0x0, 0x0, 0x0, 0xe, 0xf6,
    0x0, 0x0, 0x0, 0x1, 0xff, 0x49, 0xef, 0xe9,
    0x10, 0x2f, 0xff, 0xff, 0xff, 0xfe, 0x12, 0xff,
    0xf5, 0x0, 0x4e, 0xf9, 0xf, 0xfa, 0x0, 0x0,
    0x8f, 0xc0, 0xcf, 0xa0, 0x0, 0x8, 0xfc, 0x5,
    0xff, 0x50, 0x3, 0xef, 0x80, 0x9, 0xff, 0xff,
    0xff, 0xc0, 0x0, 0x5, 0xcf, 0xfd, 0x70, 0x0,

    /* U+0037 "7" */
    0x8f, 0xff, 0xff, 0xff, 0xff, 0x48, 0xff, 0xff,
    0xff, 0xff, 0xf4, 0x8f, 0xb0, 0x0, 0x9, 0xfe,
    0x8, 0xfb, 0x0, 0x0, 0xef, 0x70, 0x24, 0x20,
    0x0, 0x6f, 0xf1, 0x0, 0x0, 0x0, 0xd, 0xfa,
    0x0, 0x0, 0x0, 0x4, 0xff, 0x30, 0x0, 0x0,
    0x0, 0xbf, 0xc0, 0x0, 0x0, 0x0, 0x2f, 0xf5,
    0x0, 0x0, 0x0, 0x9, 0xfe, 0x0, 0x0, 0x0,
    0x1, 0xff, 0x70, 0x0, 0x0, 0x0, 0x7f, 0xf1,
    0x0, 0x0, 0x0, 0xe, 0xf9, 0x0, 0x0, 0x0,

    /* U+0038 "8" */
    0x0, 0x19, 0xdf, 0xfc, 0x70, 0x0, 0x2, 0xef,
    0xfe, 0xff, 0xfc, 0x0, 0xa, 0xfe, 0x20, 0x5,
    0xff, 0x60, 0xc, 0xf8, 0x0, 0x0, 0xcf, 0x80,
    0x9, 0xfc, 0x10, 0x3, 0xff, 0x50, 0x1, 0xdf,
    0xfc, 0xcf, 0xfa, 0x0, 0x2, 0xcf, 0xff, 0xff,
    0xf9, 0x0, 0xd, 0xfd, 0x30, 0x15, 0xff, 0x80,
    0x3f, 0xf3, 0x0, 0x0, 0x7f, 0xe0, 0x3f, 0xf2,
    0x0, 0x0, 0x7f, 0xf0, 0xf, 0xfc, 0x20, 0x4,
    0xef, 0xb0, 0x5, 0xff, 0xfe, 0xff, 0xfe, 0x20,
    0x0, 0x3a, 0xef, 0xfd, 0x81, 0x0,

    /* U+0039 "9" */
    0x0, 0x5c, 0xff, 0xd7, 0x0, 0x0, 0x9f, 0xff,
    0xff, 0xfc, 0x10, 0x3f, 0xf7, 0x0, 0x2d, 0xfa,
    0x7, 0xfc, 0x0, 0x0, 0x5f, 0xf1, 0x8f, 0xd0,
    0x0, 0x5, 0xff, 0x54, 0xff, 0x81, 0x4, 0xef,
    0xf7, 0xa, 0xff, 0xff, 0xff, 0xff, 0x70, 0x5,
    0xbd, 0xd9, 0x2e, 0xf6, 0x0, 0x0, 0x0, 0x2,
    0xff, 0x30, 0x0, 0x0, 0x0, 0xaf, 0xd0, 0x2,
    0x51, 0x3, 0xaf, 0xf5, 0x0, 0xaf, 0xff, 0xff,
    0xf7, 0x0, 0x5, 0xce, 0xfd, 0xa3, 0x0, 0x0,

    /* U+003A ":" */
    0xc, 0xe4, 0x3f, 0xfa, 0xd, 0xf4, 0x0, 0x0,
    0x0, 0x0, 0x0, 0x0, 0x0, 0x0, 0xd, 0xf4,
    0x3f, 0xfa, 0xc, 0xe4,

    /* U+003B ";" */
    0xc, 0xe4, 0x3f, 0xfa, 0xd, 0xf4, 0x0, 0x0,
    0x0, 0x0, 0x0, 0x0, 0x0, 0x0, 0xc, 0xe4,
    0x3f, 0xfa, 0xc, 0xf7, 0x8, 0xf2, 0xc, 0xc0,
    0xb, 0x50,

    /* U+003C "<" */
    0x0, 0x0, 0x0, 0x6, 0x50, 0x0, 0x3, 0x9f,
    0xf7, 0x0, 0x6d, 0xff, 0xe8, 0x18, 0xff, 0xfa,
    0x40, 0x0, 0xdf, 0xc1, 0x0, 0x0, 0x9, 0xff,
    0xf9, 0x30, 0x0, 0x1, 0x7d, 0xff, 0xd7, 0x10,
    0x0, 0x3, 0xaf, 0xf7, 0x0, 0x0, 0x0, 0x17,
    0x50,

    /* U+003D "=" */
    0xdf, 0xff, 0xff, 0xff, 0x7b, 0xdd, 0xdd, 0xdd,
    0xd6, 0x0, 0x0, 0x0, 0x0, 0x0, 0x0, 0x0,
    0x0, 0x0, 0xbd, 0xdd, 0xdd, 0xdd, 0x6d, 0xff,
    0xff, 0xff, 0xf7,

    /* U+003E ">" */
    0x84, 0x0, 0x0, 0x0, 0xd, 0xfd, 0x71, 0x0,
    0x0, 0x3a, 0xff, 0xfa, 0x40, 0x0, 0x0, 0x6c,
    0xff, 0xd4, 0x0, 0x0, 0x5, 0xff, 0x70, 0x0,
    0x6c, 0xff, 0xe4, 0x39, 0xff, 0xfb, 0x40, 0xd,
    0xfe, 0x81, 0x0, 0x0, 0x84, 0x0, 0x0, 0x0,
    0x0,

    /* U+003F "?" */
    0x1, 0x8d, 0xfe, 0xc6, 0x0, 0x4f, 0xff, 0xff,
    0xff, 0xb0, 0x7f, 0xb3, 0x1, 0xaf, 0xf3, 0x2,
    0x0, 0x0, 0xf, 0xf5, 0x0, 0x0, 0x0, 0x4f,
    0xf2, 0x0, 0x0, 0x3, 0xef, 0x80, 0x0, 0x0,
    0x2f, 0xf8, 0x0, 0x0, 0x0, 0xcf, 0xa0, 0x0,
    0x0, 0x0, 0x9a, 0x30, 0x0, 0x0, 0x0, 0x0,
    0x0, 0x0, 0x0, 0x0, 0xac, 0x20, 0x0, 0x0,
    0x4, 0xff, 0x80, 0x0, 0x0, 0x0, 0xce, 0x30,
    0x0,

    /* U+0040 "@" */
    0x0, 0x0, 0x2, 0x8c, 0xef, 0xec, 0x71, 0x0,
    0x0, 0x0, 0x0, 0xaf, 0xfc, 0x98, 0xac, 0xff,
    0x70, 0x0, 0x0, 0x1d, 0xf9, 0x10, 0x0, 0x0,
    0x2a, 0xfa, 0x0, 0x0, 0xbf, 0x60, 0x0, 0x0,
    0x0, 0x0, 0x7f, 0x70, 0x4, 0xf9, 0x0, 0x4c,
    0xfe, 0xa4, 0xfd, 0xa, 0xf1, 0xb, 0xf1, 0x6,
    0xff, 0xed, 0xff, 0xfd, 0x2, 0xf7, 0xf, 0xb0,
    0x1f, 0xf7, 0x0, 0x2d, 0xfd, 0x0, 0xdb, 0x1f,
    0x80, 0x5f, 0xc0, 0x0, 0x5, 0xfd, 0x0, 0xbc,
    0x2f, 0x70, 0x7f, 0x90, 0x0, 0x2, 0xfd, 0x0,
    0xbd, 0x1f, 0x90, 0x5f, 0xb0, 0x0, 0x4, 0xfd,
    0x0, 0xdb, 0xf, 0xb0, 0x1f, 0xf6, 0x0, 0x1d,
    0xfe, 0x2, 0xf7, 0xb, 0xf1, 0x6, 0xff, 0xdc,
    0xfe, 0xdf, 0xdf, 0xe1, 0x4, 0xf9, 0x0, 0x4c,
    0xfe, 0xa2, 0x3d, 0xfc, 0x30, 0x0, 0xbf, 0x60,
    0x0, 0x0, 0x0, 0x0, 0x0, 0x0, 0x0, 0x1d,
    0xf9, 0x10, 0x0, 0x0, 0x40, 0x0, 0x0, 0x0,
    0x0, 0xaf, 0xfc, 0xa9, 0xae, 0xf1, 0x0, 0x0,
    0x0, 0x0, 0x3, 0x9d, 0xef, 0xeb, 0x60, 0x0,
    0x0,

    /* U+0041 "A" */
    0x0, 0x0, 0x0, 0xaf, 0xf1, 0x0, 0x0, 0x0,
    0x0, 0x0, 0x1f, 0xff, 0x80, 0x0, 0x0, 0x0,
    0x0, 0x8, 0xfd, 0xfe, 0x0, 0x0, 0x0, 0x0,
    0x0, 0xef, 0x4d, 0xf6, 0x0, 0x0, 0x0, 0x0,
    0x6f, 0xd0, 0x6f, 0xd0, 0x0, 0x0, 0x0, 0xd,
    0xf7, 0x0, 0xff, 0x40, 0x0, 0x0, 0x4, 0xff,
    0x10, 0x9, 0xfb, 0x0, 0x0, 0x0, 0xbf, 0x90,
    0x0, 0x2f, 0xf2, 0x0, 0x0, 0x2f, 0xfe, 0xee,
    0xee, 0xff, 0x90, 0x0, 0x9, 0xff, 0xff, 0xff,
    0xff, 0xff, 0x10, 0x0, 0xff, 0x50, 0x0, 0x0,
    0xe, 0xf7, 0x0, 0x7f, 0xe0, 0x0, 0x0, 0x0,
    0x8f, 0xe0, 0xd, 0xf8, 0x0, 0x0, 0x0, 0x1,
    0xff, 0x50,

    /* U+0042 "B" */
    0x5f, 0xff, 0xff, 0xff, 0xc6, 0x0, 0x5f, 0xfe,
    0xee, 0xef, 0xff, 0xa0, 0x5f, 0xf0, 0x0, 0x0,
    0x9f, 0xf2, 0x5f, 0xf0, 0x0, 0x0, 0x2f, 0xf3,
    0x5f, 0xf0, 0x0, 0x0, 0x9f, 0xe0, 0x5f, 0xfe,
    0xee, 0xef, 0xfe, 0x30, 0x5f, 0xff, 0xff, 0xff,
    0xff, 0x90, 0x5f, 0xf0, 0x0, 0x1, 0x5f, 0xf7,
    0x5f, 0xf0, 0x0, 0x0, 0x9, 0xfc, 0x5f, 0xf0,
    0x0, 0x0, 0x8, 0xfd, 0x5f, 0xf0, 0x0, 0x0,
    0x3e, 0xfa, 0x5f, 0xfe, 0xee, 0xef, 0xff, 0xf2,
    0x5f, 0xff, 0xff, 0xff, 0xd9, 0x20,

    /* U+0043 "C" */
    0x0, 0x0, 0x5b, 0xef, 0xeb, 0x50, 0x0, 0x1,
    0xcf, 0xff, 0xff, 0xff, 0xb0, 0x0, 0xdf, 0xfa,
    0x42, 0x38, 0xff, 0x30, 0x7f, 0xf5, 0x0, 0x0,
    0x3, 0x30, 0xe, 0xf9, 0x0, 0x0, 0x0, 0x0,
    0x1, 0xff, 0x40, 0x0, 0x0, 0x0, 0x0, 0x2f,
    0xf2, 0x0, 0x0, 0x0, 0x0, 0x1, 0xff, 0x40,
    0x0, 0x0, 0x0, 0x0, 0xe, 0xf9, 0x0, 0x0,
    0x0, 0x0, 0x0, 0x7f, 0xf5, 0x0, 0x0, 0x2,
    0x30, 0x0, 0xdf, 0xf9, 0x42, 0x38, 0xff, 0x30,
    0x1, 0xcf, 0xff, 0xff, 0xff, 0xc1, 0x0, 0x0,
    0x5b, 0xef, 0xeb, 0x50, 0x0,

    /* U+0044 "D" */
    0x5f, 0xff, 0xff, 0xfd, 0xa4, 0x0, 0x0, 0x5f,
    0xff, 0xff, 0xff, 0xff, 0xb1, 0x0, 0x5f, 0xf1,
    0x0, 0x13, 0x9f, 0xfb, 0x0, 0x5f, 0xf0, 0x0,
    0x0, 0x6, 0xff, 0x50, 0x5f, 0xf0, 0x0, 0x0,
    0x0, 0xbf, 0xc0, 0x5f, 0xf0, 0x0, 0x0, 0x0,
    0x6f, 0xf0, 0x5f, 0xf0, 0x0, 0x0, 0x0, 0x4f,
    0xf0, 0x5f, 0xf0, 0x0, 0x0, 0x0, 0x6f, 0xf0,
    0x5f, 0xf0, 0x0, 0x0, 0x0, 0xbf, 0xc0, 0x5f,
    0xf0, 0x0, 0x0, 0x5, 0xff, 0x60, 0x5f, 0xf0,
    0x0, 0x13, 0x9f, 0xfb, 0x0, 0x5f, 0xff, 0xff,
    0xff, 0xff, 0xb1, 0x0, 0x5f, 0xff, 0xff, 0xfd,
    0xa4, 0x0, 0x0,

    /* U+0045 "E" */
    0x5f, 0xff, 0xff, 0xff, 0xfe, 0x5, 0xff, 0xff,
    0xff, 0xff, 0xe0, 0x5f, 0xf0, 0x0, 0x0, 0x0,
    0x5, 0xff, 0x0, 0x0, 0x0, 0x0, 0x5f, 0xf0,
    0x0, 0x0, 0x0, 0x5, 0xff, 0xff, 0xff, 0xff,
    0x10, 0x5f, 0xff, 0xff, 0xff, 0xf1, 0x5, 0xff,
    0x0, 0x0, 0x0, 0x0, 0x5f, 0xf0, 0x0, 0x0,
    0x0, 0x5, 0xff, 0x0, 0x0, 0x0, 0x0, 0x5f,
    0xf0, 0x0, 0x0, 0x0, 0x5, 0xff, 0xff, 0xff,
    0xff, 0xf2, 0x5f, 0xff, 0xff, 0xff, 0xff, 0x20,

    /* U+0046 "F" */
    0x5f, 0xff, 0xff, 0xff, 0xfe, 0x5f, 0xff, 0xff,
    0xff, 0xfe, 0x5f, 0xf0, 0x0, 0x0, 0x0, 0x5f,
    0xf0, 0x0, 0x0, 0x0, 0x5f, 0xf0, 0x0, 0x0,
    0x0, 0x5f, 0xf0, 0x0, 0x0, 0x0, 0x5f, 0xff,
    0xff, 0xff, 0xf1, 0x5f, 0xff, 0xff, 0xff, 0xf1,
    0x5f, 0xf0, 0x0, 0x0, 0x0, 0x5f, 0xf0, 0x0,
    0x0, 0x0, 0x5f, 0xf0, 0x0, 0x0, 0x0, 0x5f,
    0xf0, 0x0, 0x0, 0x0, 0x5f, 0xf0, 0x0, 0x0,
    0x0,

    /* U+0047 "G" */
    0x0, 0x0, 0x5a, 0xef, 0xeb, 0x60, 0x0, 0x1,
    0xcf, 0xff, 0xff, 0xff, 0xd2, 0x0, 0xcf, 0xfa,
    0x42, 0x37, 0xef, 0x40, 0x7f, 0xf5, 0x0, 0x0,
    0x1, 0x30, 0xe, 0xfa, 0x0, 0x0, 0x0, 0x0,
    0x1, 0xff, 0x40, 0x0, 0x0, 0x0, 0x0, 0x2f,
    0xf2, 0x0, 0x0, 0x0, 0x7a, 0x51, 0xff, 0x40,
    0x0, 0x0, 0xb, 0xf8, 0xe, 0xfa, 0x0, 0x0,
    0x0, 0xbf, 0x80, 0x7f, 0xf5, 0x0, 0x0, 0xb,
    0xf8, 0x0, 0xcf, 0xfa, 0x42, 0x36, 0xef, 0x80,
    0x1, 0xcf, 0xff, 0xff, 0xff, 0xe4, 0x0, 0x0,
    0x5b, 0xef, 0xec, 0x71, 0x0,

    /* U+0048 "H" */
    0x5f, 0xf0, 0x0, 0x0, 0x7, 0xfe, 0x5f, 0xf0,
    0x0, 0x0, 0x7, 0xfe, 0x5f, 0xf0, 0x0, 0x0,
    0x7, 0xfe, 0x5f, 0xf0, 0x0, 0x0, 0x7, 0xfe,
    0x5f, 0xf0, 0x0, 0x0, 0x7, 0xfe, 0x5f, 0xff,
    0xff, 0xff, 0xff, 0xfe, 0x5f, 0xff, 0xff, 0xff,
    0xff, 0xfe, 0x5f, 0xf1, 0x0, 0x0, 0x7, 0xfe,
    0x5f, 0xf0, 0x0, 0x0, 0x7, 0xfe, 0x5f, 0xf0,
    0x0, 0x0, 0x7, 0xfe, 0x5f, 0xf0, 0x0, 0x0,
    0x7, 0xfe, 0x5f, 0xf0, 0x0, 0x0, 0x7, 0xfe,
    0x5f, 0xf0, 0x0, 0x0, 0x7, 0xfe,

    /* U+0049 "I" */
    0x5f, 0xf0, 0x5f, 0xf0, 0x5f, 0xf0, 0x5f, 0xf0,
    0x5f, 0xf0, 0x5f, 0xf0, 0x5f, 0xf0, 0x5f, 0xf0,
    0x5f, 0xf0, 0x5f, 0xf0, 0x5f, 0xf0, 0x5f, 0xf0,
    0x5f, 0xf0,

    /* U+004A "J" */
    0x0, 0xef, 0xff, 0xff, 0xe0, 0xe, 0xff, 0xff,
    0xfe, 0x0, 0x0, 0x0, 0x7f, 0xe0, 0x0, 0x0,
    0x7, 0xfe, 0x0, 0x0, 0x0, 0x7f, 0xe0, 0x0,
    0x0, 0x7, 0xfe, 0x0, 0x0, 0x0, 0x7f, 0xe0,
    0x0, 0x0, 0x7, 0xfe, 0x0, 0x0, 0x0, 0x7f,
    0xe0, 0x2, 0x0, 0x9, 0xfd, 0xb, 0xe5, 0x14,
    0xef, 0x90, 0xdf, 0xff, 0xff, 0xf2, 0x0, 0x8d,
    0xfe, 0xa2, 0x0,

    /* U+004B "K" */
    0x5f, 0xf0, 0x0, 0x0, 0x3f, 0xf6, 0x5, 0xff,
    0x0, 0x0, 0x3f, 0xf8, 0x0, 0x5f, 0xf0, 0x0,
    0x2e, 0xf9, 0x0, 0x5, 0xff, 0x0, 0x1e, 0xfb,
    0x0, 0x0, 0x5f, 0xf0, 0x1d, 0xfc, 0x0, 0x0,
    0x5, 0xff, 0x1c, 0xfd, 0x0, 0x0, 0x0, 0x5f,
    0xfc, 0xff, 0xf2, 0x0, 0x0, 0x5, 0xff, 0xfe,
    0xef, 0xd0, 0x0, 0x0, 0x5f, 0xff, 0x33, 0xff,
    0xb0, 0x0, 0x5, 0xff, 0x30, 0x6, 0xff, 0x70,
    0x0, 0x5f, 0xf0, 0x0, 0x9, 0xff, 0x40, 0x5,
    0xff, 0x0, 0x0, 0xb, 0xfe, 0x10, 0x5f, 0xf0,
    0x0, 0x0, 0x1d, 0xfc, 0x0,

    /* U+004C "L" */
    0x5f, 0xf0, 0x0, 0x0, 0x0, 0x5f, 0xf0, 0x0,
    0x0, 0x0, 0x5f, 0xf0, 0x0, 0x0, 0x0, 0x5f,
    0xf0, 0x0, 0x0, 0x0, 0x5f, 0xf0, 0x0, 0x0,
    0x0, 0x5f, 0xf0, 0x0, 0x0, 0x0, 0x5f, 0xf0,
    0x0, 0x0, 0x0, 0x5f, 0xf0, 0x0, 0x0, 0x0,
    0x5f, 0xf0, 0x0, 0x0, 0x0, 0x5f, 0xf0, 0x0,
    0x0, 0x0, 0x5f, 0xf0, 0x0, 0x0, 0x0, 0x5f,
    0xff, 0xff, 0xff, 0xfa, 0x5f, 0xff, 0xff, 0xff,
    0xfa,

    /* U+004D "M" */
    0x5f, 0xe0, 0x0, 0x0, 0x0, 0x0, 0xcf, 0x75,
    0xff, 0x70, 0x0, 0x0, 0x0, 0x5f, 0xf7, 0x5f,
    0xff, 0x10, 0x0, 0x0, 0xd, 0xff, 0x75, 0xff,
    0xfa, 0x0, 0x0, 0x7, 0xff, 0xf7, 0x5f, 0xff,
    0xf3, 0x0, 0x1, 0xff, 0xef, 0x75, 0xfe, 0x7f,
    0xc0, 0x0, 0x9f, 0x9c, 0xf7, 0x5f, 0xe0, 0xdf,
    0x60, 0x3f, 0xf1, 0xbf, 0x75, 0xfe, 0x4, 0xfe,
    0x1c, 0xf7, 0xb, 0xf7, 0x5f, 0xe0, 0xb, 0xfc,
    0xfd, 0x0, 0xbf, 0x75, 0xfe, 0x0, 0x2f, 0xff,
    0x40, 0xb, 0xf7, 0x5f, 0xe0, 0x0, 0x8f, 0xb0,
    0x0, 0xbf, 0x75, 0xfe, 0x0, 0x0, 0x82, 0x0,
    0xb, 0xf7, 0x5f, 0xe0, 0x0, 0x0, 0x0, 0x0,
    0xbf, 0x70,

    /* U+004E "N" */
    0x5f, 0xe1, 0x0, 0x0, 0x7, 0xfe, 0x5f, 0xfc,
    0x0, 0x0, 0x7, 0xfe, 0x5f, 0xff, 0x90, 0x0,
    0x7, 0xfe, 0x5f, 0xff, 0xf6, 0x0, 0x7, 0xfe,
    0x5f, 0xfb, 0xff, 0x30, 0x7, 0xfe, 0x5f, 0xf1,
    0xef, 0xe1, 0x7, 0xfe, 0x5f, 0xf0, 0x3f, 0xfb,
    0x7, 0xfe, 0x5f, 0xf0, 0x6, 0xff, 0x87, 0xfe,
    0x5f, 0xf0, 0x0, 0x9f, 0xfc, 0xfe, 0x5f, 0xf0,
    0x0, 0xc, 0xff, 0xfe, 0x5f, 0xf0, 0x0, 0x1,
    0xef, 0xfe, 0x5f, 0xf0, 0x0, 0x0, 0x3f, 0xfe,
    0x5f, 0xf0, 0x0, 0x0, 0x6, 0xfe,

    /* U+004F "O" */
    0x0, 0x0, 0x5b, 0xef, 0xeb, 0x60, 0x0, 0x0,
    0x1, 0xbf, 0xff, 0xff, 0xff, 0xd2, 0x0, 0x0,
    0xcf, 0xf9, 0x42, 0x38, 0xff, 0xe1, 0x0, 0x7f,
    0xf5, 0x0, 0x0, 0x3, 0xff, 0xa0, 0xe, 0xf9,
    0x0, 0x0, 0x0, 0x7, 0xff, 0x1, 0xff, 0x40,
    0x0, 0x0, 0x0, 0x2f, 0xf4, 0x2f, 0xf2, 0x0,
    0x0, 0x0, 0x0, 0xff, 0x51, 0xff, 0x40, 0x0,
    0x0, 0x0, 0x2f, 0xf4, 0xe, 0xf9, 0x0, 0x0,
    0x0, 0x7, 0xff, 0x0, 0x7f, 0xf5, 0x0, 0x0,
    0x3, 0xff, 0xa0, 0x0, 0xcf, 0xf9, 0x42, 0x38,
    0xff, 0xe1, 0x0, 0x1, 0xbf, 0xff, 0xff, 0xff,
    0xd2, 0x0, 0x0, 0x0, 0x5b, 0xef, 0xeb, 0x60,
    0x0, 0x0,

    /* U+0050 "P" */
    0x5f, 0xff, 0xff, 0xfd, 0x81, 0x0, 0x5f, 0xff,
    0xff, 0xff, 0xfe, 0x20, 0x5f, 0xf1, 0x0, 0x26,
    0xef, 0xb0, 0x5f, 0xf0, 0x0, 0x0, 0x6f, 0xf1,
    0x5f, 0xf0, 0x0, 0x0, 0x2f, 0xf3, 0x5f, 0xf0,
    0x0, 0x0, 0x5f, 0xf1, 0x5f, 0xf0, 0x0, 0x15,
    0xef, 0xc0, 0x5f, 0xff, 0xff, 0xff, 0xfe, 0x20,
    0x5f, 0xff, 0xff, 0xfd, 0x91, 0x0, 0x5f, 0xf1,
    0x0, 0x0, 0x0, 0x0, 0x5f, 0xf0, 0x0, 0x0,
    0x0, 0x0, 0x5f, 0xf0, 0x0, 0x0, 0x0, 0x0,
    0x5f, 0xf0, 0x0, 0x0, 0x0, 0x0,

    /* U+0051 "Q" */
    0x0, 0x0, 0x4a, 0xef, 0xeb, 0x60, 0x0, 0x0,
    0x0, 0xbf, 0xff, 0xff, 0xff, 0xc1, 0x0, 0x0,
    0xcf, 0xfa, 0x42, 0x38, 0xff, 0xd1, 0x0, 0x6f,
    0xf5, 0x0, 0x0, 0x3, 0xff, 0x90, 0xd, 0xfa,
    0x0, 0x0, 0x0, 0x8, 0xff, 0x1, 0xff, 0x50,
    0x0, 0x0, 0x0, 0x2f, 0xf3, 0x2f, 0xf2, 0x0,
    0x0, 0x0, 0x0, 0xff, 0x51, 0xff, 0x30, 0x0,
    0x0, 0x0, 0x1f, 0xf4, 0xf, 0xf8, 0x0, 0x0,
    0x0, 0x5, 0xff, 0x10, 0x9f, 0xe1, 0x0, 0x0,
    0x0, 0xdf, 0xc0, 0x1, 0xef, 0xe4, 0x0, 0x2,
    0xcf, 0xf3, 0x0, 0x3, 0xef, 0xfe, 0xcd, 0xff,
    0xf5, 0x0, 0x0, 0x2, 0xaf, 0xff, 0xff, 0xb3,
    0x0, 0x0, 0x0, 0x0, 0x3, 0xdf, 0xe3, 0x0,
    0x73, 0x0, 0x0, 0x0, 0x1, 0xcf, 0xfe, 0xff,
    0xc0, 0x0, 0x0, 0x0, 0x0, 0x7d, 0xfe, 0x91,

    /* U+0052 "R" */
    0x5f, 0xff, 0xff, 0xfd, 0x81, 0x0, 0x5f, 0xff,
    0xff, 0xff, 0xfe, 0x20, 0x5f, 0xf1, 0x0, 0x26,
    0xef, 0xc0, 0x5f, 0xf0, 0x0, 0x0, 0x6f, 0xf1,
    0x5f, 0xf0, 0x0, 0x0, 0x2f, 0xf3, 0x5f, 0xf0,
    0x0, 0x0, 0x5f, 0xf1, 0x5f, 0xf0, 0x0, 0x15,
    0xef, 0xc0, 0x5f, 0xff, 0xff, 0xff, 0xfe, 0x20,
    0x5f, 0xff, 0xff, 0xff, 0xc1, 0x0, 0x5f, 0xf0,
    0x0, 0x4f, 0xf3, 0x0, 0x5f, 0xf0, 0x0, 0xa,
    0xfd, 0x0, 0x5f, 0xf0, 0x0, 0x1, 0xef, 0x70,
    0x5f, 0xf0, 0x0, 0x0, 0x6f, 0xf2,

    /* U+0053 "S" */
    0x0, 0x29, 0xdf, 0xfd, 0x93, 0x0, 0x3f, 0xff,
    0xff, 0xff, 0xf0, 0xd, 0xfd, 0x30, 0x13, 0x89,
    0x0, 0xff, 0x40, 0x0, 0x0, 0x0, 0xf, 0xf9,
    0x0, 0x0, 0x0, 0x0, 0x9f, 0xfe, 0x95, 0x10,
    0x0, 0x0, 0x7e, 0xff, 0xff, 0xb3, 0x0, 0x0,
    0x4, 0x8c, 0xff, 0xf2, 0x0, 0x0, 0x0, 0x2,
    0xef, 0x90, 0x20, 0x0, 0x0, 0xa, 0xfa, 0xe,
    0xb5, 0x10, 0x16, 0xff, 0x62, 0xef, 0xff, 0xff,
    0xff, 0xc0, 0x1, 0x7b, 0xef, 0xec, 0x60, 0x0,

    /* U+0054 "T" */
    0xef, 0xff, 0xff, 0xff, 0xff, 0xce, 0xff, 0xff,
    0xff, 0xff, 0xfc, 0x0, 0x0, 0xcf, 0x90, 0x0,
    0x0, 0x0, 0xc, 0xf9, 0x0, 0x0, 0x0, 0x0,
    0xcf, 0x90, 0x0, 0x0, 0x0, 0xc, 0xf9, 0x0,
    0x0, 0x0, 0x0, 0xcf, 0x90, 0x0, 0x0, 0x0,
    0xc, 0xf9, 0x0, 0x0, 0x0, 0x0, 0xcf, 0x90,
    0x0, 0x0, 0x0, 0xc, 0xf9, 0x0, 0x0, 0x0,
    0x0, 0xcf, 0x90, 0x0, 0x0, 0x0, 0xc, 0xf9,
    0x0, 0x0, 0x0, 0x0, 0xcf, 0x90, 0x0, 0x0,

    /* U+0055 "U" */
    0x6f, 0xe0, 0x0, 0x0, 0xb, 0xfa, 0x6f, 0xe0,
    0x0, 0x0, 0xb, 0xfa, 0x6f, 0xe0, 0x0, 0x0,
    0xb, 0xfa, 0x6f, 0xe0, 0x0, 0x0, 0xb, 0xfa,
    0x6f, 0xe0, 0x0, 0x0, 0xb, 0xfa, 0x6f, 0xe0,
    0x0, 0x0, 0xb, 0xfa, 0x6f, 0xe0, 0x0, 0x0,
    0xb, 0xfa, 0x6f, 0xf0, 0x0, 0x0, 0xb, 0xf9,
    0x5f, 0xf1, 0x0, 0x0, 0xd, 0xf8, 0x1f, 0xf6,
    0x0, 0x0, 0x3f, 0xf4, 0xa, 0xff, 0x83, 0x26,
    0xef, 0xd0, 0x1, 0xdf, 0xff, 0xff, 0xfe, 0x30,
    0x0, 0x7, 0xcf, 0xfd, 0x91, 0x0,

    /* U+0056 "V" */
    0xd, 0xfa, 0x0, 0x0, 0x0, 0x5, 0xff, 0x0,
    0x7f, 0xf1, 0x0, 0x0, 0x0, 0xcf, 0x90, 0x1,
    0xff, 0x70, 0x0, 0x0, 0x2f, 0xf2, 0x0, 0x9,
    0xfe, 0x0, 0x0, 0x9, 0xfb, 0x0, 0x0, 0x2f,
    0xf5, 0x0, 0x1, 0xff, 0x50, 0x0, 0x0, 0xcf,
    0xc0, 0x0, 0x7f, 0xe0, 0x0, 0x0, 0x5, 0xff,
    0x20, 0xd, 0xf7, 0x0, 0x0, 0x0, 0xe, 0xf9,
    0x4, 0xff, 0x10, 0x0, 0x0, 0x0, 0x7f, 0xf0,
    0xbf, 0x90, 0x0, 0x0, 0x0, 0x1, 0xff, 0x9f,
    0xf3, 0x0, 0x0, 0x0, 0x0, 0xa, 0xff, 0xfc,
    0x0, 0x0, 0x0, 0x0, 0x0, 0x3f, 0xff, 0x50,
    0x0, 0x0, 0x0, 0x0, 0x0, 0xcf, 0xe0, 0x0,
    0x0, 0x0,

    /* U+0057 "W" */
    0x5f, 0xf1, 0x0, 0x0, 0xd, 0xfa, 0x0, 0x0,
    0x4, 0xfe, 0x0, 0xff, 0x60, 0x0, 0x2, 0xff,
    0xe0, 0x0, 0x0, 0x9f, 0xa0, 0xb, 0xfb, 0x0,
    0x0, 0x8f, 0xff, 0x40, 0x0, 0xe, 0xf4, 0x0,
    0x6f, 0xf0, 0x0, 0xd, 0xfe, 0xf9, 0x0, 0x4,
    0xff, 0x0, 0x1, 0xff, 0x50, 0x2, 0xff, 0x5f,
    0xe0, 0x0, 0x9f, 0xa0, 0x0, 0xc, 0xfa, 0x0,
    0x8f, 0xa0, 0xff, 0x30, 0xe, 0xf5, 0x0, 0x0,
    0x6f, 0xf0, 0xd, 0xf4, 0xa, 0xf8, 0x3, 0xff,
    0x0, 0x0, 0x1, 0xff, 0x42, 0xff, 0x0, 0x5f,
    0xd0, 0x8f, 0xb0, 0x0, 0x0, 0xc, 0xf9, 0x8f,
    0xa0, 0x0, 0xff, 0x3e, 0xf6, 0x0, 0x0, 0x0,
    0x7f, 0xed, 0xf4, 0x0, 0xb, 0xfb, 0xff, 0x10,
    0x0, 0x0, 0x2, 0xff, 0xff, 0x0, 0x0, 0x5f,
    0xff, 0xb0, 0x0, 0x0, 0x0, 0xd, 0xff, 0xa0,
    0x0, 0x0, 0xff, 0xf6, 0x0, 0x0, 0x0, 0x0,
    0x8f, 0xf5, 0x0, 0x0, 0xb, 0xff, 0x10, 0x0,
    0x0,

    /* U+0058 "X" */
    0x4f, 0xf6, 0x0, 0x0, 0xd, 0xfa, 0x0, 0x8f,
    0xf2, 0x0, 0x9, 0xfe, 0x10, 0x0, 0xdf, 0xc0,
    0x4, 0xff, 0x40, 0x0, 0x2, 0xff, 0x81, 0xef,
    0x80, 0x0, 0x0, 0x7, 0xff, 0xcf, 0xd0, 0x0,
    0x0, 0x0, 0xb, 0xff, 0xf2, 0x0, 0x0, 0x0,
    0x0, 0x5f, 0xfc, 0x0, 0x0, 0x0, 0x0, 0x1e,
    0xff, 0xf7, 0x0, 0x0, 0x0, 0xa, 0xfd, 0x8f,
    0xf2, 0x0, 0x0, 0x6, 0xff, 0x30, 0xcf, 0xd0,
    0x0, 0x2, 0xff, 0x80, 0x2, 0xff, 0x90, 0x0,
    0xcf, 0xd0, 0x0, 0x6, 0xff, 0x40, 0x7f, 0xf3,
    0x0, 0x0, 0xb, 0xfe, 0x10,

    /* U+0059 "Y" */
    0xd, 0xfa, 0x0, 0x0, 0x0, 0x8f, 0xc0, 0x4,
    0xff, 0x30, 0x0, 0x2, 0xff, 0x30, 0x0, 0xbf,
    0xc0, 0x0, 0xb, 0xf9, 0x0, 0x0, 0x2f, 0xf6,
    0x0, 0x4f, 0xe1, 0x0, 0x0, 0x8, 0xfe, 0x0,
    0xdf, 0x60, 0x0, 0x0, 0x0, 0xef, 0x87, 0xfd,
    0x0, 0x0, 0x0, 0x0, 0x5f, 0xff, 0xf4, 0x0,
    0x0, 0x0, 0x0, 0xc, 0xff, 0xa0, 0x0, 0x0,
    0x0, 0x0, 0x4, 0xff, 0x20, 0x0, 0x0, 0x0,
    0x0, 0x3, 0xff, 0x20, 0x0, 0x0, 0x0, 0x0,
    0x3, 0xff, 0x20, 0x0, 0x0, 0x0, 0x0, 0x3,
    0xff, 0x20, 0x0, 0x0, 0x0, 0x0, 0x3, 0xff,
    0x20, 0x0, 0x0,

    /* U+005A "Z" */
    0x2f, 0xff, 0xff, 0xff, 0xff, 0xf4, 0x2f, 0xff,
    0xff, 0xff, 0xff, 0xf3, 0x0, 0x0, 0x0, 0x4,
    0xff, 0x80, 0x0, 0x0, 0x0, 0x1e, 0xfb, 0x0,
    0x0, 0x0, 0x0, 0xcf, 0xe1, 0x0, 0x0, 0x0,
    0x9, 0xff, 0x30, 0x0, 0x0, 0x0, 0x6f, 0xf6,
    0x0, 0x0, 0x0, 0x3, 0xff, 0x90, 0x0, 0x0,
    0x0, 0x1e, 0xfc, 0x0, 0x0, 0x0, 0x0, 0xbf,
    0xe1, 0x0, 0x0, 0x0, 0x8, 0xff, 0x40, 0x0,
    0x0, 0x0, 0x3f, 0xff, 0xff, 0xff, 0xff, 0xf7,
    0x4f, 0xff, 0xff, 0xff, 0xff, 0xf7,

    /* U+005B "[" */
    0x5f, 0xff, 0xf5, 0xff, 0xdd, 0x5f, 0xf0, 0x5,
    0xff, 0x0, 0x5f, 0xf0, 0x5, 0xff, 0x0, 0x5f,
    0xf0, 0x5, 0xff, 0x0, 0x5f, 0xf0, 0x5, 0xff,
    0x0, 0x5f, 0xf0, 0x5, 0xff, 0x0, 0x5f, 0xf0,
    0x5, 0xff, 0x0, 0x5f, 0xf0, 0x5, 0xff, 0x0,
    0x5f, 0xfd, 0xd5, 0xff, 0xff,

    /* U+005C "\\" */
    0x58, 0x30, 0x0, 0x0, 0x6, 0xfa, 0x0, 0x0,
    0x0, 0x1f, 0xf0, 0x0, 0x0, 0x0, 0xbf, 0x50,
    0x0, 0x0, 0x5, 0xfa, 0x0, 0x0, 0x0, 0xf,
    0xf0, 0x0, 0x0, 0x0, 0xaf, 0x50, 0x0, 0x0,
    0x5, 0xfa, 0x0, 0x0, 0x0, 0xf, 0xf0, 0x0,
    0x0, 0x0, 0xaf, 0x50, 0x0, 0x0, 0x5, 0xfb,
    0x0, 0x0, 0x0, 0xf, 0xf0, 0x0, 0x0, 0x0,
    0xaf, 0x50, 0x0, 0x0, 0x4, 0xfb, 0x0, 0x0,
    0x0, 0xf, 0xf1, 0x0, 0x0, 0x0, 0xaf, 0x60,
    0x0, 0x0, 0x4, 0xfb, 0x0, 0x0, 0x0, 0xe,
    0xf1,

    /* U+005D "]" */
    0xbf, 0xff, 0x99, 0xdf, 0xf9, 0x0, 0xaf, 0x90,
    0xa, 0xf9, 0x0, 0xaf, 0x90, 0xa, 0xf9, 0x0,
    0xaf, 0x90, 0xa, 0xf9, 0x0, 0xaf, 0x90, 0xa,
    0xf9, 0x0, 0xaf, 0x90, 0xa, 0xf9, 0x0, 0xaf,
    0x90, 0xa, 0xf9, 0x0, 0xaf, 0x90, 0xa, 0xf9,
    0x9d, 0xff, 0x9b, 0xff, 0xf9,

    /* U+005E "^" */
    0x0, 0x5, 0x82, 0x0, 0x0, 0x1, 0xff, 0xa0,
    0x0, 0x0, 0x7f, 0xcf, 0x10, 0x0, 0xd, 0xd2,
    0xf8, 0x0, 0x5, 0xf6, 0xc, 0xe0, 0x0, 0xbf,
    0x0, 0x5f, 0x60, 0x2f, 0x90, 0x0, 0xec, 0x9,
    0xf2, 0x0, 0x8, 0xf3,

    /* U+005F "_" */
    0x11, 0x11, 0x11, 0x11, 0x1f, 0xff, 0xff, 0xff,
    0xff, 0x44, 0x44, 0x44, 0x44, 0x40,

    /* U+0060 "`" */
    0x6, 0x85, 0x0, 0x1, 0xcf, 0x70, 0x0, 0xa,
    0xf6,

    /* U+0061 "a" */
    0x1, 0x8c, 0xff, 0xd8, 0x0, 0xb, 0xff, 0xff,
    0xff, 0xb0, 0x3, 0x82, 0x0, 0x6f, 0xf4, 0x0,
    0x0, 0x0, 0xc, 0xf7, 0x1, 0x9e, 0xff, 0xff,
    0xf8, 0xc, 0xfe, 0x98, 0x8e, 0xf8, 0x2f, 0xf1,
    0x0, 0xc, 0xf8, 0x1f, 0xf3, 0x0, 0x4f, 0xf8,
    0xb, 0xff, 0xbc, 0xff, 0xf8, 0x1, 0x9e, 0xfd,
    0x79, 0xf8,

    /* U+0062 "b" */
    0x8f, 0xb0, 0x0, 0x0, 0x0, 0x8, 0xfb, 0x0,
    0x0, 0x0, 0x0, 0x8f, 0xb0, 0x0, 0x0, 0x0,
    0x8, 0xfb, 0x0, 0x0, 0x0, 0x0, 0x8f, 0xb5,
    0xcf, 0xeb, 0x30, 0x8, 0xff, 0xff, 0xff, 0xff,
    0x60, 0x8f, 0xfc, 0x20, 0x2b, 0xff, 0x18, 0xff,
    0x10, 0x0, 0xe, 0xf7, 0x8f, 0xb0, 0x0, 0x0,
    0xaf, 0xa8, 0xfb, 0x0, 0x0, 0xa, 0xfa, 0x8f,
    0xf1, 0x0, 0x0, 0xef, 0x78, 0xff, 0xc3, 0x2,
    0xbf, 0xf1, 0x8f, 0xef, 0xff, 0xff, 0xf5, 0x8,
    0xfa, 0x5c, 0xfe, 0xb3, 0x0,

    /* U+0063 "c" */
    0x0, 0x7, 0xdf, 0xeb, 0x40, 0x1, 0xdf, 0xff,
    0xff, 0xf6, 0xa, 0xfe, 0x50, 0x18, 0xf8, 0x1f,
    0xf5, 0x0, 0x0, 0x10, 0x4f, 0xf0, 0x0, 0x0,
    0x0, 0x4f, 0xf0, 0x0, 0x0, 0x0, 0x1f, 0xf5,
    0x0, 0x0, 0x20, 0xa, 0xfe, 0x50, 0x18, 0xf8,
    0x1, 0xdf, 0xff, 0xff, 0xf6, 0x0, 0x7, 0xdf,
    0xeb, 0x40,

    /* U+0064 "d" */
    0x0, 0x0, 0x0, 0x0, 0x5f, 0xe0, 0x0, 0x0,
    0x0, 0x5, 0xfe, 0x0, 0x0, 0x0, 0x0, 0x5f,
    0xe0, 0x0, 0x0, 0x0, 0x5, 0xfe, 0x0, 0x18,
    0xdf, 0xe8, 0x6f, 0xe0, 0x1e, 0xff, 0xff, 0xff,
    0xfe, 0xb, 0xfe, 0x40, 0x18, 0xff, 0xe1, 0xff,
    0x40, 0x0, 0xb, 0xfe, 0x4f, 0xf0, 0x0, 0x0,
    0x6f, 0xe4, 0xff, 0x0, 0x0, 0x6, 0xfe, 0x1f,
    0xf5, 0x0, 0x0, 0xbf, 0xe0, 0xbf, 0xe4, 0x1,
    0x8f, 0xfe, 0x1, 0xef, 0xff, 0xff, 0xef, 0xe0,
    0x1, 0x8d, 0xfe, 0x84, 0xfe,

    /* U+0065 "e" */
    0x0, 0x8, 0xdf, 0xea, 0x20, 0x0, 0x1d, 0xff,
    0xef, 0xff, 0x40, 0xa, 0xfb, 0x10, 0x8, 0xfe,
    0x1, 0xff, 0x10, 0x0, 0xc, 0xf5, 0x4f, 0xff,
    0xff, 0xff, 0xff, 0x74, 0xff, 0x88, 0x88, 0x88,
    0x84, 0x1f, 0xf5, 0x0, 0x0, 0x0, 0x0, 0xaf,
    0xe5, 0x0, 0x4d, 0x20, 0x1, 0xdf, 0xff, 0xff,
    0xf9, 0x0, 0x0, 0x7c, 0xff, 0xc7, 0x0,

    /* U+0066 "f" */
    0x0, 0x19, 0xef, 0xc1, 0x0, 0xbf, 0xfe, 0xe0,
    0x1, 0xff, 0x30, 0x10, 0x3, 0xff, 0x0, 0x0,
    0xcf, 0xff, 0xff, 0x90, 0xae, 0xff, 0xdd, 0x80,
    0x3, 0xff, 0x0, 0x0, 0x3, 0xff, 0x0, 0x0,
    0x3, 0xff, 0x0, 0x0, 0x3, 0xff, 0x0, 0x0,
    0x3, 0xff, 0x0, 0x0, 0x3, 0xff, 0x0, 0x0,
    0x3, 0xff, 0x0, 0x0, 0x3, 0xff, 0x0, 0x0,

    /* U+0067 "g" */
    0x0, 0x18, 0xdf, 0xe9, 0x3f, 0xf0, 0x1, 0xef,
    0xff, 0xff, 0xef, 0xf0, 0xb, 0xfe, 0x50, 0x17,
    0xff, 0xf0, 0x1f, 0xf5, 0x0, 0x0, 0x9f, 0xf0,
    0x4f, 0xf0, 0x0, 0x0, 0x4f, 0xf0, 0x4f, 0xf0,
    0x0, 0x0, 0x4f, 0xf0, 0x1f, 0xf5, 0x0, 0x0,
    0x9f, 0xf0, 0xb, 0xfe, 0x50, 0x17, 0xff, 0xf0,
    0x1, 0xdf, 0xff, 0xff, 0xff, 0xf0, 0x0, 0x18,
    0xdf, 0xe9, 0x5f, 0xf0, 0x0, 0x0, 0x0, 0x0,
    0x7f, 0xc0, 0x3, 0xc5, 0x10, 0x5, 0xff, 0x70,
    0x9, 0xff, 0xff, 0xff, 0xfc, 0x0, 0x0, 0x5b,
    0xef, 0xfc, 0x70, 0x0,

    /* U+0068 "h" */
    0x8f, 0xb0, 0x0, 0x0, 0x0, 0x8f, 0xb0, 0x0,
    0x0, 0x0, 0x8f, 0xb0, 0x0, 0x0, 0x0, 0x8f,
    0xb0, 0x0, 0x0, 0x0, 0x8f, 0xb5, 0xcf, 0xfb,
    0x30, 0x8f, 0xff, 0xff, 0xff, 0xf2, 0x8f, 0xfc,
    0x30, 0x4f, 0xfa, 0x8f, 0xf1, 0x0, 0x8, 0xfd,
    0x8f, 0xc0, 0x0, 0x5, 0xfe, 0x8f, 0xb0, 0x0,
    0x5, 0xff, 0x8f, 0xb0, 0x0, 0x5, 0xff, 0x8f,
    0xb0, 0x0, 0x5, 0xff, 0x8f, 0xb0, 0x0, 0x5,
    0xff, 0x8f, 0xb0, 0x0, 0x5, 0xff,

    /* U+0069 "i" */
    0x17, 0x30, 0xbf, 0xf0, 0xaf, 0xd0, 0x3, 0x0,
    0x0, 0x0, 0x8f, 0xb0, 0x8f, 0xb0, 0x8f, 0xb0,
    0x8f, 0xb0, 0x8f, 0xb0, 0x8f, 0xb0, 0x8f, 0xb0,
    0x8f, 0xb0, 0x8f, 0xb0, 0x8f, 0xb0,

    /* U+006A "j" */
    0x0, 0x1, 0x73, 0x0, 0x0, 0xaf, 0xf1, 0x0,
    0x8, 0xfe, 0x0, 0x0, 0x3, 0x10, 0x0, 0x0,
    0x0, 0x0, 0x0, 0x6f, 0xd0, 0x0, 0x6, 0xfd,
    0x0, 0x0, 0x6f, 0xd0, 0x0, 0x6, 0xfd, 0x0,
    0x0, 0x6f, 0xd0, 0x0, 0x6, 0xfd, 0x0, 0x0,
    0x6f, 0xd0, 0x0, 0x6, 0xfd, 0x0, 0x0, 0x6f,
    0xd0, 0x0, 0x6, 0xfd, 0x0, 0x0, 0x7f, 0xc0,
    0x1, 0xb, 0xfa, 0x5, 0xff, 0xff, 0x30, 0x5d,
    0xfd, 0x50, 0x0,

    /* U+006B "k" */
    0x8f, 0xb0, 0x0, 0x0, 0x0, 0x8, 0xfb, 0x0,
    0x0, 0x0, 0x0, 0x8f, 0xb0, 0x0, 0x0, 0x0,
    0x8, 0xfb, 0x0, 0x0, 0x0, 0x0, 0x8f, 0xb0,
    0x0, 0x3e, 0xf9, 0x8, 0xfb, 0x0, 0x3f, 0xfa,
    0x0, 0x8f, 0xb0, 0x4f, 0xfa, 0x0, 0x8, 0xfb,
    0x4f, 0xfb, 0x0, 0x0, 0x8f, 0xef, 0xff, 0x50,
    0x0, 0x8, 0xff, 0xfe, 0xfe, 0x20, 0x0, 0x8f,
    0xf9, 0x1e, 0xfc, 0x0, 0x8, 0xfc, 0x0, 0x3f,
    0xf9, 0x0, 0x8f, 0xb0, 0x0, 0x6f, 0xf5, 0x8,
    0xfb, 0x0, 0x0, 0xaf, 0xf2,

    /* U+006C "l" */
    0x8f, 0xb8, 0xfb, 0x8f, 0xb8, 0xfb, 0x8f, 0xb8,
    0xfb, 0x8f, 0xb8, 0xfb, 0x8f, 0xb8, 0xfb, 0x8f,
    0xb8, 0xfb, 0x8f, 0xb8, 0xfb,

    /* U+006D "m" */
    0x8f, 0xa6, 0xdf, 0xea, 0x11, 0x8d, 0xfe, 0x90,
    0x8, 0xff, 0xff, 0xff, 0xfe, 0xdf, 0xff, 0xff,
    0xc0, 0x8f, 0xfa, 0x0, 0x5f, 0xff, 0x90, 0x6,
    0xff, 0x48, 0xfe, 0x0, 0x0, 0xcf, 0xe0, 0x0,
    0xd, 0xf7, 0x8f, 0xc0, 0x0, 0xa, 0xfb, 0x0,
    0x0, 0xbf, 0x88, 0xfb, 0x0, 0x0, 0x9f, 0xa0,
    0x0, 0xb, 0xf8, 0x8f, 0xb0, 0x0, 0x9, 0xfa,
    0x0, 0x0, 0xbf, 0x88, 0xfb, 0x0, 0x0, 0x9f,
    0xa0, 0x0, 0xb, 0xf8, 0x8f, 0xb0, 0x0, 0x9,
    0xfa, 0x0, 0x0, 0xbf, 0x88, 0xfb, 0x0, 0x0,
    0x9f, 0xa0, 0x0, 0xb, 0xf8,

    /* U+006E "n" */
    0x8f, 0xa6, 0xcf, 0xfb, 0x30, 0x8f, 0xff, 0xff,
    0xff, 0xf2, 0x8f, 0xfb, 0x10, 0x3e, 0xfa, 0x8f,
    0xf0, 0x0, 0x7, 0xfd, 0x8f, 0xc0, 0x0, 0x5,
    0xfe, 0x8f, 0xb0, 0x0, 0x5, 0xff, 0x8f, 0xb0,
    0x0, 0x5, 0xff, 0x8f, 0xb0, 0x0, 0x5, 0xff,
    0x8f, 0xb0, 0x0, 0x5, 0xff, 0x8f, 0xb0, 0x0,
    0x5, 0xff,

    /* U+006F "o" */
    0x0, 0x7, 0xdf, 0xeb, 0x40, 0x0, 0x1d, 0xff,
    0xff, 0xff, 0x80, 0xa, 0xfe, 0x40, 0x19, 0xff,
    0x41, 0xff, 0x40, 0x0, 0xb, 0xfb, 0x4f, 0xf0,
    0x0, 0x0, 0x6f, 0xd4, 0xff, 0x0, 0x0, 0x6,
    0xfd, 0x1f, 0xf5, 0x0, 0x0, 0xbf, 0xa0, 0xaf,
    0xe4, 0x1, 0x9f, 0xf4, 0x1, 0xdf, 0xff, 0xff,
    0xf8, 0x0, 0x0, 0x7d, 0xfe, 0xb4, 0x0,

    /* U+0070 "p" */
    0x8f, 0xa6, 0xdf, 0xeb, 0x30, 0x8, 0xff, 0xff,
    0xef, 0xff, 0x60, 0x8f, 0xfb, 0x10, 0x1a, 0xff,
    0x18, 0xff, 0x0, 0x0, 0xe, 0xf7, 0x8f, 0xb0,
    0x0, 0x0, 0xaf, 0xa8, 0xfc, 0x0, 0x0, 0xa,
    0xfa, 0x8f, 0xf1, 0x0, 0x0, 0xef, 0x78, 0xff,
    0xc3, 0x2, 0xbf, 0xf1, 0x8f, 0xff, 0xff, 0xff,
    0xf5, 0x8, 0xfb, 0x5c, 0xfe, 0xb3, 0x0, 0x8f,
    0xb0, 0x0, 0x0, 0x0, 0x8, 0xfb, 0x0, 0x0,
    0x0, 0x0, 0x8f, 0xb0, 0x0, 0x0, 0x0, 0x8,
    0xfb, 0x0, 0x0, 0x0, 0x0,

    /* U+0071 "q" */
    0x0, 0x19, 0xdf, 0xe8, 0x5f, 0xe0, 0x2e, 0xff,
    0xff, 0xfe, 0xfe, 0xb, 0xfe, 0x40, 0x18, 0xff,
    0xe1, 0xff, 0x40, 0x0, 0xb, 0xfe, 0x4f, 0xf0,
    0x0, 0x0, 0x6f, 0xe4, 0xff, 0x0, 0x0, 0x6,
    0xfe, 0x1f, 0xf5, 0x0, 0x0, 0xbf, 0xe0, 0xbf,
    0xe4, 0x1, 0x8f, 0xfe, 0x1, 0xef, 0xff, 0xff,
    0xff, 0xe0, 0x1, 0x9d, 0xfe, 0x86, 0xfe, 0x0,
    0x0, 0x0, 0x0, 0x6f, 0xe0, 0x0, 0x0, 0x0,
    0x6, 0xfe, 0x0, 0x0, 0x0, 0x0, 0x6f, 0xe0,
    0x0, 0x0, 0x0, 0x6, 0xfe,

    /* U+0072 "r" */
    0x8f, 0xa5, 0xcf, 0x8, 0xfe, 0xff, 0xf0, 0x8f,
    0xfc, 0x31, 0x8, 0xff, 0x10, 0x0, 0x8f, 0xc0,
    0x0, 0x8, 0xfb, 0x0, 0x0, 0x8f, 0xb0, 0x0,
    0x8, 0xfb, 0x0, 0x0, 0x8f, 0xb0, 0x0, 0x8,
    0xfb, 0x0, 0x0,

    /* U+0073 "s" */
    0x0, 0x7d, 0xfe, 0xc9, 0x10, 0xcf, 0xfe, 0xff,
    0xf2, 0x4f, 0xf2, 0x0, 0x26, 0x4, 0xff, 0x40,
    0x0, 0x0, 0xd, 0xff, 0xec, 0x82, 0x0, 0x17,
    0xcf, 0xff, 0xf4, 0x0, 0x0, 0x2, 0xbf, 0xb0,
    0x93, 0x0, 0x9, 0xfb, 0x6f, 0xff, 0xef, 0xff,
    0x40, 0x7c, 0xef, 0xea, 0x30,

    /* U+0074 "t" */
    0x3, 0xff, 0x0, 0x0, 0x3, 0xff, 0x0, 0x0,
    0xcf, 0xff, 0xff, 0x90, 0xae, 0xff, 0xdd, 0x80,
    0x3, 0xff, 0x0, 0x0, 0x3, 0xff, 0x0, 0x0,
    0x3, 0xff, 0x0, 0x0, 0x3, 0xff, 0x0, 0x0,
    0x3, 0xff, 0x0, 0x0, 0x1, 0xff, 0x40, 0x10,
    0x0, 0xcf, 0xff, 0xe0, 0x0, 0x1a, 0xef, 0xb1,

    /* U+0075 "u" */
    0x9f, 0xa0, 0x0, 0x7, 0xfc, 0x9f, 0xa0, 0x0,
    0x7, 0xfc, 0x9f, 0xa0, 0x0, 0x7, 0xfc, 0x9f,
    0xa0, 0x0, 0x7, 0xfc, 0x9f, 0xa0, 0x0, 0x7,
    0xfc, 0x9f, 0xa0, 0x0, 0x8, 0xfc, 0x8f, 0xd0,
    0x0, 0xc, 0xfc, 0x4f, 0xf8, 0x12, 0x9f, 0xfc,
    0xc, 0xff, 0xff, 0xfe, 0xfc, 0x0, 0x8e, 0xfd,
    0x86, 0xfc,

    /* U+0076 "v" */
    0xe, 0xf7, 0x0, 0x0, 0xe, 0xf4, 0x7, 0xfd,
    0x0, 0x0, 0x5f, 0xd0, 0x1, 0xff, 0x40, 0x0,
    0xbf, 0x70, 0x0, 0xaf, 0xa0, 0x2, 0xff, 0x10,
    0x0, 0x3f, 0xf1, 0x8, 0xf9, 0x0, 0x0, 0xd,
    0xf7, 0xe, 0xf3, 0x0, 0x0, 0x6, 0xfd, 0x6f,
    0xc0, 0x0, 0x0, 0x0, 0xff, 0xef, 0x60, 0x0,
    0x0, 0x0, 0x9f, 0xfe, 0x0, 0x0, 0x0, 0x0,
    0x2f, 0xf9, 0x0, 0x0,

    /* U+0077 "w" */
    0xcf, 0x50, 0x0, 0xc, 0xf7, 0x0, 0x0, 0xbf,
    0x46, 0xfb, 0x0, 0x2, 0xff, 0xc0, 0x0, 0x1f,
    0xe0, 0x1f, 0xf1, 0x0, 0x8f, 0xff, 0x20, 0x6,
    0xf9, 0x0, 0xbf, 0x60, 0xd, 0xfb, 0xf7, 0x0,
    0xcf, 0x30, 0x5, 0xfb, 0x3, 0xfc, 0x3f, 0xd0,
    0x1f, 0xd0, 0x0, 0xf, 0xf1, 0x9f, 0x60, 0xdf,
    0x37, 0xf8, 0x0, 0x0, 0xaf, 0x7e, 0xf1, 0x7,
    0xf8, 0xdf, 0x20, 0x0, 0x4, 0xff, 0xfa, 0x0,
    0x2f, 0xff, 0xc0, 0x0, 0x0, 0xe, 0xff, 0x40,
    0x0, 0xcf, 0xf7, 0x0, 0x0, 0x0, 0x9f, 0xe0,
    0x0, 0x6, 0xff, 0x10, 0x0,

    /* U+0078 "x" */
    0x4f, 0xf3, 0x0, 0xc, 0xf9, 0x0, 0x9f, 0xd0,
    0x8, 0xfd, 0x0, 0x0, 0xdf, 0x94, 0xff, 0x20,
    0x0, 0x2, 0xff, 0xff, 0x60, 0x0, 0x0, 0x6,
    0xff, 0xa0, 0x0, 0x0, 0x0, 0x8f, 0xfc, 0x0,
    0x0, 0x0, 0x4f, 0xfe, 0xf8, 0x0, 0x0, 0x1e,
    0xf7, 0x3f, 0xf4, 0x0, 0xb, 0xfb, 0x0, 0x7f,
    0xe1, 0x7, 0xfe, 0x10, 0x0, 0xcf, 0xc0,

    /* U+0079 "y" */
    0xe, 0xf7, 0x0, 0x0, 0xe, 0xf4, 0x7, 0xfd,
    0x0, 0x0, 0x4f, 0xd0, 0x1, 0xff, 0x30, 0x0,
    0xbf, 0x70, 0x0, 0xaf, 0xa0, 0x1, 0xff, 0x10,
    0x0, 0x3f, 0xf1, 0x7, 0xfa, 0x0, 0x0, 0xd,
    0xf7, 0xe, 0xf3, 0x0, 0x0, 0x6, 0xfd, 0x4f,
    0xc0, 0x0, 0x0, 0x0, 0xff, 0xdf, 0x60, 0x0,
    0x0, 0x0, 0x9f, 0xff, 0x0, 0x0, 0x0, 0x0,
    0x3f, 0xf9, 0x0, 0x0, 0x0, 0x0, 0xf, 0xf2,
    0x0, 0x0, 0x4, 0x10, 0x9f, 0xb0, 0x0, 0x0,
    0x1e, 0xff, 0xff, 0x30, 0x0, 0x0, 0x8, 0xef,
    0xc4, 0x0, 0x0, 0x0,

    /* U+007A "z" */
    0x3f, 0xff, 0xff, 0xff, 0xd2, 0xdd, 0xdd, 0xdf,
    0xfb, 0x0, 0x0, 0x8, 0xfe, 0x10, 0x0, 0x5,
    0xff, 0x30, 0x0, 0x2, 0xff, 0x60, 0x0, 0x0,
    0xdf, 0xa0, 0x0, 0x0, 0xbf, 0xc0, 0x0, 0x0,
    0x7f, 0xe1, 0x0, 0x0, 0x3f, 0xff, 0xdd, 0xdd,
    0xd5, 0xff, 0xff, 0xff, 0xff,

    /* U+007B "{" */
    0x0, 0x6, 0xdf, 0x50, 0x3, 0xff, 0xf4, 0x0,
    0x8f, 0xd0, 0x0, 0x9, 0xfa, 0x0, 0x0, 0x9f,
    0xa0, 0x0, 0x9, 0xfa, 0x0, 0x0, 0x9f, 0xa0,
    0x0, 0xb, 0xf9, 0x0, 0xe, 0xff, 0x40, 0x0,
    0xff, 0xe3, 0x0, 0x0, 0xbf, 0x90, 0x0, 0x9,
    0xfa, 0x0, 0x0, 0x9f, 0xa0, 0x0, 0x9, 0xfa,
    0x0, 0x0, 0x9f, 0xa0, 0x0, 0x8, 0xfd, 0x0,
    0x0, 0x3f, 0xff, 0x40, 0x0, 0x6d, 0xf5,

    /* U+007C "|" */
    0x5f, 0xc5, 0xfc, 0x5f, 0xc5, 0xfc, 0x5f, 0xc5,
    0xfc, 0x5f, 0xc5, 0xfc, 0x5f, 0xc5, 0xfc, 0x5f,
    0xc5, 0xfc, 0x5f, 0xc5, 0xfc, 0x5f, 0xc5, 0xfc,
    0x5f, 0xc5, 0xfc,

    /* U+007D "}" */
    0xbf, 0xb2, 0x0, 0x9f, 0xfd, 0x0, 0x3, 0xff,
    0x20, 0x0, 0xff, 0x40, 0x0, 0xff, 0x40, 0x0,
    0xff, 0x40, 0x0, 0xff, 0x40, 0x0, 0xef, 0x50,
    0x0, 0x8f, 0xf9, 0x0, 0x7f, 0xfb, 0x0, 0xef,
    0x70, 0x0, 0xff, 0x40, 0x0, 0xff, 0x40, 0x0,
    0xff, 0x40, 0x0, 0xff, 0x40, 0x3, 0xff, 0x30,
    0x9f, 0xfd, 0x0, 0xbf, 0xc2, 0x0,

    /* U+007E "~" */
    0x0, 0x6b, 0x70, 0x0, 0x96, 0x6, 0xff, 0xfd,
    0x33, 0xf7, 0xd, 0xc1, 0x7f, 0xff, 0xf2, 0xf,
    0x70, 0x5, 0xee, 0x60,

    /* U+00A0 " " */

    /* U+00A1 "¡" */
    0x8f, 0x8e, 0xfe, 0x6c, 0x60, 0x0, 0x27, 0x36,
    0xf7, 0x7f, 0x88, 0xf9, 0x9f, 0x9a, 0xfa, 0xaf,
    0xbb, 0xfc, 0xcf, 0xd0,

    /* U+00A2 "¢" */
    0x0, 0x0, 0x5, 0x20, 0x0, 0x0, 0x0, 0xf,
    0x70, 0x0, 0x0, 0x0, 0xf, 0x80, 0x0, 0x0,
    0x2a, 0xff, 0xff, 0x80, 0x2, 0xef, 0xff, 0xff,
    0xf9, 0xc, 0xfd, 0x1f, 0x75, 0xe5, 0x2f, 0xf3,
    0xf, 0x70, 0x0, 0x4f, 0xf0, 0xf, 0x70, 0x0,
    0x3f, 0xf0, 0xf, 0x70, 0x0, 0x1f, 0xf6, 0xf,
    0x70, 0x30, 0x9, 0xff, 0x6f, 0x9a, 0xfa, 0x0,
    0xbf, 0xff, 0xff, 0xf5, 0x0, 0x5, 0xbf, 0xea,
    0x30, 0x0, 0x0, 0xf, 0x70, 0x0, 0x0, 0x0,
    0xf, 0x70, 0x0,

    /* U+00A3 "£" */
    0x0, 0x0, 0x18, 0xdf, 0xfd, 0x92, 0x0, 0x3,
    0xef, 0xff, 0xff, 0xf5, 0x0, 0xe, 0xfe, 0x62,
    0x35, 0xa0, 0x0, 0x5f, 0xf3, 0x0, 0x0, 0x0,
    0x0, 0x7f, 0xd0, 0x0, 0x0, 0x0, 0x0, 0x8f,
    0xc0, 0x0, 0x0, 0x0, 0x7f, 0xff, 0xff, 0xff,
    0xf5, 0x0, 0x38, 0xcf, 0xe8, 0x88, 0x82, 0x0,
    0x0, 0x9f, 0xc0, 0x0, 0x0, 0x0, 0x0, 0x9f,
    0xc0, 0x0, 0x0, 0x0, 0x0, 0x9f, 0xc0, 0x0,
    0x0, 0x0, 0x7f, 0xff, 0xff, 0xff, 0xff, 0xf4,
    0x7f, 0xff, 0xff, 0xff, 0xff, 0xf4,

    /* U+00A4 "¤" */
    0x9, 0x40, 0x0, 0x0, 0x0, 0x93, 0x4, 0xff,
    0x47, 0xcd, 0xa4, 0x9f, 0xd0, 0x7, 0xff, 0xff,
    0xff, 0xff, 0xe2, 0x0, 0xd, 0xfa, 0x20, 0x4e,
    0xf7, 0x0, 0x3, 0xfc, 0x0, 0x0, 0x2f, 0xd0,
    0x0, 0x6f, 0x60, 0x0, 0x0, 0xbf, 0x0, 0x7,
    0xf5, 0x0, 0x0, 0xb, 0xf0, 0x0, 0x4f, 0xa0,
    0x0, 0x1, 0xfe, 0x0, 0x0, 0xdf, 0x80, 0x2,
    0xcf, 0x70, 0x0, 0x4f, 0xff, 0xfe, 0xff, 0xfc,
    0x0, 0x3f, 0xf8, 0x9e, 0xfd, 0x6c, 0xfb, 0x0,
    0xc7, 0x0, 0x0, 0x0, 0x1c, 0x60, 0x0, 0x0,
    0x0, 0x0, 0x0, 0x0, 0x0,

    /* U+00A5 "¥" */
    0xc, 0xfa, 0x0, 0x0, 0x0, 0x9, 0xfc, 0x0,
    0x2f, 0xf6, 0x0, 0x0, 0x4, 0xff, 0x20, 0x0,
    0x6f, 0xf2, 0x0, 0x1, 0xef, 0x60, 0x0, 0x0,
    0xbf, 0xc0, 0x0, 0xaf, 0xa0, 0x0, 0x0, 0x1,
    0xef, 0x70, 0x6f, 0xe1, 0x0, 0x0, 0x0, 0x4,
    0xff, 0x5f, 0xf4, 0x0, 0x0, 0x0, 0x0, 0xa,
    0xff, 0xf9, 0x0, 0x0, 0x0, 0x4, 0xff, 0xff,
    0xff, 0xff, 0xf4, 0x0, 0x0, 0x3, 0x33, 0xbf,
    0xb3, 0x33, 0x0, 0x0, 0x0, 0x0, 0xa, 0xfa,
    0x0, 0x0, 0x0, 0x0, 0x4f, 0xff, 0xff, 0xff,
    0xff, 0x40, 0x0, 0x0, 0x33, 0x3b, 0xfb, 0x33,
    0x30, 0x0, 0x0, 0x0, 0x0, 0xaf, 0xa0, 0x0,
    0x0, 0x0,

    /* U+00A6 "¦" */
    0x5f, 0xc5, 0xfc, 0x5f, 0xc5, 0xfc, 0x5f, 0xc5,
    0xfc, 0x27, 0x50, 0x0, 0x0, 0x0, 0x0, 0x0,
    0x2, 0x75, 0x5f, 0xc5, 0xfc, 0x5f, 0xc5, 0xfc,
    0x5f, 0xc5, 0xfc,

    /* U+00A7 "§" */
    0x0, 0x4b, 0xef, 0xda, 0x30, 0x7f, 0xfd, 0xdf,
    0xf8, 0xe, 0xf3, 0x0, 0x5, 0x10, 0xff, 0x20,
    0x0, 0x0, 0xa, 0xff, 0xb6, 0x10, 0x0, 0x8f,
    0xff, 0xff, 0x90, 0x3f, 0xd1, 0x27, 0xef, 0x66,
    0xf9, 0x0, 0x6, 0xf9, 0x3f, 0xf8, 0x20, 0xbf,
    0x70, 0x6f, 0xff, 0xff, 0xb0, 0x0, 0x5, 0x9e,
    0xfd, 0x0, 0x0, 0x0, 0xe, 0xf2, 0x19, 0x20,
    0x1, 0xef, 0x26, 0xff, 0xdc, 0xff, 0xb0, 0x7,
    0xce, 0xfd, 0x70, 0x0,

    /* U+00A8 "¨" */
    0x2, 0x0, 0x12, 0x4, 0xf9, 0xd, 0xf1, 0x3e,
    0x70, 0xae, 0x10,

    /* U+00A9 "©" */
    0x0, 0x0, 0x4a, 0xdd, 0xb7, 0x0, 0x0, 0x0,
    0x1b, 0xc6, 0x22, 0x4a, 0xe3, 0x0, 0x0, 0xc9,
    0x0, 0x0, 0x0, 0x4e, 0x20, 0x7, 0xb0, 0x8,
    0xef, 0xc4, 0x7, 0xc0, 0xd, 0x30, 0xbf, 0xca,
    0xef, 0x10, 0xe2, 0x1f, 0x3, 0xfa, 0x0, 0x23,
    0x0, 0xa6, 0x2d, 0x6, 0xf4, 0x0, 0x0, 0x0,
    0x97, 0x1e, 0x6, 0xf6, 0x0, 0x0, 0x0, 0xa6,
    0xe, 0x21, 0xfe, 0x30, 0x69, 0x0, 0xe3, 0x8,
    0x90, 0x6f, 0xff, 0xfd, 0x5, 0xd0, 0x1, 0xe6,
    0x2, 0x78, 0x60, 0x3e, 0x30, 0x0, 0x2e, 0x93,
    0x0, 0x17, 0xe5, 0x0, 0x0, 0x1, 0x8e, 0xff,
    0xea, 0x20, 0x0, 0x0, 0x0, 0x0, 0x1, 0x0,
    0x0, 0x0,

    /* U+00AA "ª" */
    0x9, 0xdf, 0xd4, 0x0, 0x64, 0x39, 0xf1, 0x8,
    0xde, 0xef, 0x44, 0xf4, 0x4, 0xf4, 0x5f, 0x40,
    0x9f, 0x40, 0xbf, 0xfc, 0xf4, 0x0, 0x0, 0x1,
    0x0,

    /* U+00AB "«" */
    0x0, 0x1, 0x20, 0x2, 0x20, 0x0, 0x2f, 0xd0,
    0x6f, 0xa0, 0x0, 0xdf, 0x32, 0xfe, 0x0, 0x9,
    0xf7, 0xc, 0xf4, 0x0, 0x1f, 0xf0, 0x5f, 0xc0,
    0x0, 0x7, 0xf9, 0xb, 0xf5, 0x0, 0x0, 0xcf,
    0x41, 0xee, 0x10, 0x0, 0x1e, 0xe1, 0x4f, 0xb0,

    /* U+00AC "¬" */
    0xbd, 0xdd, 0xdd, 0xdd, 0x6d, 0xff, 0xff, 0xff,
    0xf7, 0x0, 0x0, 0x0, 0x7f, 0x70, 0x0, 0x0,
    0x7, 0xf7, 0x0, 0x0, 0x0, 0x7f, 0x70, 0x0,
    0x0, 0x3, 0x83,

    /* U+00AE "®" */
    0x0, 0x0, 0x4a, 0xdd, 0xb7, 0x0, 0x0, 0x0,
    0x1b, 0xc6, 0x22, 0x4a, 0xe3, 0x0, 0x0, 0xc9,
    0x0, 0x0, 0x0, 0x4e, 0x20, 0x7, 0xb0, 0x8f,
    0xff, 0xd5, 0x7, 0xc0, 0xd, 0x30, 0x8f, 0x33,
    0xaf, 0x20, 0xe2, 0x1f, 0x0, 0x8f, 0x0, 0x2f,
    0x60, 0xa6, 0x2d, 0x0, 0x8f, 0x0, 0x7f, 0x40,
    0x97, 0x1e, 0x0, 0x8f, 0xff, 0xf9, 0x0, 0xa6,
    0xe, 0x20, 0x8f, 0x34, 0xf6, 0x0, 0xe3, 0x8,
    0x90, 0x8f, 0x0, 0x8e, 0x15, 0xd0, 0x1, 0xe6,
    0x25, 0x0, 0x4, 0x5e, 0x30, 0x0, 0x2e, 0x93,
    0x0, 0x17, 0xe5, 0x0, 0x0, 0x1, 0x8e, 0xff,
    0xea, 0x20, 0x0, 0x0, 0x0, 0x0, 0x1, 0x0,
    0x0, 0x0,

    /* U+00AF "¯" */
    0x11, 0x11, 0x11, 0xb, 0xff, 0xff, 0xf8, 0x34,
    0x44, 0x44, 0x20,

    /* U+00B0 "°" */
    0x0, 0x0, 0x0, 0x0, 0x1b, 0xfe, 0x60, 0xd,
    0xb4, 0x6f, 0x53, 0xf1, 0x0, 0x9b, 0x3f, 0x0,
    0x8, 0xc0, 0xe9, 0x13, 0xe7, 0x3, 0xef, 0xf9,
    0x0, 0x0, 0x21, 0x0,

    /* U+00B1 "±" */
    0x0, 0xa, 0xf4, 0x0, 0x0, 0x0, 0xaf, 0x40,
    0x0, 0x0, 0xa, 0xf4, 0x0, 0xa, 0xdd, 0xff,
    0xed, 0xd6, 0xdf, 0xff, 0xff, 0xff, 0x70, 0x0,
    0xaf, 0x40, 0x0, 0x0, 0xa, 0xf4, 0x0, 0x0,
    0x0, 0xaf, 0x40, 0x0, 0x0, 0x0, 0x10, 0x0,
    0x0, 0x0, 0x0, 0x0, 0x0, 0xbd, 0xdd, 0xdd,
    0xdd, 0x6d, 0xff, 0xff, 0xff, 0xf7,

    /* U+00B2 "²" */
    0x8, 0xdf, 0xe8, 0x3, 0xe8, 0x59, 0xf7, 0x0,
    0x0, 0x2f, 0x80, 0x0, 0x2d, 0xc0, 0x0, 0x5f,
    0xa0, 0x0, 0x8f, 0xb4, 0x43, 0x3f, 0xff, 0xff,
    0xe0,

    /* U+00B3 "³" */
    0x5f, 0xff, 0xff, 0x91, 0x44, 0x4d, 0xe2, 0x0,
    0xb, 0xe2, 0x0, 0x3, 0xdf, 0xf5, 0x0, 0x0,
    0xc, 0xe4, 0xc7, 0x57, 0xec, 0x2a, 0xdf, 0xea,
    0x10,

    /* U+00B4 "´" */
    0x0, 0x7, 0x85, 0x0, 0xaf, 0xa0, 0x9, 0xf7,
    0x0,

    /* U+00B5 "µ" */
    0x8f, 0xb0, 0x0, 0x6, 0xfe, 0x8f, 0xb0, 0x0,
    0x6, 0xfe, 0x8f, 0xb0, 0x0, 0x6, 0xfe, 0x8f,
    0xb0, 0x0, 0x6, 0xfe, 0x8f, 0xb0, 0x0, 0x6,
    0xfe, 0x8f, 0xb0, 0x0, 0x6, 0xfe, 0x8f, 0xe0,
    0x0, 0xa, 0xfe, 0x8f, 0xf7, 0x0, 0x6f, 0xfe,
    0x8f, 0xff, 0xff, 0xff, 0xfe, 0x8f, 0xda, 0xef,
    0xa5, 0xfe, 0x8f, 0xb0, 0x0, 0x0, 0x0, 0x8f,
    0xb0, 0x0, 0x0, 0x0, 0x8f, 0xb0, 0x0, 0x0,
    0x0, 0x8f, 0xb0, 0x0, 0x0, 0x0,

    /* U+00B6 "¶" */
    0x1, 0x9d, 0xff, 0xff, 0xff, 0x41, 0xef, 0xff,
    0xfc, 0xce, 0xf4, 0x8f, 0xff, 0xff, 0x0, 0x9f,
    0x4a, 0xff, 0xff, 0xf0, 0x9, 0xf4, 0x8f, 0xff,
    0xff, 0x0, 0x9f, 0x41, 0xef, 0xff, 0xf0, 0x9,
    0xf4, 0x2, 0xad, 0xff, 0x0, 0x9f, 0x40, 0x0,
    0xe, 0xf0, 0x9, 0xf4, 0x0, 0x0, 0xef, 0x0,
    0x9f, 0x40, 0x0, 0xe, 0xf0, 0x9, 0xf4, 0x0,
    0x0, 0xef, 0x0, 0x9f, 0x40, 0x0, 0xe, 0xf0,
    0x9, 0xf4, 0x0, 0x0, 0xef, 0x0, 0x9f, 0x40,
    0x0, 0xe, 0xf0, 0x9, 0xf4, 0x0, 0x0, 0xef,
    0x0, 0x9f, 0x40, 0x0, 0xa, 0xb0, 0x6, 0xc3,

    /* U+00B7 "·" */
    0x0, 0x0, 0x8f, 0xa0, 0xef, 0xf0, 0x7f, 0x90,

    /* U+00B8 "¸" */
    0x5, 0xe0, 0x0, 0x8f, 0xb0, 0x11, 0x6f, 0x49,
    0xff, 0xc0, 0x2, 0x10, 0x0,

    /* U+00B9 "¹" */
    0x7f, 0xff, 0x0, 0x14, 0xbf, 0x0, 0x0, 0xaf,
    0x0, 0x0, 0xaf, 0x0, 0x0, 0xaf, 0x0, 0x24,
    0xbf, 0x43, 0x9f, 0xff, 0xfb,

    /* U+00BA "º" */
    0x2, 0xbf, 0xe8, 0x0, 0x1e, 0xc5, 0x7f, 0x90,
    0x6f, 0x20, 0x9, 0xf0, 0x7f, 0x10, 0x8, 0xf0,
    0x2f, 0xa1, 0x3e, 0xb0, 0x5, 0xef, 0xfc, 0x10,
    0x0, 0x2, 0x20, 0x0,

    /* U+00BB "»" */
    0x12, 0x10, 0x12, 0x0, 0x1, 0xee, 0x14, 0xfc,
    0x0, 0x4, 0xfb, 0x9, 0xf7, 0x0, 0x9, 0xf7,
    0xd, 0xf3, 0x0, 0x2f, 0xe0, 0x6f, 0xb0, 0xb,
    0xf5, 0x1e, 0xf2, 0x6, 0xfa, 0xa, 0xf6, 0x2,
    0xfe, 0x5, 0xfa, 0x0,

    /* U+00BC "¼" */
    0x1, 0x11, 0x0, 0x0, 0x0, 0x0, 0x10, 0x0,
    0x0, 0x7f, 0xff, 0x0, 0x0, 0x0, 0x9, 0xf2,
    0x0, 0x0, 0x14, 0xbf, 0x0, 0x0, 0x0, 0x4f,
    0x70, 0x0, 0x0, 0x0, 0xaf, 0x0, 0x0, 0x0,
    0xec, 0x0, 0x0, 0x0, 0x0, 0xaf, 0x0, 0x0,
    0x9, 0xf2, 0x0, 0x0, 0x0, 0x0, 0xaf, 0x0,
    0x0, 0x4f, 0x70, 0x0, 0x10, 0x0, 0x1, 0xaf,
    0x10, 0x1, 0xec, 0x0, 0x9, 0xf3, 0x0, 0x9f,
    0xff, 0xfb, 0xa, 0xf2, 0x0, 0x4f, 0x80, 0x0,
    0x24, 0x44, 0x42, 0x4f, 0x70, 0x0, 0xec, 0x0,
    0x0, 0x0, 0x0, 0x1, 0xec, 0x0, 0x9, 0xf2,
    0x5b, 0x0, 0x0, 0x0, 0xa, 0xf2, 0x0, 0x4f,
    0x81, 0x8f, 0x10, 0x0, 0x0, 0x5f, 0x60, 0x0,
    0xbf, 0xff, 0xff, 0xf4, 0x0, 0x1, 0xec, 0x0,
    0x0, 0x24, 0x44, 0xbf, 0x41, 0x0, 0x6, 0xb2,
    0x0, 0x0, 0x0, 0x0, 0x7b, 0x0,

    /* U+00BD "½" */
    0x1, 0x11, 0x0, 0x0, 0x0, 0x0, 0x10, 0x0,
    0x7, 0xff, 0xf0, 0x0, 0x0, 0x0, 0x9f, 0x20,
    0x0, 0x14, 0xbf, 0x0, 0x0, 0x0, 0x3f, 0x80,
    0x0, 0x0, 0xa, 0xf0, 0x0, 0x0, 0xd, 0xd0,
    0x0, 0x0, 0x0, 0xaf, 0x0, 0x0, 0x8, 0xf3,
    0x0, 0x0, 0x0, 0xa, 0xf0, 0x0, 0x3, 0xf9,
    0x0, 0x0, 0x0, 0x0, 0xaf, 0x0, 0x0, 0xce,
    0x0, 0x1, 0x0, 0x0, 0x1a, 0xf1, 0x0, 0x7f,
    0x41, 0xaf, 0xff, 0x90, 0x9f, 0xff, 0xfb, 0x2f,
    0xa0, 0x3c, 0x74, 0x9f, 0x62, 0x44, 0x44, 0x3c,
    0xe1, 0x0, 0x0, 0x2, 0xf7, 0x0, 0x0, 0x6,
    0xf5, 0x0, 0x0, 0x1, 0xdd, 0x10, 0x0, 0x1,
    0xfb, 0x0, 0x0, 0x3, 0xec, 0x10, 0x0, 0x0,
    0xbf, 0x10, 0x0, 0x6, 0xfa, 0x11, 0x0, 0x0,
    0x5f, 0x60, 0x0, 0x3, 0xff, 0xff, 0xfe, 0x0,
    0x2, 0x30, 0x0, 0x0, 0x14, 0x44, 0x44, 0x30,

    /* U+00BE "¾" */
    0x1, 0x11, 0x11, 0x0, 0x0, 0x0, 0x1, 0x0,
    0x0, 0x5, 0xff, 0xff, 0xf9, 0x0, 0x0, 0x9,
    0xf2, 0x0, 0x0, 0x14, 0x44, 0xcf, 0x30, 0x0,
    0x4, 0xf7, 0x0, 0x0, 0x0, 0x0, 0x7f, 0x40,
    0x0, 0x0, 0xec, 0x0, 0x0, 0x0, 0x0, 0x2f,
    0xe7, 0x0, 0x0, 0x9f, 0x20, 0x0, 0x0, 0x0,
    0x2, 0x9b, 0xfa, 0x0, 0x4f, 0x70, 0x0, 0x0,
    0x0, 0x0, 0x0, 0xb, 0xf0, 0x1e, 0xc0, 0x0,
    0x26, 0x20, 0x2, 0xa4, 0x23, 0xec, 0xa, 0xf2,
    0x0, 0xd, 0xd0, 0x0, 0x5e, 0xff, 0xfd, 0x24,
    0xf7, 0x0, 0xa, 0xf2, 0x0, 0x0, 0x2, 0x32,
    0x1, 0xec, 0x0, 0x7, 0xf5, 0x12, 0x0, 0x0,
    0x0, 0x0, 0xaf, 0x20, 0x3, 0xf9, 0x18, 0xf1,
    0x0, 0x0, 0x0, 0x5f, 0x60, 0x0, 0xbf, 0xff,
    0xff, 0xf4, 0x0, 0x0, 0x1e, 0xc0, 0x0, 0x2,
    0x44, 0x4b, 0xf4, 0x10, 0x0, 0x6, 0xb2, 0x0,
    0x0, 0x0, 0x0, 0x7b, 0x0,

    /* U+00BF "¿" */
    0x0, 0xa, 0xf5, 0x0, 0x0, 0x0, 0x1f, 0xfb,
    0x0, 0x0, 0x0, 0x8, 0xc4, 0x0, 0x0, 0x0,
    0x0, 0x0, 0x0, 0x0, 0x0, 0x8, 0x94, 0x0,
    0x0, 0x0, 0x3f, 0xf3, 0x0, 0x0, 0x2, 0xef,
    0x90, 0x0, 0x0, 0x1e, 0xfa, 0x0, 0x0, 0x0,
    0xaf, 0xc0, 0x0, 0x0, 0x0, 0xef, 0x80, 0x0,
    0x3, 0x0, 0xcf, 0xe3, 0x1, 0x7f, 0xd1, 0x4f,
    0xff, 0xff, 0xff, 0xa0, 0x3, 0xbe, 0xfe, 0xb4,
    0x0,

    /* U+00C0 "À" */
    0x0, 0x0, 0x48, 0x70, 0x0, 0x0, 0x0, 0x0,
    0x0, 0x0, 0x9f, 0xb0, 0x0, 0x0, 0x0, 0x0,
    0x0, 0x0, 0x5f, 0xb0, 0x0, 0x0, 0x0, 0x0,
    0x0, 0x0, 0x0, 0x0, 0x0, 0x0, 0x0, 0x0,
    0x0, 0xaf, 0xf1, 0x0, 0x0, 0x0, 0x0, 0x0,
    0x1f, 0xff, 0x80, 0x0, 0x0, 0x0, 0x0, 0x8,
    0xfd, 0xfe, 0x0, 0x0, 0x0, 0x0, 0x0, 0xef,
    0x4d, 0xf6, 0x0, 0x0, 0x0, 0x0, 0x6f, 0xd0,
    0x6f, 0xd0, 0x0, 0x0, 0x0, 0xd, 0xf7, 0x0,
    0xff, 0x40, 0x0, 0x0, 0x4, 0xff, 0x10, 0x9,
    0xfb, 0x0, 0x0, 0x0, 0xbf, 0x90, 0x0, 0x2f,
    0xf2, 0x0, 0x0, 0x2f, 0xfe, 0xee, 0xee, 0xff,
    0x90, 0x0, 0x9, 0xff, 0xff, 0xff, 0xff, 0xff,
    0x10, 0x0, 0xff, 0x50, 0x0, 0x0, 0xe, 0xf7,
    0x0, 0x7f, 0xe0, 0x0, 0x0, 0x0, 0x8f, 0xe0,
    0xd, 0xf8, 0x0, 0x0, 0x0, 0x1, 0xff, 0x50,

    /* U+00C1 "Á" */
    0x0, 0x0, 0x0, 0x0, 0x48, 0x70, 0x0, 0x0,
    0x0, 0x0, 0x0, 0x5f, 0xd2, 0x0, 0x0, 0x0,
    0x0, 0x0, 0x5f, 0xb1, 0x0, 0x0, 0x0, 0x0,
    0x0, 0x0, 0x0, 0x0, 0x0, 0x0, 0x0, 0x0,
    0x0, 0xaf, 0xf1, 0x0, 0x0, 0x0, 0x0, 0x0,
    0x1f, 0xff, 0x80, 0x0, 0x0, 0x0, 0x0, 0x8,
    0xfd, 0xfe, 0x0, 0x0, 0x0, 0x0, 0x0, 0xef,
    0x4d, 0xf6, 0x0, 0x0, 0x0, 0x0, 0x6f, 0xd0,
    0x6f, 0xd0, 0x0, 0x0, 0x0, 0xd, 0xf7, 0x0,
    0xff, 0x40, 0x0, 0x0, 0x4, 0xff, 0x10, 0x9,
    0xfb, 0x0, 0x0, 0x0, 0xbf, 0x90, 0x0, 0x2f,
    0xf2, 0x0, 0x0, 0x2f, 0xfe, 0xee, 0xee, 0xff,
    0x90, 0x0, 0x9, 0xff, 0xff, 0xff, 0xff, 0xff,
    0x10, 0x0, 0xff, 0x50, 0x0, 0x0, 0xe, 0xf7,
    0x0, 0x7f, 0xe0, 0x0, 0x0, 0x0, 0x8f, 0xe0,
    0xd, 0xf8, 0x0, 0x0, 0x0, 0x1, 0xff, 0x50,

    /* U+00C2 "Â" */
    0x0, 0x0, 0x0, 0x48, 0x70, 0x0, 0x0, 0x0,
    0x0, 0x0, 0x4f, 0xdf, 0xb0, 0x0, 0x0, 0x0,
    0x0, 0x4f, 0xb0, 0x5f, 0xa0, 0x0, 0x0, 0x0,
    0x0, 0x0, 0x0, 0x0, 0x0, 0x0, 0x0, 0x0,
    0x0, 0xaf, 0xf1, 0x0, 0x0, 0x0, 0x0, 0x0,
    0x1f, 0xff, 0x80, 0x0, 0x0, 0x0, 0x0, 0x8,
    0xfd, 0xfe, 0x0, 0x0, 0x0, 0x0, 0x0, 0xef,
    0x4d, 0xf6, 0x0, 0x0, 0x0, 0x0, 0x6f, 0xd0,
    0x6f, 0xd0, 0x0, 0x0, 0x0, 0xd, 0xf7, 0x0,
    0xff, 0x40, 0x0, 0x0, 0x4, 0xff, 0x10, 0x9,
    0xfb, 0x0, 0x0, 0x0, 0xbf, 0x90, 0x0, 0x2f,
    0xf2, 0x0, 0x0, 0x2f, 0xfe, 0xee, 0xee, 0xff,
    0x90, 0x0, 0x9, 0xff, 0xff, 0xff, 0xff, 0xff,
    0x10, 0x0, 0xff, 0x50, 0x0, 0x0, 0xe, 0xf7,
    0x0, 0x7f, 0xe0, 0x0, 0x0, 0x0, 0x8f, 0xe0,
    0xd, 0xf8, 0x0, 0x0, 0x0, 0x1, 0xff, 0x50,

    /* U+00C3 "Ã" */
    0x0, 0x0, 0x0, 0x10, 0x0, 0x20, 0x0, 0x0,
    0x0, 0x0, 0xcf, 0x70, 0x3f, 0x10, 0x0, 0x0,
    0x0, 0x6f, 0x6f, 0x79, 0xe0, 0x0, 0x0, 0x0,
    0xa, 0xb0, 0x4f, 0xf7, 0x0, 0x0, 0x0, 0x0,
    0x33, 0x0, 0x23, 0x0, 0x0, 0x0, 0x0, 0x0,
    0xa, 0xff, 0x10, 0x0, 0x0, 0x0, 0x0, 0x1,
    0xff, 0xf8, 0x0, 0x0, 0x0, 0x0, 0x0, 0x8f,
    0xdf, 0xe0, 0x0, 0x0, 0x0, 0x0, 0xe, 0xf4,
    0xdf, 0x60, 0x0, 0x0, 0x0, 0x6, 0xfd, 0x6,
    0xfd, 0x0, 0x0, 0x0, 0x0, 0xdf, 0x70, 0xf,
    0xf4, 0x0, 0x0, 0x0, 0x4f, 0xf1, 0x0, 0x9f,
    0xb0, 0x0, 0x0, 0xb, 0xf9, 0x0, 0x2, 0xff,
    0x20, 0x0, 0x2, 0xff, 0xee, 0xee, 0xef, 0xf9,
    0x0, 0x0, 0x9f, 0xff, 0xff, 0xff, 0xff, 0xf1,
    0x0, 0xf, 0xf5, 0x0, 0x0, 0x0, 0xef, 0x70,
    0x7, 0xfe, 0x0, 0x0, 0x0, 0x8, 0xfe, 0x0,
    0xdf, 0x80, 0x0, 0x0, 0x0, 0x1f, 0xf5,

    /* U+00C4 "Ä" */
    0x0, 0x0, 0x1, 0x10, 0x3, 0x0, 0x0, 0x0,
    0x0, 0x0, 0xfe, 0x7, 0xf7, 0x0, 0x0, 0x0,
    0x0, 0xc, 0xc0, 0x5f, 0x50, 0x0, 0x0, 0x0,
    0x0, 0x0, 0x0, 0x0, 0x0, 0x0, 0x0, 0x0,
    0x0, 0xaf, 0xf1, 0x0, 0x0, 0x0, 0x0, 0x0,
    0x1f, 0xff, 0x80, 0x0, 0x0, 0x0, 0x0, 0x8,
    0xfd, 0xfe, 0x0, 0x0, 0x0, 0x0, 0x0, 0xef,
    0x4d, 0xf6, 0x0, 0x0, 0x0, 0x0, 0x6f, 0xd0,
    0x6f, 0xd0, 0x0, 0x0, 0x0, 0xd, 0xf7, 0x0,
    0xff, 0x40, 0x0, 0x0, 0x4, 0xff, 0x10, 0x9,
    0xfb, 0x0, 0x0, 0x0, 0xbf, 0x90, 0x0, 0x2f,
    0xf2, 0x0, 0x0, 0x2f, 0xfe, 0xee, 0xee, 0xff,
    0x90, 0x0, 0x9, 0xff, 0xff, 0xff, 0xff, 0xff,
    0x10, 0x0, 0xff, 0x50, 0x0, 0x0, 0xe, 0xf7,
    0x0, 0x7f, 0xe0, 0x0, 0x0, 0x0, 0x8f, 0xe0,
    0xd, 0xf8, 0x0, 0x0, 0x0, 0x1, 0xff, 0x50,

    /* U+00C5 "Å" */
    0x0, 0x0, 0x0, 0x7e, 0xc1, 0x0, 0x0, 0x0,
    0x0, 0x0, 0x3d, 0x6, 0xa0, 0x0, 0x0, 0x0,
    0x0, 0x5, 0xa0, 0x3c, 0x0, 0x0, 0x0, 0x0,
    0x0, 0x1d, 0x9d, 0x60, 0x0, 0x0, 0x0, 0x0,
    0x0, 0x16, 0x30, 0x0, 0x0, 0x0, 0x0, 0x0,
    0xa, 0xff, 0x10, 0x0, 0x0, 0x0, 0x0, 0x1,
    0xff, 0xf8, 0x0, 0x0, 0x0, 0x0, 0x0, 0x8f,
    0xdf, 0xe0, 0x0, 0x0, 0x0, 0x0, 0xe, 0xf4,
    0xdf, 0x60, 0x0, 0x0, 0x0, 0x6, 0xfd, 0x6,
    0xfd, 0x0, 0x0, 0x0, 0x0, 0xdf, 0x70, 0xf,
    0xf4, 0x0, 0x0, 0x0, 0x4f, 0xf1, 0x0, 0x9f,
    0xb0, 0x0, 0x0, 0xb, 0xf9, 0x0, 0x2, 0xff,
    0x20, 0x0, 0x2, 0xff, 0xee, 0xee, 0xef, 0xf9,
    0x0, 0x0, 0x9f, 0xff, 0xff, 0xff, 0xff, 0xf1,
    0x0, 0xf, 0xf5, 0x0, 0x0, 0x0, 0xef, 0x70,
    0x7, 0xfe, 0x0, 0x0, 0x0, 0x8, 0xfe, 0x0,
    0xdf, 0x80, 0x0, 0x0, 0x0, 0x1f, 0xf5,

    /* U+00C6 "Æ" */
    0x0, 0x0, 0x0, 0x1, 0xff, 0xff, 0xff, 0xff,
    0xff, 0xf0, 0x0, 0x0, 0x0, 0xa, 0xff, 0xff,
    0xff, 0xff, 0xff, 0xf0, 0x0, 0x0, 0x0, 0x3f,
    0xf5, 0xff, 0x10, 0x0, 0x0, 0x0, 0x0, 0x0,
    0x0, 0xcf, 0x83, 0xff, 0x10, 0x0, 0x0, 0x0,
    0x0, 0x0, 0x5, 0xfe, 0x13, 0xff, 0x10, 0x0,
    0x0, 0x0, 0x0, 0x0, 0xd, 0xf7, 0x3, 0xff,
    0xff, 0xff, 0xff, 0x20, 0x0, 0x0, 0x7f, 0xd0,
    0x3, 0xff, 0xff, 0xff, 0xff, 0x30, 0x0, 0x1,
    0xef, 0x50, 0x3, 0xff, 0x10, 0x0, 0x0, 0x0,
    0x0, 0x9, 0xff, 0xee, 0xee, 0xff, 0x10, 0x0,
    0x0, 0x0, 0x0, 0x2f, 0xff, 0xff, 0xff, 0xff,
    0x10, 0x0, 0x0, 0x0, 0x0, 0xbf, 0xb0, 0x0,
    0x3, 0xff, 0x10, 0x0, 0x0, 0x0, 0x4, 0xff,
    0x20, 0x0, 0x3, 0xff, 0xff, 0xff, 0xff, 0xf3,
    0xc, 0xf9, 0x0, 0x0, 0x3, 0xff, 0xff, 0xff,
    0xff, 0xf3,

    /* U+00C7 "Ç" */
    0x0, 0x0, 0x5b, 0xef, 0xeb, 0x50, 0x0, 0x1,
    0xcf, 0xff, 0xff, 0xff, 0xb0, 0x0, 0xdf, 0xfa,
    0x42, 0x38, 0xff, 0x30, 0x7f, 0xf5, 0x0, 0x0,
    0x3, 0x30, 0xe, 0xf9, 0x0, 0x0, 0x0, 0x0,
    0x1, 0xff, 0x40, 0x0, 0x0, 0x0, 0x0, 0x2f,
    0xf2, 0x0, 0x0, 0x0, 0x0, 0x1, 0xff, 0x40,
    0x0, 0x0, 0x0, 0x0, 0xe, 0xf9, 0x0, 0x0,
    0x0, 0x0, 0x0, 0x7f, 0xf5, 0x0, 0x0, 0x2,
    0x30, 0x0, 0xdf, 0xf9, 0x42, 0x38, 0xff, 0x30,
    0x1, 0xcf, 0xff, 0xff, 0xff, 0xc1, 0x0, 0x0,
    0x5b, 0xff, 0xeb, 0x50, 0x0, 0x0, 0x0, 0x6,
    0xe0, 0x0, 0x0, 0x0, 0x0, 0x0, 0x6d, 0xe1,
    0x0, 0x0, 0x0, 0x0, 0x10, 0x5f, 0x40, 0x0,
    0x0, 0x0, 0x9, 0xff, 0xb0, 0x0, 0x0, 0x0,
    0x0, 0x2, 0x10, 0x0, 0x0,

    /* U+00C8 "È" */
    0x0, 0x78, 0x40, 0x0, 0x0, 0x0, 0x2, 0xdf,
    0x50, 0x0, 0x0, 0x0, 0x0, 0xbf, 0x50, 0x0,
    0x0, 0x0, 0x0, 0x0, 0x0, 0x0, 0x5f, 0xff,
    0xff, 0xff, 0xfe, 0x5, 0xff, 0xff, 0xff, 0xff,
    0xe0, 0x5f, 0xf0, 0x0, 0x0, 0x0, 0x5, 0xff,
    0x0, 0x0, 0x0, 0x0, 0x5f, 0xf0, 0x0, 0x0,
    0x0, 0x5, 0xff, 0xff, 0xff, 0xff, 0x10, 0x5f,
    0xff, 0xff, 0xff, 0xf1, 0x5, 0xff, 0x0, 0x0,
    0x0, 0x0, 0x5f, 0xf0, 0x0, 0x0, 0x0, 0x5,
    0xff, 0x0, 0x0, 0x0, 0x0, 0x5f, 0xf0, 0x0,
    0x0, 0x0, 0x5, 0xff, 0xff, 0xff, 0xff, 0xf2,
    0x5f, 0xff, 0xff, 0xff, 0xff, 0x20,

    /* U+00C9 "É" */
    0x0, 0x0, 0x0, 0x78, 0x40, 0x0, 0x0, 0x0,
    0xbf, 0x90, 0x0, 0x0, 0x0, 0xbf, 0x60, 0x0,
    0x0, 0x0, 0x0, 0x0, 0x0, 0x0, 0x5f, 0xff,
    0xff, 0xff, 0xfe, 0x5, 0xff, 0xff, 0xff, 0xff,
    0xe0, 0x5f, 0xf0, 0x0, 0x0, 0x0, 0x5, 0xff,
    0x0, 0x0, 0x0, 0x0, 0x5f, 0xf0, 0x0, 0x0,
    0x0, 0x5, 0xff, 0xff, 0xff, 0xff, 0x10, 0x5f,
    0xff, 0xff, 0xff, 0xf1, 0x5, 0xff, 0x0, 0x0,
    0x0, 0x0, 0x5f, 0xf0, 0x0, 0x0, 0x0, 0x5,
    0xff, 0x0, 0x0, 0x0, 0x0, 0x5f, 0xf0, 0x0,
    0x0, 0x0, 0x5, 0xff, 0xff, 0xff, 0xff, 0xf2,
    0x5f, 0xff, 0xff, 0xff, 0xff, 0x20,

    /* U+00CA "Ê" */
    0x0, 0x0, 0x78, 0x40, 0x0, 0x0, 0x0, 0xaf,
    0xdf, 0x40, 0x0, 0x0, 0xaf, 0x50, 0xaf, 0x40,
    0x0, 0x0, 0x0, 0x0, 0x0, 0x0, 0x5f, 0xff,
    0xff, 0xff, 0xfe, 0x5, 0xff, 0xff, 0xff, 0xff,
    0xe0, 0x5f, 0xf0, 0x0, 0x0, 0x0, 0x5, 0xff,
    0x0, 0x0, 0x0, 0x0, 0x5f, 0xf0, 0x0, 0x0,
    0x0, 0x5, 0xff, 0xff, 0xff, 0xff, 0x10, 0x5f,
    0xff, 0xff, 0xff, 0xf1, 0x5, 0xff, 0x0, 0x0,
    0x0, 0x0, 0x5f, 0xf0, 0x0, 0x0, 0x0, 0x5,
    0xff, 0x0, 0x0, 0x0, 0x0, 0x5f, 0xf0, 0x0,
    0x0, 0x0, 0x5, 0xff, 0xff, 0xff, 0xff, 0xf2,
    0x5f, 0xff, 0xff, 0xff, 0xff, 0x20,

    /* U+00CB "Ë" */
    0x0, 0x3, 0x0, 0x11, 0x0, 0x0, 0x6, 0xf8,
    0xe, 0xf0, 0x0, 0x0, 0x4f, 0x60, 0xcd, 0x0,
    0x0, 0x0, 0x0, 0x0, 0x0, 0x0, 0x5f, 0xff,
    0xff, 0xff, 0xfe, 0x5, 0xff, 0xff, 0xff, 0xff,
    0xe0, 0x5f, 0xf0, 0x0, 0x0, 0x0, 0x5, 0xff,
    0x0, 0x0, 0x0, 0x0, 0x5f, 0xf0, 0x0, 0x0,
    0x0, 0x5, 0xff, 0xff, 0xff, 0xff, 0x10, 0x5f,
    0xff, 0xff, 0xff, 0xf1, 0x5, 0xff, 0x0, 0x0,
    0x0, 0x0, 0x5f, 0xf0, 0x0, 0x0, 0x0, 0x5,
    0xff, 0x0, 0x0, 0x0, 0x0, 0x5f, 0xf0, 0x0,
    0x0, 0x0, 0x5, 0xff, 0xff, 0xff, 0xff, 0xf2,
    0x5f, 0xff, 0xff, 0xff, 0xff, 0x20,

    /* U+00CC "Ì" */
    0x38, 0x71, 0x0, 0x7, 0xfd, 0x10, 0x0, 0x4e,
    0xd1, 0x0, 0x0, 0x0, 0x0, 0x5f, 0xf0, 0x0,
    0x5f, 0xf0, 0x0, 0x5f, 0xf0, 0x0, 0x5f, 0xf0,
    0x0, 0x5f, 0xf0, 0x0, 0x5f, 0xf0, 0x0, 0x5f,
    0xf0, 0x0, 0x5f, 0xf0, 0x0, 0x5f, 0xf0, 0x0,
    0x5f, 0xf0, 0x0, 0x5f, 0xf0, 0x0, 0x5f, 0xf0,
    0x0, 0x5f, 0xf0,

    /* U+00CD "Í" */
    0x0, 0x38, 0x71, 0x3, 0xfe, 0x40, 0x3f, 0xc1,
    0x0, 0x0, 0x0, 0x0, 0x5f, 0xf0, 0x0, 0x5f,
    0xf0, 0x0, 0x5f, 0xf0, 0x0, 0x5f, 0xf0, 0x0,
    0x5f, 0xf0, 0x0, 0x5f, 0xf0, 0x0, 0x5f, 0xf0,
    0x0, 0x5f, 0xf0, 0x0, 0x5f, 0xf0, 0x0, 0x5f,
    0xf0, 0x0, 0x5f, 0xf0, 0x0, 0x5f, 0xf0, 0x0,
    0x5f, 0xf0, 0x0,

    /* U+00CE "Î" */
    0x0, 0x38, 0x71, 0x0, 0x3, 0xee, 0xfc, 0x0,
    0x2e, 0xc1, 0x3e, 0xc0, 0x0, 0x0, 0x0, 0x0,
    0x0, 0x5f, 0xf0, 0x0, 0x0, 0x5f, 0xf0, 0x0,
    0x0, 0x5f, 0xf0, 0x0, 0x0, 0x5f, 0xf0, 0x0,
    0x0, 0x5f, 0xf0, 0x0, 0x0, 0x5f, 0xf0, 0x0,
    0x0, 0x5f, 0xf0, 0x0, 0x0, 0x5f, 0xf0, 0x0,
    0x0, 0x5f, 0xf0, 0x0, 0x0, 0x5f, 0xf0, 0x0,
    0x0, 0x5f, 0xf0, 0x0, 0x0, 0x5f, 0xf0, 0x0,
    0x0, 0x5f, 0xf0, 0x0,

    /* U+00CF "Ï" */
    0x12, 0x0, 0x30, 0xdf, 0x15, 0xf9, 0xbd, 0x3,
    0xf6, 0x0, 0x0, 0x0, 0x5, 0xff, 0x0, 0x5,
    0xff, 0x0, 0x5, 0xff, 0x0, 0x5, 0xff, 0x0,
    0x5, 0xff, 0x0, 0x5, 0xff, 0x0, 0x5, 0xff,
    0x0, 0x5, 0xff, 0x0, 0x5, 0xff, 0x0, 0x5,
    0xff, 0x0, 0x5, 0xff, 0x0, 0x5, 0xff, 0x0,
    0x5, 0xff, 0x0,

    /* U+00D0 "Ð" */
    0x2, 0xff, 0xff, 0xff, 0xeb, 0x50, 0x0, 0x0,
    0x2f, 0xff, 0xff, 0xff, 0xff, 0xc2, 0x0, 0x2,
    0xff, 0x40, 0x1, 0x38, 0xff, 0xd1, 0x0, 0x2f,
    0xf3, 0x0, 0x0, 0x3, 0xff, 0x80, 0x2, 0xff,
    0x30, 0x0, 0x0, 0x8, 0xfe, 0xb, 0xef, 0xff,
    0xcc, 0x70, 0x0, 0x3f, 0xf2, 0xef, 0xff, 0xff,
    0xf9, 0x0, 0x2, 0xff, 0x30, 0x2f, 0xf3, 0x0,
    0x0, 0x0, 0x3f, 0xf2, 0x2, 0xff, 0x30, 0x0,
    0x0, 0x8, 0xfe, 0x0, 0x2f, 0xf3, 0x0, 0x0,
    0x3, 0xff, 0x80, 0x2, 0xff, 0x30, 0x0, 0x28,
    0xff, 0xd1, 0x0, 0x2f, 0xff, 0xff, 0xff, 0xff,
    0xc2, 0x0, 0x2, 0xff, 0xff, 0xff, 0xeb, 0x60,
    0x0, 0x0,

    /* U+00D1 "Ñ" */
    0x0, 0x0, 0x0, 0x0, 0x11, 0x0, 0x0, 0x4,
    0xfe, 0x20, 0xaa, 0x0, 0x0, 0xd, 0xb9, 0xd3,
    0xe7, 0x0, 0x0, 0x1f, 0x40, 0xaf, 0xe1, 0x0,
    0x0, 0x5, 0x0, 0x4, 0x10, 0x0, 0x5f, 0xe1,
    0x0, 0x0, 0x7, 0xfe, 0x5f, 0xfc, 0x0, 0x0,
    0x7, 0xfe, 0x5f, 0xff, 0x90, 0x0, 0x7, 0xfe,
    0x5f, 0xff, 0xf6, 0x0, 0x7, 0xfe, 0x5f, 0xfb,
    0xff, 0x30, 0x7, 0xfe, 0x5f, 0xf1, 0xef, 0xe1,
    0x7, 0xfe, 0x5f, 0xf0, 0x3f, 0xfb, 0x7, 0xfe,
    0x5f, 0xf0, 0x6, 0xff, 0x87, 0xfe, 0x5f, 0xf0,
    0x0, 0x9f, 0xfc, 0xfe, 0x5f, 0xf0, 0x0, 0xc,
    0xff, 0xfe, 0x5f, 0xf0, 0x0, 0x1, 0xef, 0xfe,
    0x5f, 0xf0, 0x0, 0x0, 0x3f, 0xfe, 0x5f, 0xf0,
    0x0, 0x0, 0x6, 0xfe,

    /* U+00D2 "Ò" */
    0x0, 0x0, 0x7f, 0xe2, 0x0, 0x0, 0x0, 0x0,
    0x0, 0x0, 0x6f, 0xd0, 0x0, 0x0, 0x0, 0x0,
    0x0, 0x0, 0x6f, 0xa0, 0x0, 0x0, 0x0, 0x0,
    0x0, 0x0, 0x0, 0x0, 0x0, 0x0, 0x0, 0x0,
    0x5b, 0xef, 0xeb, 0x60, 0x0, 0x0, 0x1, 0xbf,
    0xff, 0xff, 0xff, 0xd2, 0x0, 0x0, 0xcf, 0xf9,
    0x42, 0x38, 0xff, 0xe1, 0x0, 0x7f, 0xf5, 0x0,
    0x0, 0x3, 0xff, 0xa0, 0xe, 0xf9, 0x0, 0x0,
    0x0, 0x7, 0xff, 0x1, 0xff, 0x40, 0x0, 0x0,
    0x0, 0x2f, 0xf4, 0x2f, 0xf2, 0x0, 0x0, 0x0,
    0x0, 0xff, 0x51, 0xff, 0x40, 0x0, 0x0, 0x0,
    0x2f, 0xf4, 0xe, 0xf9, 0x0, 0x0, 0x0, 0x7,
    0xff, 0x0, 0x7f, 0xf5, 0x0, 0x0, 0x3, 0xff,
    0xa0, 0x0, 0xcf, 0xf9, 0x42, 0x38, 0xff, 0xe1,
    0x0, 0x1, 0xbf, 0xff, 0xff, 0xff, 0xd2, 0x0,
    0x0, 0x0, 0x5b, 0xef, 0xeb, 0x60, 0x0, 0x0,

    /* U+00D3 "Ó" */
    0x0, 0x0, 0x0, 0x0, 0xdf, 0x90, 0x0, 0x0,
    0x0, 0x0, 0x0, 0xbf, 0x90, 0x0, 0x0, 0x0,
    0x0, 0x0, 0x8f, 0x80, 0x0, 0x0, 0x0, 0x0,
    0x0, 0x0, 0x0, 0x0, 0x0, 0x0, 0x0, 0x0,
    0x5b, 0xef, 0xeb, 0x60, 0x0, 0x0, 0x1, 0xbf,
    0xff, 0xff, 0xff, 0xd2, 0x0, 0x0, 0xcf, 0xf9,
    0x42, 0x38, 0xff, 0xe1, 0x0, 0x7f, 0xf5, 0x0,
    0x0, 0x3, 0xff, 0xa0, 0xe, 0xf9, 0x0, 0x0,
    0x0, 0x7, 0xff, 0x1, 0xff, 0x40, 0x0, 0x0,
    0x0, 0x2f, 0xf4, 0x2f, 0xf2, 0x0, 0x0, 0x0,
    0x0, 0xff, 0x51, 0xff, 0x40, 0x0, 0x0, 0x0,
    0x2f, 0xf4, 0xe, 0xf9, 0x0, 0x0, 0x0, 0x7,
    0xff, 0x0, 0x7f, 0xf5, 0x0, 0x0, 0x3, 0xff,
    0xa0, 0x0, 0xcf, 0xf9, 0x42, 0x38, 0xff, 0xe1,
    0x0, 0x1, 0xbf, 0xff, 0xff, 0xff, 0xd2, 0x0,
    0x0, 0x0, 0x5b, 0xef, 0xeb, 0x60, 0x0, 0x0,

    /* U+00D4 "Ô" */
    0x0, 0x0, 0x0, 0xdf, 0xe1, 0x0, 0x0, 0x0,
    0x0, 0x0, 0xaf, 0xaf, 0xc0, 0x0, 0x0, 0x0,
    0x0, 0x7f, 0x70, 0x5f, 0x90, 0x0, 0x0, 0x0,
    0x0, 0x0, 0x0, 0x0, 0x0, 0x0, 0x0, 0x0,
    0x5b, 0xef, 0xeb, 0x60, 0x0, 0x0, 0x1, 0xbf,
    0xff, 0xff, 0xff, 0xd2, 0x0, 0x0, 0xcf, 0xf9,
    0x42, 0x38, 0xff, 0xe1, 0x0, 0x7f, 0xf5, 0x0,
    0x0, 0x3, 0xff, 0xa0, 0xe, 0xf9, 0x0, 0x0,
    0x0, 0x7, 0xff, 0x1, 0xff, 0x40, 0x0, 0x0,
    0x0, 0x2f, 0xf4, 0x2f, 0xf2, 0x0, 0x0, 0x0,
    0x0, 0xff, 0x51, 0xff, 0x40, 0x0, 0x0, 0x0,
    0x2f, 0xf4, 0xe, 0xf9, 0x0, 0x0, 0x0, 0x7,
    0xff, 0x0, 0x7f, 0xf5, 0x0, 0x0, 0x3, 0xff,
    0xa0, 0x0, 0xcf, 0xf9, 0x42, 0x38, 0xff, 0xe1,
    0x0, 0x1, 0xbf, 0xff, 0xff, 0xff, 0xd2, 0x0,
    0x0, 0x0, 0x5b, 0xef, 0xeb, 0x60, 0x0, 0x0,

    /* U+00D5 "Õ" */
    0x0, 0x0, 0x0, 0x0, 0x0, 0x20, 0x0, 0x0,
    0x0, 0x1, 0xef, 0x50, 0x6f, 0x0, 0x0, 0x0,
    0x0, 0x9e, 0x7f, 0x5b, 0xc0, 0x0, 0x0, 0x0,
    0xc, 0x90, 0x6f, 0xf4, 0x0, 0x0, 0x0, 0x0,
    0x42, 0x0, 0x32, 0x0, 0x0, 0x0, 0x0, 0x5,
    0xbe, 0xfe, 0xb6, 0x0, 0x0, 0x0, 0x1b, 0xff,
    0xff, 0xff, 0xfd, 0x20, 0x0, 0xc, 0xff, 0x94,
    0x23, 0x8f, 0xfe, 0x10, 0x7, 0xff, 0x50, 0x0,
    0x0, 0x3f, 0xfa, 0x0, 0xef, 0x90, 0x0, 0x0,
    0x0, 0x7f, 0xf0, 0x1f, 0xf4, 0x0, 0x0, 0x0,
    0x2, 0xff, 0x42, 0xff, 0x20, 0x0, 0x0, 0x0,
    0xf, 0xf5, 0x1f, 0xf4, 0x0, 0x0, 0x0, 0x2,
    0xff, 0x40, 0xef, 0x90, 0x0, 0x0, 0x0, 0x7f,
    0xf0, 0x7, 0xff, 0x50, 0x0, 0x0, 0x3f, 0xfa,
    0x0, 0xc, 0xff, 0x94, 0x23, 0x8f, 0xfe, 0x10,
    0x0, 0x1b, 0xff, 0xff, 0xff, 0xfd, 0x20, 0x0,
    0x0, 0x5, 0xbe, 0xfe, 0xb6, 0x0, 0x0,

    /* U+00D6 "Ö" */
    0x0, 0x0, 0x1e, 0xa0, 0x7e, 0x30, 0x0, 0x0,
    0x0, 0x2, 0xfc, 0xa, 0xf4, 0x0, 0x0, 0x0,
    0x0, 0x2, 0x10, 0x2, 0x0, 0x0, 0x0, 0x0,
    0x0, 0x0, 0x0, 0x0, 0x0, 0x0, 0x0, 0x0,
    0x5b, 0xef, 0xeb, 0x60, 0x0, 0x0, 0x1, 0xbf,
    0xff, 0xff, 0xff, 0xd2, 0x0, 0x0, 0xcf, 0xf9,
    0x42, 0x38, 0xff, 0xe1, 0x0, 0x7f, 0xf5, 0x0,
    0x0, 0x3, 0xff, 0xa0, 0xe, 0xf9, 0x0, 0x0,
    0x0, 0x7, 0xff, 0x1, 0xff, 0x40, 0x0, 0x0,
    0x0, 0x2f, 0xf4, 0x2f, 0xf2, 0x0, 0x0, 0x0,
    0x0, 0xff, 0x51, 0xff, 0x40, 0x0, 0x0, 0x0,
    0x2f, 0xf4, 0xe, 0xf9, 0x0, 0x0, 0x0, 0x7,
    0xff, 0x0, 0x7f, 0xf5, 0x0, 0x0, 0x3, 0xff,
    0xa0, 0x0, 0xcf, 0xf9, 0x42, 0x38, 0xff, 0xe1,
    0x0, 0x1, 0xbf, 0xff, 0xff, 0xff, 0xd2, 0x0,
    0x0, 0x0, 0x5b, 0xef, 0xeb, 0x60, 0x0, 0x0,

    /* U+00D7 "×" */
    0x0, 0x0, 0x0, 0x0, 0xa, 0xa0, 0x2, 0xe4,
    0xc, 0xf9, 0x2e, 0xf8, 0x1, 0xdf, 0xff, 0x90,
    0x0, 0x3f, 0xfd, 0x0, 0x1, 0xdf, 0xff, 0x80,
    0xc, 0xfa, 0x2e, 0xf7, 0xa, 0xa0, 0x2, 0xe5,
    0x0, 0x0, 0x0, 0x0,

    /* U+00D8 "Ø" */
    0x0, 0x0, 0x0, 0x0, 0x0, 0x28, 0x40, 0x0,
    0x0, 0x0, 0x0, 0x0, 0xb, 0xf2, 0x0, 0x0,
    0x0, 0x5b, 0xef, 0xef, 0xf9, 0x0, 0x0, 0x1,
    0xbf, 0xff, 0xff, 0xff, 0xe2, 0x0, 0x0, 0xcf,
    0xf9, 0x42, 0x8f, 0xff, 0xe1, 0x0, 0x7f, 0xf5,
    0x0, 0xd, 0xe4, 0xff, 0xa0, 0xe, 0xf9, 0x0,
    0x5, 0xf7, 0x7, 0xff, 0x1, 0xff, 0x40, 0x0,
    0xee, 0x0, 0x2f, 0xf4, 0x2f, 0xf2, 0x0, 0x7f,
    0x50, 0x0, 0xff, 0x51, 0xff, 0x40, 0xe, 0xd0,
    0x0, 0x2f, 0xf4, 0xe, 0xf9, 0x8, 0xf4, 0x0,
    0x7, 0xff, 0x0, 0x7f, 0xf6, 0xfc, 0x0, 0x3,
    0xff, 0xa0, 0x0, 0xcf, 0xff, 0x72, 0x38, 0xff,
    0xe1, 0x0, 0x1, 0xef, 0xff, 0xff, 0xff, 0xd2,
    0x0, 0x0, 0xa, 0xfd, 0xef, 0xeb, 0x60, 0x0,
    0x0, 0x2, 0xfa, 0x0, 0x0, 0x0, 0x0, 0x0,

    /* U+00D9 "Ù" */
    0x0, 0x1d, 0xf9, 0x0, 0x0, 0x0, 0x0, 0x1,
    0xcf, 0x60, 0x0, 0x0, 0x0, 0x0, 0xc, 0xf4,
    0x0, 0x0, 0x0, 0x0, 0x0, 0x0, 0x0, 0x0,
    0x6f, 0xe0, 0x0, 0x0, 0xb, 0xfa, 0x6f, 0xe0,
    0x0, 0x0, 0xb, 0xfa, 0x6f, 0xe0, 0x0, 0x0,
    0xb, 0xfa, 0x6f, 0xe0, 0x0, 0x0, 0xb, 0xfa,
    0x6f, 0xe0, 0x0, 0x0, 0xb, 0xfa, 0x6f, 0xe0,
    0x0, 0x0, 0xb, 0xfa, 0x6f, 0xe0, 0x0, 0x0,
    0xb, 0xfa, 0x6f, 0xf0, 0x0, 0x0, 0xb, 0xf9,
    0x5f, 0xf1, 0x0, 0x0, 0xd, 0xf8, 0x1f, 0xf6,
    0x0, 0x0, 0x3f, 0xf4, 0xa, 0xff, 0x83, 0x26,
    0xef, 0xd0, 0x1, 0xdf, 0xff, 0xff, 0xfe, 0x30,
    0x0, 0x7, 0xcf, 0xfd, 0x91, 0x0,

    /* U+00DA "Ú" */
    0x0, 0x0, 0x0, 0x5f, 0xf3, 0x0, 0x0, 0x0,
    0x3, 0xfe, 0x30, 0x0, 0x0, 0x0, 0x1e, 0xe2,
    0x0, 0x0, 0x0, 0x0, 0x0, 0x0, 0x0, 0x0,
    0x6f, 0xe0, 0x0, 0x0, 0xb, 0xfa, 0x6f, 0xe0,
    0x0, 0x0, 0xb, 0xfa, 0x6f, 0xe0, 0x0, 0x0,
    0xb, 0xfa, 0x6f, 0xe0, 0x0, 0x0, 0xb, 0xfa,
    0x6f, 0xe0, 0x0, 0x0, 0xb, 0xfa, 0x6f, 0xe0,
    0x0, 0x0, 0xb, 0xfa, 0x6f, 0xe0, 0x0, 0x0,
    0xb, 0xfa, 0x6f, 0xf0, 0x0, 0x0, 0xb, 0xf9,
    0x5f, 0xf1, 0x0, 0x0, 0xd, 0xf8, 0x1f, 0xf6,
    0x0, 0x0, 0x3f, 0xf4, 0xa, 0xff, 0x83, 0x26,
    0xef, 0xd0, 0x1, 0xdf, 0xff, 0xff, 0xfe, 0x30,
    0x0, 0x7, 0xcf, 0xfd, 0x91, 0x0,

    /* U+00DB "Û" */
    0x0, 0x0, 0x4f, 0xf8, 0x0, 0x0, 0x0, 0x2,
    0xfe, 0xbf, 0x50, 0x0, 0x0, 0xd, 0xe2, 0xb,
    0xf3, 0x0, 0x0, 0x0, 0x0, 0x0, 0x0, 0x0,
    0x6f, 0xe0, 0x0, 0x0, 0xb, 0xfa, 0x6f, 0xe0,
    0x0, 0x0, 0xb, 0xfa, 0x6f, 0xe0, 0x0, 0x0,
    0xb, 0xfa, 0x6f, 0xe0, 0x0, 0x0, 0xb, 0xfa,
    0x6f, 0xe0, 0x0, 0x0, 0xb, 0xfa, 0x6f, 0xe0,
    0x0, 0x0, 0xb, 0xfa, 0x6f, 0xe0, 0x0, 0x0,
    0xb, 0xfa, 0x6f, 0xf0, 0x0, 0x0, 0xb, 0xf9,
    0x5f, 0xf1, 0x0, 0x0, 0xd, 0xf8, 0x1f, 0xf6,
    0x0, 0x0, 0x3f, 0xf4, 0xa, 0xff, 0x83, 0x26,
    0xef, 0xd0, 0x1, 0xdf, 0xff, 0xff, 0xfe, 0x30,
    0x0, 0x7, 0xcf, 0xfd, 0x91, 0x0,

    /* U+00DC "Ü" */
    0x0, 0x7, 0xe3, 0xd, 0xa0, 0x0, 0x0, 0x9,
    0xf5, 0x1f, 0xd0, 0x0, 0x0, 0x0, 0x30, 0x2,
    0x10, 0x0, 0x0, 0x0, 0x0, 0x0, 0x0, 0x0,
    0x6f, 0xe0, 0x0, 0x0, 0xb, 0xfa, 0x6f, 0xe0,
    0x0, 0x0, 0xb, 0xfa, 0x6f, 0xe0, 0x0, 0x0,
    0xb, 0xfa, 0x6f, 0xe0, 0x0, 0x0, 0xb, 0xfa,
    0x6f, 0xe0, 0x0, 0x0, 0xb, 0xfa, 0x6f, 0xe0,
    0x0, 0x0, 0xb, 0xfa, 0x6f, 0xe0, 0x0, 0x0,
    0xb, 0xfa, 0x6f, 0xf0, 0x0, 0x0, 0xb, 0xf9,
    0x5f, 0xf1, 0x0, 0x0, 0xd, 0xf8, 0x1f, 0xf6,
    0x0, 0x0, 0x3f, 0xf4, 0xa, 0xff, 0x83, 0x26,
    0xef, 0xd0, 0x1, 0xdf, 0xff, 0xff, 0xfe, 0x30,
    0x0, 0x7, 0xcf, 0xfd, 0x91, 0x0,

    /* U+00DD "Ý" */
    0x0, 0x0, 0x0, 0x3, 0x98, 0x10, 0x0, 0x0,
    0x0, 0x0, 0x3f, 0xe4, 0x0, 0x0, 0x0, 0x0,
    0x2, 0xed, 0x20, 0x0, 0x0, 0x0, 0x0, 0x0,
    0x0, 0x0, 0x0, 0x0, 0xd, 0xfa, 0x0, 0x0,
    0x0, 0x8f, 0xc0, 0x4, 0xff, 0x30, 0x0, 0x2,
    0xff, 0x30, 0x0, 0xbf, 0xc0, 0x0, 0xb, 0xf9,
    0x0, 0x0, 0x2f, 0xf6, 0x0, 0x4f, 0xe1, 0x0,
    0x0, 0x8, 0xfe, 0x0, 0xdf, 0x60, 0x0, 0x0,
    0x0, 0xef, 0x87, 0xfd, 0x0, 0x0, 0x0, 0x0,
    0x5f, 0xff, 0xf4, 0x0, 0x0, 0x0, 0x0, 0xc,
    0xff, 0xa0, 0x0, 0x0, 0x0, 0x0, 0x4, 0xff,
    0x20, 0x0, 0x0, 0x0, 0x0, 0x3, 0xff, 0x20,
    0x0, 0x0, 0x0, 0x0, 0x3, 0xff, 0x20, 0x0,
    0x0, 0x0, 0x0, 0x3, 0xff, 0x20, 0x0, 0x0,
    0x0, 0x0, 0x3, 0xff, 0x20, 0x0, 0x0,

    /* U+00DE "Þ" */
    0x5f, 0xf0, 0x0, 0x0, 0x0, 0x0, 0x5f, 0xf1,
    0x0, 0x0, 0x0, 0x0, 0x5f, 0xff, 0xff, 0xfd,
    0x81, 0x0, 0x5f, 0xff, 0xff, 0xff, 0xfe, 0x20,
    0x5f, 0xf0, 0x0, 0x15, 0xef, 0xc0, 0x5f, 0xf0,
    0x0, 0x0, 0x5f, 0xf1, 0x5f, 0xf0, 0x0, 0x0,
    0x2f, 0xf3, 0x5f, 0xf0, 0x0, 0x0, 0x6f, 0xf1,
    0x5f, 0xf1, 0x0, 0x26, 0xef, 0xb0, 0x5f, 0xff,
    0xff, 0xff, 0xfe, 0x20, 0x5f, 0xff, 0xff, 0xfd,
    0x81, 0x0, 0x5f, 0xf0, 0x0, 0x0, 0x0, 0x0,
    0x5f, 0xf0, 0x0, 0x0, 0x0, 0x0,

    /* U+00DF "ß" */
    0x0, 0x3b, 0xef, 0xd7, 0x0, 0x0, 0x5f, 0xff,
    0xff, 0xfb, 0x0, 0x1f, 0xf9, 0x10, 0x5f, 0xf4,
    0x5, 0xfe, 0x0, 0x0, 0xbf, 0x80, 0x7f, 0xb0,
    0x0, 0xb, 0xf7, 0x8, 0xfb, 0x0, 0x6, 0xfe,
    0x10, 0x8f, 0xb0, 0x2f, 0xff, 0x60, 0x8, 0xfb,
    0x2, 0xff, 0xff, 0x80, 0x8f, 0xb0, 0x0, 0x17,
    0xff, 0x48, 0xfb, 0x0, 0x0, 0xb, 0xf8, 0x8f,
    0xb0, 0x0, 0x0, 0xbf, 0x98, 0xfb, 0x1, 0x0,
    0x5f, 0xf5, 0x8f, 0xb0, 0xbf, 0xff, 0xfc, 0x8,
    0xfb, 0xb, 0xff, 0xd8, 0x0,

    /* U+00E0 "à" */
    0x0, 0x9f, 0xd0, 0x0, 0x0, 0x0, 0x7, 0xfc,
    0x0, 0x0, 0x0, 0x0, 0x5b, 0x60, 0x0, 0x0,
    0x0, 0x0, 0x0, 0x0, 0x1, 0x8c, 0xff, 0xd8,
    0x0, 0xb, 0xff, 0xff, 0xff, 0xb0, 0x3, 0x82,
    0x0, 0x6f, 0xf4, 0x0, 0x0, 0x0, 0xc, 0xf7,
    0x1, 0x9e, 0xff, 0xff, 0xf8, 0xc, 0xfe, 0x98,
    0x8e, 0xf8, 0x2f, 0xf1, 0x0, 0xc, 0xf8, 0x1f,
    0xf3, 0x0, 0x4f, 0xf8, 0xb, 0xff, 0xbc, 0xff,
    0xf8, 0x1, 0x9e, 0xfd, 0x79, 0xf8,

    /* U+00E1 "á" */
    0x0, 0x0, 0x3, 0xff, 0x50, 0x0, 0x0, 0x2e,
    0xe3, 0x0, 0x0, 0x0, 0x9a, 0x20, 0x0, 0x0,
    0x0, 0x0, 0x0, 0x0, 0x1, 0x8c, 0xff, 0xd8,
    0x0, 0xb, 0xff, 0xff, 0xff, 0xb0, 0x3, 0x82,
    0x0, 0x6f, 0xf4, 0x0, 0x0, 0x0, 0xc, 0xf7,
    0x1, 0x9e, 0xff, 0xff, 0xf8, 0xc, 0xfe, 0x98,
    0x8e, 0xf8, 0x2f, 0xf1, 0x0, 0xc, 0xf8, 0x1f,
    0xf3, 0x0, 0x4f, 0xf8, 0xb, 0xff, 0xbc, 0xff,
    0xf8, 0x1, 0x9e, 0xfd, 0x79, 0xf8,

    /* U+00E2 "â" */
    0x0, 0x3, 0xff, 0xc0, 0x0, 0x0, 0x2e, 0xe7,
    0xfb, 0x0, 0x0, 0x8a, 0x10, 0x4b, 0x50, 0x0,
    0x0, 0x0, 0x0, 0x0, 0x1, 0x8c, 0xff, 0xd8,
    0x0, 0xb, 0xff, 0xff, 0xff, 0xb0, 0x3, 0x82,
    0x0, 0x6f, 0xf4, 0x0, 0x0, 0x0, 0xc, 0xf7,
    0x1, 0x9e, 0xff, 0xff, 0xf8, 0xc, 0xfe, 0x98,
    0x8e, 0xf8, 0x2f, 0xf1, 0x0, 0xc, 0xf8, 0x1f,
    0xf3, 0x0, 0x4f, 0xf8, 0xb, 0xff, 0xbc, 0xff,
    0xf8, 0x1, 0x9e, 0xfd, 0x79, 0xf8,

    /* U+00E3 "ã" */
    0x0, 0x3d, 0xe7, 0x1d, 0x80, 0x0, 0xbc, 0x7f,
    0xff, 0x20, 0x0, 0x52, 0x1, 0x52, 0x0, 0x0,
    0x0, 0x0, 0x0, 0x0, 0x1, 0x8c, 0xff, 0xd8,
    0x0, 0xb, 0xff, 0xff, 0xff, 0xb0, 0x3, 0x82,
    0x0, 0x6f, 0xf4, 0x0, 0x0, 0x0, 0xc, 0xf7,
    0x1, 0x9e, 0xff, 0xff, 0xf8, 0xc, 0xfe, 0x98,
    0x8e, 0xf8, 0x2f, 0xf1, 0x0, 0xc, 0xf8, 0x1f,
    0xf3, 0x0, 0x4f, 0xf8, 0xb, 0xff, 0xbc, 0xff,
    0xf8, 0x1, 0x9e, 0xfd, 0x79, 0xf8,

    /* U+00E4 "ä" */
    0x0, 0x4f, 0x60, 0xbd, 0x0, 0x0, 0x5f, 0x90,
    0xdf, 0x10, 0x0, 0x2, 0x0, 0x11, 0x0, 0x0,
    0x0, 0x0, 0x0, 0x0, 0x1, 0x8c, 0xff, 0xd8,
    0x0, 0xb, 0xff, 0xff, 0xff, 0xb0, 0x3, 0x82,
    0x0, 0x6f, 0xf4, 0x0, 0x0, 0x0, 0xc, 0xf7,
    0x1, 0x9e, 0xff, 0xff, 0xf8, 0xc, 0xfe, 0x98,
    0x8e, 0xf8, 0x2f, 0xf1, 0x0, 0xc, 0xf8, 0x1f,
    0xf3, 0x0, 0x4f, 0xf8, 0xb, 0xff, 0xbc, 0xff,
    0xf8, 0x1, 0x9e, 0xfd, 0x79, 0xf8,

    /* U+00E5 "å" */
    0x0, 0x1, 0xce, 0x90, 0x0, 0x0, 0xa, 0x60,
    0xb5, 0x0, 0x0, 0xa, 0x60, 0xb5, 0x0, 0x0,
    0x2, 0xce, 0x90, 0x0, 0x0, 0x0, 0x0, 0x0,
    0x0, 0x1, 0x8c, 0xff, 0xd8, 0x0, 0xb, 0xff,
    0xff, 0xff, 0xb0, 0x3, 0x82, 0x0, 0x6f, 0xf4,
    0x0, 0x0, 0x0, 0xc, 0xf7, 0x1, 0x9e, 0xff,
    0xff, 0xf8, 0xc, 0xfe, 0x98, 0x8e, 0xf8, 0x2f,
    0xf1, 0x0, 0xc, 0xf8, 0x1f, 0xf3, 0x0, 0x4f,
    0xf8, 0xb, 0xff, 0xbc, 0xff, 0xf8, 0x1, 0x9e,
    0xfd, 0x79, 0xf8,

    /* U+00E6 "æ" */
    0x1, 0x8c, 0xff, 0xd7, 0x2, 0xae, 0xfd, 0x70,
    0x0, 0xb, 0xff, 0xff, 0xff, 0xcf, 0xff, 0xff,
    0xfd, 0x0, 0x3, 0x82, 0x0, 0x6f, 0xff, 0x81,
    0x3, 0xdf, 0x90, 0x0, 0x0, 0x0, 0xc, 0xfb,
    0x0, 0x0, 0x2f, 0xf0, 0x1, 0x9e, 0xff, 0xff,
    0xff, 0xff, 0xff, 0xff, 0xf2, 0xc, 0xfd, 0x98,
    0x8e, 0xfd, 0x88, 0x88, 0x88, 0x81, 0x2f, 0xf1,
    0x0, 0xc, 0xfe, 0x0, 0x0, 0x0, 0x0, 0x1f,
    0xf3, 0x0, 0x4f, 0xff, 0xb2, 0x1, 0x7b, 0x0,
    0xb, 0xff, 0xbc, 0xff, 0x7f, 0xff, 0xff, 0xff,
    0x40, 0x0, 0x8d, 0xfe, 0xa2, 0x2, 0xae, 0xfe,
    0xb3, 0x0,

    /* U+00E7 "ç" */
    0x0, 0x7, 0xdf, 0xeb, 0x40, 0x1, 0xdf, 0xff,
    0xff, 0xf6, 0xa, 0xfe, 0x50, 0x18, 0xf8, 0x1f,
    0xf5, 0x0, 0x0, 0x10, 0x4f, 0xf0, 0x0, 0x0,
    0x0, 0x4f, 0xf0, 0x0, 0x0, 0x0, 0x1f, 0xf5,
    0x0, 0x0, 0x20, 0xa, 0xfe, 0x50, 0x18, 0xf8,
    0x1, 0xdf, 0xff, 0xff, 0xf6, 0x0, 0x7, 0xdf,
    0xfb, 0x40, 0x0, 0x0, 0x3f, 0x10, 0x0, 0x0,
    0x0, 0x4c, 0xf3, 0x0, 0x0, 0x0, 0x12, 0xf7,
    0x0, 0x0, 0x6, 0xff, 0xd2, 0x0, 0x0, 0x0,
    0x12, 0x0, 0x0,

    /* U+00E8 "è" */
    0x0, 0x6f, 0xf3, 0x0, 0x0, 0x0, 0x0, 0x4f,
    0xe2, 0x0, 0x0, 0x0, 0x0, 0x2a, 0x80, 0x0,
    0x0, 0x0, 0x0, 0x0, 0x0, 0x0, 0x0, 0x8,
    0xdf, 0xea, 0x20, 0x0, 0x1d, 0xff, 0xef, 0xff,
    0x40, 0xa, 0xfb, 0x10, 0x8, 0xfe, 0x1, 0xff,
    0x10, 0x0, 0xc, 0xf5, 0x4f, 0xff, 0xff, 0xff,
    0xff, 0x74, 0xff, 0x88, 0x88, 0x88, 0x84, 0x1f,
    0xf5, 0x0, 0x0, 0x0, 0x0, 0xaf, 0xe5, 0x0,
    0x4d, 0x20, 0x1, 0xdf, 0xff, 0xff, 0xf9, 0x0,
    0x0, 0x7c, 0xff, 0xc7, 0x0,

    /* U+00E9 "é" */
    0x0, 0x0, 0x1, 0xdf, 0x90, 0x0, 0x0, 0x0,
    0xcf, 0x60, 0x0, 0x0, 0x0, 0x6b, 0x40, 0x0,
    0x0, 0x0, 0x0, 0x0, 0x0, 0x0, 0x0, 0x8,
    0xdf, 0xea, 0x20, 0x0, 0x1d, 0xff, 0xef, 0xff,
    0x40, 0xa, 0xfb, 0x10, 0x8, 0xfe, 0x1, 0xff,
    0x10, 0x0, 0xc, 0xf5, 0x4f, 0xff, 0xff, 0xff,
    0xff, 0x74, 0xff, 0x88, 0x88, 0x88, 0x84, 0x1f,
    0xf5, 0x0, 0x0, 0x0, 0x0, 0xaf, 0xe5, 0x0,
    0x4d, 0x20, 0x1, 0xdf, 0xff, 0xff, 0xf9, 0x0,
    0x0, 0x7c, 0xff, 0xc7, 0x0,

    /* U+00EA "ê" */
    0x0, 0x0, 0xdf, 0xe2, 0x0, 0x0, 0x0, 0xbf,
    0x7e, 0xd1, 0x0, 0x0, 0x5b, 0x40, 0x2a, 0x70,
    0x0, 0x0, 0x0, 0x0, 0x0, 0x0, 0x0, 0x8,
    0xdf, 0xea, 0x20, 0x0, 0x1d, 0xff, 0xef, 0xff,
    0x40, 0xa, 0xfb, 0x10, 0x8, 0xfe, 0x1, 0xff,
    0x10, 0x0, 0xc, 0xf5, 0x4f, 0xff, 0xff, 0xff,
    0xff, 0x74, 0xff, 0x88, 0x88, 0x88, 0x84, 0x1f,
    0xf5, 0x0, 0x0, 0x0, 0x0, 0xaf, 0xe5, 0x0,
    0x4d, 0x20, 0x1, 0xdf, 0xff, 0xff, 0xf9, 0x0,
    0x0, 0x7c, 0xff, 0xc7, 0x0,

    /* U+00EB "ë" */
    0x0, 0x1e, 0xa0, 0x7e, 0x30, 0x0, 0x2, 0xfd,
    0x9, 0xf4, 0x0, 0x0, 0x2, 0x10, 0x2, 0x0,
    0x0, 0x0, 0x0, 0x0, 0x0, 0x0, 0x0, 0x8,
    0xdf, 0xea, 0x20, 0x0, 0x1d, 0xff, 0xef, 0xff,
    0x40, 0xa, 0xfb, 0x10, 0x8, 0xfe, 0x1, 0xff,
    0x10, 0x0, 0xc, 0xf5, 0x4f, 0xff, 0xff, 0xff,
    0xff, 0x74, 0xff, 0x88, 0x88, 0x88, 0x84, 0x1f,
    0xf5, 0x0, 0x0, 0x0, 0x0, 0xaf, 0xe5, 0x0,
    0x4d, 0x20, 0x1, 0xdf, 0xff, 0xff, 0xf9, 0x0,
    0x0, 0x7c, 0xff, 0xc7, 0x0,

    /* U+00EC "ì" */
    0x6f, 0xf3, 0x0, 0x3, 0xee, 0x20, 0x0, 0x29,
    0x80, 0x0, 0x0, 0x0, 0x0, 0x8f, 0xb0, 0x0,
    0x8f, 0xb0, 0x0, 0x8f, 0xb0, 0x0, 0x8f, 0xb0,
    0x0, 0x8f, 0xb0, 0x0, 0x8f, 0xb0, 0x0, 0x8f,
    0xb0, 0x0, 0x8f, 0xb0, 0x0, 0x8f, 0xb0, 0x0,
    0x8f, 0xb0,

    /* U+00ED "í" */
    0x1, 0xdf, 0x90, 0xc, 0xf6, 0x0, 0x6a, 0x40,
    0x0, 0x0, 0x0, 0x0, 0x8f, 0xb0, 0x0, 0x8f,
    0xb0, 0x0, 0x8f, 0xb0, 0x0, 0x8f, 0xb0, 0x0,
    0x8f, 0xb0, 0x0, 0x8f, 0xb0, 0x0, 0x8f, 0xb0,
    0x0, 0x8f, 0xb0, 0x0, 0x8f, 0xb0, 0x0, 0x8f,
    0xb0, 0x0,

    /* U+00EE "î" */
    0x0, 0xcf, 0xe1, 0x0, 0x8f, 0x9f, 0xb0, 0x19,
    0x60, 0x4a, 0x30, 0x0, 0x0, 0x0, 0x0, 0x8f,
    0xb0, 0x0, 0x8, 0xfb, 0x0, 0x0, 0x8f, 0xb0,
    0x0, 0x8, 0xfb, 0x0, 0x0, 0x8f, 0xb0, 0x0,
    0x8, 0xfb, 0x0, 0x0, 0x8f, 0xb0, 0x0, 0x8,
    0xfb, 0x0, 0x0, 0x8f, 0xb0, 0x0, 0x8, 0xfb,
    0x0,

    /* U+00EF "ï" */
    0x8e, 0x1c, 0xc0, 0xaf, 0x2e, 0xe0, 0x1, 0x1,
    0x10, 0x0, 0x0, 0x0, 0x8, 0xfb, 0x0, 0x8,
    0xfb, 0x0, 0x8, 0xfb, 0x0, 0x8, 0xfb, 0x0,
    0x8, 0xfb, 0x0, 0x8, 0xfb, 0x0, 0x8, 0xfb,
    0x0, 0x8, 0xfb, 0x0, 0x8, 0xfb, 0x0, 0x8,
    0xfb, 0x0,

    /* U+00F0 "ð" */
    0x0, 0x7, 0x30, 0x0, 0x0, 0x0, 0x7, 0xff,
    0x82, 0x8f, 0x20, 0x0, 0x3, 0xdf, 0xfd, 0x50,
    0x0, 0x3, 0xaf, 0xef, 0xc0, 0x0, 0x0, 0xeb,
    0x30, 0xbf, 0x90, 0x0, 0x0, 0x0, 0x1, 0xef,
    0x20, 0x0, 0x7d, 0xfe, 0x98, 0xf9, 0x0, 0xaf,
    0xfd, 0xcf, 0xef, 0xe0, 0x2f, 0xf5, 0x0, 0x1d,
    0xff, 0x5, 0xfd, 0x0, 0x0, 0x6f, 0xf0, 0x5f,
    0xe0, 0x0, 0x7, 0xfe, 0x1, 0xff, 0x80, 0x2,
    0xef, 0x80, 0x8, 0xff, 0xfe, 0xff, 0xc0, 0x0,
    0x5, 0xcf, 0xfd, 0x70, 0x0,

    /* U+00F1 "ñ" */
    0x0, 0x4e, 0xd6, 0x1e, 0x50, 0x0, 0xda, 0x8f,
    0xfe, 0x10, 0x0, 0x51, 0x1, 0x51, 0x0, 0x0,
    0x0, 0x0, 0x0, 0x0, 0x8f, 0xa6, 0xcf, 0xfb,
    0x30, 0x8f, 0xff, 0xff, 0xff, 0xf2, 0x8f, 0xfb,
    0x10, 0x3e, 0xfa, 0x8f, 0xf0, 0x0, 0x7, 0xfd,
    0x8f, 0xc0, 0x0, 0x5, 0xfe, 0x8f, 0xb0, 0x0,
    0x5, 0xff, 0x8f, 0xb0, 0x0, 0x5, 0xff, 0x8f,
    0xb0, 0x0, 0x5, 0xff, 0x8f, 0xb0, 0x0, 0x5,
    0xff, 0x8f, 0xb0, 0x0, 0x5, 0xff,

    /* U+00F2 "ò" */
    0x0, 0x4f, 0xf5, 0x0, 0x0, 0x0, 0x0, 0x2d,
    0xf3, 0x0, 0x0, 0x0, 0x0, 0x1a, 0xa0, 0x0,
    0x0, 0x0, 0x0, 0x0, 0x0, 0x0, 0x0, 0x7,
    0xdf, 0xeb, 0x40, 0x0, 0x1d, 0xff, 0xff, 0xff,
    0x80, 0xa, 0xfe, 0x40, 0x19, 0xff, 0x41, 0xff,
    0x40, 0x0, 0xb, 0xfb, 0x4f, 0xf0, 0x0, 0x0,
    0x6f, 0xd4, 0xff, 0x0, 0x0, 0x6, 0xfd, 0x1f,
    0xf5, 0x0, 0x0, 0xbf, 0xa0, 0xaf, 0xe4, 0x1,
    0x9f, 0xf4, 0x1, 0xdf, 0xff, 0xff, 0xf8, 0x0,
    0x0, 0x7d, 0xfe, 0xb4, 0x0,

    /* U+00F3 "ó" */
    0x0, 0x0, 0x0, 0xbf, 0xb0, 0x0, 0x0, 0x0,
    0xaf, 0x90, 0x0, 0x0, 0x0, 0x4b, 0x60, 0x0,
    0x0, 0x0, 0x0, 0x0, 0x0, 0x0, 0x0, 0x7,
    0xdf, 0xeb, 0x40, 0x0, 0x1d, 0xff, 0xff, 0xff,
    0x80, 0xa, 0xfe, 0x40, 0x19, 0xff, 0x41, 0xff,
    0x40, 0x0, 0xb, 0xfb, 0x4f, 0xf0, 0x0, 0x0,
    0x6f, 0xd4, 0xff, 0x0, 0x0, 0x6, 0xfd, 0x1f,
    0xf5, 0x0, 0x0, 0xbf, 0xa0, 0xaf, 0xe4, 0x1,
    0x9f, 0xf4, 0x1, 0xdf, 0xff, 0xff, 0xf8, 0x0,
    0x0, 0x7d, 0xfe, 0xb4, 0x0,

    /* U+00F4 "ô" */
    0x0, 0x0, 0xaf, 0xf4, 0x0, 0x0, 0x0, 0x9f,
    0x8d, 0xf3, 0x0, 0x0, 0x3b, 0x60, 0x1a, 0x90,
    0x0, 0x0, 0x0, 0x0, 0x0, 0x0, 0x0, 0x7,
    0xdf, 0xeb, 0x40, 0x0, 0x1d, 0xff, 0xff, 0xff,
    0x80, 0xa, 0xfe, 0x40, 0x19, 0xff, 0x41, 0xff,
    0x40, 0x0, 0xb, 0xfb, 0x4f, 0xf0, 0x0, 0x0,
    0x6f, 0xd4, 0xff, 0x0, 0x0, 0x6, 0xfd, 0x1f,
    0xf5, 0x0, 0x0, 0xbf, 0xa0, 0xaf, 0xe4, 0x1,
    0x9f, 0xf4, 0x1, 0xdf, 0xff, 0xff, 0xf8, 0x0,
    0x0, 0x7d, 0xfe, 0xb4, 0x0,

    /* U+00F5 "õ" */
    0x0, 0xa, 0xfb, 0x26, 0xe0, 0x0, 0x4, 0xf7,
    0xcf, 0xf8, 0x0, 0x0, 0x24, 0x0, 0x34, 0x0,
    0x0, 0x0, 0x0, 0x0, 0x0, 0x0, 0x0, 0x7,
    0xdf, 0xeb, 0x40, 0x0, 0x1d, 0xff, 0xff, 0xff,
    0x80, 0xa, 0xfe, 0x40, 0x19, 0xff, 0x41, 0xff,
    0x40, 0x0, 0xb, 0xfb, 0x4f, 0xf0, 0x0, 0x0,
    0x6f, 0xd4, 0xff, 0x0, 0x0, 0x6, 0xfd, 0x1f,
    0xf5, 0x0, 0x0, 0xbf, 0xa0, 0xaf, 0xe4, 0x1,
    0x9f, 0xf4, 0x1, 0xdf, 0xff, 0xff, 0xf8, 0x0,
    0x0, 0x7d, 0xfe, 0xb4, 0x0,

    /* U+00F6 "ö" */
    0x0, 0xc, 0xd0, 0x5f, 0x50, 0x0, 0x0, 0xef,
    0x7, 0xf7, 0x0, 0x0, 0x1, 0x10, 0x2, 0x0,
    0x0, 0x0, 0x0, 0x0, 0x0, 0x0, 0x0, 0x7,
    0xdf, 0xeb, 0x40, 0x0, 0x1d, 0xff, 0xff, 0xff,
    0x80, 0xa, 0xfe, 0x40, 0x19, 0xff, 0x41, 0xff,
    0x40, 0x0, 0xb, 0xfb, 0x4f, 0xf0, 0x0, 0x0,
    0x6f, 0xd4, 0xff, 0x0, 0x0, 0x6, 0xfd, 0x1f,
    0xf5, 0x0, 0x0, 0xbf, 0xa0, 0xaf, 0xe4, 0x1,
    0x9f, 0xf4, 0x1, 0xdf, 0xff, 0xff, 0xf8, 0x0,
    0x0, 0x7d, 0xfe, 0xb4, 0x0,

    /* U+00F7 "÷" */
    0x0, 0x9, 0xe4, 0x0, 0x0, 0x0, 0xef, 0x80,
    0x0, 0x0, 0x4, 0x91, 0x0, 0x0, 0x0, 0x0,
    0x0, 0x0, 0xdf, 0xff, 0xff, 0xff, 0x7b, 0xdd,
    0xdd, 0xdd, 0xd6, 0x0, 0x0, 0x0, 0x0, 0x0,
    0x0, 0x49, 0x10, 0x0, 0x0, 0xe, 0xf8, 0x0,
    0x0, 0x0, 0x9e, 0x40, 0x0,

    /* U+00F8 "ø" */
    0x0, 0x0, 0x0, 0x2, 0xf5, 0x0, 0x0, 0x7d,
    0xfe, 0xff, 0x0, 0x1, 0xdf, 0xff, 0xff, 0xf8,
    0x0, 0xaf, 0xe4, 0xb, 0xff, 0xf4, 0x1f, 0xf4,
    0x2, 0xf4, 0xbf, 0xb4, 0xff, 0x0, 0xac, 0x6,
    0xfd, 0x4f, 0xf0, 0x2f, 0x40, 0x6f, 0xd1, 0xff,
    0x5a, 0xc0, 0xb, 0xfa, 0xa, 0xff, 0xf5, 0x19,
    0xff, 0x40, 0x1d, 0xff, 0xff, 0xff, 0x80, 0x0,
    0x3f, 0xff, 0xeb, 0x40, 0x0, 0xa, 0xc0, 0x0,
    0x0, 0x0, 0x0, 0x73, 0x0, 0x0, 0x0, 0x0,

    /* U+00F9 "ù" */
    0x1, 0xcf, 0xa0, 0x0, 0x0, 0x0, 0xa, 0xf8,
    0x0, 0x0, 0x0, 0x0, 0x7a, 0x30, 0x0, 0x0,
    0x0, 0x0, 0x0, 0x0, 0x9f, 0xa0, 0x0, 0x7,
    0xfc, 0x9f, 0xa0, 0x0, 0x7, 0xfc, 0x9f, 0xa0,
    0x0, 0x7, 0xfc, 0x9f, 0xa0, 0x0, 0x7, 0xfc,
    0x9f, 0xa0, 0x0, 0x7, 0xfc, 0x9f, 0xa0, 0x0,
    0x8, 0xfc, 0x8f, 0xd0, 0x0, 0xc, 0xfc, 0x4f,
    0xf8, 0x12, 0x9f, 0xfc, 0xc, 0xff, 0xff, 0xfe,
    0xfc, 0x0, 0x8e, 0xfd, 0x86, 0xfc,

    /* U+00FA "ú" */
    0x0, 0x0, 0x7, 0xfd, 0x20, 0x0, 0x0, 0x6f,
    0xc1, 0x0, 0x0, 0x1, 0x98, 0x0, 0x0, 0x0,
    0x0, 0x0, 0x0, 0x0, 0x9f, 0xa0, 0x0, 0x7,
    0xfc, 0x9f, 0xa0, 0x0, 0x7, 0xfc, 0x9f, 0xa0,
    0x0, 0x7, 0xfc, 0x9f, 0xa0, 0x0, 0x7, 0xfc,
    0x9f, 0xa0, 0x0, 0x7, 0xfc, 0x9f, 0xa0, 0x0,
    0x8, 0xfc, 0x8f, 0xd0, 0x0, 0xc, 0xfc, 0x4f,
    0xf8, 0x12, 0x9f, 0xfc, 0xc, 0xff, 0xff, 0xfe,
    0xfc, 0x0, 0x8e, 0xfd, 0x86, 0xfc,

    /* U+00FB "û" */
    0x0, 0x6, 0xff, 0x90, 0x0, 0x0, 0x5f, 0xb9,
    0xf7, 0x0, 0x1, 0x98, 0x0, 0x69, 0x20, 0x0,
    0x0, 0x0, 0x0, 0x0, 0x9f, 0xa0, 0x0, 0x7,
    0xfc, 0x9f, 0xa0, 0x0, 0x7, 0xfc, 0x9f, 0xa0,
    0x0, 0x7, 0xfc, 0x9f, 0xa0, 0x0, 0x7, 0xfc,
    0x9f, 0xa0, 0x0, 0x7, 0xfc, 0x9f, 0xa0, 0x0,
    0x8, 0xfc, 0x8f, 0xd0, 0x0, 0xc, 0xfc, 0x4f,
    0xf8, 0x12, 0x9f, 0xfc, 0xc, 0xff, 0xff, 0xfe,
    0xfc, 0x0, 0x8e, 0xfd, 0x86, 0xfc,

    /* U+00FC "ü" */
    0x0, 0x7e, 0x31, 0xea, 0x0, 0x0, 0x9f, 0x42,
    0xfc, 0x0, 0x0, 0x2, 0x0, 0x20, 0x0, 0x0,
    0x0, 0x0, 0x0, 0x0, 0x9f, 0xa0, 0x0, 0x7,
    0xfc, 0x9f, 0xa0, 0x0, 0x7, 0xfc, 0x9f, 0xa0,
    0x0, 0x7, 0xfc, 0x9f, 0xa0, 0x0, 0x7, 0xfc,
    0x9f, 0xa0, 0x0, 0x7, 0xfc, 0x9f, 0xa0, 0x0,
    0x8, 0xfc, 0x8f, 0xd0, 0x0, 0xc, 0xfc, 0x4f,
    0xf8, 0x12, 0x9f, 0xfc, 0xc, 0xff, 0xff, 0xfe,
    0xfc, 0x0, 0x8e, 0xfd, 0x86, 0xfc,

    /* U+00FD "ý" */
    0x0, 0x0, 0x0, 0x9f, 0xd1, 0x0, 0x0, 0x0,
    0x8, 0xfb, 0x0, 0x0, 0x0, 0x0, 0x29, 0x70,
    0x0, 0x0, 0x0, 0x0, 0x0, 0x0, 0x0, 0x0,
    0xe, 0xf7, 0x0, 0x0, 0xe, 0xf4, 0x7, 0xfd,
    0x0, 0x0, 0x4f, 0xd0, 0x1, 0xff, 0x30, 0x0,
    0xbf, 0x70, 0x0, 0xaf, 0xa0, 0x1, 0xff, 0x10,
    0x0, 0x3f, 0xf1, 0x7, 0xfa, 0x0, 0x0, 0xd,
    0xf7, 0xe, 0xf3, 0x0, 0x0, 0x6, 0xfd, 0x4f,
    0xc0, 0x0, 0x0, 0x0, 0xff, 0xdf, 0x60, 0x0,
    0x0, 0x0, 0x9f, 0xff, 0x0, 0x0, 0x0, 0x0,
    0x3f, 0xf9, 0x0, 0x0, 0x0, 0x0, 0xf, 0xf2,
    0x0, 0x0, 0x4, 0x10, 0x9f, 0xb0, 0x0, 0x0,
    0x1e, 0xff, 0xff, 0x30, 0x0, 0x0, 0x8, 0xef,
    0xc4, 0x0, 0x0, 0x0,

    /* U+00FE "þ" */
    0x8f, 0xb0, 0x0, 0x0, 0x0, 0x8, 0xfb, 0x0,
    0x0, 0x0, 0x0, 0x8f, 0xb0, 0x0, 0x0, 0x0,
    0x8, 0xfb, 0x0, 0x0, 0x0, 0x0, 0x8f, 0xb5,
    0xcf, 0xeb, 0x30, 0x8, 0xff, 0xff, 0xff, 0xff,
    0x60, 0x8f, 0xfc, 0x20, 0x2b, 0xff, 0x18, 0xff,
    0x10, 0x0, 0xe, 0xf7, 0x8f, 0xb0, 0x0, 0x0,
    0xaf, 0xa8, 0xfb, 0x0, 0x0, 0xa, 0xfa, 0x8f,
    0xf1, 0x0, 0x0, 0xef, 0x78, 0xff, 0xc3, 0x2,
    0xbf, 0xf1, 0x8f, 0xff, 0xff, 0xff, 0xf5, 0x8,
    0xfb, 0x5c, 0xfe, 0xb3, 0x0, 0x8f, 0xb0, 0x0,
    0x0, 0x0, 0x8, 0xfb, 0x0, 0x0, 0x0, 0x0,
    0x8f, 0xb0, 0x0, 0x0, 0x0, 0x8, 0xfb, 0x0,
    0x0, 0x0, 0x0,

    /* U+00FF "ÿ" */
    0x0, 0x9, 0xe1, 0x2e, 0x80, 0x0, 0x0, 0xb,
    0xf2, 0x3f, 0xa0, 0x0, 0x0, 0x0, 0x20, 0x2,
    0x0, 0x0, 0x0, 0x0, 0x0, 0x0, 0x0, 0x0,
    0xe, 0xf7, 0x0, 0x0, 0xe, 0xf4, 0x7, 0xfd,
    0x0, 0x0, 0x4f, 0xd0, 0x1, 0xff, 0x30, 0x0,
    0xbf, 0x70, 0x0, 0xaf, 0xa0, 0x1, 0xff, 0x10,
    0x0, 0x3f, 0xf1, 0x7, 0xfa, 0x0, 0x0, 0xd,
    0xf7, 0xe, 0xf3, 0x0, 0x0, 0x6, 0xfd, 0x4f,
    0xc0, 0x0, 0x0, 0x0, 0xff, 0xdf, 0x60, 0x0,
    0x0, 0x0, 0x9f, 0xff, 0x0, 0x0, 0x0, 0x0,
    0x3f, 0xf9, 0x0, 0x0, 0x0, 0x0, 0xf, 0xf2,
    0x0, 0x0, 0x4, 0x10, 0x9f, 0xb0, 0x0, 0x0,
    0x1e, 0xff, 0xff, 0x30, 0x0, 0x0, 0x8, 0xef,
    0xc4, 0x0, 0x0, 0x0,

    /* U+0102 "Ă" */
    0x0, 0x0, 0x4f, 0x20, 0xb, 0xb0, 0x0, 0x0,
    0x0, 0x1, 0xeb, 0x15, 0xf7, 0x0, 0x0, 0x0,
    0x0, 0x4, 0xef, 0xfa, 0x0, 0x0, 0x0, 0x0,
    0x0, 0x0, 0x21, 0x0, 0x0, 0x0, 0x0, 0x0,
    0x0, 0xaf, 0xf1, 0x0, 0x0, 0x0, 0x0, 0x0,
    0x1f, 0xff, 0x80, 0x0, 0x0, 0x0, 0x0, 0x8,
    0xfd, 0xfe, 0x0, 0x0, 0x0, 0x0, 0x0, 0xef,
    0x4d, 0xf6, 0x0, 0x0, 0x0, 0x0, 0x6f, 0xd0,
    0x6f, 0xd0, 0x0, 0x0, 0x0, 0xd, 0xf7, 0x0,
    0xff, 0x40, 0x0, 0x0, 0x4, 0xff, 0x10, 0x9,
    0xfb, 0x0, 0x0, 0x0, 0xbf, 0x90, 0x0, 0x2f,
    0xf2, 0x0, 0x0, 0x2f, 0xfe, 0xee, 0xee, 0xff,
    0x90, 0x0, 0x9, 0xff, 0xff, 0xff, 0xff, 0xff,
    0x10, 0x0, 0xff, 0x50, 0x0, 0x0, 0xe, 0xf7,
    0x0, 0x7f, 0xe0, 0x0, 0x0, 0x0, 0x8f, 0xe0,
    0xd, 0xf8, 0x0, 0x0, 0x0, 0x1, 0xff, 0x50,

    /* U+0103 "ă" */
    0x0, 0xac, 0x0, 0x1f, 0x50, 0x0, 0x6f, 0x61,
    0xaf, 0x10, 0x0, 0x9, 0xff, 0xf5, 0x0, 0x0,
    0x0, 0x12, 0x0, 0x0, 0x1, 0x8c, 0xff, 0xd8,
    0x0, 0xb, 0xff, 0xff, 0xff, 0xb0, 0x3, 0x82,
    0x0, 0x6f, 0xf4, 0x0, 0x0, 0x0, 0xc, 0xf7,
    0x1, 0x9e, 0xff, 0xff, 0xf8, 0xc, 0xfe, 0x98,
    0x8e, 0xf8, 0x2f, 0xf1, 0x0, 0xc, 0xf8, 0x1f,
    0xf3, 0x0, 0x4f, 0xf8, 0xb, 0xff, 0xbc, 0xff,
    0xf8, 0x1, 0x9e, 0xfd, 0x79, 0xf8,

    /* U+010D "č" */
    0x0, 0x6f, 0x90, 0x5f, 0x90, 0x0, 0x7, 0xfc,
    0xfb, 0x0, 0x0, 0x0, 0x7b, 0x90, 0x0, 0x0,
    0x0, 0x0, 0x0, 0x0, 0x0, 0x7, 0xdf, 0xeb,
    0x40, 0x1, 0xdf, 0xff, 0xff, 0xf6, 0xa, 0xfe,
    0x50, 0x18, 0xf8, 0x1f, 0xf5, 0x0, 0x0, 0x10,
    0x4f, 0xf0, 0x0, 0x0, 0x0, 0x4f, 0xf0, 0x0,
    0x0, 0x0, 0x1f, 0xf5, 0x0, 0x0, 0x20, 0xa,
    0xfe, 0x50, 0x18, 0xf8, 0x1, 0xdf, 0xff, 0xff,
    0xf6, 0x0, 0x7, 0xdf, 0xeb, 0x40,

    /* U+010F "ď" */
    0x0, 0x0, 0x0, 0x0, 0x0, 0x0, 0x5a, 0x10,
    0x0, 0x0, 0x0, 0x5, 0xfe, 0x9, 0xf2, 0x0,
    0x0, 0x0, 0x0, 0x5f, 0xe0, 0x9f, 0x0, 0x0,
    0x0, 0x0, 0x5, 0xfe, 0x9, 0xf0, 0x0, 0x0,
    0x0, 0x0, 0x5f, 0xe0, 0x0, 0x0, 0x1, 0x8d,
    0xfe, 0x86, 0xfe, 0x0, 0x0, 0x1, 0xef, 0xff,
    0xff, 0xff, 0xe0, 0x0, 0x0, 0xbf, 0xe4, 0x1,
    0x8f, 0xfe, 0x0, 0x0, 0x1f, 0xf4, 0x0, 0x0,
    0xbf, 0xe0, 0x0, 0x4, 0xff, 0x0, 0x0, 0x6,
    0xfe, 0x0, 0x0, 0x4f, 0xf0, 0x0, 0x0, 0x6f,
    0xe0, 0x0, 0x1, 0xff, 0x50, 0x0, 0xb, 0xfe,
    0x0, 0x0, 0xb, 0xfe, 0x40, 0x18, 0xff, 0xe0,
    0x0, 0x0, 0x1e, 0xff, 0xff, 0xfe, 0xfe, 0x0,
    0x0, 0x0, 0x18, 0xdf, 0xe8, 0x4f, 0xe0, 0x0,
    0x0,

    /* U+013A "ĺ" */
    0x0, 0x58, 0x60, 0x7, 0xfc, 0x10, 0x6f, 0xa0,
    0x0, 0x0, 0x0, 0x0, 0x8f, 0xb0, 0x0, 0x8f,
    0xb0, 0x0, 0x8f, 0xb0, 0x0, 0x8f, 0xb0, 0x0,
    0x8f, 0xb0, 0x0, 0x8f, 0xb0, 0x0, 0x8f, 0xb0,
    0x0, 0x8f, 0xb0, 0x0, 0x8f, 0xb0, 0x0, 0x8f,
    0xb0, 0x0, 0x8f, 0xb0, 0x0, 0x8f, 0xb0, 0x0,
    0x8f, 0xb0, 0x0, 0x8f, 0xb0, 0x0,

    /* U+013E "ľ" */
    0x0, 0x0, 0x7a, 0x8, 0xfb, 0xc, 0xe0, 0x8f,
    0xb0, 0xcd, 0x8, 0xfb, 0xc, 0xc0, 0x8f, 0xb0,
    0x0, 0x8, 0xfb, 0x0, 0x0, 0x8f, 0xb0, 0x0,
    0x8, 0xfb, 0x0, 0x0, 0x8f, 0xb0, 0x0, 0x8,
    0xfb, 0x0, 0x0, 0x8f, 0xb0, 0x0, 0x8, 0xfb,
    0x0, 0x0, 0x8f, 0xb0, 0x0, 0x8, 0xfb, 0x0,
    0x0, 0x8f, 0xb0, 0x0, 0x0,

    /* U+0148 "ň" */
    0x0, 0xbe, 0x30, 0xbf, 0x30, 0x0, 0xc, 0xfd,
    0xf4, 0x0, 0x0, 0x1, 0x9a, 0x50, 0x0, 0x0,
    0x0, 0x0, 0x0, 0x0, 0x8f, 0xa6, 0xcf, 0xfb,
    0x30, 0x8f, 0xff, 0xff, 0xff, 0xf2, 0x8f, 0xfb,
    0x10, 0x3e, 0xfa, 0x8f, 0xf0, 0x0, 0x7, 0xfd,
    0x8f, 0xc0, 0x0, 0x5, 0xfe, 0x8f, 0xb0, 0x0,
    0x5, 0xff, 0x8f, 0xb0, 0x0, 0x5, 0xff, 0x8f,
    0xb0, 0x0, 0x5, 0xff, 0x8f, 0xb0, 0x0, 0x5,
    0xff, 0x8f, 0xb0, 0x0, 0x5, 0xff,

    /* U+0150 "Ő" */
    0x0, 0x0, 0x0, 0x68, 0x42, 0x87, 0x0, 0x0,
    0x0, 0x0, 0x2f, 0xd0, 0xcf, 0x40, 0x0, 0x0,
    0x0, 0xb, 0xf2, 0x5f, 0x80, 0x0, 0x0, 0x0,
    0x0, 0x0, 0x0, 0x0, 0x0, 0x0, 0x0, 0x0,
    0x5b, 0xef, 0xeb, 0x60, 0x0, 0x0, 0x1, 0xbf,
    0xff, 0xff, 0xff, 0xd2, 0x0, 0x0, 0xcf, 0xf9,
    0x42, 0x38, 0xff, 0xe1, 0x0, 0x7f, 0xf5, 0x0,
    0x0, 0x3, 0xff, 0xa0, 0xe, 0xf9, 0x0, 0x0,
    0x0, 0x7, 0xff, 0x1, 0xff, 0x40, 0x0, 0x0,
    0x0, 0x2f, 0xf4, 0x2f, 0xf2, 0x0, 0x0, 0x0,
    0x0, 0xff, 0x51, 0xff, 0x40, 0x0, 0x0, 0x0,
    0x2f, 0xf4, 0xe, 0xf9, 0x0, 0x0, 0x0, 0x7,
    0xff, 0x0, 0x7f, 0xf5, 0x0, 0x0, 0x3, 0xff,
    0xa0, 0x0, 0xcf, 0xf9, 0x42, 0x38, 0xff, 0xe1,
    0x0, 0x1, 0xbf, 0xff, 0xff, 0xff, 0xd2, 0x0,
    0x0, 0x0, 0x5b, 0xef, 0xeb, 0x60, 0x0, 0x0,

    /* U+0151 "ő" */
    0x0, 0x0, 0xaf, 0x84, 0xfd, 0x0, 0x0, 0x3f,
    0xc0, 0xcf, 0x20, 0x0, 0x5, 0x81, 0x28, 0x40,
    0x0, 0x0, 0x0, 0x0, 0x0, 0x0, 0x0, 0x7,
    0xdf, 0xeb, 0x40, 0x0, 0x1d, 0xff, 0xff, 0xff,
    0x80, 0xa, 0xfe, 0x40, 0x19, 0xff, 0x41, 0xff,
    0x40, 0x0, 0xb, 0xfb, 0x4f, 0xf0, 0x0, 0x0,
    0x6f, 0xd4, 0xff, 0x0, 0x0, 0x6, 0xfd, 0x1f,
    0xf5, 0x0, 0x0, 0xbf, 0xa0, 0xaf, 0xe4, 0x1,
    0x9f, 0xf4, 0x1, 0xdf, 0xff, 0xff, 0xf8, 0x0,
    0x0, 0x7d, 0xfe, 0xb4, 0x0,

    /* U+0155 "ŕ" */
    0x0, 0x4, 0xff, 0x40, 0x4, 0xfd, 0x20, 0x0,
    0x99, 0x10, 0x0, 0x0, 0x0, 0x0, 0x8f, 0xa5,
    0xcf, 0x8, 0xfe, 0xff, 0xf0, 0x8f, 0xfc, 0x31,
    0x8, 0xff, 0x10, 0x0, 0x8f, 0xc0, 0x0, 0x8,
    0xfb, 0x0, 0x0, 0x8f, 0xb0, 0x0, 0x8, 0xfb,
    0x0, 0x0, 0x8f, 0xb0, 0x0, 0x8, 0xfb, 0x0,
    0x0,

    /* U+0161 "š" */
    0x6, 0xf8, 0x6, 0xf9, 0x0, 0x8, 0xfc, 0xfa,
    0x0, 0x0, 0x8, 0xb9, 0x0, 0x0, 0x0, 0x0,
    0x0, 0x0, 0x0, 0x7d, 0xfe, 0xc9, 0x10, 0xcf,
    0xfe, 0xff, 0xf2, 0x4f, 0xf2, 0x0, 0x26, 0x4,
    0xff, 0x40, 0x0, 0x0, 0xd, 0xff, 0xec, 0x82,
    0x0, 0x17, 0xcf, 0xff, 0xf4, 0x0, 0x0, 0x2,
    0xbf, 0xb0, 0x93, 0x0, 0x9, 0xfb, 0x6f, 0xff,
    0xef, 0xff, 0x40, 0x7c, 0xef, 0xea, 0x30,

    /* U+0165 "ť" */
    0x0, 0x0, 0x2, 0x40, 0x0, 0x0, 0xa, 0xf0,
    0x0, 0x11, 0xa, 0xf0, 0x3, 0xff, 0xa, 0xe0,
    0x3, 0xff, 0x0, 0x0, 0xcf, 0xff, 0xff, 0x90,
    0xae, 0xff, 0xdd, 0x80, 0x3, 0xff, 0x0, 0x0,
    0x3, 0xff, 0x0, 0x0, 0x3, 0xff, 0x0, 0x0,
    0x3, 0xff, 0x0, 0x0, 0x3, 0xff, 0x0, 0x0,
    0x1, 0xff, 0x40, 0x10, 0x0, 0xcf, 0xff, 0xe0,
    0x0, 0x1a, 0xef, 0xb1,

    /* U+0170 "Ű" */
    0x0, 0x0, 0x18, 0x80, 0x68, 0x30, 0x0, 0x0,
    0x9f, 0x73, 0xfc, 0x0, 0x0, 0x2, 0xfb, 0xc,
    0xf2, 0x0, 0x0, 0x0, 0x0, 0x0, 0x0, 0x0,
    0x6f, 0xe0, 0x0, 0x0, 0xb, 0xfa, 0x6f, 0xe0,
    0x0, 0x0, 0xb, 0xfa, 0x6f, 0xe0, 0x0, 0x0,
    0xb, 0xfa, 0x6f, 0xe0, 0x0, 0x0, 0xb, 0xfa,
    0x6f, 0xe0, 0x0, 0x0, 0xb, 0xfa, 0x6f, 0xe0,
    0x0, 0x0, 0xb, 0xfa, 0x6f, 0xe0, 0x0, 0x0,
    0xb, 0xfa, 0x6f, 0xf0, 0x0, 0x0, 0xb, 0xf9,
    0x5f, 0xf1, 0x0, 0x0, 0xd, 0xf8, 0x1f, 0xf6,
    0x0, 0x0, 0x3f, 0xf4, 0xa, 0xff, 0x83, 0x26,
    0xef, 0xd0, 0x1, 0xdf, 0xff, 0xff, 0xfe, 0x30,
    0x0, 0x7, 0xcf, 0xfd, 0x91, 0x0,

    /* U+0171 "ű" */
    0x0, 0x5, 0xfc, 0x1e, 0xf3, 0x0, 0xd, 0xf2,
    0x8f, 0x70, 0x0, 0x28, 0x40, 0x87, 0x0, 0x0,
    0x0, 0x0, 0x0, 0x0, 0x9f, 0xa0, 0x0, 0x7,
    0xfc, 0x9f, 0xa0, 0x0, 0x7, 0xfc, 0x9f, 0xa0,
    0x0, 0x7, 0xfc, 0x9f, 0xa0, 0x0, 0x7, 0xfc,
    0x9f, 0xa0, 0x0, 0x7, 0xfc, 0x9f, 0xa0, 0x0,
    0x8, 0xfc, 0x8f, 0xd0, 0x0, 0xc, 0xfc, 0x4f,
    0xf8, 0x12, 0x9f, 0xfc, 0xc, 0xff, 0xff, 0xfe,
    0xfc, 0x0, 0x8e, 0xfd, 0x86, 0xfc,

    /* U+017E "ž" */
    0x3, 0xfb, 0x3, 0xec, 0x0, 0x4, 0xfd, 0xfd,
    0x10, 0x0, 0x4, 0xa9, 0x10, 0x0, 0x0, 0x0,
    0x0, 0x0, 0x3f, 0xff, 0xff, 0xff, 0xd2, 0xdd,
    0xdd, 0xdf, 0xfb, 0x0, 0x0, 0x8, 0xfe, 0x10,
    0x0, 0x5, 0xff, 0x30, 0x0, 0x2, 0xff, 0x60,
    0x0, 0x0, 0xdf, 0xa0, 0x0, 0x0, 0xbf, 0xc0,
    0x0, 0x0, 0x7f, 0xe1, 0x0, 0x0, 0x3f, 0xff,
    0xdd, 0xdd, 0xd5, 0xff, 0xff, 0xff, 0xff,

    /* U+0218 "Ș" */
    0x0, 0x29, 0xdf, 0xfd, 0x93, 0x0, 0x3f, 0xff,
    0xff, 0xff, 0xf0, 0xd, 0xfd, 0x30, 0x13, 0x89,
    0x0, 0xff, 0x40, 0x0, 0x0, 0x0, 0xf, 0xf9,
    0x0, 0x0, 0x0, 0x0, 0x9f, 0xfe, 0x95, 0x10,
    0x0, 0x0, 0x7e, 0xff, 0xff, 0xb3, 0x0, 0x0,
    0x4, 0x8c, 0xff, 0xf2, 0x0, 0x0, 0x0, 0x2,
    0xef, 0x90, 0x20, 0x0, 0x0, 0xa, 0xfa, 0xe,
    0xb5, 0x10, 0x16, 0xff, 0x62, 0xef, 0xff, 0xff,
    0xff, 0xc0, 0x1, 0x7b, 0xef, 0xec, 0x60, 0x0,
    0x0, 0x0, 0x0, 0x0, 0x0, 0x0, 0x0, 0x1e,
    0xa0, 0x0, 0x0, 0x0, 0x1, 0xec, 0x0, 0x0,
    0x0, 0x0, 0xc, 0x60, 0x0, 0x0, 0x0, 0x0,
    0x50, 0x0, 0x0,

    /* U+0219 "ș" */
    0x0, 0x7d, 0xfe, 0xc9, 0x10, 0xcf, 0xfe, 0xff,
    0xf2, 0x4f, 0xf2, 0x0, 0x26, 0x4, 0xff, 0x40,
    0x0, 0x0, 0xd, 0xff, 0xec, 0x82, 0x0, 0x17,
    0xcf, 0xff, 0xf4, 0x0, 0x0, 0x2, 0xbf, 0xb0,
    0x93, 0x0, 0x9, 0xfb, 0x6f, 0xff, 0xef, 0xff,
    0x40, 0x7c, 0xef, 0xea, 0x30, 0x0, 0x0, 0x0,
    0x0, 0x0, 0x0, 0x5f, 0x70, 0x0, 0x0, 0x4,
    0xf8, 0x0, 0x0, 0x0, 0x1f, 0x20, 0x0, 0x0,
    0x1, 0x40, 0x0, 0x0,

    /* U+021A "Ț" */
    0xef, 0xff, 0xff, 0xff, 0xff, 0xce, 0xff, 0xff,
    0xff, 0xff, 0xfc, 0x0, 0x0, 0xcf, 0x90, 0x0,
    0x0, 0x0, 0xc, 0xf9, 0x0, 0x0, 0x0, 0x0,
    0xcf, 0x90, 0x0, 0x0, 0x0, 0xc, 0xf9, 0x0,
    0x0, 0x0, 0x0, 0xcf, 0x90, 0x0, 0x0, 0x0,
    0xc, 0xf9, 0x0, 0x0, 0x0, 0x0, 0xcf, 0x90,
    0x0, 0x0, 0x0, 0xc, 0xf9, 0x0, 0x0, 0x0,
    0x0, 0xcf, 0x90, 0x0, 0x0, 0x0, 0xc, 0xf9,
    0x0, 0x0, 0x0, 0x0, 0xcf, 0x90, 0x0, 0x0,
    0x0, 0x0, 0x0, 0x0, 0x0, 0x0, 0x0, 0x15,
    0x0, 0x0, 0x0, 0x0, 0x9, 0xf6, 0x0, 0x0,
    0x0, 0x0, 0x3f, 0x40, 0x0, 0x0, 0x0, 0x5,
    0xd0, 0x0, 0x0,

    /* U+021B "ț" */
    0x3, 0xff, 0x0, 0x0, 0x3, 0xff, 0x0, 0x0,
    0xcf, 0xff, 0xff, 0x90, 0xae, 0xff, 0xdd, 0x80,
    0x3, 0xff, 0x0, 0x0, 0x3, 0xff, 0x0, 0x0,
    0x3, 0xff, 0x0, 0x0, 0x3, 0xff, 0x0, 0x0,
    0x3, 0xff, 0x0, 0x0, 0x1, 0xff, 0x40, 0x10,
    0x0, 0xcf, 0xff, 0xe0, 0x0, 0x1a, 0xef, 0xb1,
    0x0, 0x0, 0x0, 0x0, 0x0, 0x4, 0xf7, 0x0,
    0x0, 0x3, 0xf9, 0x0, 0x0, 0x0, 0xf3, 0x0,
    0x0, 0x1, 0x50, 0x0,

    /* U+2022 "•" */
    0x0, 0x0, 0x4e, 0xe4, 0xdf, 0xfd, 0xdf, 0xfd,
    0x4e, 0xe4,

    /* U+F001 "" */
    0x0, 0x0, 0x0, 0x0, 0x0, 0x0, 0x0, 0x27,
    0xba, 0x0, 0x0, 0x0, 0x0, 0x0, 0x0, 0x48,
    0xdf, 0xff, 0xf2, 0x0, 0x0, 0x0, 0x1, 0x6a,
    0xff, 0xff, 0xff, 0xff, 0x20, 0x0, 0x0, 0x7c,
    0xff, 0xff, 0xff, 0xff, 0xff, 0xf2, 0x0, 0x0,
    0x4f, 0xff, 0xff, 0xff, 0xff, 0xff, 0xff, 0x20,
    0x0, 0x5, 0xff, 0xff, 0xff, 0xff, 0xb7, 0x3f,
    0xf2, 0x0, 0x0, 0x5f, 0xff, 0xfe, 0x95, 0x0,
    0x1, 0xff, 0x20, 0x0, 0x5, 0xff, 0x73, 0x0,
    0x0, 0x0, 0x1f, 0xf2, 0x0, 0x0, 0x5f, 0xe0,
    0x0, 0x0, 0x0, 0x1, 0xff, 0x20, 0x0, 0x5,
    0xfe, 0x0, 0x0, 0x0, 0x0, 0x1f, 0xf2, 0x0,
    0x0, 0x5f, 0xe0, 0x0, 0x0, 0x0, 0x1, 0xff,
    0x20, 0x0, 0x5, 0xfe, 0x0, 0x0, 0x0, 0x69,
    0x8f, 0xf2, 0x0, 0x0, 0x5f, 0xe0, 0x0, 0x2,
    0xef, 0xff, 0xff, 0x20, 0x3, 0x58, 0xfe, 0x0,
    0x0, 0x8f, 0xff, 0xff, 0xf2, 0x2d, 0xff, 0xff,
    0xe0, 0x0, 0x4, 0xff, 0xff, 0xfd, 0xb, 0xff,
    0xff, 0xfe, 0x0, 0x0, 0x4, 0xbd, 0xc8, 0x10,
    0xaf, 0xff, 0xff, 0xb0, 0x0, 0x0, 0x0, 0x0,
    0x0, 0x0, 0xaf, 0xff, 0xb1, 0x0, 0x0, 0x0,
    0x0, 0x0, 0x0, 0x0, 0x1, 0x0, 0x0, 0x0,
    0x0, 0x0, 0x0, 0x0, 0x0,

    /* U+F008 "" */
    0x51, 0x6, 0x88, 0x88, 0x88, 0x88, 0x88, 0x30,
    0x15, 0xf7, 0x6e, 0xff, 0xff, 0xff, 0xff, 0xff,
    0xb6, 0x8f, 0xfd, 0xcf, 0xf3, 0x33, 0x33, 0x33,
    0x6f, 0xec, 0xdf, 0xf2, 0xc, 0xe0, 0x0, 0x0,
    0x0, 0x3f, 0x70, 0x2f, 0xf2, 0xc, 0xe0, 0x0,
    0x0, 0x0, 0x3f, 0x80, 0x2f, 0xff, 0xff, 0xe0,
    0x0, 0x0, 0x0, 0x3f, 0xff, 0xff, 0xf4, 0x2d,
    0xf9, 0x99, 0x99, 0x99, 0xbf, 0x92, 0x4f, 0xf2,
    0xc, 0xff, 0xff, 0xff, 0xff, 0xff, 0x70, 0x2f,
    0xfb, 0xaf, 0xf1, 0x11, 0x11, 0x11, 0x5f, 0xda,
    0xbf, 0xf9, 0x8e, 0xe0, 0x0, 0x0, 0x0, 0x3f,
    0xc8, 0x9f, 0xf2, 0xc, 0xe0, 0x0, 0x0, 0x0,
    0x3f, 0x70, 0x2f, 0xf6, 0x4d, 0xe0, 0x0, 0x0,
    0x0, 0x3f, 0xa4, 0x6f, 0xfe, 0xef, 0xfb, 0xbb,
    0xbb, 0xbb, 0xcf, 0xfe, 0xef, 0xc2, 0xc, 0xff,
    0xff, 0xff, 0xff, 0xff, 0x80, 0x2c,

    /* U+F00B "" */
    0x58, 0x88, 0x70, 0x28, 0x88, 0x88, 0x88, 0x88,
    0x85, 0xff, 0xff, 0xf3, 0x9f, 0xff, 0xff, 0xff,
    0xff, 0xff, 0xff, 0xff, 0xf3, 0xaf, 0xff, 0xff,
    0xff, 0xff, 0xff, 0xff, 0xff, 0xf3, 0xaf, 0xff,
    0xff, 0xff, 0xff, 0xff, 0xbf, 0xff, 0xd1, 0x6f,
    0xff, 0xff, 0xff, 0xff, 0xfb, 0x0, 0x0, 0x0,
    0x0, 0x0, 0x0, 0x0, 0x0, 0x0, 0xcf, 0xff,
    0xe1, 0x7f, 0xff, 0xff, 0xff, 0xff, 0xfc, 0xff,
    0xff, 0xf3, 0xaf, 0xff, 0xff, 0xff, 0xff, 0xff,
    0xff, 0xff, 0xf3, 0xaf, 0xff, 0xff, 0xff, 0xff,
    0xff, 0xff, 0xff, 0xf3, 0x9f, 0xff, 0xff, 0xff,
    0xff, 0xff, 0x58, 0x88, 0x60, 0x27, 0x88, 0x88,
    0x88, 0x88, 0x85, 0x47, 0x77, 0x50, 0x17, 0x77,
    0x77, 0x77, 0x77, 0x74, 0xff, 0xff, 0xf3, 0x9f,
    0xff, 0xff, 0xff, 0xff, 0xff, 0xff, 0xff, 0xf3,
    0xaf, 0xff, 0xff, 0xff, 0xff, 0xff, 0xff, 0xff,
    0xf3, 0xaf, 0xff, 0xff, 0xff, 0xff, 0xff, 0xdf,
    0xff, 0xf1, 0x7f, 0xff, 0xff, 0xff, 0xff, 0xfd,
    0x0, 0x0, 0x0, 0x0, 0x0, 0x0, 0x0, 0x0,
    0x0,

    /* U+F00C "" */
    0x0, 0x0, 0x0, 0x0, 0x0, 0x0, 0x0, 0x5,
    0x20, 0x0, 0x0, 0x0, 0x0, 0x0, 0x0, 0x0,
    0x7f, 0xf3, 0x0, 0x0, 0x0, 0x0, 0x0, 0x0,
    0x7, 0xff, 0xfe, 0x0, 0x0, 0x0, 0x0, 0x0,
    0x0, 0x7f, 0xff, 0xf8, 0x0, 0x0, 0x0, 0x0,
    0x0, 0x7, 0xff, 0xff, 0x90, 0x9, 0xd1, 0x0,
    0x0, 0x0, 0x7f, 0xff, 0xf9, 0x0, 0x9f, 0xfd,
    0x10, 0x0, 0x7, 0xff, 0xff, 0x90, 0x0, 0xdf,
    0xff, 0xd1, 0x0, 0x7f, 0xff, 0xf9, 0x0, 0x0,
    0x2e, 0xff, 0xfd, 0x17, 0xff, 0xff, 0x90, 0x0,
    0x0, 0x2, 0xef, 0xff, 0xef, 0xff, 0xf9, 0x0,
    0x0, 0x0, 0x0, 0x2e, 0xff, 0xff, 0xff, 0x90,
    0x0, 0x0, 0x0, 0x0, 0x2, 0xef, 0xff, 0xf9,
    0x0, 0x0, 0x0, 0x0, 0x0, 0x0, 0x2e, 0xff,
    0x90, 0x0, 0x0, 0x0, 0x0, 0x0, 0x0, 0x2,
    0xd8, 0x0, 0x0, 0x0, 0x0, 0x0,

    /* U+F00D "" */
    0x2d, 0xb0, 0x0, 0x0, 0x6, 0xe6, 0xd, 0xff,
    0xc0, 0x0, 0x6, 0xff, 0xf3, 0xcf, 0xff, 0xc0,
    0x6, 0xff, 0xff, 0x31, 0xdf, 0xff, 0xc7, 0xff,
    0xff, 0x50, 0x1, 0xdf, 0xff, 0xff, 0xff, 0x50,
    0x0, 0x1, 0xdf, 0xff, 0xff, 0x50, 0x0, 0x0,
    0x7, 0xff, 0xff, 0xd0, 0x0, 0x0, 0x6, 0xff,
    0xff, 0xff, 0xc0, 0x0, 0x6, 0xff, 0xff, 0xdf,
    0xff, 0xc0, 0x6, 0xff, 0xff, 0x51, 0xdf, 0xff,
    0xc0, 0xff, 0xff, 0x50, 0x1, 0xdf, 0xff, 0x58,
    0xff, 0x50, 0x0, 0x1, 0xdf, 0xd0, 0x5, 0x30,
    0x0, 0x0, 0x1, 0x61, 0x0,

    /* U+F011 "" */
    0x0, 0x0, 0x0, 0x0, 0xcd, 0x50, 0x0, 0x0,
    0x0, 0x0, 0x0, 0x0, 0x0, 0x3f, 0xfa, 0x0,
    0x0, 0x0, 0x0, 0x0, 0x7, 0xe3, 0x3, 0xff,
    0xa0, 0xb, 0xc1, 0x0, 0x0, 0x8, 0xff, 0xb0,
    0x3f, 0xfa, 0x4, 0xff, 0xd1, 0x0, 0x4, 0xff,
    0xf6, 0x3, 0xff, 0xa0, 0x1e, 0xff, 0xa0, 0x0,
    0xdf, 0xf7, 0x0, 0x3f, 0xfa, 0x0, 0x2e, 0xff,
    0x40, 0x3f, 0xfc, 0x0, 0x3, 0xff, 0xa0, 0x0,
    0x6f, 0xfa, 0x8, 0xff, 0x60, 0x0, 0x3f, 0xfa,
    0x0, 0x0, 0xef, 0xf0, 0xaf, 0xf2, 0x0, 0x3,
    0xff, 0xa0, 0x0, 0xb, 0xff, 0x1b, 0xff, 0x10,
    0x0, 0x1f, 0xf8, 0x0, 0x0, 0xbf, 0xf1, 0x9f,
    0xf3, 0x0, 0x0, 0x24, 0x0, 0x0, 0xd, 0xff,
    0x6, 0xff, 0x90, 0x0, 0x0, 0x0, 0x0, 0x2,
    0xff, 0xd0, 0x1f, 0xff, 0x20, 0x0, 0x0, 0x0,
    0x0, 0xbf, 0xf8, 0x0, 0x9f, 0xfd, 0x20, 0x0,
    0x0, 0x0, 0x9f, 0xfe, 0x10, 0x0, 0xcf, 0xfe,
    0x71, 0x0, 0x4, 0xcf, 0xff, 0x50, 0x0, 0x1,
    0xdf, 0xff, 0xfe, 0xdf, 0xff, 0xff, 0x60, 0x0,
    0x0, 0x0, 0x9f, 0xff, 0xff, 0xff, 0xfd, 0x40,
    0x0, 0x0, 0x0, 0x0, 0x28, 0xce, 0xfd, 0xa5,
    0x0, 0x0, 0x0,

    /* U+F013 "" */
    0x0, 0x0, 0x0, 0x4, 0x66, 0x40, 0x0, 0x0,
    0x0, 0x0, 0x0, 0x0, 0x3f, 0xff, 0xf3, 0x0,
    0x0, 0x0, 0x0, 0x0, 0x0, 0x4f, 0xff, 0xf4,
    0x0, 0x0, 0x0, 0x0, 0x78, 0x17, 0xff, 0xff,
    0xff, 0x71, 0x87, 0x0, 0x4, 0xff, 0xff, 0xff,
    0xff, 0xff, 0xff, 0xff, 0x40, 0xd, 0xff, 0xff,
    0xff, 0xff, 0xff, 0xff, 0xff, 0xd0, 0x3f, 0xff,
    0xff, 0xfe, 0x88, 0xef, 0xff, 0xff, 0xf3, 0x8,
    0xff, 0xff, 0xd0, 0x0, 0xd, 0xff, 0xff, 0x80,
    0x0, 0xaf, 0xff, 0x50, 0x0, 0x5, 0xff, 0xfa,
    0x0, 0x0, 0xbf, 0xff, 0x30, 0x0, 0x3, 0xff,
    0xfb, 0x0, 0x1, 0xcf, 0xff, 0x80, 0x0, 0x8,
    0xff, 0xfc, 0x10, 0x3e, 0xff, 0xff, 0xf6, 0x0,
    0x6f, 0xff, 0xff, 0xe3, 0x1f, 0xff, 0xff, 0xff,
    0xff, 0xff, 0xff, 0xff, 0xf1, 0x9, 0xff, 0xff,
    0xff, 0xff, 0xff, 0xff, 0xff, 0x90, 0x0, 0xdf,
    0x8e, 0xff, 0xff, 0xff, 0xe8, 0xfd, 0x0, 0x0,
    0x11, 0x1, 0x9f, 0xff, 0xf9, 0x10, 0x11, 0x0,
    0x0, 0x0, 0x0, 0x4f, 0xff, 0xf4, 0x0, 0x0,
    0x0, 0x0, 0x0, 0x0, 0x2c, 0xee, 0xd2, 0x0,
    0x0, 0x0, 0x0, 0x0, 0x0, 0x0, 0x0, 0x0,
    0x0, 0x0, 0x0,

    /* U+F015 "" */
    0x0, 0x0, 0x0, 0x0, 0x8, 0x92, 0x0, 0x6b,
    0xb1, 0x0, 0x0, 0x0, 0x0, 0x0, 0x2d, 0xff,
    0xe4, 0xa, 0xff, 0x20, 0x0, 0x0, 0x0, 0x0,
    0x4e, 0xff, 0xff, 0xf6, 0xaf, 0xf2, 0x0, 0x0,
    0x0, 0x0, 0x6f, 0xfe, 0x31, 0xcf, 0xff, 0xff,
    0x20, 0x0, 0x0, 0x0, 0x9f, 0xfd, 0x25, 0x70,
    0xaf, 0xff, 0xf2, 0x0, 0x0, 0x1, 0xbf, 0xfa,
    0x8, 0xff, 0xb0, 0x7f, 0xff, 0x40, 0x0, 0x2,
    0xdf, 0xf8, 0xa, 0xff, 0xff, 0xd2, 0x5f, 0xff,
    0x50, 0x4, 0xff, 0xf5, 0x1d, 0xff, 0xff, 0xff,
    0xe4, 0x2e, 0xff, 0x70, 0xdf, 0xe3, 0x3e, 0xff,
    0xff, 0xff, 0xff, 0xf6, 0x1c, 0xff, 0x13, 0xb1,
    0x5f, 0xff, 0xff, 0xff, 0xff, 0xff, 0xf8, 0x9,
    0x60, 0x0, 0xa, 0xff, 0xff, 0xff, 0xff, 0xff,
    0xff, 0xe0, 0x0, 0x0, 0x0, 0xaf, 0xff, 0xfd,
    0x88, 0xbf, 0xff, 0xfe, 0x0, 0x0, 0x0, 0xa,
    0xff, 0xff, 0x70, 0x3, 0xff, 0xff, 0xe0, 0x0,
    0x0, 0x0, 0xaf, 0xff, 0xf7, 0x0, 0x3f, 0xff,
    0xfe, 0x0, 0x0, 0x0, 0xa, 0xff, 0xff, 0x70,
    0x3, 0xff, 0xff, 0xe0, 0x0, 0x0, 0x0, 0x8f,
    0xff, 0xf5, 0x0, 0x2f, 0xff, 0xfc, 0x0, 0x0,
    0x0, 0x0, 0x0, 0x0, 0x0, 0x0, 0x0, 0x0,
    0x0, 0x0, 0x0,

    /* U+F019 "" */
    0x0, 0x0, 0x0, 0x9, 0xaa, 0x90, 0x0, 0x0,
    0x0, 0x0, 0x0, 0x0, 0x3f, 0xff, 0xf3, 0x0,
    0x0, 0x0, 0x0, 0x0, 0x0, 0x4f, 0xff, 0xf4,
    0x0, 0x0, 0x0, 0x0, 0x0, 0x0, 0x4f, 0xff,
    0xf4, 0x0, 0x0, 0x0, 0x0, 0x0, 0x0, 0x4f,
    0xff, 0xf4, 0x0, 0x0, 0x0, 0x0, 0x0, 0x0,
    0x4f, 0xff, 0xf4, 0x0, 0x0, 0x0, 0x0, 0x0,
    0x0, 0x4f, 0xff, 0xf4, 0x0, 0x0, 0x0, 0x0,
    0xc, 0xee, 0xef, 0xff, 0xfe, 0xee, 0xc0, 0x0,
    0x0, 0x8, 0xff, 0xff, 0xff, 0xff, 0xff, 0x90,
    0x0, 0x0, 0x0, 0x8f, 0xff, 0xff, 0xff, 0xf8,
    0x0, 0x0, 0x0, 0x0, 0x8, 0xff, 0xff, 0xff,
    0x80, 0x0, 0x0, 0x0, 0x0, 0x0, 0x8f, 0xff,
    0xf8, 0x0, 0x0, 0x0, 0x24, 0x44, 0x44, 0x7,
    0xff, 0x70, 0x44, 0x44, 0x42, 0xff, 0xff, 0xff,
    0xc1, 0x66, 0x1d, 0xff, 0xff, 0xff, 0xff, 0xff,
    0xff, 0xfe, 0x66, 0xef, 0xff, 0xff, 0xff, 0xff,
    0xff, 0xff, 0xff, 0xff, 0xff, 0xff, 0xff, 0xff,
    0xff, 0xff, 0xff, 0xff, 0xff, 0xff, 0x66, 0xc4,
    0xff, 0xdf, 0xff, 0xff, 0xff, 0xff, 0xff, 0xff,
    0xff, 0xfd, 0x0, 0x0, 0x0, 0x0, 0x0, 0x0,
    0x0, 0x0, 0x0,

    /* U+F01C "" */
    0x0, 0x0, 0x4, 0x44, 0x44, 0x44, 0x44, 0x41,
    0x0, 0x0, 0x0, 0x0, 0x1e, 0xff, 0xff, 0xff,
    0xff, 0xff, 0xf4, 0x0, 0x0, 0x0, 0xb, 0xff,
    0xff, 0xff, 0xff, 0xff, 0xff, 0xe1, 0x0, 0x0,
    0x6, 0xff, 0x50, 0x0, 0x0, 0x0, 0x1, 0xff,
    0xa0, 0x0, 0x1, 0xff, 0x90, 0x0, 0x0, 0x0,
    0x0, 0x5, 0xff, 0x50, 0x0, 0xbf, 0xd0, 0x0,
    0x0, 0x0, 0x0, 0x0, 0xa, 0xfe, 0x10, 0x6f,
    0xf3, 0x0, 0x0, 0x0, 0x0, 0x0, 0x0, 0x1e,
    0xfa, 0xe, 0xff, 0xcc, 0xcc, 0x20, 0x0, 0x0,
    0xbc, 0xcc, 0xef, 0xf2, 0xff, 0xff, 0xff, 0xfa,
    0x0, 0x0, 0x6f, 0xff, 0xff, 0xff, 0x4f, 0xff,
    0xff, 0xff, 0xf8, 0x88, 0x8e, 0xff, 0xff, 0xff,
    0xf4, 0xff, 0xff, 0xff, 0xff, 0xff, 0xff, 0xff,
    0xff, 0xff, 0xff, 0x4f, 0xff, 0xff, 0xff, 0xff,
    0xff, 0xff, 0xff, 0xff, 0xff, 0xf4, 0xff, 0xff,
    0xff, 0xff, 0xff, 0xff, 0xff, 0xff, 0xff, 0xff,
    0x37, 0xff, 0xff, 0xff, 0xff, 0xff, 0xff, 0xff,
    0xff, 0xff, 0xa0,

    /* U+F021 "" */
    0x0, 0x0, 0x0, 0x15, 0x66, 0x40, 0x0, 0x5,
    0xcb, 0x0, 0x0, 0x3b, 0xff, 0xff, 0xff, 0x92,
    0x7, 0xff, 0x0, 0x7, 0xff, 0xff, 0xff, 0xff,
    0xff, 0x66, 0xff, 0x0, 0x8f, 0xff, 0xa4, 0x12,
    0x5b, 0xff, 0xfd, 0xff, 0x4, 0xff, 0xe4, 0x0,
    0x0, 0x0, 0x4e, 0xff, 0xff, 0xd, 0xff, 0x30,
    0x0, 0x0, 0x45, 0x46, 0xff, 0xff, 0x4f, 0xf7,
    0x0, 0x0, 0x0, 0xdf, 0xff, 0xff, 0xff, 0x8f,
    0xf1, 0x0, 0x0, 0x0, 0xdf, 0xff, 0xff, 0xff,
    0x2, 0x10, 0x0, 0x0, 0x0, 0x12, 0x22, 0x22,
    0x21, 0x0, 0x0, 0x0, 0x0, 0x0, 0x0, 0x0,
    0x0, 0x0, 0x67, 0x77, 0x77, 0x75, 0x0, 0x0,
    0x0, 0x6, 0x73, 0xff, 0xff, 0xff, 0xfe, 0x0,
    0x0, 0x0, 0x3f, 0xf6, 0xff, 0xff, 0xee, 0xfd,
    0x0, 0x0, 0x0, 0xcf, 0xf1, 0xff, 0xff, 0x70,
    0x0, 0x0, 0x0, 0x9, 0xff, 0xa0, 0xff, 0xff,
    0xfb, 0x20, 0x0, 0x2, 0xbf, 0xfe, 0x10, 0xff,
    0x8d, 0xff, 0xfc, 0xa9, 0xcf, 0xff, 0xe2, 0x0,
    0xff, 0x61, 0x9f, 0xff, 0xff, 0xff, 0xfb, 0x10,
    0x0, 0xff, 0x70, 0x1, 0x7c, 0xee, 0xd9, 0x30,
    0x0, 0x0, 0x56, 0x20, 0x0, 0x0, 0x0, 0x0,
    0x0, 0x0, 0x0,

    /* U+F026 "" */
    0x0, 0x0, 0x0, 0x2, 0x40, 0x0, 0x0, 0x2,
    0xef, 0x0, 0x0, 0x2, 0xef, 0xf0, 0x0, 0x3,
    0xef, 0xff, 0xdf, 0xff, 0xff, 0xff, 0xff, 0xff,
    0xff, 0xff, 0xff, 0xff, 0xff, 0xff, 0xff, 0xff,
    0xff, 0xff, 0xff, 0xff, 0xff, 0xff, 0xff, 0xff,
    0xff, 0xff, 0xff, 0xff, 0xff, 0x7b, 0xbb, 0xdf,
    0xff, 0xf0, 0x0, 0x0, 0xbf, 0xff, 0x0, 0x0,
    0x0, 0xbf, 0xf0, 0x0, 0x0, 0x0, 0xbe, 0x0,
    0x0, 0x0, 0x0, 0x0,

    /* U+F027 "" */
    0x0, 0x0, 0x0, 0x2, 0x40, 0x0, 0x0, 0x0,
    0x0, 0x0, 0x2e, 0xf0, 0x0, 0x0, 0x0, 0x0,
    0x2, 0xef, 0xf0, 0x0, 0x0, 0x0, 0x0, 0x3e,
    0xff, 0xf0, 0x0, 0x0, 0xdf, 0xff, 0xff, 0xff,
    0xf0, 0x7, 0x10, 0xff, 0xff, 0xff, 0xff, 0xf0,
    0x3f, 0xd0, 0xff, 0xff, 0xff, 0xff, 0xf0, 0x8,
    0xf5, 0xff, 0xff, 0xff, 0xff, 0xf0, 0x4, 0xf7,
    0xff, 0xff, 0xff, 0xff, 0xf0, 0xd, 0xf3, 0xff,
    0xff, 0xff, 0xff, 0xf0, 0x3f, 0x70, 0x8b, 0xbb,
    0xdf, 0xff, 0xf0, 0x0, 0x0, 0x0, 0x0, 0xb,
    0xff, 0xf0, 0x0, 0x0, 0x0, 0x0, 0x0, 0xbf,
    0xf0, 0x0, 0x0, 0x0, 0x0, 0x0, 0xb, 0xe0,
    0x0, 0x0, 0x0, 0x0, 0x0, 0x0, 0x0, 0x0,
    0x0,

    /* U+F028 "" */
    0x0, 0x0, 0x0, 0x0, 0x0, 0x0, 0x0, 0x1,
    0x0, 0x0, 0x0, 0x0, 0x0, 0x0, 0x0, 0x0,
    0x0, 0x7, 0xf6, 0x0, 0x0, 0x0, 0x0, 0x0,
    0x2, 0x40, 0x0, 0x0, 0x2d, 0xf8, 0x0, 0x0,
    0x0, 0x0, 0x2, 0xef, 0x0, 0x0, 0x40, 0x1c,
    0xf4, 0x0, 0x0, 0x0, 0x2, 0xef, 0xf0, 0x0,
    0x5f, 0xb0, 0x1e, 0xe1, 0x0, 0x0, 0x3, 0xef,
    0xff, 0x0, 0x0, 0xaf, 0xa0, 0x6f, 0x70, 0xdf,
    0xff, 0xff, 0xff, 0xf0, 0x7, 0x10, 0xbf, 0x30,
    0xfd, 0xf, 0xff, 0xff, 0xff, 0xff, 0x3, 0xfd,
    0x3, 0xf9, 0xa, 0xf0, 0xff, 0xff, 0xff, 0xff,
    0xf0, 0x7, 0xf5, 0xe, 0xc0, 0x8f, 0x2f, 0xff,
    0xff, 0xff, 0xff, 0x0, 0x4f, 0x70, 0xdd, 0x7,
    0xf3, 0xff, 0xff, 0xff, 0xff, 0xf0, 0x1d, 0xf3,
    0xf, 0xb0, 0x9f, 0x2f, 0xff, 0xff, 0xff, 0xff,
    0x3, 0xf7, 0x7, 0xf6, 0xc, 0xf0, 0x7b, 0xbb,
    0xdf, 0xff, 0xf0, 0x0, 0x3, 0xfe, 0x12, 0xfa,
    0x0, 0x0, 0x0, 0xbf, 0xff, 0x0, 0x3, 0xff,
    0x40, 0xaf, 0x30, 0x0, 0x0, 0x0, 0xbf, 0xf0,
    0x0, 0x3c, 0x30, 0x6f, 0xa0, 0x0, 0x0, 0x0,
    0x0, 0xbe, 0x0, 0x0, 0x0, 0x6f, 0xe1, 0x0,
    0x0, 0x0, 0x0, 0x0, 0x0, 0x0, 0x0, 0x6f,
    0xd2, 0x0, 0x0, 0x0, 0x0, 0x0, 0x0, 0x0,
    0x0, 0x3, 0x90, 0x0, 0x0,

    /* U+F03E "" */
    0x3a, 0xbb, 0xbb, 0xbb, 0xbb, 0xbb, 0xbb, 0xbb,
    0xa3, 0xef, 0xff, 0xff, 0xff, 0xff, 0xff, 0xff,
    0xff, 0xfe, 0xff, 0xd5, 0x6e, 0xff, 0xff, 0xff,
    0xff, 0xff, 0xff, 0xff, 0x20, 0x4, 0xff, 0xff,
    0xff, 0xff, 0xff, 0xff, 0xff, 0x0, 0x2, 0xff,
    0xff, 0xff, 0xbf, 0xff, 0xff, 0xff, 0x50, 0x7,
    0xff, 0xff, 0xf5, 0x9, 0xff, 0xff, 0xff, 0xfb,
    0xbf, 0xff, 0xff, 0x50, 0x0, 0x9f, 0xff, 0xff,
    0xff, 0xcb, 0xff, 0xf5, 0x0, 0x0, 0x9, 0xff,
    0xff, 0xfc, 0x0, 0xaf, 0x50, 0x0, 0x0, 0x4,
    0xff, 0xff, 0xc0, 0x0, 0x3, 0x0, 0x0, 0x0,
    0x4, 0xff, 0xff, 0x40, 0x0, 0x0, 0x0, 0x0,
    0x0, 0x4, 0xff, 0xff, 0x74, 0x44, 0x44, 0x44,
    0x44, 0x44, 0x47, 0xff, 0xff, 0xff, 0xff, 0xff,
    0xff, 0xff, 0xff, 0xff, 0xff, 0x6f, 0xff, 0xff,
    0xff, 0xff, 0xff, 0xff, 0xff, 0xf6,

    /* U+F043 "" */
    0x0, 0x0, 0x6, 0x90, 0x0, 0x0, 0x0, 0x0,
    0x1, 0xff, 0x40, 0x0, 0x0, 0x0, 0x0, 0x6f,
    0xfa, 0x0, 0x0, 0x0, 0x0, 0xd, 0xff, 0xf2,
    0x0, 0x0, 0x0, 0x5, 0xff, 0xff, 0x90, 0x0,
    0x0, 0x0, 0xef, 0xff, 0xff, 0x30, 0x0, 0x0,
    0x9f, 0xff, 0xff, 0xfd, 0x0, 0x0, 0x5f, 0xff,
    0xff, 0xff, 0xf9, 0x0, 0xe, 0xff, 0xff, 0xff,
    0xff, 0xf3, 0x7, 0xff, 0xff, 0xff, 0xff, 0xff,
    0xa0, 0xcf, 0xff, 0xff, 0xff, 0xff, 0xff, 0xf,
    0xfb, 0xff, 0xff, 0xff, 0xff, 0xf2, 0xff, 0x4a,
    0xff, 0xff, 0xff, 0xff, 0x2c, 0xf8, 0x4f, 0xff,
    0xff, 0xff, 0xf0, 0x7f, 0xf2, 0x5c, 0xff, 0xff,
    0xfb, 0x0, 0xef, 0xe5, 0x8, 0xff, 0xff, 0x30,
    0x2, 0xef, 0xff, 0xff, 0xff, 0x50, 0x0, 0x1,
    0xaf, 0xff, 0xfb, 0x30, 0x0, 0x0, 0x0, 0x3,
    0x31, 0x0, 0x0, 0x0,

    /* U+F048 "" */
    0x6b, 0x90, 0x0, 0x0, 0x3, 0xa2, 0x9f, 0xe0,
    0x0, 0x0, 0x4f, 0xf9, 0x9f, 0xe0, 0x0, 0x5,
    0xff, 0xfa, 0x9f, 0xe0, 0x0, 0x6f, 0xff, 0xfa,
    0x9f, 0xe0, 0x7, 0xff, 0xff, 0xfa, 0x9f, 0xe0,
    0x8f, 0xff, 0xff, 0xfa, 0x9f, 0xe9, 0xff, 0xff,
    0xff, 0xfa, 0x9f, 0xff, 0xff, 0xff, 0xff, 0xfa,
    0x9f, 0xff, 0xff, 0xff, 0xff, 0xfa, 0x9f, 0xfe,
    0xff, 0xff, 0xff, 0xfa, 0x9f, 0xe1, 0xdf, 0xff,
    0xff, 0xfa, 0x9f, 0xe0, 0x1c, 0xff, 0xff, 0xfa,
    0x9f, 0xe0, 0x0, 0xbf, 0xff, 0xfa, 0x9f, 0xe0,
    0x0, 0xa, 0xff, 0xfa, 0x9f, 0xe0, 0x0, 0x0,
    0x9f, 0xfa, 0x9f, 0xe0, 0x0, 0x0, 0x8, 0xf6,
    0x0, 0x0, 0x0, 0x0, 0x0, 0x0,

    /* U+F04B "" */
    0x3a, 0x70, 0x0, 0x0, 0x0, 0x0, 0x0, 0x0,
    0xef, 0xfe, 0x50, 0x0, 0x0, 0x0, 0x0, 0x0,
    0xff, 0xff, 0xfb, 0x20, 0x0, 0x0, 0x0, 0x0,
    0xff, 0xff, 0xff, 0xf8, 0x0, 0x0, 0x0, 0x0,
    0xff, 0xff, 0xff, 0xff, 0xe6, 0x0, 0x0, 0x0,
    0xff, 0xff, 0xff, 0xff, 0xff, 0xc3, 0x0, 0x0,
    0xff, 0xff, 0xff, 0xff, 0xff, 0xff, 0x91, 0x0,
    0xff, 0xff, 0xff, 0xff, 0xff, 0xff, 0xfe, 0x60,
    0xff, 0xff, 0xff, 0xff, 0xff, 0xff, 0xff, 0xf7,
    0xff, 0xff, 0xff, 0xff, 0xff, 0xff, 0xff, 0xfa,
    0xff, 0xff, 0xff, 0xff, 0xff, 0xff, 0xff, 0xe2,
    0xff, 0xff, 0xff, 0xff, 0xff, 0xff, 0xf8, 0x0,
    0xff, 0xff, 0xff, 0xff, 0xff, 0xfb, 0x20, 0x0,
    0xff, 0xff, 0xff, 0xff, 0xfd, 0x40, 0x0, 0x0,
    0xff, 0xff, 0xff, 0xff, 0x70, 0x0, 0x0, 0x0,
    0xff, 0xff, 0xff, 0xa1, 0x0, 0x0, 0x0, 0x0,
    0xff, 0xff, 0xd3, 0x0, 0x0, 0x0, 0x0, 0x0,
    0xaf, 0xe6, 0x0, 0x0, 0x0, 0x0, 0x0, 0x0,
    0x2, 0x0, 0x0, 0x0, 0x0, 0x0, 0x0, 0x0,

    /* U+F04C "" */
    0x3a, 0xbb, 0xb9, 0x10, 0x3, 0xab, 0xbb, 0x91,
    0xef, 0xff, 0xff, 0xa0, 0xe, 0xff, 0xff, 0xfa,
    0xff, 0xff, 0xff, 0xc0, 0xf, 0xff, 0xff, 0xfc,
    0xff, 0xff, 0xff, 0xc0, 0xf, 0xff, 0xff, 0xfc,
    0xff, 0xff, 0xff, 0xc0, 0xf, 0xff, 0xff, 0xfc,
    0xff, 0xff, 0xff, 0xc0, 0xf, 0xff, 0xff, 0xfc,
    0xff, 0xff, 0xff, 0xc0, 0xf, 0xff, 0xff, 0xfc,
    0xff, 0xff, 0xff, 0xc0, 0xf, 0xff, 0xff, 0xfc,
    0xff, 0xff, 0xff, 0xc0, 0xf, 0xff, 0xff, 0xfc,
    0xff, 0xff, 0xff, 0xc0, 0xf, 0xff, 0xff, 0xfc,
    0xff, 0xff, 0xff, 0xc0, 0xf, 0xff, 0xff, 0xfc,
    0xff, 0xff, 0xff, 0xc0, 0xf, 0xff, 0xff, 0xfc,
    0xff, 0xff, 0xff, 0xc0, 0xf, 0xff, 0xff, 0xfc,
    0xff, 0xff, 0xff, 0xc0, 0xf, 0xff, 0xff, 0xfc,
    0xff, 0xff, 0xff, 0xb0, 0xf, 0xff, 0xff, 0xfb,
    0x7f, 0xff, 0xfe, 0x40, 0x7, 0xff, 0xff, 0xe4,
    0x0, 0x0, 0x0, 0x0, 0x0, 0x0, 0x0, 0x0,

    /* U+F04D "" */
    0x3a, 0xbb, 0xbb, 0xbb, 0xbb, 0xbb, 0xbb, 0x91,
    0xef, 0xff, 0xff, 0xff, 0xff, 0xff, 0xff, 0xfa,
    0xff, 0xff, 0xff, 0xff, 0xff, 0xff, 0xff, 0xfc,
    0xff, 0xff, 0xff, 0xff, 0xff, 0xff, 0xff, 0xfc,
    0xff, 0xff, 0xff, 0xff, 0xff, 0xff, 0xff, 0xfc,
    0xff, 0xff, 0xff, 0xff, 0xff, 0xff, 0xff, 0xfc,
    0xff, 0xff, 0xff, 0xff, 0xff, 0xff, 0xff, 0xfc,
    0xff, 0xff, 0xff, 0xff, 0xff, 0xff, 0xff, 0xfc,
    0xff, 0xff, 0xff, 0xff, 0xff, 0xff, 0xff, 0xfc,
    0xff, 0xff, 0xff, 0xff, 0xff, 0xff, 0xff, 0xfc,
    0xff, 0xff, 0xff, 0xff, 0xff, 0xff, 0xff, 0xfc,
    0xff, 0xff, 0xff, 0xff, 0xff, 0xff, 0xff, 0xfc,
    0xff, 0xff, 0xff, 0xff, 0xff, 0xff, 0xff, 0xfc,
    0xff, 0xff, 0xff, 0xff, 0xff, 0xff, 0xff, 0xfc,
    0xff, 0xff, 0xff, 0xff, 0xff, 0xff, 0xff, 0xfb,
    0x7f, 0xff, 0xff, 0xff, 0xff, 0xff, 0xff, 0xe4,
    0x0, 0x0, 0x0, 0x0, 0x0, 0x0, 0x0, 0x0,

    /* U+F051 "" */
    0x4a, 0x20, 0x0, 0x0, 0xa, 0xb4, 0xbf, 0xe3,
    0x0, 0x0, 0xf, 0xf8, 0xcf, 0xff, 0x40, 0x0,
    0xf, 0xf8, 0xcf, 0xff, 0xf5, 0x0, 0xf, 0xf8,
    0xcf, 0xff, 0xff, 0x60, 0xf, 0xf8, 0xcf, 0xff,
    0xff, 0xf7, 0xf, 0xf8, 0xcf, 0xff, 0xff, 0xff,
    0x9f, 0xf8, 0xcf, 0xff, 0xff, 0xff, 0xff, 0xf8,
    0xcf, 0xff, 0xff, 0xff, 0xff, 0xf8, 0xcf, 0xff,
    0xff, 0xff, 0xdf, 0xf8, 0xcf, 0xff, 0xff, 0xfc,
    0x1f, 0xf8, 0xcf, 0xff, 0xff, 0xb0, 0xf, 0xf8,
    0xcf, 0xff, 0xfa, 0x0, 0xf, 0xf8, 0xcf, 0xff,
    0x80, 0x0, 0xf, 0xf8, 0xbf, 0xf7, 0x0, 0x0,
    0xf, 0xf8, 0x7f, 0x60, 0x0, 0x0, 0xf, 0xf7,
    0x0, 0x0, 0x0, 0x0, 0x0, 0x0,

    /* U+F052 "" */
    0x0, 0x0, 0x0, 0x2, 0xca, 0x10, 0x0, 0x0,
    0x0, 0x0, 0x0, 0x0, 0x2e, 0xff, 0xc0, 0x0,
    0x0, 0x0, 0x0, 0x0, 0x1, 0xef, 0xff, 0xfb,
    0x0, 0x0, 0x0, 0x0, 0x0, 0x1d, 0xff, 0xff,
    0xff, 0xa0, 0x0, 0x0, 0x0, 0x0, 0xcf, 0xff,
    0xff, 0xff, 0xf9, 0x0, 0x0, 0x0, 0xb, 0xff,
    0xff, 0xff, 0xff, 0xff, 0x70, 0x0, 0x0, 0xaf,
    0xff, 0xff, 0xff, 0xff, 0xff, 0xf6, 0x0, 0x8,
    0xff, 0xff, 0xff, 0xff, 0xff, 0xff, 0xff, 0x40,
    0xf, 0xff, 0xff, 0xff, 0xff, 0xff, 0xff, 0xff,
    0xb0, 0xa, 0xff, 0xff, 0xff, 0xff, 0xff, 0xff,
    0xff, 0x60, 0x0, 0x34, 0x44, 0x44, 0x44, 0x44,
    0x44, 0x42, 0x0, 0x3, 0x77, 0x77, 0x77, 0x77,
    0x77, 0x77, 0x77, 0x10, 0xf, 0xff, 0xff, 0xff,
    0xff, 0xff, 0xff, 0xff, 0xb0, 0xf, 0xff, 0xff,
    0xff, 0xff, 0xff, 0xff, 0xff, 0xc0, 0xf, 0xff,
    0xff, 0xff, 0xff, 0xff, 0xff, 0xff, 0xb0, 0xc,
    0xff, 0xff, 0xff, 0xff, 0xff, 0xff, 0xff, 0x70,
    0x0, 0x0, 0x0, 0x0, 0x0, 0x0, 0x0, 0x0,
    0x0,

    /* U+F053 "" */
    0x0, 0x0, 0x0, 0x0, 0x41, 0x0, 0x0, 0x0,
    0x0, 0x9f, 0xd0, 0x0, 0x0, 0x0, 0x9f, 0xff,
    0x20, 0x0, 0x0, 0x9f, 0xff, 0x50, 0x0, 0x0,
    0x9f, 0xff, 0x50, 0x0, 0x0, 0x9f, 0xff, 0x50,
    0x0, 0x0, 0x9f, 0xff, 0x50, 0x0, 0x0, 0x9f,
    0xff, 0x50, 0x0, 0x0, 0xe, 0xff, 0xd1, 0x0,
    0x0, 0x0, 0x3e, 0xff, 0xc1, 0x0, 0x0, 0x0,
    0x3e, 0xff, 0xc1, 0x0, 0x0, 0x0, 0x3e, 0xff,
    0xc1, 0x0, 0x0, 0x0, 0x3e, 0xff, 0xc1, 0x0,
    0x0, 0x0, 0x3e, 0xff, 0xc0, 0x0, 0x0, 0x0,
    0x3e, 0xff, 0x20, 0x0, 0x0, 0x0, 0x3c, 0x60,

    /* U+F054 "" */
    0x0, 0x50, 0x0, 0x0, 0x0, 0x0, 0x9f, 0xc1,
    0x0, 0x0, 0x0, 0xe, 0xff, 0xc1, 0x0, 0x0,
    0x0, 0x2e, 0xff, 0xc1, 0x0, 0x0, 0x0, 0x2e,
    0xff, 0xc1, 0x0, 0x0, 0x0, 0x2e, 0xff, 0xc1,
    0x0, 0x0, 0x0, 0x2e, 0xff, 0xc1, 0x0, 0x0,
    0x0, 0x2e, 0xff, 0xc0, 0x0, 0x0, 0x0, 0xaf,
    0xff, 0x20, 0x0, 0x0, 0x9f, 0xff, 0x50, 0x0,
    0x0, 0x9f, 0xff, 0x50, 0x0, 0x0, 0x9f, 0xff,
    0x50, 0x0, 0x0, 0x9f, 0xff, 0x60, 0x0, 0x0,
    0x9f, 0xff, 0x60, 0x0, 0x0, 0xe, 0xff, 0x60,
    0x0, 0x0, 0x0, 0x3d, 0x50, 0x0, 0x0, 0x0,

    /* U+F067 "" */
    0x0, 0x0, 0x0, 0x39, 0x91, 0x0, 0x0, 0x0,
    0x0, 0x0, 0x0, 0xcf, 0xf8, 0x0, 0x0, 0x0,
    0x0, 0x0, 0x0, 0xdf, 0xf9, 0x0, 0x0, 0x0,
    0x0, 0x0, 0x0, 0xdf, 0xf9, 0x0, 0x0, 0x0,
    0x0, 0x0, 0x0, 0xdf, 0xf9, 0x0, 0x0, 0x0,
    0x0, 0x0, 0x0, 0xdf, 0xf9, 0x0, 0x0, 0x0,
    0x36, 0x77, 0x77, 0xef, 0xfc, 0x77, 0x77, 0x61,
    0xef, 0xff, 0xff, 0xff, 0xff, 0xff, 0xff, 0xfa,
    0xff, 0xff, 0xff, 0xff, 0xff, 0xff, 0xff, 0xfb,
    0xae, 0xff, 0xff, 0xff, 0xff, 0xff, 0xff, 0xe6,
    0x0, 0x0, 0x0, 0xdf, 0xf9, 0x0, 0x0, 0x0,
    0x0, 0x0, 0x0, 0xdf, 0xf9, 0x0, 0x0, 0x0,
    0x0, 0x0, 0x0, 0xdf, 0xf9, 0x0, 0x0, 0x0,
    0x0, 0x0, 0x0, 0xdf, 0xf9, 0x0, 0x0, 0x0,
    0x0, 0x0, 0x0, 0xdf, 0xf9, 0x0, 0x0, 0x0,
    0x0, 0x0, 0x0, 0x9f, 0xf5, 0x0, 0x0, 0x0,
    0x0, 0x0, 0x0, 0x1, 0x10, 0x0, 0x0, 0x0,

    /* U+F068 "" */
    0x36, 0x66, 0x66, 0x66, 0x66, 0x66, 0x66, 0x61,
    0xef, 0xff, 0xff, 0xff, 0xff, 0xff, 0xff, 0xfa,
    0xff, 0xff, 0xff, 0xff, 0xff, 0xff, 0xff, 0xfb,
    0xaf, 0xff, 0xff, 0xff, 0xff, 0xff, 0xff, 0xf6,

    /* U+F06E "" */
    0x0, 0x0, 0x0, 0x3, 0x68, 0x87, 0x40, 0x0,
    0x0, 0x0, 0x0, 0x0, 0x0, 0x8e, 0xff, 0xff,
    0xff, 0xf9, 0x20, 0x0, 0x0, 0x0, 0x4, 0xef,
    0xfd, 0x63, 0x25, 0xbf, 0xff, 0x70, 0x0, 0x0,
    0x7, 0xff, 0xfa, 0x0, 0x0, 0x0, 0x7f, 0xff,
    0xa0, 0x0, 0x6, 0xff, 0xfd, 0x0, 0x8, 0xfc,
    0x20, 0x9f, 0xff, 0xa0, 0x2, 0xff, 0xff, 0x50,
    0x0, 0x8f, 0xfe, 0x12, 0xff, 0xff, 0x60, 0xcf,
    0xff, 0xf2, 0x16, 0x7f, 0xff, 0xf5, 0xe, 0xff,
    0xfe, 0x1e, 0xff, 0xff, 0x12, 0xff, 0xff, 0xff,
    0x70, 0xdf, 0xff, 0xf2, 0x6f, 0xff, 0xf3, 0xe,
    0xff, 0xff, 0xf3, 0xf, 0xff, 0xfb, 0x0, 0xbf,
    0xff, 0x90, 0x4f, 0xff, 0xf8, 0x5, 0xff, 0xfe,
    0x10, 0x1, 0xdf, 0xff, 0x40, 0x28, 0x84, 0x1,
    0xef, 0xff, 0x30, 0x0, 0x1, 0xbf, 0xff, 0x60,
    0x0, 0x4, 0xef, 0xfd, 0x30, 0x0, 0x0, 0x0,
    0x6e, 0xff, 0xfb, 0xbe, 0xff, 0xf9, 0x0, 0x0,
    0x0, 0x0, 0x0, 0x5, 0xad, 0xff, 0xeb, 0x71,
    0x0, 0x0, 0x0,

    /* U+F070 "" */
    0x4a, 0x10, 0x0, 0x0, 0x0, 0x0, 0x0, 0x0,
    0x0, 0x0, 0x0, 0xe, 0xfe, 0x30, 0x0, 0x0,
    0x0, 0x0, 0x0, 0x0, 0x0, 0x0, 0x0, 0x5f,
    0xff, 0x60, 0x0, 0x15, 0x78, 0x74, 0x0, 0x0,
    0x0, 0x0, 0x0, 0x2d, 0xff, 0xa6, 0xdf, 0xff,
    0xff, 0xff, 0xa2, 0x0, 0x0, 0x0, 0x0, 0xa,
    0xff, 0xff, 0xe8, 0x32, 0x5b, 0xff, 0xf8, 0x0,
    0x0, 0x0, 0x0, 0x6, 0xff, 0xf6, 0x0, 0x10,
    0x6, 0xff, 0xfb, 0x0, 0x0, 0x0, 0x0, 0x3,
    0xef, 0xf8, 0x7f, 0xd3, 0x9, 0xff, 0xfb, 0x0,
    0x0, 0x1e, 0x70, 0x1, 0xbf, 0xfe, 0xff, 0xf2,
    0x1f, 0xff, 0xf7, 0x0, 0x9, 0xff, 0xa0, 0x0,
    0x8f, 0xff, 0xff, 0x70, 0xdf, 0xff, 0xf1, 0x0,
    0xcf, 0xff, 0xd1, 0x0, 0x5f, 0xff, 0xf9, 0xc,
    0xff, 0xff, 0x30, 0x5, 0xff, 0xff, 0x60, 0x0,
    0x2d, 0xff, 0xb0, 0xef, 0xff, 0xb0, 0x0, 0xa,
    0xff, 0xfc, 0x0, 0x0, 0xa, 0xff, 0xef, 0xff,
    0xe1, 0x0, 0x0, 0xc, 0xff, 0xf6, 0x0, 0x0,
    0x6, 0xff, 0xff, 0xf3, 0x0, 0x0, 0x0, 0xa,
    0xff, 0xf8, 0x10, 0x0, 0x3, 0xef, 0xfa, 0x0,
    0x0, 0x0, 0x0, 0x5, 0xef, 0xff, 0xcb, 0x80,
    0x1, 0xbf, 0xfb, 0x10, 0x0, 0x0, 0x0, 0x0,
    0x5a, 0xdf, 0xfe, 0x70, 0x0, 0x8f, 0xfe, 0x30,
    0x0, 0x0, 0x0, 0x0, 0x0, 0x0, 0x0, 0x0,
    0x0, 0x5f, 0xff, 0x30, 0x0, 0x0, 0x0, 0x0,
    0x0, 0x0, 0x0, 0x0, 0x0, 0x2d, 0xe1, 0x0,
    0x0, 0x0, 0x0, 0x0, 0x0, 0x0, 0x0, 0x0,
    0x0, 0x1, 0x0,

    /* U+F071 "" */
    0x0, 0x0, 0x0, 0x0, 0x1, 0xcd, 0x40, 0x0,
    0x0, 0x0, 0x0, 0x0, 0x0, 0x0, 0x0, 0xa,
    0xff, 0xe0, 0x0, 0x0, 0x0, 0x0, 0x0, 0x0,
    0x0, 0x0, 0x4f, 0xff, 0xf8, 0x0, 0x0, 0x0,
    0x0, 0x0, 0x0, 0x0, 0x0, 0xdf, 0xff, 0xff,
    0x10, 0x0, 0x0, 0x0, 0x0, 0x0, 0x0, 0x6,
    0xff, 0xff, 0xff, 0xa0, 0x0, 0x0, 0x0, 0x0,
    0x0, 0x0, 0xe, 0xff, 0xff, 0xff, 0xf3, 0x0,
    0x0, 0x0, 0x0, 0x0, 0x0, 0x8f, 0xfb, 0x33,
    0x8f, 0xfc, 0x0, 0x0, 0x0, 0x0, 0x0, 0x2,
    0xff, 0xf9, 0x0, 0x6f, 0xff, 0x60, 0x0, 0x0,
    0x0, 0x0, 0xa, 0xff, 0xfa, 0x0, 0x6f, 0xff,
    0xe0, 0x0, 0x0, 0x0, 0x0, 0x4f, 0xff, 0xfb,
    0x0, 0x7f, 0xff, 0xf8, 0x0, 0x0, 0x0, 0x0,
    0xdf, 0xff, 0xfc, 0x0, 0x8f, 0xff, 0xff, 0x10,
    0x0, 0x0, 0x6, 0xff, 0xff, 0xfd, 0x0, 0x9f,
    0xff, 0xff, 0xa0, 0x0, 0x0, 0xe, 0xff, 0xff,
    0xff, 0xcb, 0xff, 0xff, 0xff, 0xf3, 0x0, 0x0,
    0x8f, 0xff, 0xff, 0xfc, 0x0, 0x8f, 0xff, 0xff,
    0xfc, 0x0, 0x2, 0xff, 0xff, 0xff, 0xf9, 0x0,
    0x4f, 0xff, 0xff, 0xff, 0x60, 0xa, 0xff, 0xff,
    0xff, 0xfe, 0x42, 0xcf, 0xff, 0xff, 0xff, 0xe0,
    0xf, 0xff, 0xff, 0xff, 0xff, 0xff, 0xff, 0xff,
    0xff, 0xff, 0xf3, 0x9, 0xff, 0xff, 0xff, 0xff,
    0xff, 0xff, 0xff, 0xff, 0xff, 0xd0, 0x0, 0x23,
    0x33, 0x33, 0x33, 0x33, 0x33, 0x33, 0x33, 0x33,
    0x0,

    /* U+F074 "" */
    0x0, 0x0, 0x0, 0x0, 0x0, 0x0, 0x1, 0x40,
    0x0, 0x0, 0x0, 0x0, 0x0, 0x0, 0x0, 0x7,
    0xf9, 0x0, 0x12, 0x22, 0x10, 0x0, 0x0, 0x1,
    0x29, 0xff, 0x90, 0xff, 0xff, 0xe2, 0x0, 0x0,
    0x6f, 0xff, 0xff, 0xf8, 0xff, 0xff, 0xfe, 0x20,
    0x5, 0xff, 0xff, 0xff, 0xfd, 0x9a, 0xad, 0xff,
    0xd0, 0x5f, 0xff, 0xbd, 0xff, 0xe2, 0x0, 0x0,
    0xcf, 0x44, 0xff, 0xf9, 0x8, 0xfe, 0x20, 0x0,
    0x0, 0x4, 0x4f, 0xff, 0x90, 0x4, 0xd2, 0x0,
    0x0, 0x0, 0x3, 0xff, 0xfa, 0x0, 0x0, 0x10,
    0x0, 0x0, 0x0, 0x3f, 0xff, 0xa1, 0x91, 0x6,
    0xf6, 0x0, 0x0, 0x2, 0xef, 0xfb, 0xc, 0xfc,
    0x8, 0xff, 0x60, 0xef, 0xff, 0xff, 0xb0, 0x1d,
    0xff, 0xff, 0xff, 0xf6, 0xff, 0xff, 0xfc, 0x0,
    0x2, 0xef, 0xff, 0xff, 0xfe, 0xdd, 0xdd, 0xb0,
    0x0, 0x0, 0x2d, 0xde, 0xff, 0xf5, 0x0, 0x0,
    0x0, 0x0, 0x0, 0x0, 0x8, 0xff, 0x50, 0x0,
    0x0, 0x0, 0x0, 0x0, 0x0, 0x6, 0xf5, 0x0,
    0x0, 0x0, 0x0, 0x0, 0x0, 0x0, 0x0, 0x0,
    0x0,

    /* U+F077 "" */
    0x0, 0x0, 0x0, 0x4, 0x20, 0x0, 0x0, 0x0,
    0x0, 0x0, 0x0, 0x5f, 0xe2, 0x0, 0x0, 0x0,
    0x0, 0x0, 0x5, 0xff, 0xfe, 0x20, 0x0, 0x0,
    0x0, 0x0, 0x5f, 0xff, 0xff, 0xe3, 0x0, 0x0,
    0x0, 0x6, 0xff, 0xfa, 0xcf, 0xfe, 0x30, 0x0,
    0x0, 0x6f, 0xff, 0x90, 0xc, 0xff, 0xe3, 0x0,
    0x6, 0xff, 0xf9, 0x0, 0x0, 0xcf, 0xfe, 0x30,
    0x5f, 0xff, 0x90, 0x0, 0x0, 0xc, 0xff, 0xe2,
    0xaf, 0xf9, 0x0, 0x0, 0x0, 0x0, 0xcf, 0xf6,
    0x1b, 0x80, 0x0, 0x0, 0x0, 0x0, 0xb, 0x90,

    /* U+F078 "" */
    0x3, 0x20, 0x0, 0x0, 0x0, 0x0, 0x3, 0x20,
    0x6f, 0xe2, 0x0, 0x0, 0x0, 0x0, 0x5f, 0xf2,
    0xaf, 0xfe, 0x30, 0x0, 0x0, 0x5, 0xff, 0xf6,
    0x1c, 0xff, 0xe3, 0x0, 0x0, 0x5f, 0xff, 0x90,
    0x1, 0xcf, 0xfe, 0x30, 0x5, 0xff, 0xf9, 0x0,
    0x0, 0x1c, 0xff, 0xe3, 0x5f, 0xff, 0x90, 0x0,
    0x0, 0x1, 0xcf, 0xff, 0xff, 0xf9, 0x0, 0x0,
    0x0, 0x0, 0x1c, 0xff, 0xff, 0x90, 0x0, 0x0,
    0x0, 0x0, 0x1, 0xcf, 0xf9, 0x0, 0x0, 0x0,
    0x0, 0x0, 0x0, 0x1b, 0x90, 0x0, 0x0, 0x0,

    /* U+F079 "" */
    0x0, 0x0, 0x26, 0x0, 0x0, 0x0, 0x0, 0x0,
    0x0, 0x0, 0x0, 0x0, 0x0, 0x2, 0xef, 0xa0,
    0x0, 0x44, 0x44, 0x44, 0x44, 0x42, 0x0, 0x0,
    0x0, 0x2e, 0xff, 0xfa, 0x4, 0xff, 0xff, 0xff,
    0xff, 0xfd, 0x0, 0x0, 0x3, 0xef, 0xff, 0xff,
    0xa0, 0xaf, 0xff, 0xff, 0xff, 0xfe, 0x0, 0x0,
    0xe, 0xfd, 0xef, 0xcf, 0xf8, 0x0, 0x0, 0x0,
    0x5, 0xfe, 0x0, 0x0, 0xb, 0xe2, 0xdf, 0x67,
    0xf5, 0x0, 0x0, 0x0, 0x5, 0xfe, 0x0, 0x0,
    0x0, 0x0, 0xdf, 0x60, 0x0, 0x0, 0x0, 0x0,
    0x5, 0xfe, 0x0, 0x0, 0x0, 0x0, 0xdf, 0x60,
    0x0, 0x0, 0x0, 0x0, 0x5, 0xfe, 0x0, 0x0,
    0x0, 0x0, 0xdf, 0x60, 0x0, 0x0, 0x0, 0x4,
    0x15, 0xfe, 0x3, 0x20, 0x0, 0x0, 0xdf, 0x60,
    0x0, 0x0, 0x0, 0x6f, 0xd6, 0xfe, 0x4f, 0xf1,
    0x0, 0x0, 0xdf, 0x94, 0x44, 0x44, 0x41, 0x3f,
    0xff, 0xff, 0xff, 0xc0, 0x0, 0x0, 0xdf, 0xff,
    0xff, 0xff, 0xff, 0x24, 0xff, 0xff, 0xfc, 0x10,
    0x0, 0x0, 0x9f, 0xff, 0xff, 0xff, 0xfe, 0x30,
    0x4f, 0xff, 0xc0, 0x0, 0x0, 0x0, 0x0, 0x0,
    0x0, 0x0, 0x0, 0x0, 0x4, 0xfc, 0x0, 0x0,
    0x0, 0x0, 0x0, 0x0, 0x0, 0x0, 0x0, 0x0,
    0x0, 0x10, 0x0, 0x0,

    /* U+F07B "" */
    0x17, 0x88, 0x88, 0x84, 0x0, 0x0, 0x0, 0x0,
    0x0, 0xcf, 0xff, 0xff, 0xff, 0x50, 0x0, 0x0,
    0x0, 0x0, 0xff, 0xff, 0xff, 0xff, 0xf6, 0x44,
    0x44, 0x44, 0x30, 0xff, 0xff, 0xff, 0xff, 0xff,
    0xff, 0xff, 0xff, 0xfa, 0xff, 0xff, 0xff, 0xff,
    0xff, 0xff, 0xff, 0xff, 0xff, 0xff, 0xff, 0xff,
    0xff, 0xff, 0xff, 0xff, 0xff, 0xff, 0xff, 0xff,
    0xff, 0xff, 0xff, 0xff, 0xff, 0xff, 0xff, 0xff,
    0xff, 0xff, 0xff, 0xff, 0xff, 0xff, 0xff, 0xff,
    0xff, 0xff, 0xff, 0xff, 0xff, 0xff, 0xff, 0xff,
    0xff, 0xff, 0xff, 0xff, 0xff, 0xff, 0xff, 0xff,
    0xff, 0xff, 0xff, 0xff, 0xff, 0xff, 0xff, 0xff,
    0xff, 0xff, 0xff, 0xff, 0xff, 0xff, 0xff, 0xff,
    0xff, 0xff, 0xff, 0xff, 0xff, 0xff, 0xff, 0xff,
    0xff, 0xff, 0xff, 0xff, 0xff, 0x7f, 0xff, 0xff,
    0xff, 0xff, 0xff, 0xff, 0xff, 0xf6,

    /* U+F093 "" */
    0x0, 0x0, 0x0, 0x0, 0x47, 0x0, 0x0, 0x0,
    0x0, 0x0, 0x0, 0x0, 0x4, 0xff, 0x90, 0x0,
    0x0, 0x0, 0x0, 0x0, 0x0, 0x4f, 0xff, 0xf9,
    0x0, 0x0, 0x0, 0x0, 0x0, 0x4, 0xff, 0xff,
    0xff, 0x90, 0x0, 0x0, 0x0, 0x0, 0x4f, 0xff,
    0xff, 0xff, 0xf9, 0x0, 0x0, 0x0, 0x4, 0xff,
    0xff, 0xff, 0xff, 0xff, 0x90, 0x0, 0x0, 0xc,
    0xff, 0xff, 0xff, 0xff, 0xff, 0xf1, 0x0, 0x0,
    0x0, 0x11, 0x2f, 0xff, 0xf7, 0x11, 0x10, 0x0,
    0x0, 0x0, 0x0, 0x1f, 0xff, 0xf6, 0x0, 0x0,
    0x0, 0x0, 0x0, 0x0, 0x1f, 0xff, 0xf6, 0x0,
    0x0, 0x0, 0x0, 0x0, 0x0, 0x1f, 0xff, 0xf6,
    0x0, 0x0, 0x0, 0x0, 0x0, 0x0, 0x1f, 0xff,
    0xf6, 0x0, 0x0, 0x0, 0x24, 0x44, 0x42, 0x1f,
    0xff, 0xf6, 0x24, 0x44, 0x42, 0xff, 0xff, 0xfc,
    0x8, 0xbb, 0xa2, 0xcf, 0xff, 0xff, 0xff, 0xff,
    0xff, 0xa5, 0x55, 0x5a, 0xff, 0xff, 0xff, 0xff,
    0xff, 0xff, 0xff, 0xff, 0xff, 0xff, 0xff, 0xff,
    0xff, 0xff, 0xff, 0xff, 0xff, 0xff, 0x66, 0xc4,
    0xff, 0xdf, 0xff, 0xff, 0xff, 0xff, 0xff, 0xff,
    0xff, 0xfd, 0x0, 0x0, 0x0, 0x0, 0x0, 0x0,
    0x0, 0x0, 0x0,

    /* U+F095 "" */
    0x0, 0x0, 0x0, 0x0, 0x0, 0x0, 0x2, 0xb8,
    0x41, 0x0, 0x0, 0x0, 0x0, 0x0, 0x0, 0x0,
    0x9f, 0xff, 0xfb, 0x0, 0x0, 0x0, 0x0, 0x0,
    0x0, 0x1f, 0xff, 0xff, 0xf0, 0x0, 0x0, 0x0,
    0x0, 0x0, 0x7, 0xff, 0xff, 0xfe, 0x0, 0x0,
    0x0, 0x0, 0x0, 0x0, 0xdf, 0xff, 0xff, 0xc0,
    0x0, 0x0, 0x0, 0x0, 0x0, 0xc, 0xff, 0xff,
    0xf9, 0x0, 0x0, 0x0, 0x0, 0x0, 0x0, 0xa,
    0xff, 0xff, 0x50, 0x0, 0x0, 0x0, 0x0, 0x0,
    0x0, 0xc, 0xff, 0xf1, 0x0, 0x0, 0x0, 0x0,
    0x0, 0x0, 0x3, 0xff, 0xfa, 0x0, 0x0, 0x0,
    0x0, 0x0, 0x0, 0x0, 0xdf, 0xff, 0x20, 0x0,
    0x0, 0x0, 0x0, 0x0, 0x0, 0xaf, 0xff, 0x90,
    0x0, 0x0, 0x4, 0xa5, 0x0, 0x0, 0xaf, 0xff,
    0xd0, 0x0, 0x0, 0x7d, 0xff, 0xf4, 0x2, 0xcf,
    0xff, 0xe2, 0x0, 0x0, 0xdf, 0xff, 0xff, 0xe9,
    0xff, 0xff, 0xf3, 0x0, 0x0, 0xd, 0xff, 0xff,
    0xff, 0xff, 0xff, 0xe2, 0x0, 0x0, 0x0, 0x9f,
    0xff, 0xff, 0xff, 0xff, 0xa1, 0x0, 0x0, 0x0,
    0x6, 0xff, 0xff, 0xff, 0xfc, 0x40, 0x0, 0x0,
    0x0, 0x0, 0x2f, 0xff, 0xfd, 0x83, 0x0, 0x0,
    0x0, 0x0, 0x0, 0x0, 0x23, 0x20, 0x0, 0x0,
    0x0, 0x0, 0x0, 0x0, 0x0,

    /* U+F0C4 "" */
    0x0, 0x35, 0x20, 0x0, 0x0, 0x0, 0x0, 0x0,
    0x1c, 0xff, 0xfa, 0x0, 0x0, 0x1, 0x9c, 0xa1,
    0xaf, 0xfe, 0xff, 0x60, 0x0, 0x2e, 0xff, 0xf9,
    0xef, 0x60, 0xaf, 0xb0, 0x3, 0xef, 0xff, 0xb0,
    0xef, 0x92, 0xcf, 0x90, 0x3e, 0xff, 0xfa, 0x0,
    0x7f, 0xff, 0xff, 0xe6, 0xff, 0xff, 0xa0, 0x0,
    0x8, 0xff, 0xff, 0xff, 0xff, 0xfa, 0x0, 0x0,
    0x0, 0x1, 0xcf, 0xff, 0xff, 0xa0, 0x0, 0x0,
    0x0, 0x0, 0x3f, 0xff, 0xff, 0x10, 0x0, 0x0,
    0x0, 0x36, 0xef, 0xff, 0xff, 0xd1, 0x0, 0x0,
    0x1c, 0xff, 0xff, 0xff, 0xff, 0xfd, 0x10, 0x0,
    0xaf, 0xfe, 0xff, 0xc2, 0xdf, 0xff, 0xd1, 0x0,
    0xef, 0x60, 0xaf, 0xa0, 0x1c, 0xff, 0xfe, 0x20,
    0xef, 0x92, 0xcf, 0xa0, 0x0, 0xcf, 0xff, 0xe2,
    0x7f, 0xff, 0xff, 0x40, 0x0, 0xb, 0xff, 0xf9,
    0x8, 0xff, 0xe5, 0x0, 0x0, 0x0, 0x58, 0x50,
    0x0, 0x1, 0x0, 0x0, 0x0, 0x0, 0x0, 0x0,

    /* U+F0C5 "" */
    0x0, 0x0, 0x6f, 0xff, 0xff, 0xf1, 0x68, 0x0,
    0x0, 0x0, 0xaf, 0xff, 0xff, 0xf1, 0x7f, 0x80,
    0x0, 0x0, 0xaf, 0xff, 0xff, 0xf1, 0x7f, 0xf8,
    0x36, 0x62, 0xaf, 0xff, 0xff, 0xf1, 0x36, 0x66,
    0xff, 0xf6, 0xaf, 0xff, 0xff, 0xf6, 0x22, 0x22,
    0xff, 0xf6, 0xaf, 0xff, 0xff, 0xff, 0xff, 0xfe,
    0xff, 0xf6, 0xaf, 0xff, 0xff, 0xff, 0xff, 0xfe,
    0xff, 0xf6, 0xaf, 0xff, 0xff, 0xff, 0xff, 0xfe,
    0xff, 0xf6, 0xaf, 0xff, 0xff, 0xff, 0xff, 0xfe,
    0xff, 0xf6, 0xaf, 0xff, 0xff, 0xff, 0xff, 0xfe,
    0xff, 0xf6, 0xaf, 0xff, 0xff, 0xff, 0xff, 0xfe,
    0xff, 0xf6, 0xaf, 0xff, 0xff, 0xff, 0xff, 0xfe,
    0xff, 0xf6, 0xaf, 0xff, 0xff, 0xff, 0xff, 0xfe,
    0xff, 0xf6, 0xaf, 0xff, 0xff, 0xff, 0xff, 0xfe,
    0xff, 0xf7, 0x6f, 0xff, 0xff, 0xff, 0xff, 0xfa,
    0xff, 0xfe, 0x30, 0x0, 0x0, 0x0, 0x0, 0x0,
    0xff, 0xff, 0xff, 0xff, 0xff, 0xf1, 0x0, 0x0,
    0xef, 0xff, 0xff, 0xff, 0xff, 0xf0, 0x0, 0x0,
    0x14, 0x44, 0x44, 0x44, 0x44, 0x20, 0x0, 0x0,

    /* U+F0C7 "" */
    0x5, 0x66, 0x66, 0x66, 0x66, 0x64, 0x0, 0x0,
    0xcf, 0xff, 0xff, 0xff, 0xff, 0xff, 0x90, 0x0,
    0xff, 0xed, 0xdd, 0xdd, 0xdd, 0xef, 0xf9, 0x0,
    0xff, 0x40, 0x0, 0x0, 0x0, 0xf, 0xff, 0x90,
    0xff, 0x40, 0x0, 0x0, 0x0, 0xe, 0xff, 0xf6,
    0xff, 0x40, 0x0, 0x0, 0x0, 0xe, 0xff, 0xf9,
    0xff, 0x40, 0x0, 0x0, 0x0, 0xf, 0xff, 0xf9,
    0xff, 0xff, 0xff, 0xff, 0xff, 0xff, 0xff, 0xf9,
    0xff, 0xff, 0xff, 0xff, 0xff, 0xff, 0xff, 0xf9,
    0xff, 0xff, 0xff, 0xc5, 0x7f, 0xff, 0xff, 0xf9,
    0xff, 0xff, 0xfe, 0x0, 0x5, 0xff, 0xff, 0xf9,
    0xff, 0xff, 0xfa, 0x0, 0x1, 0xff, 0xff, 0xf9,
    0xff, 0xff, 0xfd, 0x0, 0x4, 0xff, 0xff, 0xf9,
    0xff, 0xff, 0xff, 0x93, 0x4d, 0xff, 0xff, 0xf9,
    0xff, 0xff, 0xff, 0xff, 0xff, 0xff, 0xff, 0xf8,
    0x8f, 0xff, 0xff, 0xff, 0xff, 0xff, 0xff, 0xe3,
    0x1, 0x22, 0x22, 0x22, 0x22, 0x22, 0x21, 0x0,

    /* U+F0C9 "" */
    0x79, 0x99, 0x99, 0x99, 0x99, 0x99, 0x99, 0x95,
    0xff, 0xff, 0xff, 0xff, 0xff, 0xff, 0xff, 0xfc,
    0xdf, 0xff, 0xff, 0xff, 0xff, 0xff, 0xff, 0xfa,
    0x0, 0x0, 0x0, 0x0, 0x0, 0x0, 0x0, 0x0,
    0x0, 0x0, 0x0, 0x0, 0x0, 0x0, 0x0, 0x0,
    0x0, 0x0, 0x0, 0x0, 0x0, 0x0, 0x0, 0x0,
    0xef, 0xff, 0xff, 0xff, 0xff, 0xff, 0xff, 0xfa,
    0xff, 0xff, 0xff, 0xff, 0xff, 0xff, 0xff, 0xfb,
    0x68, 0x88, 0x88, 0x88, 0x88, 0x88, 0x88, 0x84,
    0x0, 0x0, 0x0, 0x0, 0x0, 0x0, 0x0, 0x0,
    0x0, 0x0, 0x0, 0x0, 0x0, 0x0, 0x0, 0x0,
    0x67, 0x77, 0x77, 0x77, 0x77, 0x77, 0x77, 0x74,
    0xff, 0xff, 0xff, 0xff, 0xff, 0xff, 0xff, 0xfb,
    0xef, 0xff, 0xff, 0xff, 0xff, 0xff, 0xff, 0xfa,
    0x0, 0x0, 0x0, 0x0, 0x0, 0x0, 0x0, 0x0,

    /* U+F0E0 "" */
    0x3, 0x44, 0x44, 0x44, 0x44, 0x44, 0x44, 0x44,
    0x30, 0xaf, 0xff, 0xff, 0xff, 0xff, 0xff, 0xff,
    0xff, 0xfa, 0xff, 0xff, 0xff, 0xff, 0xff, 0xff,
    0xff, 0xff, 0xff, 0xcf, 0xff, 0xff, 0xff, 0xff,
    0xff, 0xff, 0xff, 0xfc, 0xa, 0xff, 0xff, 0xff,
    0xff, 0xff, 0xff, 0xff, 0xa0, 0xa1, 0x6f, 0xff,
    0xff, 0xff, 0xff, 0xff, 0xf6, 0x3d, 0xfe, 0x42,
    0xdf, 0xff, 0xff, 0xff, 0xfd, 0x26, 0xff, 0xff,
    0xf9, 0x19, 0xff, 0xff, 0xff, 0x91, 0xbf, 0xff,
    0xff, 0xff, 0xd3, 0x5f, 0xff, 0xe5, 0x4e, 0xff,
    0xff, 0xff, 0xff, 0xff, 0x71, 0x99, 0x17, 0xff,
    0xff, 0xff, 0xff, 0xff, 0xff, 0xfd, 0x77, 0xdf,
    0xff, 0xff, 0xff, 0xff, 0xff, 0xff, 0xff, 0xff,
    0xff, 0xff, 0xff, 0xff, 0xff, 0xff, 0xff, 0xff,
    0xff, 0xff, 0xff, 0xff, 0xff, 0x7f, 0xff, 0xff,
    0xff, 0xff, 0xff, 0xff, 0xff, 0xf6,

    /* U+F0E7 "" */
    0x0, 0xaf, 0xff, 0xff, 0xa0, 0x0, 0x0, 0xf,
    0xff, 0xff, 0xfb, 0x0, 0x0, 0x1, 0xff, 0xff,
    0xff, 0x60, 0x0, 0x0, 0x3f, 0xff, 0xff, 0xf1,
    0x0, 0x0, 0x5, 0xff, 0xff, 0xfb, 0x0, 0x0,
    0x0, 0x8f, 0xff, 0xff, 0xa5, 0x55, 0x40, 0xa,
    0xff, 0xff, 0xff, 0xff, 0xff, 0x30, 0xcf, 0xff,
    0xff, 0xff, 0xff, 0xc0, 0xe, 0xff, 0xff, 0xff,
    0xff, 0xf3, 0x0, 0xef, 0xff, 0xff, 0xff, 0xfa,
    0x0, 0x1, 0x22, 0x23, 0xff, 0xff, 0x10, 0x0,
    0x0, 0x0, 0x4f, 0xff, 0x70, 0x0, 0x0, 0x0,
    0x8, 0xff, 0xe0, 0x0, 0x0, 0x0, 0x0, 0xcf,
    0xf5, 0x0, 0x0, 0x0, 0x0, 0xf, 0xfc, 0x0,
    0x0, 0x0, 0x0, 0x3, 0xff, 0x30, 0x0, 0x0,
    0x0, 0x0, 0x7f, 0x90, 0x0, 0x0, 0x0, 0x0,
    0x7, 0xe1, 0x0, 0x0, 0x0, 0x0, 0x0, 0x0,
    0x0, 0x0, 0x0, 0x0,

    /* U+F0EA "" */
    0x0, 0x0, 0x8d, 0x90, 0x0, 0x0, 0x0, 0x0,
    0x8b, 0xbc, 0xfa, 0xfd, 0xbb, 0x90, 0x0, 0x0,
    0xff, 0xff, 0xd0, 0xcf, 0xff, 0xf1, 0x0, 0x0,
    0xff, 0xff, 0xf8, 0xff, 0xff, 0xf1, 0x0, 0x0,
    0xff, 0xff, 0xff, 0xff, 0xff, 0xf1, 0x0, 0x0,
    0xff, 0xff, 0xf3, 0x0, 0x0, 0x0, 0x0, 0x0,
    0xff, 0xff, 0x95, 0xff, 0xff, 0xf1, 0x79, 0x0,
    0xff, 0xff, 0x88, 0xff, 0xff, 0xf1, 0x7f, 0xb0,
    0xff, 0xff, 0x88, 0xff, 0xff, 0xf1, 0x7f, 0xfa,
    0xff, 0xff, 0x88, 0xff, 0xff, 0xf2, 0x2, 0x21,
    0xff, 0xff, 0x88, 0xff, 0xff, 0xff, 0xdd, 0xdc,
    0xff, 0xff, 0x88, 0xff, 0xff, 0xff, 0xff, 0xfe,
    0xff, 0xff, 0x88, 0xff, 0xff, 0xff, 0xff, 0xfe,
    0xff, 0xff, 0x88, 0xff, 0xff, 0xff, 0xff, 0xfe,
    0x7a, 0xaa, 0x58, 0xff, 0xff, 0xff, 0xff, 0xfe,
    0x0, 0x0, 0x8, 0xff, 0xff, 0xff, 0xff, 0xfe,
    0x0, 0x0, 0x8, 0xff, 0xff, 0xff, 0xff, 0xfe,
    0x0, 0x0, 0x6, 0xff, 0xff, 0xff, 0xff, 0xfc,
    0x0, 0x0, 0x0, 0x0, 0x0, 0x0, 0x0, 0x0,

    /* U+F0F3 "" */
    0x0, 0x0, 0x0, 0x8, 0x60, 0x0, 0x0, 0x0,
    0x0, 0x0, 0x0, 0x3f, 0xf0, 0x0, 0x0, 0x0,
    0x0, 0x0, 0x6, 0xcf, 0xfa, 0x40, 0x0, 0x0,
    0x0, 0x1, 0xcf, 0xff, 0xff, 0xf9, 0x0, 0x0,
    0x0, 0xc, 0xff, 0xff, 0xff, 0xff, 0x80, 0x0,
    0x0, 0x5f, 0xff, 0xff, 0xff, 0xff, 0xf1, 0x0,
    0x0, 0x9f, 0xff, 0xff, 0xff, 0xff, 0xf5, 0x0,
    0x0, 0xbf, 0xff, 0xff, 0xff, 0xff, 0xf7, 0x0,
    0x0, 0xcf, 0xff, 0xff, 0xff, 0xff, 0xf8, 0x0,
    0x0, 0xef, 0xff, 0xff, 0xff, 0xff, 0xfa, 0x0,
    0x2, 0xff, 0xff, 0xff, 0xff, 0xff, 0xfe, 0x0,
    0x8, 0xff, 0xff, 0xff, 0xff, 0xff, 0xff, 0x40,
    0x3f, 0xff, 0xff, 0xff, 0xff, 0xff, 0xff, 0xd1,
    0xef, 0xff, 0xff, 0xff, 0xff, 0xff, 0xff, 0xfa,
    0xaf, 0xff, 0xff, 0xff, 0xff, 0xff, 0xff, 0xf7,
    0x0, 0x0, 0x0, 0x0, 0x0, 0x0, 0x0, 0x0,
    0x0, 0x0, 0x4, 0xff, 0xff, 0x0, 0x0, 0x0,
    0x0, 0x0, 0x0, 0xbf, 0xf7, 0x0, 0x0, 0x0,
    0x0, 0x0, 0x0, 0x2, 0x10, 0x0, 0x0, 0x0,

    /* U+F11C "" */
    0x4, 0x44, 0x44, 0x44, 0x44, 0x44, 0x44, 0x44,
    0x44, 0x41, 0xb, 0xff, 0xff, 0xff, 0xff, 0xff,
    0xff, 0xff, 0xff, 0xff, 0xe0, 0xff, 0xff, 0xff,
    0xff, 0xff, 0xff, 0xff, 0xff, 0xff, 0xff, 0x3f,
    0xf4, 0x4, 0xd0, 0x2f, 0x0, 0xf3, 0x3, 0xf0,
    0xf, 0xf4, 0xff, 0x40, 0x5d, 0x2, 0xf0, 0xf,
    0x40, 0x4f, 0x0, 0xff, 0x4f, 0xff, 0xff, 0xff,
    0xff, 0xff, 0xff, 0xff, 0xff, 0xff, 0xf4, 0xff,
    0xff, 0x22, 0xb7, 0x29, 0xa2, 0x4f, 0x42, 0xcf,
    0xff, 0x4f, 0xff, 0xf0, 0xa, 0x60, 0x79, 0x2,
    0xf2, 0xb, 0xff, 0xf4, 0xff, 0xff, 0xdd, 0xfe,
    0xdf, 0xfd, 0xef, 0xed, 0xff, 0xff, 0x4f, 0xf8,
    0x48, 0xe4, 0x44, 0x44, 0x44, 0x47, 0xf4, 0x5f,
    0xf4, 0xff, 0x40, 0x4d, 0x0, 0x0, 0x0, 0x0,
    0x3e, 0x0, 0xff, 0x4f, 0xf7, 0x48, 0xe4, 0x44,
    0x44, 0x44, 0x47, 0xf4, 0x4f, 0xf4, 0xff, 0xff,
    0xff, 0xff, 0xff, 0xff, 0xff, 0xff, 0xff, 0xff,
    0x37, 0xff, 0xff, 0xff, 0xff, 0xff, 0xff, 0xff,
    0xff, 0xff, 0xa0,

    /* U+F124 "" */
    0x0, 0x0, 0x0, 0x0, 0x0, 0x0, 0x0, 0x0,
    0x0, 0x0, 0x0, 0x0, 0x0, 0x0, 0x0, 0x0,
    0x0, 0x1, 0x8b, 0x30, 0x0, 0x0, 0x0, 0x0,
    0x0, 0x0, 0x2, 0xaf, 0xff, 0xd0, 0x0, 0x0,
    0x0, 0x0, 0x0, 0x3, 0xbf, 0xff, 0xff, 0xd0,
    0x0, 0x0, 0x0, 0x0, 0x5, 0xcf, 0xff, 0xff,
    0xff, 0x70, 0x0, 0x0, 0x0, 0x6, 0xdf, 0xff,
    0xff, 0xff, 0xfe, 0x0, 0x0, 0x0, 0x17, 0xef,
    0xff, 0xff, 0xff, 0xff, 0xf8, 0x0, 0x0, 0x29,
    0xff, 0xff, 0xff, 0xff, 0xff, 0xff, 0xf1, 0x0,
    0x7, 0xff, 0xff, 0xff, 0xff, 0xff, 0xff, 0xff,
    0x90, 0x0, 0xf, 0xff, 0xff, 0xff, 0xff, 0xff,
    0xff, 0xff, 0x20, 0x0, 0xb, 0xff, 0xff, 0xff,
    0xff, 0xff, 0xff, 0xfb, 0x0, 0x0, 0x0, 0x56,
    0x66, 0x66, 0x7f, 0xff, 0xff, 0xf3, 0x0, 0x0,
    0x0, 0x0, 0x0, 0x0, 0x2f, 0xff, 0xff, 0xc0,
    0x0, 0x0, 0x0, 0x0, 0x0, 0x0, 0x2f, 0xff,
    0xff, 0x50, 0x0, 0x0, 0x0, 0x0, 0x0, 0x0,
    0x2f, 0xff, 0xfd, 0x0, 0x0, 0x0, 0x0, 0x0,
    0x0, 0x0, 0x2f, 0xff, 0xf6, 0x0, 0x0, 0x0,
    0x0, 0x0, 0x0, 0x0, 0x2f, 0xff, 0xe0, 0x0,
    0x0, 0x0, 0x0, 0x0, 0x0, 0x0, 0x1f, 0xff,
    0x70, 0x0, 0x0, 0x0, 0x0, 0x0, 0x0, 0x0,
    0xc, 0xfd, 0x0, 0x0, 0x0, 0x0, 0x0, 0x0,
    0x0, 0x0, 0x0, 0x30, 0x0, 0x0, 0x0, 0x0,

    /* U+F15B "" */
    0x58, 0x88, 0x88, 0x87, 0x6, 0x0, 0x0, 0xff,
    0xff, 0xff, 0xfe, 0xf, 0x90, 0x0, 0xff, 0xff,
    0xff, 0xfe, 0xf, 0xf9, 0x0, 0xff, 0xff, 0xff,
    0xfe, 0xf, 0xff, 0x90, 0xff, 0xff, 0xff, 0xfe,
    0xf, 0xff, 0xf5, 0xff, 0xff, 0xff, 0xff, 0x32,
    0x22, 0x21, 0xff, 0xff, 0xff, 0xff, 0xff, 0xff,
    0xf8, 0xff, 0xff, 0xff, 0xff, 0xff, 0xff, 0xf8,
    0xff, 0xff, 0xff, 0xff, 0xff, 0xff, 0xf8, 0xff,
    0xff, 0xff, 0xff, 0xff, 0xff, 0xf8, 0xff, 0xff,
    0xff, 0xff, 0xff, 0xff, 0xf8, 0xff, 0xff, 0xff,
    0xff, 0xff, 0xff, 0xf8, 0xff, 0xff, 0xff, 0xff,
    0xff, 0xff, 0xf8, 0xff, 0xff, 0xff, 0xff, 0xff,
    0xff, 0xf8, 0xff, 0xff, 0xff, 0xff, 0xff, 0xff,
    0xf8, 0xff, 0xff, 0xff, 0xff, 0xff, 0xff, 0xf8,
    0xff, 0xff, 0xff, 0xff, 0xff, 0xff, 0xf8, 0xef,
    0xff, 0xff, 0xff, 0xff, 0xff, 0xf6, 0x14, 0x44,
    0x44, 0x44, 0x44, 0x44, 0x30,

    /* U+F1EB "" */
    0x0, 0x0, 0x0, 0x0, 0x0, 0x0, 0x0, 0x0,
    0x0, 0x0, 0x0, 0x0, 0x0, 0x0, 0x0, 0x36,
    0x89, 0xa9, 0x74, 0x10, 0x0, 0x0, 0x0, 0x0,
    0x0, 0x29, 0xef, 0xff, 0xff, 0xff, 0xff, 0xc6,
    0x0, 0x0, 0x0, 0x1, 0xaf, 0xff, 0xff, 0xff,
    0xff, 0xff, 0xff, 0xfe, 0x60, 0x0, 0x6, 0xff,
    0xff, 0xfc, 0x75, 0x43, 0x46, 0x9e, 0xff, 0xff,
    0xb1, 0x8, 0xff, 0xfe, 0x71, 0x0, 0x0, 0x0,
    0x0, 0x3, 0xcf, 0xff, 0xe2, 0xcf, 0xfa, 0x10,
    0x0, 0x0, 0x0, 0x0, 0x0, 0x0, 0x4e, 0xff,
    0x40, 0xb6, 0x0, 0x0, 0x59, 0xde, 0xfe, 0xc7,
    0x20, 0x0, 0x1b, 0x50, 0x0, 0x0, 0x5, 0xdf,
    0xff, 0xff, 0xff, 0xff, 0xa1, 0x0, 0x0, 0x0,
    0x0, 0x9, 0xff, 0xff, 0xfe, 0xde, 0xff, 0xff,
    0xe3, 0x0, 0x0, 0x0, 0x0, 0xdf, 0xfc, 0x40,
    0x0, 0x2, 0x8f, 0xff, 0x50, 0x0, 0x0, 0x0,
    0x1, 0xb6, 0x0, 0x0, 0x0, 0x0, 0x1b, 0x60,
    0x0, 0x0, 0x0, 0x0, 0x0, 0x0, 0x0, 0x35,
    0x0, 0x0, 0x0, 0x0, 0x0, 0x0, 0x0, 0x0,
    0x0, 0x0, 0x7f, 0xfe, 0x10, 0x0, 0x0, 0x0,
    0x0, 0x0, 0x0, 0x0, 0x0, 0xe, 0xff, 0xf6,
    0x0, 0x0, 0x0, 0x0, 0x0, 0x0, 0x0, 0x0,
    0x0, 0xdf, 0xff, 0x50, 0x0, 0x0, 0x0, 0x0,
    0x0, 0x0, 0x0, 0x0, 0x4, 0xff, 0xb0, 0x0,
    0x0, 0x0, 0x0, 0x0, 0x0, 0x0, 0x0, 0x0,
    0x0, 0x10, 0x0, 0x0, 0x0, 0x0, 0x0,

    /* U+F240 "" */
    0x4, 0x44, 0x44, 0x44, 0x44, 0x44, 0x44, 0x44,
    0x44, 0x44, 0x10, 0xa, 0xff, 0xff, 0xff, 0xff,
    0xff, 0xff, 0xff, 0xff, 0xff, 0xfe, 0x10, 0xff,
    0xff, 0xff, 0xff, 0xff, 0xff, 0xff, 0xff, 0xff,
    0xff, 0xf5, 0xf, 0xf4, 0x0, 0x0, 0x0, 0x0,
    0x0, 0x0, 0x0, 0x0, 0xff, 0xf3, 0xff, 0x4a,
    0xff, 0xff, 0xff, 0xff, 0xff, 0xff, 0xff, 0xf,
    0xff, 0x5f, 0xf4, 0xaf, 0xff, 0xff, 0xff, 0xff,
    0xff, 0xff, 0xf0, 0x3f, 0xf5, 0xff, 0x4a, 0xff,
    0xff, 0xff, 0xff, 0xff, 0xff, 0xff, 0x0, 0xef,
    0x5f, 0xf4, 0xaf, 0xff, 0xff, 0xff, 0xff, 0xff,
    0xff, 0xf0, 0x8f, 0xf5, 0xff, 0x45, 0x88, 0x88,
    0x88, 0x88, 0x88, 0x88, 0x88, 0xf, 0xff, 0x5f,
    0xf7, 0x44, 0x44, 0x44, 0x44, 0x44, 0x44, 0x44,
    0x45, 0xff, 0xc1, 0xff, 0xff, 0xff, 0xff, 0xff,
    0xff, 0xff, 0xff, 0xff, 0xff, 0xf5, 0x6, 0xef,
    0xff, 0xff, 0xff, 0xff, 0xff, 0xff, 0xff, 0xff,
    0xfb, 0x0,

    /* U+F241 "" */
    0x4, 0x44, 0x44, 0x44, 0x44, 0x44, 0x44, 0x44,
    0x44, 0x44, 0x10, 0xa, 0xff, 0xff, 0xff, 0xff,
    0xff, 0xff, 0xff, 0xff, 0xff, 0xfe, 0x10, 0xff,
    0xff, 0xff, 0xff, 0xff, 0xff, 0xff, 0xff, 0xff,
    0xff, 0xf5, 0xf, 0xf4, 0x0, 0x0, 0x0, 0x0,
    0x0, 0x0, 0x0, 0x0, 0xff, 0xf3, 0xff, 0x4d,
    0xff, 0xff, 0xff, 0xff, 0xff, 0x60, 0x0, 0xf,
    0xff, 0x5f, 0xf4, 0xdf, 0xff, 0xff, 0xff, 0xff,
    0xf6, 0x0, 0x0, 0x3f, 0xf5, 0xff, 0x4d, 0xff,
    0xff, 0xff, 0xff, 0xff, 0x60, 0x0, 0x0, 0xef,
    0x5f, 0xf4, 0xdf, 0xff, 0xff, 0xff, 0xff, 0xf6,
    0x0, 0x0, 0x8f, 0xf5, 0xff, 0x46, 0x88, 0x88,
    0x88, 0x88, 0x88, 0x30, 0x0, 0xf, 0xff, 0x5f,
    0xf7, 0x44, 0x44, 0x44, 0x44, 0x44, 0x44, 0x44,
    0x45, 0xff, 0xc1, 0xff, 0xff, 0xff, 0xff, 0xff,
    0xff, 0xff, 0xff, 0xff, 0xff, 0xf5, 0x6, 0xef,
    0xff, 0xff, 0xff, 0xff, 0xff, 0xff, 0xff, 0xff,
    0xfb, 0x0,

    /* U+F242 "" */
    0x4, 0x44, 0x44, 0x44, 0x44, 0x44, 0x44, 0x44,
    0x44, 0x44, 0x10, 0xa, 0xff, 0xff, 0xff, 0xff,
    0xff, 0xff, 0xff, 0xff, 0xff, 0xfe, 0x10, 0xff,
    0xff, 0xff, 0xff, 0xff, 0xff, 0xff, 0xff, 0xff,
    0xff, 0xf5, 0xf, 0xf4, 0x0, 0x0, 0x0, 0x0,
    0x0, 0x0, 0x0, 0x0, 0xff, 0xf3, 0xff, 0x4c,
    0xff, 0xff, 0xff, 0xf1, 0x0, 0x0, 0x0, 0xf,
    0xff, 0x5f, 0xf4, 0xcf, 0xff, 0xff, 0xff, 0x10,
    0x0, 0x0, 0x0, 0x3f, 0xf5, 0xff, 0x4c, 0xff,
    0xff, 0xff, 0xf1, 0x0, 0x0, 0x0, 0x0, 0xef,
    0x5f, 0xf4, 0xcf, 0xff, 0xff, 0xff, 0x10, 0x0,
    0x0, 0x0, 0x8f, 0xf5, 0xff, 0x46, 0x88, 0x88,
    0x88, 0x80, 0x0, 0x0, 0x0, 0xf, 0xff, 0x5f,
    0xf7, 0x44, 0x44, 0x44, 0x44, 0x44, 0x44, 0x44,
    0x45, 0xff, 0xc1, 0xff, 0xff, 0xff, 0xff, 0xff,
    0xff, 0xff, 0xff, 0xff, 0xff, 0xf5, 0x6, 0xef,
    0xff, 0xff, 0xff, 0xff, 0xff, 0xff, 0xff, 0xff,
    0xfb, 0x0,

    /* U+F243 "" */
    0x4, 0x44, 0x44, 0x44, 0x44, 0x44, 0x44, 0x44,
    0x44, 0x44, 0x10, 0xa, 0xff, 0xff, 0xff, 0xff,
    0xff, 0xff, 0xff, 0xff, 0xff, 0xfe, 0x10, 0xff,
    0xff, 0xff, 0xff, 0xff, 0xff, 0xff, 0xff, 0xff,
    0xff, 0xf5, 0xf, 0xf4, 0x0, 0x0, 0x0, 0x0,
    0x0, 0x0, 0x0, 0x0, 0xff, 0xf3, 0xff, 0x49,
    0xff, 0xfe, 0x0, 0x0, 0x0, 0x0, 0x0, 0xf,
    0xff, 0x5f, 0xf4, 0x9f, 0xff, 0xe0, 0x0, 0x0,
    0x0, 0x0, 0x0, 0x3f, 0xf5, 0xff, 0x49, 0xff,
    0xfe, 0x0, 0x0, 0x0, 0x0, 0x0, 0x0, 0xef,
    0x5f, 0xf4, 0x9f, 0xff, 0xe0, 0x0, 0x0, 0x0,
    0x0, 0x0, 0x8f, 0xf5, 0xff, 0x44, 0x88, 0x87,
    0x0, 0x0, 0x0, 0x0, 0x0, 0xf, 0xff, 0x5f,
    0xf7, 0x44, 0x44, 0x44, 0x44, 0x44, 0x44, 0x44,
    0x45, 0xff, 0xc1, 0xff, 0xff, 0xff, 0xff, 0xff,
    0xff, 0xff, 0xff, 0xff, 0xff, 0xf5, 0x6, 0xef,
    0xff, 0xff, 0xff, 0xff, 0xff, 0xff, 0xff, 0xff,
    0xfb, 0x0,

    /* U+F244 "" */
    0x4, 0x44, 0x44, 0x44, 0x44, 0x44, 0x44, 0x44,
    0x44, 0x44, 0x10, 0xa, 0xff, 0xff, 0xff, 0xff,
    0xff, 0xff, 0xff, 0xff, 0xff, 0xfe, 0x10, 0xff,
    0xff, 0xff, 0xff, 0xff, 0xff, 0xff, 0xff, 0xff,
    0xff, 0xf5, 0xf, 0xf4, 0x0, 0x0, 0x0, 0x0,
    0x0, 0x0, 0x0, 0x0, 0xff, 0xf3, 0xff, 0x40,
    0x0, 0x0, 0x0, 0x0, 0x0, 0x0, 0x0, 0xf,
    0xff, 0x5f, 0xf4, 0x0, 0x0, 0x0, 0x0, 0x0,
    0x0, 0x0, 0x0, 0x3f, 0xf5, 0xff, 0x40, 0x0,
    0x0, 0x0, 0x0, 0x0, 0x0, 0x0, 0x0, 0xef,
    0x5f, 0xf4, 0x0, 0x0, 0x0, 0x0, 0x0, 0x0,
    0x0, 0x0, 0x8f, 0xf5, 0xff, 0x40, 0x0, 0x0,
    0x0, 0x0, 0x0, 0x0, 0x0, 0xf, 0xff, 0x5f,
    0xf7, 0x44, 0x44, 0x44, 0x44, 0x44, 0x44, 0x44,
    0x45, 0xff, 0xc1, 0xff, 0xff, 0xff, 0xff, 0xff,
    0xff, 0xff, 0xff, 0xff, 0xff, 0xf5, 0x6, 0xef,
    0xff, 0xff, 0xff, 0xff, 0xff, 0xff, 0xff, 0xff,
    0xfb, 0x0,

    /* U+F287 "" */
    0x0, 0x0, 0x0, 0x0, 0x0, 0x0, 0x78, 0x10,
    0x0, 0x0, 0x0, 0x0, 0x0, 0x0, 0x0, 0x0,
    0x26, 0x9f, 0xfd, 0x0, 0x0, 0x0, 0x0, 0x0,
    0x0, 0x0, 0x0, 0x4f, 0xef, 0xff, 0xf0, 0x0,
    0x0, 0x0, 0x0, 0x0, 0x0, 0x0, 0xe, 0x80,
    0x2e, 0xf7, 0x0, 0x0, 0x0, 0x0, 0x0, 0x20,
    0x0, 0x6, 0xe0, 0x0, 0x0, 0x0, 0x0, 0x0,
    0x0, 0x3, 0xef, 0xe3, 0x0, 0xd7, 0x0, 0x0,
    0x0, 0x0, 0x2, 0xa1, 0x0, 0xcf, 0xff, 0xd4,
    0x9f, 0x55, 0x55, 0x55, 0x55, 0x55, 0x7f, 0xf7,
    0xf, 0xff, 0xff, 0xff, 0xff, 0xff, 0xff, 0xff,
    0xff, 0xff, 0xff, 0xf5, 0xaf, 0xff, 0xa0, 0x0,
    0xb, 0xb0, 0x0, 0x0, 0x0, 0x3f, 0xb2, 0x0,
    0x9c, 0x90, 0x0, 0x0, 0x3f, 0x30, 0x0, 0x0,
    0x1, 0x50, 0x0, 0x0, 0x0, 0x0, 0x0, 0x0,
    0xbb, 0x2, 0xbb, 0xb5, 0x0, 0x0, 0x0, 0x0,
    0x0, 0x0, 0x0, 0x2, 0xf9, 0x9f, 0xff, 0x80,
    0x0, 0x0, 0x0, 0x0, 0x0, 0x0, 0x0, 0x3,
    0xbd, 0xff, 0xf8, 0x0, 0x0, 0x0, 0x0, 0x0,
    0x0, 0x0, 0x0, 0x0, 0x3f, 0xff, 0x80, 0x0,
    0x0, 0x0, 0x0, 0x0, 0x0, 0x0, 0x0, 0x0,
    0x0, 0x0, 0x0, 0x0, 0x0,

    /* U+F293 "" */
    0x0, 0x1, 0x7b, 0xdd, 0xb8, 0x20, 0x0, 0x0,
    0x5f, 0xff, 0xdf, 0xff, 0xf6, 0x0, 0x4, 0xff,
    0xff, 0x68, 0xff, 0xff, 0x40, 0xe, 0xff, 0xff,
    0x60, 0x8f, 0xff, 0xd0, 0x4f, 0xff, 0xff, 0x60,
    0x9, 0xff, 0xf3, 0x8f, 0xf6, 0xbf, 0x61, 0xc0,
    0x9f, 0xf7, 0xbf, 0xf6, 0xb, 0x60, 0xe2, 0x5f,
    0xf9, 0xdf, 0xff, 0x50, 0x20, 0x33, 0xff, 0xfb,
    0xef, 0xff, 0xf5, 0x0, 0x2e, 0xff, 0xfc, 0xef,
    0xff, 0xfc, 0x0, 0x7f, 0xff, 0xfc, 0xdf, 0xff,
    0xd1, 0x0, 0x9, 0xff, 0xfc, 0xcf, 0xfc, 0x13,
    0x50, 0x90, 0xaf, 0xfb, 0xaf, 0xf2, 0x4f, 0x60,
    0xf3, 0x2f, 0xf9, 0x6f, 0xfd, 0xff, 0x70, 0x52,
    0xef, 0xf6, 0x1f, 0xff, 0xff, 0x70, 0x2e, 0xff,
    0xf1, 0x9, 0xff, 0xff, 0x72, 0xef, 0xff, 0x90,
    0x0, 0xbf, 0xff, 0xae, 0xff, 0xfd, 0x10, 0x0,
    0x5, 0xcf, 0xff, 0xfd, 0x80, 0x0, 0x0, 0x0,
    0x0, 0x11, 0x0, 0x0, 0x0,

    /* U+F2ED "" */
    0x0, 0x0, 0x5, 0x88, 0x88, 0x30, 0x0, 0x0,
    0x56, 0x66, 0x7f, 0xff, 0xff, 0xe6, 0x66, 0x63,
    0xff, 0xff, 0xff, 0xff, 0xff, 0xff, 0xff, 0xfb,
    0xcd, 0xdd, 0xdd, 0xdd, 0xdd, 0xdd, 0xdd, 0xd8,
    0x3, 0x44, 0x44, 0x44, 0x44, 0x44, 0x44, 0x20,
    0xe, 0xff, 0xff, 0xff, 0xff, 0xff, 0xff, 0xa0,
    0xe, 0xff, 0xff, 0xff, 0xff, 0xff, 0xff, 0xa0,
    0xe, 0xff, 0x1f, 0xf6, 0xaf, 0xc4, 0xff, 0xa0,
    0xe, 0xff, 0xf, 0xf5, 0x9f, 0xb3, 0xff, 0xa0,
    0xe, 0xff, 0xf, 0xf5, 0x9f, 0xb3, 0xff, 0xa0,
    0xe, 0xff, 0xf, 0xf5, 0x9f, 0xb3, 0xff, 0xa0,
    0xe, 0xff, 0xf, 0xf5, 0x9f, 0xb3, 0xff, 0xa0,
    0xe, 0xff, 0xf, 0xf5, 0x9f, 0xb3, 0xff, 0xa0,
    0xe, 0xff, 0xf, 0xf5, 0x9f, 0xb3, 0xff, 0xa0,
    0xe, 0xff, 0xf, 0xf5, 0x9f, 0xb3, 0xff, 0xa0,
    0xe, 0xff, 0x1f, 0xf6, 0xaf, 0xc4, 0xff, 0xa0,
    0xd, 0xff, 0xff, 0xff, 0xff, 0xff, 0xff, 0x90,
    0x8, 0xff, 0xff, 0xff, 0xff, 0xff, 0xff, 0x40,
    0x0, 0x24, 0x44, 0x44, 0x44, 0x44, 0x31, 0x0,

    /* U+F304 "" */
    0x0, 0x0, 0x0, 0x0, 0x0, 0x0, 0x0, 0x8a,
    0x30, 0x0, 0x0, 0x0, 0x0, 0x0, 0x0, 0x0,
    0xbf, 0xff, 0x30, 0x0, 0x0, 0x0, 0x0, 0x0,
    0x0, 0xbf, 0xff, 0xff, 0x30, 0x0, 0x0, 0x0,
    0x0, 0x0, 0x34, 0xff, 0xff, 0xfd, 0x0, 0x0,
    0x0, 0x0, 0x0, 0xbf, 0x44, 0xff, 0xff, 0xe0,
    0x0, 0x0, 0x0, 0x0, 0xbf, 0xff, 0x44, 0xff,
    0xf4, 0x0, 0x0, 0x0, 0x0, 0xbf, 0xff, 0xff,
    0x44, 0xf4, 0x0, 0x0, 0x0, 0x0, 0xbf, 0xff,
    0xff, 0xff, 0x41, 0x0, 0x0, 0x0, 0x0, 0xbf,
    0xff, 0xff, 0xff, 0xf4, 0x0, 0x0, 0x0, 0x0,
    0xbf, 0xff, 0xff, 0xff, 0xf4, 0x0, 0x0, 0x0,
    0x0, 0xbf, 0xff, 0xff, 0xff, 0xf4, 0x0, 0x0,
    0x0, 0x0, 0xbf, 0xff, 0xff, 0xff, 0xf4, 0x0,
    0x0, 0x0, 0x0, 0xbf, 0xff, 0xff, 0xff, 0xf4,
    0x0, 0x0, 0x0, 0x0, 0x8f, 0xff, 0xff, 0xff,
    0xf4, 0x0, 0x0, 0x0, 0x0, 0xa, 0xff, 0xff,
    0xff, 0xf4, 0x0, 0x0, 0x0, 0x0, 0x0, 0xcf,
    0xff, 0xff, 0xf4, 0x0, 0x0, 0x0, 0x0, 0x0,
    0xe, 0xff, 0xff, 0xf4, 0x0, 0x0, 0x0, 0x0,
    0x0, 0x0, 0xff, 0xff, 0xd4, 0x0, 0x0, 0x0,
    0x0, 0x0, 0x0, 0x2, 0x31, 0x0, 0x0, 0x0,
    0x0, 0x0, 0x0, 0x0, 0x0,

    /* U+F55A "" */
    0x0, 0x0, 0x0, 0x57, 0x88, 0x88, 0x88, 0x88,
    0x88, 0x88, 0x72, 0x0, 0x0, 0x0, 0xaf, 0xff,
    0xff, 0xff, 0xff, 0xff, 0xff, 0xff, 0xf2, 0x0,
    0x0, 0xbf, 0xff, 0xff, 0xff, 0xff, 0xff, 0xff,
    0xff, 0xff, 0x70, 0x0, 0xbf, 0xff, 0xff, 0xf8,
    0xaf, 0xff, 0xa8, 0xff, 0xff, 0xf8, 0x0, 0xbf,
    0xff, 0xff, 0xfa, 0x0, 0xaf, 0xa0, 0xa, 0xff,
    0xff, 0x80, 0xbf, 0xff, 0xff, 0xff, 0xf3, 0x0,
    0x60, 0x3, 0xff, 0xff, 0xf8, 0xaf, 0xff, 0xff,
    0xff, 0xff, 0xf3, 0x0, 0x3, 0xff, 0xff, 0xff,
    0x8e, 0xff, 0xff, 0xff, 0xff, 0xff, 0x90, 0x0,
    0x9f, 0xff, 0xff, 0xf8, 0x4f, 0xff, 0xff, 0xff,
    0xff, 0xa0, 0x0, 0x0, 0xaf, 0xff, 0xff, 0x80,
    0x4f, 0xff, 0xff, 0xff, 0xb0, 0x3, 0xe3, 0x0,
    0xbf, 0xff, 0xf8, 0x0, 0x4f, 0xff, 0xff, 0xfe,
    0x13, 0xff, 0xf3, 0x1e, 0xff, 0xff, 0x80, 0x0,
    0x4f, 0xff, 0xff, 0xfe, 0xff, 0xff, 0xfe, 0xff,
    0xff, 0xf7, 0x0, 0x0, 0x4f, 0xff, 0xff, 0xff,
    0xff, 0xff, 0xff, 0xff, 0xff, 0x50, 0x0, 0x0,
    0x3d, 0xff, 0xff, 0xff, 0xff, 0xff, 0xff, 0xff,
    0x90,

    /* U+F7C2 "" */
    0x0, 0x1, 0xcf, 0xff, 0xff, 0xfe, 0x60, 0x0,
    0x1c, 0xff, 0xff, 0xff, 0xff, 0xf2, 0x0, 0xcf,
    0x47, 0xf4, 0xd8, 0x4f, 0xf5, 0xc, 0xff, 0x3,
    0xe0, 0xc5, 0xe, 0xf5, 0xcf, 0xff, 0x3, 0xe0,
    0xc5, 0xe, 0xf5, 0xff, 0xff, 0x24, 0xe2, 0xc6,
    0x2e, 0xf5, 0xff, 0xff, 0xff, 0xff, 0xff, 0xff,
    0xf5, 0xff, 0xff, 0xff, 0xff, 0xff, 0xff, 0xf5,
    0xff, 0xff, 0xff, 0xff, 0xff, 0xff, 0xf5, 0xff,
    0xff, 0xff, 0xff, 0xff, 0xff, 0xf5, 0xff, 0xff,
    0xff, 0xff, 0xff, 0xff, 0xf5, 0xff, 0xff, 0xff,
    0xff, 0xff, 0xff, 0xf5, 0xff, 0xff, 0xff, 0xff,
    0xff, 0xff, 0xf5, 0xff, 0xff, 0xff, 0xff, 0xff,
    0xff, 0xf5, 0xff, 0xff, 0xff, 0xff, 0xff, 0xff,
    0xf5, 0xff, 0xff, 0xff, 0xff, 0xff, 0xff, 0xf5,
    0xef, 0xff, 0xff, 0xff, 0xff, 0xff, 0xf3, 0x5f,
    0xff, 0xff, 0xff, 0xff, 0xff, 0xa0, 0x1, 0x34,
    0x44, 0x44, 0x44, 0x42, 0x0,

    /* U+F8A2 "" */
    0x0, 0x0, 0x0, 0x0, 0x0, 0x0, 0x0, 0x0,
    0x3, 0x0, 0x0, 0x0, 0x0, 0x0, 0x0, 0x0,
    0x0, 0x5, 0xf1, 0x0, 0x0, 0x0, 0x0, 0x0,
    0x0, 0x0, 0x5, 0xff, 0x10, 0x0, 0x3e, 0x90,
    0x0, 0x0, 0x0, 0x0, 0xbf, 0xf1, 0x0, 0x4f,
    0xfb, 0x0, 0x0, 0x0, 0x0, 0xb, 0xff, 0x10,
    0x5f, 0xff, 0xb0, 0x0, 0x0, 0x0, 0x0, 0xbf,
    0xf1, 0x6f, 0xff, 0xff, 0xff, 0xff, 0xff, 0xff,
    0xff, 0xff, 0x1d, 0xff, 0xff, 0xff, 0xff, 0xff,
    0xff, 0xff, 0xff, 0xf1, 0x3e, 0xff, 0xfe, 0xcc,
    0xcc, 0xcc, 0xcc, 0xcc, 0xca, 0x0, 0x2e, 0xff,
    0xb0, 0x0, 0x0, 0x0, 0x0, 0x0, 0x0, 0x0,
    0x1d, 0xfb, 0x0, 0x0, 0x0, 0x0, 0x0, 0x0,
    0x0, 0x0, 0x1b, 0x60, 0x0, 0x0, 0x0, 0x0,
    0x0, 0x0
};


/*---------------------
 *  GLYPH DESCRIPTION
 *--------------------*/

static const lv_font_fmt_txt_glyph_dsc_t glyph_dsc[] = {
    {.bitmap_index = 0, .adv_w = 0, .box_w = 0, .box_h = 0, .ofs_x = 0, .ofs_y = 0} /* id = 0 reserved */,
    {.bitmap_index = 0, .adv_w = 79, .box_w = 0, .box_h = 0, .ofs_x = 0, .ofs_y = 0},
    {.bitmap_index = 0, .adv_w = 80, .box_w = 3, .box_h = 13, .ofs_x = 1, .ofs_y = 0},
    {.bitmap_index = 20, .adv_w = 119, .box_w = 6, .box_h = 6, .ofs_x = 1, .ofs_y = 7},
    {.bitmap_index = 38, .adv_w = 205, .box_w = 13, .box_h = 13, .ofs_x = 0, .ofs_y = 0},
    {.bitmap_index = 123, .adv_w = 181, .box_w = 11, .box_h = 18, .ofs_x = 0, .ofs_y = -2},
    {.bitmap_index = 222, .adv_w = 248, .box_w = 15, .box_h = 13, .ofs_x = 0, .ofs_y = 0},
    {.bitmap_index = 320, .adv_w = 203, .box_w = 13, .box_h = 14, .ofs_x = 0, .ofs_y = -1},
    {.bitmap_index = 411, .adv_w = 63, .box_w = 2, .box_h = 6, .ofs_x = 1, .ofs_y = 7},
    {.bitmap_index = 417, .adv_w = 100, .box_w = 5, .box_h = 18, .ofs_x = 1, .ofs_y = -4},
    {.bitmap_index = 462, .adv_w = 100, .box_w = 5, .box_h = 18, .ofs_x = 0, .ofs_y = -4},
    {.bitmap_index = 507, .adv_w = 120, .box_w = 8, .box_h = 8, .ofs_x = 0, .ofs_y = 6},
    {.bitmap_index = 539, .adv_w = 170, .box_w = 9, .box_h = 9, .ofs_x = 1, .ofs_y = 2},
    {.bitmap_index = 580, .adv_w = 70, .box_w = 4, .box_h = 6, .ofs_x = 0, .ofs_y = -3},
    {.bitmap_index = 592, .adv_w = 111, .box_w = 6, .box_h = 2, .ofs_x = 0, .ofs_y = 4},
    {.bitmap_index = 598, .adv_w = 70, .box_w = 4, .box_h = 4, .ofs_x = 0, .ofs_y = 0},
    {.bitmap_index = 606, .adv_w = 107, .box_w = 9, .box_h = 18, .ofs_x = -1, .ofs_y = -2},
    {.bitmap_index = 687, .adv_w = 194, .box_w = 12, .box_h = 13, .ofs_x = 0, .ofs_y = 0},
    {.bitmap_index = 765, .adv_w = 110, .box_w = 6, .box_h = 13, .ofs_x = 0, .ofs_y = 0},
    {.bitmap_index = 804, .adv_w = 168, .box_w = 10, .box_h = 13, .ofs_x = 0, .ofs_y = 0},
    {.bitmap_index = 869, .adv_w = 168, .box_w = 10, .box_h = 13, .ofs_x = 0, .ofs_y = 0},
    {.bitmap_index = 934, .adv_w = 196, .box_w = 13, .box_h = 13, .ofs_x = 0, .ofs_y = 0},
    {.bitmap_index = 1019, .adv_w = 168, .box_w = 10, .box_h = 13, .ofs_x = 0, .ofs_y = 0},
    {.bitmap_index = 1084, .adv_w = 181, .box_w = 11, .box_h = 13, .ofs_x = 0, .ofs_y = 0},
    {.bitmap_index = 1156, .adv_w = 175, .box_w = 11, .box_h = 13, .ofs_x = 0, .ofs_y = 0},
    {.bitmap_index = 1228, .adv_w = 188, .box_w = 12, .box_h = 13, .ofs_x = 0, .ofs_y = 0},
    {.bitmap_index = 1306, .adv_w = 181, .box_w = 11, .box_h = 13, .ofs_x = 0, .ofs_y = 0},
    {.bitmap_index = 1378, .adv_w = 70, .box_w = 4, .box_h = 10, .ofs_x = 0, .ofs_y = 0},
    {.bitmap_index = 1398, .adv_w = 70, .box_w = 4, .box_h = 13, .ofs_x = 0, .ofs_y = -3},
    {.bitmap_index = 1424, .adv_w = 170, .box_w = 9, .box_h = 9, .ofs_x = 1, .ofs_y = 2},
    {.bitmap_index = 1465, .adv_w = 170, .box_w = 9, .box_h = 6, .ofs_x = 1, .ofs_y = 4},
    {.bitmap_index = 1492, .adv_w = 170, .box_w = 9, .box_h = 9, .ofs_x = 1, .ofs_y = 2},
    {.bitmap_index = 1533, .adv_w = 167, .box_w = 10, .box_h = 13, .ofs_x = 0, .ofs_y = 0},
    {.bitmap_index = 1598, .adv_w = 298, .box_w = 18, .box_h = 17, .ofs_x = 0, .ofs_y = -4},
    {.bitmap_index = 1751, .adv_w = 216, .box_w = 15, .box_h = 13, .ofs_x = -1, .ofs_y = 0},
    {.bitmap_index = 1849, .adv_w = 219, .box_w = 12, .box_h = 13, .ofs_x = 1, .ofs_y = 0},
    {.bitmap_index = 1927, .adv_w = 207, .box_w = 13, .box_h = 13, .ofs_x = 0, .ofs_y = 0},
    {.bitmap_index = 2012, .adv_w = 238, .box_w = 14, .box_h = 13, .ofs_x = 1, .ofs_y = 0},
    {.bitmap_index = 2103, .adv_w = 193, .box_w = 11, .box_h = 13, .ofs_x = 1, .ofs_y = 0},
    {.bitmap_index = 2175, .adv_w = 183, .box_w = 10, .box_h = 13, .ofs_x = 1, .ofs_y = 0},
    {.bitmap_index = 2240, .adv_w = 222, .box_w = 13, .box_h = 13, .ofs_x = 0, .ofs_y = 0},
    {.bitmap_index = 2325, .adv_w = 233, .box_w = 12, .box_h = 13, .ofs_x = 1, .ofs_y = 0},
    {.bitmap_index = 2403, .adv_w = 92, .box_w = 4, .box_h = 13, .ofs_x = 1, .ofs_y = 0},
    {.bitmap_index = 2429, .adv_w = 152, .box_w = 9, .box_h = 13, .ofs_x = -1, .ofs_y = 0},
    {.bitmap_index = 2488, .adv_w = 210, .box_w = 13, .box_h = 13, .ofs_x = 1, .ofs_y = 0},
    {.bitmap_index = 2573, .adv_w = 173, .box_w = 10, .box_h = 13, .ofs_x = 1, .ofs_y = 0},
    {.bitmap_index = 2638, .adv_w = 275, .box_w = 15, .box_h = 13, .ofs_x = 1, .ofs_y = 0},
    {.bitmap_index = 2736, .adv_w = 233, .box_w = 12, .box_h = 13, .ofs_x = 1, .ofs_y = 0},
    {.bitmap_index = 2814, .adv_w = 242, .box_w = 15, .box_h = 13, .ofs_x = 0, .ofs_y = 0},
    {.bitmap_index = 2912, .adv_w = 209, .box_w = 12, .box_h = 13, .ofs_x = 1, .ofs_y = 0},
    {.bitmap_index = 2990, .adv_w = 242, .box_w = 15, .box_h = 16, .ofs_x = 0, .ofs_y = -3},
    {.bitmap_index = 3110, .adv_w = 211, .box_w = 12, .box_h = 13, .ofs_x = 1, .ofs_y = 0},
    {.bitmap_index = 3188, .adv_w = 181, .box_w = 11, .box_h = 13, .ofs_x = 0, .ofs_y = 0},
    {.bitmap_index = 3260, .adv_w = 173, .box_w = 11, .box_h = 13, .ofs_x = 0, .ofs_y = 0},
    {.bitmap_index = 3332, .adv_w = 227, .box_w = 12, .box_h = 13, .ofs_x = 1, .ofs_y = 0},
    {.bitmap_index = 3410, .adv_w = 210, .box_w = 15, .box_h = 13, .ofs_x = -1, .ofs_y = 0},
    {.bitmap_index = 3508, .adv_w = 329, .box_w = 21, .box_h = 13, .ofs_x = 0, .ofs_y = 0},
    {.bitmap_index = 3645, .adv_w = 200, .box_w = 13, .box_h = 13, .ofs_x = 0, .ofs_y = 0},
    {.bitmap_index = 3730, .adv_w = 190, .box_w = 14, .box_h = 13, .ofs_x = -1, .ofs_y = 0},
    {.bitmap_index = 3821, .adv_w = 191, .box_w = 12, .box_h = 13, .ofs_x = 0, .ofs_y = 0},
    {.bitmap_index = 3899, .adv_w = 101, .box_w = 5, .box_h = 18, .ofs_x = 1, .ofs_y = -4},
    {.bitmap_index = 3944, .adv_w = 107, .box_w = 9, .box_h = 18, .ofs_x = -1, .ofs_y = -2},
    {.bitmap_index = 4025, .adv_w = 101, .box_w = 5, .box_h = 18, .ofs_x = 0, .ofs_y = -4},
    {.bitmap_index = 4070, .adv_w = 170, .box_w = 9, .box_h = 8, .ofs_x = 1, .ofs_y = 3},
    {.bitmap_index = 4106, .adv_w = 144, .box_w = 9, .box_h = 3, .ofs_x = 0, .ofs_y = -2},
    {.bitmap_index = 4120, .adv_w = 173, .box_w = 6, .box_h = 3, .ofs_x = 1, .ofs_y = 11},
    {.bitmap_index = 4129, .adv_w = 175, .box_w = 10, .box_h = 10, .ofs_x = 0, .ofs_y = 0},
    {.bitmap_index = 4179, .adv_w = 198, .box_w = 11, .box_h = 14, .ofs_x = 1, .ofs_y = 0},
    {.bitmap_index = 4256, .adv_w = 167, .box_w = 10, .box_h = 10, .ofs_x = 0, .ofs_y = 0},
    {.bitmap_index = 4306, .adv_w = 198, .box_w = 11, .box_h = 14, .ofs_x = 0, .ofs_y = 0},
    {.bitmap_index = 4383, .adv_w = 179, .box_w = 11, .box_h = 10, .ofs_x = 0, .ofs_y = 0},
    {.bitmap_index = 4438, .adv_w = 106, .box_w = 8, .box_h = 14, .ofs_x = 0, .ofs_y = 0},
    {.bitmap_index = 4494, .adv_w = 200, .box_w = 12, .box_h = 14, .ofs_x = 0, .ofs_y = -4},
    {.bitmap_index = 4578, .adv_w = 197, .box_w = 10, .box_h = 14, .ofs_x = 1, .ofs_y = 0},
    {.bitmap_index = 4648, .adv_w = 83, .box_w = 4, .box_h = 15, .ofs_x = 1, .ofs_y = 0},
    {.bitmap_index = 4678, .adv_w = 85, .box_w = 7, .box_h = 19, .ofs_x = -2, .ofs_y = -4},
    {.bitmap_index = 4745, .adv_w = 183, .box_w = 11, .box_h = 14, .ofs_x = 1, .ofs_y = 0},
    {.bitmap_index = 4822, .adv_w = 83, .box_w = 3, .box_h = 14, .ofs_x = 1, .ofs_y = 0},
    {.bitmap_index = 4843, .adv_w = 303, .box_w = 17, .box_h = 10, .ofs_x = 1, .ofs_y = 0},
    {.bitmap_index = 4928, .adv_w = 197, .box_w = 10, .box_h = 10, .ofs_x = 1, .ofs_y = 0},
    {.bitmap_index = 4978, .adv_w = 186, .box_w = 11, .box_h = 10, .ofs_x = 0, .ofs_y = 0},
    {.bitmap_index = 5033, .adv_w = 198, .box_w = 11, .box_h = 14, .ofs_x = 1, .ofs_y = -4},
    {.bitmap_index = 5110, .adv_w = 198, .box_w = 11, .box_h = 14, .ofs_x = 0, .ofs_y = -4},
    {.bitmap_index = 5187, .adv_w = 121, .box_w = 7, .box_h = 10, .ofs_x = 1, .ofs_y = 0},
    {.bitmap_index = 5222, .adv_w = 148, .box_w = 9, .box_h = 10, .ofs_x = 0, .ofs_y = 0},
    {.bitmap_index = 5267, .adv_w = 122, .box_w = 8, .box_h = 12, .ofs_x = 0, .ofs_y = 0},
    {.bitmap_index = 5315, .adv_w = 196, .box_w = 10, .box_h = 10, .ofs_x = 1, .ofs_y = 0},
    {.bitmap_index = 5365, .adv_w = 166, .box_w = 12, .box_h = 10, .ofs_x = -1, .ofs_y = 0},
    {.bitmap_index = 5425, .adv_w = 265, .box_w = 17, .box_h = 10, .ofs_x = 0, .ofs_y = 0},
    {.bitmap_index = 5510, .adv_w = 165, .box_w = 11, .box_h = 10, .ofs_x = 0, .ofs_y = 0},
    {.bitmap_index = 5565, .adv_w = 166, .box_w = 12, .box_h = 14, .ofs_x = -1, .ofs_y = -4},
    {.bitmap_index = 5649, .adv_w = 153, .box_w = 9, .box_h = 10, .ofs_x = 0, .ofs_y = 0},
    {.bitmap_index = 5694, .adv_w = 107, .box_w = 7, .box_h = 18, .ofs_x = 0, .ofs_y = -4},
    {.bitmap_index = 5757, .adv_w = 87, .box_w = 3, .box_h = 18, .ofs_x = 1, .ofs_y = -4},
    {.bitmap_index = 5784, .adv_w = 107, .box_w = 6, .box_h = 18, .ofs_x = 0, .ofs_y = -4},
    {.bitmap_index = 5838, .adv_w = 170, .box_w = 10, .box_h = 4, .ofs_x = 0, .ofs_y = 5},
    {.bitmap_index = 5858, .adv_w = 79, .box_w = 0, .box_h = 0, .ofs_x = 0, .ofs_y = 0},
    {.bitmap_index = 5858, .adv_w = 80, .box_w = 3, .box_h = 13, .ofs_x = 1, .ofs_y = -3},
    {.bitmap_index = 5878, .adv_w = 167, .box_w = 10, .box_h = 15, .ofs_x = 0, .ofs_y = -2},
    {.bitmap_index = 5953, .adv_w = 189, .box_w = 12, .box_h = 13, .ofs_x = 0, .ofs_y = 0},
    {.bitmap_index = 6031, .adv_w = 202, .box_w = 13, .box_h = 13, .ofs_x = 0, .ofs_y = -1},
    {.bitmap_index = 6116, .adv_w = 208, .box_w = 15, .box_h = 13, .ofs_x = -1, .ofs_y = 0},
    {.bitmap_index = 6214, .adv_w = 87, .box_w = 3, .box_h = 18, .ofs_x = 1, .ofs_y = -4},
    {.bitmap_index = 6241, .adv_w = 147, .box_w = 9, .box_h = 15, .ofs_x = 0, .ofs_y = -2},
    {.bitmap_index = 6309, .adv_w = 173, .box_w = 7, .box_h = 3, .ofs_x = 2, .ofs_y = 11},
    {.bitmap_index = 6320, .adv_w = 229, .box_w = 14, .box_h = 14, .ofs_x = 0, .ofs_y = -1},
    {.bitmap_index = 6418, .adv_w = 118, .box_w = 7, .box_h = 7, .ofs_x = 0, .ofs_y = 6},
    {.bitmap_index = 6443, .adv_w = 154, .box_w = 10, .box_h = 8, .ofs_x = 0, .ofs_y = 1},
    {.bitmap_index = 6483, .adv_w = 170, .box_w = 9, .box_h = 6, .ofs_x = 1, .ofs_y = 2},
    {.bitmap_index = 6510, .adv_w = 229, .box_w = 14, .box_h = 14, .ofs_x = 0, .ofs_y = -1},
    {.bitmap_index = 6608, .adv_w = 173, .box_w = 7, .box_h = 3, .ofs_x = 2, .ofs_y = 11},
    {.bitmap_index = 6619, .adv_w = 121, .box_w = 7, .box_h = 8, .ofs_x = 0, .ofs_y = 6},
    {.bitmap_index = 6647, .adv_w = 170, .box_w = 9, .box_h = 12, .ofs_x = 1, .ofs_y = 0},
    {.bitmap_index = 6701, .adv_w = 124, .box_w = 7, .box_h = 7, .ofs_x = 0, .ofs_y = 6},
    {.bitmap_index = 6726, .adv_w = 124, .box_w = 7, .box_h = 7, .ofs_x = 0, .ofs_y = 6},
    {.bitmap_index = 6751, .adv_w = 173, .box_w = 6, .box_h = 3, .ofs_x = 3, .ofs_y = 11},
    {.bitmap_index = 6760, .adv_w = 198, .box_w = 10, .box_h = 14, .ofs_x = 1, .ofs_y = -4},
    {.bitmap_index = 6830, .adv_w = 192, .box_w = 11, .box_h = 16, .ofs_x = 0, .ofs_y = -2},
    {.bitmap_index = 6918, .adv_w = 82, .box_w = 4, .box_h = 4, .ofs_x = 1, .ofs_y = 4},
    {.bitmap_index = 6926, .adv_w = 173, .box_w = 5, .box_h = 5, .ofs_x = 3, .ofs_y = -5},
    {.bitmap_index = 6939, .adv_w = 124, .box_w = 6, .box_h = 7, .ofs_x = 1, .ofs_y = 6},
    {.bitmap_index = 6960, .adv_w = 122, .box_w = 8, .box_h = 7, .ofs_x = 0, .ofs_y = 6},
    {.bitmap_index = 6988, .adv_w = 154, .box_w = 9, .box_h = 8, .ofs_x = 0, .ofs_y = 1},
    {.bitmap_index = 7024, .adv_w = 299, .box_w = 18, .box_h = 14, .ofs_x = 1, .ofs_y = 0},
    {.bitmap_index = 7150, .adv_w = 299, .box_w = 17, .box_h = 15, .ofs_x = 1, .ofs_y = -1},
    {.bitmap_index = 7278, .adv_w = 299, .box_w = 19, .box_h = 14, .ofs_x = 0, .ofs_y = 0},
    {.bitmap_index = 7411, .adv_w = 167, .box_w = 10, .box_h = 13, .ofs_x = 1, .ofs_y = -3},
    {.bitmap_index = 7476, .adv_w = 216, .box_w = 15, .box_h = 17, .ofs_x = -1, .ofs_y = 0},
    {.bitmap_index = 7604, .adv_w = 216, .box_w = 15, .box_h = 17, .ofs_x = -1, .ofs_y = 0},
    {.bitmap_index = 7732, .adv_w = 216, .box_w = 15, .box_h = 17, .ofs_x = -1, .ofs_y = 0},
    {.bitmap_index = 7860, .adv_w = 216, .box_w = 15, .box_h = 18, .ofs_x = -1, .ofs_y = 0},
    {.bitmap_index = 7995, .adv_w = 216, .box_w = 15, .box_h = 17, .ofs_x = -1, .ofs_y = 0},
    {.bitmap_index = 8123, .adv_w = 216, .box_w = 15, .box_h = 18, .ofs_x = -1, .ofs_y = 0},
    {.bitmap_index = 8258, .adv_w = 306, .box_w = 20, .box_h = 13, .ofs_x = -1, .ofs_y = 0},
    {.bitmap_index = 8388, .adv_w = 207, .box_w = 13, .box_h = 18, .ofs_x = 0, .ofs_y = -5},
    {.bitmap_index = 8505, .adv_w = 193, .box_w = 11, .box_h = 17, .ofs_x = 1, .ofs_y = 0},
    {.bitmap_index = 8599, .adv_w = 193, .box_w = 11, .box_h = 17, .ofs_x = 1, .ofs_y = 0},
    {.bitmap_index = 8693, .adv_w = 193, .box_w = 11, .box_h = 17, .ofs_x = 1, .ofs_y = 0},
    {.bitmap_index = 8787, .adv_w = 193, .box_w = 11, .box_h = 17, .ofs_x = 1, .ofs_y = 0},
    {.bitmap_index = 8881, .adv_w = 92, .box_w = 6, .box_h = 17, .ofs_x = -1, .ofs_y = 0},
    {.bitmap_index = 8932, .adv_w = 92, .box_w = 6, .box_h = 17, .ofs_x = 1, .ofs_y = 0},
    {.bitmap_index = 8983, .adv_w = 92, .box_w = 8, .box_h = 17, .ofs_x = -1, .ofs_y = 0},
    {.bitmap_index = 9051, .adv_w = 92, .box_w = 6, .box_h = 17, .ofs_x = 0, .ofs_y = 0},
    {.bitmap_index = 9102, .adv_w = 241, .box_w = 15, .box_h = 13, .ofs_x = 0, .ofs_y = 0},
    {.bitmap_index = 9200, .adv_w = 233, .box_w = 12, .box_h = 18, .ofs_x = 1, .ofs_y = 0},
    {.bitmap_index = 9308, .adv_w = 242, .box_w = 15, .box_h = 17, .ofs_x = 0, .ofs_y = 0},
    {.bitmap_index = 9436, .adv_w = 242, .box_w = 15, .box_h = 17, .ofs_x = 0, .ofs_y = 0},
    {.bitmap_index = 9564, .adv_w = 242, .box_w = 15, .box_h = 17, .ofs_x = 0, .ofs_y = 0},
    {.bitmap_index = 9692, .adv_w = 242, .box_w = 15, .box_h = 18, .ofs_x = 0, .ofs_y = 0},
    {.bitmap_index = 9827, .adv_w = 242, .box_w = 15, .box_h = 17, .ofs_x = 0, .ofs_y = 0},
    {.bitmap_index = 9955, .adv_w = 170, .box_w = 8, .box_h = 9, .ofs_x = 1, .ofs_y = 2},
    {.bitmap_index = 9991, .adv_w = 242, .box_w = 15, .box_h = 16, .ofs_x = 0, .ofs_y = -1},
    {.bitmap_index = 10111, .adv_w = 227, .box_w = 12, .box_h = 17, .ofs_x = 1, .ofs_y = 0},
    {.bitmap_index = 10213, .adv_w = 227, .box_w = 12, .box_h = 17, .ofs_x = 1, .ofs_y = 0},
    {.bitmap_index = 10315, .adv_w = 227, .box_w = 12, .box_h = 17, .ofs_x = 1, .ofs_y = 0},
    {.bitmap_index = 10417, .adv_w = 227, .box_w = 12, .box_h = 17, .ofs_x = 1, .ofs_y = 0},
    {.bitmap_index = 10519, .adv_w = 190, .box_w = 14, .box_h = 17, .ofs_x = -1, .ofs_y = 0},
    {.bitmap_index = 10638, .adv_w = 209, .box_w = 12, .box_h = 13, .ofs_x = 1, .ofs_y = 0},
    {.bitmap_index = 10716, .adv_w = 197, .box_w = 11, .box_h = 14, .ofs_x = 1, .ofs_y = 0},
    {.bitmap_index = 10793, .adv_w = 175, .box_w = 10, .box_h = 14, .ofs_x = 0, .ofs_y = 0},
    {.bitmap_index = 10863, .adv_w = 175, .box_w = 10, .box_h = 14, .ofs_x = 0, .ofs_y = 0},
    {.bitmap_index = 10933, .adv_w = 175, .box_w = 10, .box_h = 14, .ofs_x = 0, .ofs_y = 0},
    {.bitmap_index = 11003, .adv_w = 175, .box_w = 10, .box_h = 14, .ofs_x = 0, .ofs_y = 0},
    {.bitmap_index = 11073, .adv_w = 175, .box_w = 10, .box_h = 14, .ofs_x = 0, .ofs_y = 0},
    {.bitmap_index = 11143, .adv_w = 175, .box_w = 10, .box_h = 15, .ofs_x = 0, .ofs_y = 0},
    {.bitmap_index = 11218, .adv_w = 286, .box_w = 18, .box_h = 10, .ofs_x = 0, .ofs_y = 0},
    {.bitmap_index = 11308, .adv_w = 167, .box_w = 10, .box_h = 15, .ofs_x = 0, .ofs_y = -5},
    {.bitmap_index = 11383, .adv_w = 179, .box_w = 11, .box_h = 14, .ofs_x = 0, .ofs_y = 0},
    {.bitmap_index = 11460, .adv_w = 179, .box_w = 11, .box_h = 14, .ofs_x = 0, .ofs_y = 0},
    {.bitmap_index = 11537, .adv_w = 179, .box_w = 11, .box_h = 14, .ofs_x = 0, .ofs_y = 0},
    {.bitmap_index = 11614, .adv_w = 179, .box_w = 11, .box_h = 14, .ofs_x = 0, .ofs_y = 0},
    {.bitmap_index = 11691, .adv_w = 83, .box_w = 6, .box_h = 14, .ofs_x = -1, .ofs_y = 0},
    {.bitmap_index = 11733, .adv_w = 83, .box_w = 6, .box_h = 14, .ofs_x = 1, .ofs_y = 0},
    {.bitmap_index = 11775, .adv_w = 83, .box_w = 7, .box_h = 14, .ofs_x = -1, .ofs_y = 0},
    {.bitmap_index = 11824, .adv_w = 83, .box_w = 6, .box_h = 14, .ofs_x = 0, .ofs_y = 0},
    {.bitmap_index = 11866, .adv_w = 175, .box_w = 11, .box_h = 14, .ofs_x = 0, .ofs_y = 0},
    {.bitmap_index = 11943, .adv_w = 197, .box_w = 10, .box_h = 14, .ofs_x = 1, .ofs_y = 0},
    {.bitmap_index = 12013, .adv_w = 186, .box_w = 11, .box_h = 14, .ofs_x = 0, .ofs_y = 0},
    {.bitmap_index = 12090, .adv_w = 186, .box_w = 11, .box_h = 14, .ofs_x = 0, .ofs_y = 0},
    {.bitmap_index = 12167, .adv_w = 186, .box_w = 11, .box_h = 14, .ofs_x = 0, .ofs_y = 0},
    {.bitmap_index = 12244, .adv_w = 186, .box_w = 11, .box_h = 14, .ofs_x = 0, .ofs_y = 0},
    {.bitmap_index = 12321, .adv_w = 186, .box_w = 11, .box_h = 14, .ofs_x = 0, .ofs_y = 0},
    {.bitmap_index = 12398, .adv_w = 170, .box_w = 9, .box_h = 10, .ofs_x = 1, .ofs_y = 1},
    {.bitmap_index = 12443, .adv_w = 186, .box_w = 11, .box_h = 13, .ofs_x = 0, .ofs_y = -2},
    {.bitmap_index = 12515, .adv_w = 196, .box_w = 10, .box_h = 14, .ofs_x = 1, .ofs_y = 0},
    {.bitmap_index = 12585, .adv_w = 196, .box_w = 10, .box_h = 14, .ofs_x = 1, .ofs_y = 0},
    {.bitmap_index = 12655, .adv_w = 196, .box_w = 10, .box_h = 14, .ofs_x = 1, .ofs_y = 0},
    {.bitmap_index = 12725, .adv_w = 196, .box_w = 10, .box_h = 14, .ofs_x = 1, .ofs_y = 0},
    {.bitmap_index = 12795, .adv_w = 166, .box_w = 12, .box_h = 18, .ofs_x = -1, .ofs_y = -4},
    {.bitmap_index = 12903, .adv_w = 198, .box_w = 11, .box_h = 18, .ofs_x = 1, .ofs_y = -4},
    {.bitmap_index = 13002, .adv_w = 166, .box_w = 12, .box_h = 18, .ofs_x = -1, .ofs_y = -4},
    {.bitmap_index = 13110, .adv_w = 216, .box_w = 15, .box_h = 17, .ofs_x = -1, .ofs_y = 0},
    {.bitmap_index = 13238, .adv_w = 175, .box_w = 10, .box_h = 14, .ofs_x = 0, .ofs_y = 0},
    {.bitmap_index = 13308, .adv_w = 167, .box_w = 10, .box_h = 14, .ofs_x = 0, .ofs_y = 0},
    {.bitmap_index = 13378, .adv_w = 198, .box_w = 15, .box_h = 15, .ofs_x = 0, .ofs_y = 0},
    {.bitmap_index = 13491, .adv_w = 83, .box_w = 6, .box_h = 18, .ofs_x = 1, .ofs_y = 0},
    {.bitmap_index = 13545, .adv_w = 83, .box_w = 7, .box_h = 15, .ofs_x = 1, .ofs_y = 0},
    {.bitmap_index = 13598, .adv_w = 197, .box_w = 10, .box_h = 14, .ofs_x = 1, .ofs_y = 0},
    {.bitmap_index = 13668, .adv_w = 242, .box_w = 15, .box_h = 17, .ofs_x = 0, .ofs_y = 0},
    {.bitmap_index = 13796, .adv_w = 186, .box_w = 11, .box_h = 14, .ofs_x = 0, .ofs_y = 0},
    {.bitmap_index = 13873, .adv_w = 121, .box_w = 7, .box_h = 14, .ofs_x = 1, .ofs_y = 0},
    {.bitmap_index = 13922, .adv_w = 148, .box_w = 9, .box_h = 14, .ofs_x = 0, .ofs_y = 0},
    {.bitmap_index = 13985, .adv_w = 122, .box_w = 8, .box_h = 15, .ofs_x = 0, .ofs_y = 0},
    {.bitmap_index = 14045, .adv_w = 227, .box_w = 12, .box_h = 17, .ofs_x = 1, .ofs_y = 0},
    {.bitmap_index = 14147, .adv_w = 196, .box_w = 10, .box_h = 14, .ofs_x = 1, .ofs_y = 0},
    {.bitmap_index = 14217, .adv_w = 153, .box_w = 9, .box_h = 14, .ofs_x = 0, .ofs_y = 0},
    {.bitmap_index = 14280, .adv_w = 181, .box_w = 11, .box_h = 18, .ofs_x = 0, .ofs_y = -5},
    {.bitmap_index = 14379, .adv_w = 148, .box_w = 9, .box_h = 15, .ofs_x = 0, .ofs_y = -5},
    {.bitmap_index = 14447, .adv_w = 173, .box_w = 11, .box_h = 18, .ofs_x = 0, .ofs_y = -5},
    {.bitmap_index = 14546, .adv_w = 122, .box_w = 8, .box_h = 17, .ofs_x = 0, .ofs_y = -5},
    {.bitmap_index = 14614, .adv_w = 96, .box_w = 4, .box_h = 5, .ofs_x = 1, .ofs_y = 3},
    {.bitmap_index = 14624, .adv_w = 288, .box_w = 19, .box_h = 19, .ofs_x = 0, .ofs_y = -3},
    {.bitmap_index = 14805, .adv_w = 288, .box_w = 18, .box_h = 14, .ofs_x = 0, .ofs_y = 0},
    {.bitmap_index = 14931, .adv_w = 288, .box_w = 18, .box_h = 17, .ofs_x = 0, .ofs_y = -2},
    {.bitmap_index = 15084, .adv_w = 288, .box_w = 18, .box_h = 14, .ofs_x = 0, .ofs_y = 0},
    {.bitmap_index = 15210, .adv_w = 198, .box_w = 13, .box_h = 13, .ofs_x = 0, .ofs_y = 0},
    {.bitmap_index = 15295, .adv_w = 288, .box_w = 19, .box_h = 18, .ofs_x = 0, .ofs_y = -2},
    {.bitmap_index = 15466, .adv_w = 288, .box_w = 18, .box_h = 19, .ofs_x = 0, .ofs_y = -3},
    {.bitmap_index = 15637, .adv_w = 324, .box_w = 21, .box_h = 17, .ofs_x = 0, .ofs_y = -2},
    {.bitmap_index = 15816, .adv_w = 288, .box_w = 18, .box_h = 19, .ofs_x = 0, .ofs_y = -3},
    {.bitmap_index = 15987, .adv_w = 324, .box_w = 21, .box_h = 14, .ofs_x = 0, .ofs_y = 0},
    {.bitmap_index = 16134, .adv_w = 288, .box_w = 18, .box_h = 19, .ofs_x = 0, .ofs_y = -3},
    {.bitmap_index = 16305, .adv_w = 144, .box_w = 9, .box_h = 15, .ofs_x = 0, .ofs_y = -1},
    {.bitmap_index = 16373, .adv_w = 216, .box_w = 14, .box_h = 15, .ofs_x = 0, .ofs_y = -1},
    {.bitmap_index = 16478, .adv_w = 324, .box_w = 21, .box_h = 18, .ofs_x = 0, .ofs_y = -2},
    {.bitmap_index = 16667, .adv_w = 288, .box_w = 18, .box_h = 14, .ofs_x = 0, .ofs_y = 0},
    {.bitmap_index = 16793, .adv_w = 198, .box_w = 13, .box_h = 19, .ofs_x = 0, .ofs_y = -3},
    {.bitmap_index = 16917, .adv_w = 252, .box_w = 12, .box_h = 17, .ofs_x = 2, .ofs_y = -2},
    {.bitmap_index = 17019, .adv_w = 252, .box_w = 16, .box_h = 19, .ofs_x = 0, .ofs_y = -3},
    {.bitmap_index = 17171, .adv_w = 252, .box_w = 16, .box_h = 17, .ofs_x = 0, .ofs_y = -2},
    {.bitmap_index = 17307, .adv_w = 252, .box_w = 16, .box_h = 17, .ofs_x = 0, .ofs_y = -2},
    {.bitmap_index = 17443, .adv_w = 252, .box_w = 12, .box_h = 17, .ofs_x = 2, .ofs_y = -2},
    {.bitmap_index = 17545, .adv_w = 252, .box_w = 18, .box_h = 17, .ofs_x = -1, .ofs_y = -2},
    {.bitmap_index = 17698, .adv_w = 180, .box_w = 11, .box_h = 16, .ofs_x = 0, .ofs_y = -1},
    {.bitmap_index = 17786, .adv_w = 180, .box_w = 11, .box_h = 16, .ofs_x = 0, .ofs_y = -1},
    {.bitmap_index = 17874, .adv_w = 252, .box_w = 16, .box_h = 17, .ofs_x = 0, .ofs_y = -2},
    {.bitmap_index = 18010, .adv_w = 252, .box_w = 16, .box_h = 4, .ofs_x = 0, .ofs_y = 5},
    {.bitmap_index = 18042, .adv_w = 324, .box_w = 21, .box_h = 14, .ofs_x = 0, .ofs_y = 0},
    {.bitmap_index = 18189, .adv_w = 360, .box_w = 23, .box_h = 19, .ofs_x = 0, .ofs_y = -3},
    {.bitmap_index = 18408, .adv_w = 324, .box_w = 22, .box_h = 19, .ofs_x = -1, .ofs_y = -3},
    {.bitmap_index = 18617, .adv_w = 288, .box_w = 18, .box_h = 17, .ofs_x = 0, .ofs_y = -2},
    {.bitmap_index = 18770, .adv_w = 252, .box_w = 16, .box_h = 10, .ofs_x = 0, .ofs_y = 2},
    {.bitmap_index = 18850, .adv_w = 252, .box_w = 16, .box_h = 10, .ofs_x = 0, .ofs_y = 2},
    {.bitmap_index = 18930, .adv_w = 360, .box_w = 24, .box_h = 15, .ofs_x = -1, .ofs_y = -1},
    {.bitmap_index = 19110, .adv_w = 288, .box_w = 18, .box_h = 14, .ofs_x = 0, .ofs_y = 0},
    {.bitmap_index = 19236, .adv_w = 288, .box_w = 18, .box_h = 19, .ofs_x = 0, .ofs_y = -3},
    {.bitmap_index = 19407, .adv_w = 288, .box_w = 19, .box_h = 19, .ofs_x = -1, .ofs_y = -3},
    {.bitmap_index = 19588, .adv_w = 252, .box_w = 16, .box_h = 17, .ofs_x = 0, .ofs_y = -2},
    {.bitmap_index = 19724, .adv_w = 252, .box_w = 16, .box_h = 19, .ofs_x = 0, .ofs_y = -3},
    {.bitmap_index = 19876, .adv_w = 252, .box_w = 16, .box_h = 17, .ofs_x = 0, .ofs_y = -2},
    {.bitmap_index = 20012, .adv_w = 252, .box_w = 16, .box_h = 15, .ofs_x = 0, .ofs_y = -1},
    {.bitmap_index = 20132, .adv_w = 288, .box_w = 18, .box_h = 14, .ofs_x = 0, .ofs_y = 0},
    {.bitmap_index = 20258, .adv_w = 180, .box_w = 13, .box_h = 19, .ofs_x = -1, .ofs_y = -3},
    {.bitmap_index = 20382, .adv_w = 252, .box_w = 16, .box_h = 19, .ofs_x = 0, .ofs_y = -3},
    {.bitmap_index = 20534, .adv_w = 252, .box_w = 16, .box_h = 19, .ofs_x = 0, .ofs_y = -3},
    {.bitmap_index = 20686, .adv_w = 324, .box_w = 21, .box_h = 14, .ofs_x = 0, .ofs_y = 0},
    {.bitmap_index = 20833, .adv_w = 288, .box_w = 20, .box_h = 20, .ofs_x = -1, .ofs_y = -3},
    {.bitmap_index = 21033, .adv_w = 216, .box_w = 14, .box_h = 19, .ofs_x = 0, .ofs_y = -3},
    {.bitmap_index = 21166, .adv_w = 360, .box_w = 23, .box_h = 18, .ofs_x = 0, .ofs_y = -2},
    {.bitmap_index = 21373, .adv_w = 360, .box_w = 23, .box_h = 12, .ofs_x = 0, .ofs_y = 1},
    {.bitmap_index = 21511, .adv_w = 360, .box_w = 23, .box_h = 12, .ofs_x = 0, .ofs_y = 1},
    {.bitmap_index = 21649, .adv_w = 360, .box_w = 23, .box_h = 12, .ofs_x = 0, .ofs_y = 1},
    {.bitmap_index = 21787, .adv_w = 360, .box_w = 23, .box_h = 12, .ofs_x = 0, .ofs_y = 1},
    {.bitmap_index = 21925, .adv_w = 360, .box_w = 23, .box_h = 12, .ofs_x = 0, .ofs_y = 1},
    {.bitmap_index = 22063, .adv_w = 360, .box_w = 23, .box_h = 15, .ofs_x = 0, .ofs_y = -1},
    {.bitmap_index = 22236, .adv_w = 252, .box_w = 14, .box_h = 19, .ofs_x = 1, .ofs_y = -3},
    {.bitmap_index = 22369, .adv_w = 252, .box_w = 16, .box_h = 19, .ofs_x = 0, .ofs_y = -3},
    {.bitmap_index = 22521, .adv_w = 288, .box_w = 19, .box_h = 19, .ofs_x = -1, .ofs_y = -3},
    {.bitmap_index = 22702, .adv_w = 360, .box_w = 23, .box_h = 14, .ofs_x = 0, .ofs_y = 0},
    {.bitmap_index = 22863, .adv_w = 216, .box_w = 14, .box_h = 19, .ofs_x = 0, .ofs_y = -3},
    {.bitmap_index = 22996, .adv_w = 290, .box_w = 19, .box_h = 12, .ofs_x = 0, .ofs_y = 1}
};

/*---------------------
 *  CHARACTER MAPPING
 *--------------------*/

static const uint16_t unicode_list_3[] = {
    0x0, 0x1, 0xb, 0xd, 0x38, 0x3c, 0x46, 0x4e,
    0x4f, 0x53, 0x5f, 0x63, 0x6e, 0x6f, 0x7c, 0x116,
    0x117, 0x118, 0x119, 0x1f20, 0xeeff, 0xef06, 0xef09, 0xef0a,
    0xef0b, 0xef0f, 0xef11, 0xef13, 0xef17, 0xef1a, 0xef1f, 0xef24,
    0xef25, 0xef26, 0xef3c, 0xef41, 0xef46, 0xef49, 0xef4a, 0xef4b,
    0xef4f, 0xef50, 0xef51, 0xef52, 0xef65, 0xef66, 0xef6c, 0xef6e,
    0xef6f, 0xef72, 0xef75, 0xef76, 0xef77, 0xef79, 0xef91, 0xef93,
    0xefc2, 0xefc3, 0xefc5, 0xefc7, 0xefde, 0xefe5, 0xefe8, 0xeff1,
    0xf01a, 0xf022, 0xf059, 0xf0e9, 0xf13e, 0xf13f, 0xf140, 0xf141,
    0xf142, 0xf185, 0xf191, 0xf1eb, 0xf202, 0xf458, 0xf6c0, 0xf7a0
};

/*Collect the unicode lists and glyph_id offsets*/
static const lv_font_fmt_txt_cmap_t cmaps[] =
{
    {
        .range_start = 32, .range_length = 95, .glyph_id_start = 1,
        .unicode_list = NULL, .glyph_id_ofs_list = NULL, .list_length = 0, .type = LV_FONT_FMT_TXT_CMAP_FORMAT0_TINY
    },
    {
        .range_start = 160, .range_length = 13, .glyph_id_start = 96,
        .unicode_list = NULL, .glyph_id_ofs_list = NULL, .list_length = 0, .type = LV_FONT_FMT_TXT_CMAP_FORMAT0_TINY
    },
    {
        .range_start = 174, .range_length = 82, .glyph_id_start = 109,
        .unicode_list = NULL, .glyph_id_ofs_list = NULL, .list_length = 0, .type = LV_FONT_FMT_TXT_CMAP_FORMAT0_TINY
    },
    {
        .range_start = 258, .range_length = 63393, .glyph_id_start = 191,
        .unicode_list = unicode_list_3, .glyph_id_ofs_list = NULL, .list_length = 80, .type = LV_FONT_FMT_TXT_CMAP_SPARSE_TINY
    }
};

/*-----------------
 *    KERNING
 *----------------*/


/*Map glyph_ids to kern left classes*/
static const uint8_t kern_left_class_mapping[] =
{
    0, 0, 1, 2, 0, 3, 4, 5,
    2, 6, 0, 7, 8, 9, 8, 9,
    10, 11, 0, 12, 13, 14, 15, 16,
    17, 18, 11, 19, 19, 0, 0, 0,
    20, 21, 0, 0, 0, 0, 0, 0,
    0, 0, 0, 0, 0, 0, 0, 0,
    0, 0, 0, 0, 0, 0, 0, 0,
    0, 0, 0, 0, 22, 23, 0, 0,
    24, 0, 0, 0, 0, 0, 0, 0,
    0, 0, 0, 0, 0, 0, 0, 0,
    0, 0, 0, 0, 0, 0, 0, 0,
    0, 0, 0, 0, 22, 0, 0, 8,
    0, 25, 26, 27, 28, 29, 0, 30,
    0, 21, 0, 31, 0, 21, 0, 32,
    8, 0, 0, 0, 33, 0, 8, 0,
    0, 0, 8, 0, 0, 0, 34, 0,
    0, 0, 0, 0, 0, 0, 0, 0,
    0, 0, 0, 0, 0, 0, 0, 0,
    0, 0, 0, 0, 0, 0, 0, 0,
    0, 0, 0, 0, 0, 0, 0, 0,
    0, 0, 0, 0, 0, 0, 0, 0,
    0, 0, 0, 0, 0, 0, 0, 0,
    0, 0, 0, 0, 0, 0, 8, 0,
    0, 0, 0, 0, 0, 0, 0, 0,
    0, 0, 0, 0, 0, 0, 0, 0,
    0, 0, 0, 0, 0, 0, 0, 0,
    0, 0, 8, 0, 0, 0, 0, 0,
    0, 0, 0, 0, 0, 0, 0, 0,
    0, 0, 0, 0, 0, 0, 0, 0,
    0, 0, 0, 0, 0, 0, 0, 0,
    0, 0, 0, 0, 0, 0, 0, 0,
    0, 0, 0, 0, 0, 0, 0, 0,
    0, 0, 0, 0, 0, 0, 0, 0,
    0, 0, 0, 0, 0, 0, 0
};

/*Map glyph_ids to kern right classes*/
static const uint8_t kern_right_class_mapping[] =
{
    0, 0, 1, 2, 0, 3, 4, 5,
    2, 0, 6, 7, 8, 9, 8, 9,
    10, 11, 12, 13, 14, 15, 16, 11,
    17, 18, 19, 20, 20, 0, 0, 0,
    21, 22, 0, 0, 0, 0, 0, 0,
    0, 0, 0, 0, 0, 0, 0, 0,
    0, 0, 0, 0, 0, 0, 0, 0,
    0, 0, 0, 0, 23, 24, 25, 0,
    26, 0, 0, 0, 0, 0, 0, 0,
    0, 0, 0, 0, 0, 0, 0, 0,
    0, 0, 0, 0, 0, 0, 0, 0,
    0, 0, 0, 0, 0, 0, 25, 8,
    0, 27, 28, 29, 30, 31, 0, 32,
    0, 22, 0, 8, 8, 22, 0, 33,
    8, 0, 0, 0, 34, 35, 8, 0,
    0, 0, 36, 0, 0, 0, 37, 0,
    0, 0, 0, 0, 0, 0, 0, 0,
    0, 0, 0, 0, 0, 0, 0, 0,
    0, 0, 0, 0, 0, 0, 0, 0,
    0, 0, 0, 0, 0, 0, 0, 0,
    0, 0, 0, 0, 0, 0, 0, 0,
    0, 0, 0, 0, 0, 0, 0, 0,
    0, 0, 0, 0, 0, 0, 8, 0,
    0, 0, 0, 0, 0, 0, 0, 0,
    0, 0, 0, 0, 0, 0, 0, 0,
    0, 0, 0, 0, 0, 0, 0, 0,
    0, 0, 8, 0, 0, 0, 0, 0,
    0, 0, 0, 0, 0, 0, 0, 0,
    0, 0, 0, 0, 0, 0, 0, 0,
    0, 0, 0, 0, 0, 0, 0, 0,
    0, 0, 0, 0, 0, 0, 0, 0,
    0, 0, 0, 0, 0, 0, 0, 0,
    0, 0, 0, 0, 0, 0, 0, 0,
    0, 0, 0, 0, 0, 0, 0
};

/*Kern values between classes*/
static const int8_t kern_class_values[] =
{
    0, 0, 0, 0, 0, 0, 2, 0,
    0, 0, 0, 3, 0, 0, 0, 0,
    1, 0, 0, 0, 0, 0, 0, 0,
    0, 0, 0, 0, 0, 0, 4, 0,
    0, 0, 0, 0, 0, 0, 13, 0,
    7, -6, 0, 6, 0, -16, -17, 1,
    13, 6, 4, -12, 1, 13, 0, 12,
    3, 9, -4, 0, 17, 3, -1, 0,
    -4, 0, -6, 6, 0, 6, 0, 12,
    0, -11, 0, -9, 0, 0, 0, 0,
    -6, 4, 6, 0, 0, -3, 0, -1,
    3, 0, -3, 0, -3, -1, -6, 0,
    0, -3, 0, -6, 0, 0, 0, 0,
    0, 0, -4, 0, 0, 0, -3, 0,
    -7, 0, -35, 0, -6, -14, 6, 9,
    0, 0, -6, 3, 3, 10, 6, -4,
    6, 0, 0, -16, 0, 0, -10, 0,
    0, 0, 7, 0, 0, 0, 0, -7,
    0, 0, 0, 0, -3, -13, 0, -12,
    -1, 0, -9, 0, 0, 10, 0, -9,
    -3, 0, 0, 0, -4, 0, 0, -2,
    -20, 0, 0, -23, -3, 9, -3, 0,
    0, 0, 0, 0, -13, 0, -14, 0,
    0, 0, 0, 0, 0, 0, 0, 0,
    0, 0, 10, 0, 3, 0, 0, -6,
    0, 0, 0, 0, 0, 0, 0, 0,
    12, 3, 0, 0, 0, 0, 0, 6,
    0, 0, 0, 0, 0, 0, 2, 6,
    3, 9, -3, 0, 6, -3, -10, -39,
    1, 7, 6, 0, -4, 0, 9, 0,
    9, 0, 9, 0, 0, 0, 0, -3,
    0, -4, 0, 1, 0, 0, 9, 0,
    10, 4, -23, 0, 0, -4, -10, 0,
    0, -3, 0, -2, 0, 1, -6, -4,
    -6, 1, 0, -3, 0, 0, 0, -12,
    1, 0, -19, 0, 0, 0, 3, 0,
    1, -7, 3, 0, 0, -24, -3, 0,
    0, -16, 3, -19, 0, 0, -10, -2,
    0, 27, -3, -4, 3, 3, -1, 0,
    -4, 3, 0, 0, -16, -6, 0, -27,
    0, 3, 0, -3, 0, -3, -9, 0,
    -19, 0, -39, 0, 3, 0, 17, -6,
    0, -10, 10, 0, -20, -27, -20, -6,
    9, 0, 0, -19, 0, 3, -7, 0,
    -4, 0, -6, 0, 6, 9, -35, -19,
    -19, -3, 0, 12, -6, 13, -19, 0,
    -13, -22, 0, 1, 0, 0, 0, 0,
    1, 1, -3, -6, 0, 0, 0, -3,
    0, 0, -1, 0, 0, 0, -6, 0,
    0, -6, 0, -6, 0, 0, 0, 0,
    -3, 0, 0, 0, 0, 0, -9, 0,
    0, 0, 3, -1, 0, 0, -1, 3,
    3, 0, 0, 0, 0, -4, 0, 0,
    0, 0, 0, 0, 0, 0, -1, 0,
    9, 0, -3, 0, 0, 0, 0, 0,
    0, 0, 0, 0, 0, -3, 0, -3,
    0, 0, 0, 0, 0, 0, 0, 0,
    -1, -1, 0, -3, -3, 0, 0, 0,
    0, 0, 0, 0, 0, 0, 0, 0,
    0, 0, 0, 0, -4, 0, 0, 0,
    0, 0, -9, -1, -9, 6, 0, -6,
    3, 6, 7, 0, -7, 0, -3, 0,
    0, -13, 3, -1, 2, -16, 3, 0,
    -14, 0, 6, 0, 4, 3, 3, -3,
    7, -9, 0, -6, 0, 3, 0, 0,
    0, -3, 0, 0, -3, 0, 0, 0,
    0, 0, -1, -1, 0, -1, -4, 0,
    0, 0, 0, 0, 0, -3, 0, 0,
    0, 0, 0, 0, 0, 0, -3, 0,
    0, 0, 0, 0, -1, 0, -6, 3,
    0, -3, 1, 3, 3, 0, 0, 0,
    0, 0, 0, -1, 0, 0, 0, 0,
    0, 0, 0, 0, 0, 0, 2, 0,
    3, 0, 6, -5, 0, 0, 0, 0,
    0, 9, -1, 0, -9, 0, 7, -14,
    -14, -12, -6, 3, 0, -2, -19, -5,
    0, -5, 0, -6, 4, -5, 0, 3,
    1, -9, -7, -14, -4, -6, 4, -3,
    2, -6, 7, -4, -17, 0, 0, 0,
    -3, 0, 0, 1, 0, 3, 0, 0,
    0, 0, 0, 0, 0, 0, 0, 0,
    0, -3, 0, 0, -9, 0, 0, 0,
    0, 0, 0, -3, 3, 0, 0, 0,
    0, -6, 0, 3, 0, 0, 0, 0,
    0, 0, 0, 14, 0, 0, 0, 0,
    0, 0, 1, 0, 0, 0, -3, 0,
    0, -6, 0, 3, 0, 0, 0, 0,
    -12, 0, 0, 0, 0, 0, 0, -1,
    0, 0, 0, -4, 0, 3, 0, -14,
    -9, 0, 0, 0, -4, -14, 0, 0,
    -3, 3, 0, -12, 0, -3, 0, 0,
    -5, -1, -3, 0, 0, -4, 0, 3,
    0, 0, 3, -30, 0, -4, 0, 0,
    0, 3, 0, 1, -6, -6, 0, -3,
    -3, -3, 0, 0, 0, 0, 0, 0,
    -9, 0, 0, -6, 3, -9, 0, 0,
    0, 0, 0, 0, 3, 0, 0, 0,
    -6, 0, 3, 0, 0, 0, 3, 0,
    -2, 0, 12, 0, 6, 0, 0, -4,
    0, 6, 0, 0, 0, 3, 0, 0,
    9, 0, 9, 0, 0, 0, 0, 6,
    0, 0, 0, 0, 0, 0, 0, -17,
    0, -3, 4, 9, -39, 0, 27, 3,
    -6, -6, 3, 3, -1, 0, -14, 0,
    0, 14, -17, -6, 0, -20, 12, 40,
    12, 0, 0, 0, 0, 9, -17, 0,
    -9, 2, 9, 0, -1, 6, -7, 0,
    0, -3, 0, 3, 36, -6, -2, 9,
    7, -7, 3, 0, 0, 3, 3, -4,
    -9, 0, -37, 9, 0, 4, -7, 4,
    -1, -3, 7, 0, 0, -18, 3, 0,
    0, 0, 0, 0, 0, 0, 0, 0,
    0, 12, 0, -6, 0, 0, 0, 0,
    0, 0, 0, 0, 0, 0, 0, -16,
    0, 4, 0, 0, 0, 0, -6, 0,
    0, 0, 0, 0, 0, 0, 0, 0,
    0, -6, -6, 4, -4, 6, 0, -1,
    -7, -1, -4, -4, 0, -3, -1, -1,
    2, -5, 0, -1, -13, -2, 0, 0,
    -2, 0, 0, 0, -2, 5, 0, 0,
    0, -1, 0, 0, -3, 0, -10, 0,
    6, -9, 0, 3, -10, 4, -3, -3,
    -9, -4, 1, -10, -6, -9, 0, -4,
    0, 4, 0, 4, -7, -9, 0, 0,
    0, -3, 0, -6, 3, -4, -6, 0,
    0, 0, 0, 0, 0, 1, 1, -3,
    0, 0, 0, -2, 0, 0, 0, -3,
    0, 0, 0, 0, 0, 0, 0, 0,
    -1, 0, 0, 0, 0, 0, 0, 0,
    0, 0, 0, -1, 4, 6, 0, 0,
    0, 6, 0, -7, -9, -9, -3, 9,
    0, 3, -3, 0, 7, -3, 0, -12,
    0, 0, 0, 14, 6, -3, -6, 0,
    0, 0, 0, 0, 0, 0, 0, 0,
    -12, 0, 0, 0, 0, 0, 0, 0,
    6, 0, 6, 0, 0, 0, 0, 4,
    0, 1, 3, 0, 0, 0, 0, 0,
    0, 0, 1, 0, 1, 0, 0, 0,
    0, 0, 1, 0, 0, 0, 0, 0,
    0, 0, 0, 0, 4, -3, 0, 2,
    0, 0, 0, 0, 1, 1, 0, 0,
    0, 0, -3, 0, 0, -16, 0, 3,
    0, 0, 0, 0, 0, 0, 0, 0,
    0, 0, 1, 0, 6, 6, 7, 0,
    0, 9, 0, -19, -16, 0, 13, 9,
    5, -12, 1, 12, 0, 10, 0, 6,
    3, 0, 16, 0, 0, 0, -5, 0,
    0, 0, 0, 0, 0, 0, 0, -17,
    0, 0, -3, 0, 0, 0, 0, 0,
    0, 0, 0, -1, 0, 0, 0, 0,
    0, 0, 0, 0, 6, 0, 0, -19,
    0, 0, 0, 0, 0, 0, 0, 0,
    0, 0, 0, 0, 0, 0, -12, 0,
    -17, -4, 0, -24, -12, 0, 12, -14,
    -13, 0, 0, -13, 0, -13, -13, 0,
    0, -39, -16, 0, -26, 3, 14, 0,
    -11, 3, -4, -14, 0, -17, -3, -26,
    -3, -6
};


/*Collect the kern class' data in one place*/
static const lv_font_fmt_txt_kern_classes_t kern_classes =
{
    .class_pair_values   = kern_class_values,
    .left_class_mapping  = kern_left_class_mapping,
    .right_class_mapping = kern_right_class_mapping,
    .left_class_cnt      = 34,
    .right_class_cnt     = 37,
};

/*--------------------
 *  ALL CUSTOM DATA
 *--------------------*/

#if LVGL_VERSION_MAJOR == 8
/*Store all the custom data of the font*/
static  lv_font_fmt_txt_glyph_cache_t cache;
#endif

#if LVGL_VERSION_MAJOR >= 8
static const lv_font_fmt_txt_dsc_t font_dsc = {
#else
static lv_font_fmt_txt_dsc_t font_dsc = {
#endif
    .glyph_bitmap = glyph_bitmap,
    .glyph_dsc = glyph_dsc,
    .cmaps = cmaps,
    .kern_dsc = &kern_classes,
    .kern_scale = 16,
    .cmap_num = 4,
    .bpp = 4,
    .kern_classes = 1,
    .bitmap_format = 0,
#if LVGL_VERSION_MAJOR == 8
    .cache = &cache
#endif
};



/*-----------------
 *  PUBLIC FONT
 *----------------*/

/*Initialize a public general font descriptor*/
#if LVGL_VERSION_MAJOR >= 8
const lv_font_t font_montserrat_semi_bold_18 = {
#else
lv_font_t font_montserrat_semi_bold_18 = {
#endif
    .get_glyph_dsc = lv_font_get_glyph_dsc_fmt_txt,    /*Function pointer to get glyph's data*/
    .get_glyph_bitmap = lv_font_get_bitmap_fmt_txt,    /*Function pointer to get glyph's bitmap*/
    .line_height = 23,          /*The maximum line height required by the font*/
    .base_line = 5,             /*Baseline measured from the bottom of the line*/
#if !(LVGL_VERSION_MAJOR == 6 && LVGL_VERSION_MINOR == 0)
    .subpx = LV_FONT_SUBPX_NONE,
#endif
#if LV_VERSION_CHECK(7, 4, 0) || LVGL_VERSION_MAJOR >= 8
    .underline_position = -2,
    .underline_thickness = 1,
#endif
    .dsc = &font_dsc,          /*The custom font data. Will be accessed by `get_glyph_bitmap/dsc` */
#if LV_VERSION_CHECK(8, 2, 0) || LVGL_VERSION_MAJOR >= 9
    .fallback = NULL,
#endif
    .user_data = NULL,
};



#endif /*#if FONT_MONTSERRAT_SEMI_BOLD_18*/

