/*******************************************************************************
 * Size: 24 px
 * Bpp: 4
 * Opts: --no-compress --no-prefilter --bpp 4 --size 24 --font /tmp/Montserrat-SemiBold.ttf -r 0x20-0x7F,0xA0-0xFF,0x102,0x103,0xC2,0xE2,0xCE,0xEE,0x218,0x219,0x21A,0x21B,0x171,0x170,0x151,0x150,0x10D,0x10F,0x13A,0x13E,0x148,0x155,0x161,0x165,0x17E,0xDF,0xB0,0x2022 --font /home/balazs/Desktop/Work/ROUTE_VIA_BLE/maps-sdk-examples-for-cpp/BUILD/linux-sdl-ninja-release/_deps/lvgl-src/scripts/built_in_font/FontAwesome5-Solid+Brands+Regular.woff -r 61441,61448,61451,61452,61453,61457,61459,61461,61465,61468,61473,61478,61479,61480,61502,61507,61512,61515,61516,61517,61521,61522,61523,61524,61543,61544,61550,61552,61553,61556,61559,61560,61561,61563,61587,61589,61636,61637,61639,61641,61664,61671,61674,61683,61724,61732,61787,61931,62016,62017,62018,62019,62020,62087,62099,62212,62189,62810,63426,63650 --format lvgl -o /home/balazs/Desktop/Work/ROUTE_VIA_BLE/maps-sdk-examples-for-cpp/Examples/font_montserrat_semi_bold_24.c --force-fast-kern-format
 ******************************************************************************/

#ifdef LV_LVGL_H_INCLUDE_SIMPLE
#include "lvgl.h"
#else
#include "lvgl/lvgl.h"
#endif

#ifndef FONT_MONTSERRAT_SEMI_BOLD_24
#define FONT_MONTSERRAT_SEMI_BOLD_24 1
#endif

#if FONT_MONTSERRAT_SEMI_BOLD_24

#if LV_FONT_FMT_TXT_LARGE != 1
#error "font_montserrat_semi_bold_24.c: LV_FONT_FMT_TXT_LARGE must be 1 (check lv_conf.h include path)"
#endif

/*-----------------
 *    BITMAPS
 *----------------*/

/*Store the image of the glyphs*/
static LV_ATTRIBUTE_LARGE_CONST const uint8_t glyph_bitmap[] = {
    /* U+0020 " " */

    /* U+0021 "!" */
    0x6f, 0xff, 0x15, 0xff, 0xf0, 0x4f, 0xff, 0x3,
    0xff, 0xf0, 0x3f, 0xfe, 0x2, 0xff, 0xd0, 0x1f,
    0xfc, 0x0, 0xff, 0xb0, 0xf, 0xfa, 0x0, 0xef,
    0xa0, 0xe, 0xf9, 0x0, 0x34, 0x20, 0x0, 0x0,
    0x0, 0x7a, 0x50, 0x6f, 0xff, 0x17, 0xff, 0xf2,
    0x1c, 0xf9, 0x0,

    /* U+0022 "\"" */
    0xaf, 0xe0, 0xf, 0xf8, 0x9f, 0xe0, 0xf, 0xf8,
    0x9f, 0xd0, 0xf, 0xf7, 0x8f, 0xd0, 0xe, 0xf7,
    0x8f, 0xc0, 0xe, 0xf6, 0x8f, 0xc0, 0xd, 0xf6,
    0x5a, 0x70, 0x9, 0xa3,

    /* U+0023 "#" */
    0x0, 0x0, 0xb, 0xf7, 0x0, 0x7, 0xfb, 0x0,
    0x0, 0x0, 0x0, 0xdf, 0x50, 0x0, 0x9f, 0x90,
    0x0, 0x0, 0x0, 0xf, 0xf3, 0x0, 0xb, 0xf7,
    0x0, 0x0, 0x0, 0x0, 0xff, 0x10, 0x0, 0xdf,
    0x50, 0x0, 0xa, 0xff, 0xff, 0xff, 0xff, 0xff,
    0xff, 0xff, 0x70, 0xaf, 0xff, 0xff, 0xff, 0xff,
    0xff, 0xff, 0xf8, 0x1, 0x33, 0x8f, 0xc3, 0x33,
    0x5f, 0xf3, 0x33, 0x10, 0x0, 0x8, 0xfa, 0x0,
    0x5, 0xfd, 0x0, 0x0, 0x0, 0x0, 0xaf, 0x80,
    0x0, 0x7f, 0xb0, 0x0, 0x0, 0x0, 0xc, 0xf6,
    0x0, 0x8, 0xfa, 0x0, 0x0, 0x13, 0x33, 0xef,
    0x73, 0x33, 0xbf, 0x93, 0x32, 0x7, 0xff, 0xff,
    0xff, 0xff, 0xff, 0xff, 0xff, 0xb0, 0x7f, 0xff,
    0xff, 0xff, 0xff, 0xff, 0xff, 0xfb, 0x0, 0x0,
    0x4f, 0xe0, 0x0, 0xf, 0xf2, 0x0, 0x0, 0x0,
    0x6, 0xfc, 0x0, 0x2, 0xff, 0x0, 0x0, 0x0,
    0x0, 0x8f, 0xa0, 0x0, 0x4f, 0xe0, 0x0, 0x0,
    0x0, 0xa, 0xf8, 0x0, 0x6, 0xfc, 0x0, 0x0,
    0x0,

    /* U+0024 "$" */
    0x0, 0x0, 0x0, 0x4f, 0xa0, 0x0, 0x0, 0x0,
    0x0, 0x0, 0x4, 0xfa, 0x0, 0x0, 0x0, 0x0,
    0x0, 0x0, 0x4f, 0xa0, 0x0, 0x0, 0x0, 0x0,
    0x17, 0xcf, 0xff, 0xfc, 0x82, 0x0, 0x0, 0x4e,
    0xff, 0xff, 0xff, 0xff, 0xf5, 0x0, 0x2f, 0xff,
    0xec, 0xfd, 0xbe, 0xff, 0x10, 0x8, 0xff, 0xc1,
    0x4f, 0xa0, 0x5, 0x80, 0x0, 0xbf, 0xf5, 0x4,
    0xfa, 0x0, 0x0, 0x0, 0xb, 0xff, 0x80, 0x4f,
    0xa0, 0x0, 0x0, 0x0, 0x8f, 0xff, 0xa7, 0xfa,
    0x0, 0x0, 0x0, 0x1, 0xdf, 0xff, 0xff, 0xd6,
    0x20, 0x0, 0x0, 0x1, 0x9f, 0xff, 0xff, 0xff,
    0xb3, 0x0, 0x0, 0x0, 0x16, 0xbf, 0xff, 0xff,
    0xf5, 0x0, 0x0, 0x0, 0x4, 0xfc, 0x8f, 0xff,
    0xe0, 0x0, 0x0, 0x0, 0x4f, 0xa0, 0x2f, 0xff,
    0x20, 0x0, 0x0, 0x4, 0xfa, 0x0, 0xdf, 0xf3,
    0x7, 0xe6, 0x0, 0x4f, 0xa0, 0x5f, 0xff, 0x0,
    0xef, 0xff, 0xbb, 0xfd, 0xcf, 0xff, 0x80, 0x8,
    0xff, 0xff, 0xff, 0xff, 0xff, 0x90, 0x0, 0x1,
    0x7b, 0xef, 0xff, 0xda, 0x30, 0x0, 0x0, 0x0,
    0x0, 0x4f, 0xa0, 0x0, 0x0, 0x0, 0x0, 0x0,
    0x4, 0xfa, 0x0, 0x0, 0x0, 0x0, 0x0, 0x0,
    0x2a, 0x60, 0x0, 0x0, 0x0,

    /* U+0025 "%" */
    0x0, 0x4c, 0xfe, 0x91, 0x0, 0x0, 0x0, 0x7f,
    0xd0, 0x0, 0x4, 0xff, 0xcd, 0xfd, 0x0, 0x0,
    0x2, 0xff, 0x30, 0x0, 0xd, 0xf5, 0x0, 0xbf,
    0x70, 0x0, 0xc, 0xf8, 0x0, 0x0, 0x1f, 0xd0,
    0x0, 0x4f, 0xb0, 0x0, 0x7f, 0xd0, 0x0, 0x0,
    0x3f, 0xc0, 0x0, 0x2f, 0xc0, 0x2, 0xff, 0x30,
    0x0, 0x0, 0x1f, 0xd0, 0x0, 0x4f, 0xb0, 0xd,
    0xf8, 0x0, 0x0, 0x0, 0xd, 0xf5, 0x0, 0xbf,
    0x70, 0x8f, 0xd0, 0x0, 0x0, 0x0, 0x4, 0xff,
    0xcd, 0xfd, 0x3, 0xff, 0x30, 0x0, 0x0, 0x0,
    0x0, 0x4c, 0xfe, 0xa1, 0xd, 0xf7, 0x4, 0xcf,
    0xea, 0x10, 0x0, 0x0, 0x0, 0x0, 0x8f, 0xc0,
    0x4f, 0xfc, 0xdf, 0xd0, 0x0, 0x0, 0x0, 0x3,
    0xff, 0x20, 0xdf, 0x50, 0xb, 0xf7, 0x0, 0x0,
    0x0, 0xd, 0xf7, 0x1, 0xfe, 0x0, 0x4, 0xfb,
    0x0, 0x0, 0x0, 0x8f, 0xc0, 0x2, 0xfc, 0x0,
    0x2, 0xfd, 0x0, 0x0, 0x3, 0xff, 0x20, 0x1,
    0xfe, 0x0, 0x4, 0xfb, 0x0, 0x0, 0xd, 0xf7,
    0x0, 0x0, 0xdf, 0x50, 0xb, 0xf7, 0x0, 0x0,
    0x9f, 0xc0, 0x0, 0x0, 0x4f, 0xfc, 0xdf, 0xd0,
    0x0, 0x4, 0xff, 0x20, 0x0, 0x0, 0x4, 0xcf,
    0xea, 0x10,

    /* U+0026 "&" */
    0x0, 0x0, 0x19, 0xdf, 0xec, 0x50, 0x0, 0x0,
    0x0, 0x0, 0x2e, 0xff, 0xff, 0xff, 0x90, 0x0,
    0x0, 0x0, 0xb, 0xff, 0x93, 0x3c, 0xff, 0x20,
    0x0, 0x0, 0x0, 0xff, 0xd0, 0x0, 0x4f, 0xf5,
    0x0, 0x0, 0x0, 0xe, 0xfd, 0x0, 0x6, 0xff,
    0x30, 0x0, 0x0, 0x0, 0xaf, 0xf6, 0x5, 0xff,
    0xc0, 0x0, 0x0, 0x0, 0x1, 0xef, 0xfc, 0xff,
    0xd1, 0x0, 0x0, 0x0, 0x0, 0x6, 0xff, 0xff,
    0x90, 0x0, 0x0, 0x0, 0x0, 0x9, 0xff, 0xff,
    0xf8, 0x0, 0x3, 0x20, 0x0, 0xb, 0xff, 0xc5,
    0xef, 0xf9, 0x0, 0xcf, 0xa0, 0x7, 0xff, 0xa0,
    0x2, 0xdf, 0xfa, 0x2f, 0xf8, 0x0, 0xdf, 0xf1,
    0x0, 0x1, 0xdf, 0xfe, 0xff, 0x30, 0xf, 0xff,
    0x0, 0x0, 0x1, 0xcf, 0xff, 0xb0, 0x0, 0xdf,
    0xf7, 0x0, 0x0, 0x7, 0xff, 0xfc, 0x10, 0x7,
    0xff, 0xfc, 0x87, 0x9d, 0xff, 0xff, 0xfc, 0x10,
    0x8, 0xff, 0xff, 0xff, 0xff, 0xd3, 0xbf, 0xf3,
    0x0, 0x3, 0x9d, 0xff, 0xea, 0x50, 0x0, 0xa5,
    0x0, 0x0, 0x0, 0x0, 0x0, 0x0, 0x0, 0x0,
    0x0,

    /* U+0027 "'" */
    0xaf, 0xe9, 0xfe, 0x9f, 0xd8, 0xfd, 0x8f, 0xc8,
    0xfc, 0x5a, 0x70,

    /* U+0028 "(" */
    0x0, 0x5f, 0xf8, 0x0, 0xdf, 0xf1, 0x5, 0xff,
    0xa0, 0xa, 0xff, 0x40, 0xf, 0xff, 0x0, 0x4f,
    0xfa, 0x0, 0x7f, 0xf7, 0x0, 0xaf, 0xf4, 0x0,
    0xcf, 0xf2, 0x0, 0xdf, 0xf1, 0x0, 0xef, 0xf0,
    0x0, 0xff, 0xf0, 0x0, 0xef, 0xf0, 0x0, 0xdf,
    0xf1, 0x0, 0xcf, 0xf2, 0x0, 0xaf, 0xf4, 0x0,
    0x7f, 0xf7, 0x0, 0x4f, 0xfa, 0x0, 0xf, 0xfe,
    0x0, 0xa, 0xff, 0x40, 0x5, 0xff, 0xa0, 0x0,
    0xdf, 0xf1, 0x0, 0x5f, 0xf8,

    /* U+0029 ")" */
    0x3f, 0xfa, 0x0, 0x0, 0xcf, 0xf2, 0x0, 0x4,
    0xff, 0xa0, 0x0, 0xe, 0xff, 0x0, 0x0, 0xaf,
    0xf5, 0x0, 0x5, 0xff, 0x90, 0x0, 0x2f, 0xfc,
    0x0, 0x0, 0xff, 0xf0, 0x0, 0xc, 0xff, 0x20,
    0x0, 0xbf, 0xf3, 0x0, 0xa, 0xff, 0x40, 0x0,
    0x9f, 0xf4, 0x0, 0xa, 0xff, 0x40, 0x0, 0xbf,
    0xf3, 0x0, 0xc, 0xff, 0x20, 0x0, 0xff, 0xf0,
    0x0, 0x2f, 0xfc, 0x0, 0x5, 0xff, 0x90, 0x0,
    0x9f, 0xf5, 0x0, 0xe, 0xff, 0x0, 0x4, 0xff,
    0xa0, 0x0, 0xcf, 0xf2, 0x0, 0x3f, 0xfa, 0x0,
    0x0,

    /* U+002A "*" */
    0x0, 0x0, 0xee, 0x0, 0x0, 0x5, 0x0, 0xee,
    0x0, 0x50, 0x4f, 0xd4, 0xee, 0x4d, 0xf4, 0x2b,
    0xff, 0xff, 0xff, 0xb2, 0x0, 0x5f, 0xff, 0xf5,
    0x0, 0x7, 0xff, 0xff, 0xff, 0x70, 0x6f, 0xf8,
    0xee, 0x8f, 0xf5, 0x8, 0x20, 0xee, 0x2, 0x80,
    0x0, 0x0, 0xee, 0x0, 0x0, 0x0, 0x0, 0x33,
    0x0, 0x0,

    /* U+002B "+" */
    0x0, 0x0, 0x2d, 0xd4, 0x0, 0x0, 0x0, 0x0,
    0x3f, 0xf6, 0x0, 0x0, 0x0, 0x0, 0x3f, 0xf6,
    0x0, 0x0, 0x0, 0x0, 0x3f, 0xf6, 0x0, 0x0,
    0x26, 0x66, 0x8f, 0xfa, 0x66, 0x64, 0x7f, 0xff,
    0xff, 0xff, 0xff, 0xfa, 0x7f, 0xff, 0xff, 0xff,
    0xff, 0xfa, 0x0, 0x0, 0x3f, 0xf6, 0x0, 0x0,
    0x0, 0x0, 0x3f, 0xf6, 0x0, 0x0, 0x0, 0x0,
    0x3f, 0xf6, 0x0, 0x0, 0x0, 0x0, 0x3f, 0xf6,
    0x0, 0x0,

    /* U+002C "," */
    0x6, 0x50, 0xaf, 0xf9, 0xff, 0xfd, 0xbf, 0xfb,
    0xf, 0xf6, 0x2f, 0xf0, 0x6f, 0xa0, 0xbf, 0x40,

    /* U+002D "-" */
    0x58, 0x88, 0x88, 0x7b, 0xff, 0xff, 0xfe, 0xbf,
    0xff, 0xff, 0xe0,

    /* U+002E "." */
    0x5, 0xed, 0x30, 0xff, 0xfc, 0xf, 0xff, 0xc0,
    0x5e, 0xd3,

    /* U+002F "/" */
    0x0, 0x0, 0x0, 0x0, 0x78, 0x60, 0x0, 0x0,
    0x0, 0x2f, 0xf8, 0x0, 0x0, 0x0, 0x8, 0xff,
    0x20, 0x0, 0x0, 0x0, 0xdf, 0xd0, 0x0, 0x0,
    0x0, 0x3f, 0xf7, 0x0, 0x0, 0x0, 0x8, 0xff,
    0x20, 0x0, 0x0, 0x0, 0xef, 0xc0, 0x0, 0x0,
    0x0, 0x4f, 0xf6, 0x0, 0x0, 0x0, 0x9, 0xff,
    0x10, 0x0, 0x0, 0x0, 0xff, 0xb0, 0x0, 0x0,
    0x0, 0x5f, 0xf5, 0x0, 0x0, 0x0, 0xa, 0xff,
    0x0, 0x0, 0x0, 0x0, 0xff, 0xa0, 0x0, 0x0,
    0x0, 0x6f, 0xf5, 0x0, 0x0, 0x0, 0xb, 0xfe,
    0x0, 0x0, 0x0, 0x1, 0xff, 0x90, 0x0, 0x0,
    0x0, 0x6f, 0xf4, 0x0, 0x0, 0x0, 0xc, 0xfe,
    0x0, 0x0, 0x0, 0x2, 0xff, 0x80, 0x0, 0x0,
    0x0, 0x7f, 0xf3, 0x0, 0x0, 0x0, 0xd, 0xfd,
    0x0, 0x0, 0x0, 0x3, 0xff, 0x70, 0x0, 0x0,
    0x0, 0x8f, 0xf2, 0x0, 0x0, 0x0, 0x0,

    /* U+0030 "0" */
    0x0, 0x0, 0x7c, 0xef, 0xc8, 0x10, 0x0, 0x0,
    0x3, 0xef, 0xff, 0xff, 0xff, 0x40, 0x0, 0x2,
    0xff, 0xff, 0xcc, 0xff, 0xff, 0x40, 0x0, 0xcf,
    0xfd, 0x20, 0x1, 0xbf, 0xfd, 0x0, 0x3f, 0xff,
    0x10, 0x0, 0x0, 0xef, 0xf5, 0x8, 0xff, 0x90,
    0x0, 0x0, 0x7, 0xff, 0xb0, 0xcf, 0xf6, 0x0,
    0x0, 0x0, 0x3f, 0xfe, 0xd, 0xff, 0x40, 0x0,
    0x0, 0x1, 0xff, 0xf0, 0xef, 0xf3, 0x0, 0x0,
    0x0, 0xf, 0xff, 0x1d, 0xff, 0x40, 0x0, 0x0,
    0x1, 0xff, 0xf0, 0xcf, 0xf5, 0x0, 0x0, 0x0,
    0x3f, 0xfe, 0x8, 0xff, 0x90, 0x0, 0x0, 0x7,
    0xff, 0xb0, 0x3f, 0xff, 0x10, 0x0, 0x0, 0xdf,
    0xf6, 0x0, 0xcf, 0xfc, 0x20, 0x1, 0xbf, 0xfe,
    0x0, 0x2, 0xff, 0xff, 0xcc, 0xff, 0xff, 0x40,
    0x0, 0x3, 0xef, 0xff, 0xff, 0xff, 0x40, 0x0,
    0x0, 0x1, 0x7c, 0xef, 0xd8, 0x10, 0x0, 0x0,

    /* U+0031 "1" */
    0xdf, 0xff, 0xff, 0xdd, 0xff, 0xff, 0xfd, 0x8a,
    0xab, 0xff, 0xd0, 0x0, 0x4f, 0xfd, 0x0, 0x4,
    0xff, 0xd0, 0x0, 0x4f, 0xfd, 0x0, 0x4, 0xff,
    0xd0, 0x0, 0x4f, 0xfd, 0x0, 0x4, 0xff, 0xd0,
    0x0, 0x4f, 0xfd, 0x0, 0x4, 0xff, 0xd0, 0x0,
    0x4f, 0xfd, 0x0, 0x4, 0xff, 0xd0, 0x0, 0x4f,
    0xfd, 0x0, 0x4, 0xff, 0xd0, 0x0, 0x4f, 0xfd,
    0x0, 0x4, 0xff, 0xd0,

    /* U+0032 "2" */
    0x0, 0x17, 0xce, 0xfe, 0xc7, 0x0, 0x0, 0x6,
    0xff, 0xff, 0xff, 0xff, 0xe3, 0x0, 0x7f, 0xff,
    0xfc, 0xce, 0xff, 0xfe, 0x0, 0x1c, 0xf7, 0x0,
    0x0, 0x5f, 0xff, 0x50, 0x0, 0x30, 0x0, 0x0,
    0xb, 0xff, 0x80, 0x0, 0x0, 0x0, 0x0, 0x9,
    0xff, 0x70, 0x0, 0x0, 0x0, 0x0, 0xe, 0xff,
    0x40, 0x0, 0x0, 0x0, 0x0, 0x8f, 0xfd, 0x0,
    0x0, 0x0, 0x0, 0x6, 0xff, 0xf4, 0x0, 0x0,
    0x0, 0x0, 0x6f, 0xff, 0x60, 0x0, 0x0, 0x0,
    0x7, 0xff, 0xf6, 0x0, 0x0, 0x0, 0x0, 0x8f,
    0xff, 0x50, 0x0, 0x0, 0x0, 0x9, 0xff, 0xf4,
    0x0, 0x0, 0x0, 0x0, 0xaf, 0xff, 0x30, 0x0,
    0x0, 0x0, 0xb, 0xff, 0xfd, 0xaa, 0xaa, 0xaa,
    0xa2, 0x2f, 0xff, 0xff, 0xff, 0xff, 0xff, 0xf3,
    0x2f, 0xff, 0xff, 0xff, 0xff, 0xff, 0xf3,

    /* U+0033 "3" */
    0x2f, 0xff, 0xff, 0xff, 0xff, 0xff, 0x42, 0xff,
    0xff, 0xff, 0xff, 0xff, 0xf4, 0x1a, 0xaa, 0xaa,
    0xaa, 0xef, 0xfd, 0x10, 0x0, 0x0, 0x0, 0x4f,
    0xfe, 0x20, 0x0, 0x0, 0x0, 0x2f, 0xff, 0x40,
    0x0, 0x0, 0x0, 0x1e, 0xff, 0x60, 0x0, 0x0,
    0x0, 0xc, 0xff, 0x90, 0x0, 0x0, 0x0, 0x5,
    0xff, 0xff, 0xc6, 0x0, 0x0, 0x0, 0x5f, 0xff,
    0xff, 0xfa, 0x0, 0x0, 0x1, 0x44, 0x6b, 0xff,
    0xf6, 0x0, 0x0, 0x0, 0x0, 0x9, 0xff, 0xd0,
    0x0, 0x0, 0x0, 0x0, 0x3f, 0xff, 0x2, 0x0,
    0x0, 0x0, 0x5, 0xff, 0xe2, 0xfa, 0x30, 0x0,
    0x3, 0xef, 0xfa, 0xaf, 0xff, 0xec, 0xbd, 0xff,
    0xff, 0x25, 0xef, 0xff, 0xff, 0xff, 0xfe, 0x40,
    0x0, 0x5a, 0xdf, 0xfe, 0xc7, 0x10, 0x0,

    /* U+0034 "4" */
    0x0, 0x0, 0x0, 0x0, 0x4f, 0xfe, 0x20, 0x0,
    0x0, 0x0, 0x0, 0x0, 0x1e, 0xff, 0x40, 0x0,
    0x0, 0x0, 0x0, 0x0, 0xc, 0xff, 0x80, 0x0,
    0x0, 0x0, 0x0, 0x0, 0x9, 0xff, 0xc0, 0x0,
    0x0, 0x0, 0x0, 0x0, 0x5, 0xff, 0xe1, 0x0,
    0x0, 0x0, 0x0, 0x0, 0x2, 0xff, 0xf4, 0x0,
    0x0, 0x0, 0x0, 0x0, 0x0, 0xdf, 0xf8, 0x0,
    0x0, 0x0, 0x0, 0x0, 0x0, 0xaf, 0xfc, 0x0,
    0xe, 0xff, 0x10, 0x0, 0x0, 0x6f, 0xfe, 0x10,
    0x0, 0xef, 0xf1, 0x0, 0x0, 0x3f, 0xff, 0x40,
    0x0, 0xe, 0xff, 0x10, 0x0, 0xd, 0xff, 0xea,
    0xaa, 0xaa, 0xff, 0xfa, 0xaa, 0x3, 0xff, 0xff,
    0xff, 0xff, 0xff, 0xff, 0xff, 0xf0, 0x3f, 0xff,
    0xff, 0xff, 0xff, 0xff, 0xff, 0xff, 0x0, 0x0,
    0x0, 0x0, 0x0, 0xf, 0xff, 0x10, 0x0, 0x0,
    0x0, 0x0, 0x0, 0x0, 0xff, 0xf1, 0x0, 0x0,
    0x0, 0x0, 0x0, 0x0, 0xf, 0xff, 0x10, 0x0,
    0x0, 0x0, 0x0, 0x0, 0x0, 0xff, 0xf1, 0x0,
    0x0,

    /* U+0035 "5" */
    0x0, 0xaf, 0xff, 0xff, 0xff, 0xff, 0x40, 0x0,
    0xbf, 0xff, 0xff, 0xff, 0xff, 0x40, 0x0, 0xdf,
    0xfa, 0xaa, 0xaa, 0xaa, 0x20, 0x0, 0xef, 0xf0,
    0x0, 0x0, 0x0, 0x0, 0x0, 0xff, 0xe0, 0x0,
    0x0, 0x0, 0x0, 0x1, 0xff, 0xc0, 0x0, 0x0,
    0x0, 0x0, 0x3, 0xff, 0xea, 0x98, 0x73, 0x0,
    0x0, 0x4, 0xff, 0xff, 0xff, 0xff, 0xd4, 0x0,
    0x6, 0xff, 0xff, 0xff, 0xff, 0xff, 0x40, 0x0,
    0x0, 0x0, 0x2, 0x6e, 0xff, 0xd0, 0x0, 0x0,
    0x0, 0x0, 0x3, 0xff, 0xf2, 0x0, 0x0, 0x0,
    0x0, 0x0, 0xef, 0xf3, 0x2, 0x0, 0x0, 0x0,
    0x1, 0xff, 0xf2, 0xd, 0xc5, 0x0, 0x0, 0x1b,
    0xff, 0xd0, 0x6f, 0xff, 0xfc, 0xbd, 0xff, 0xff,
    0x50, 0x2c, 0xff, 0xff, 0xff, 0xff, 0xf7, 0x0,
    0x0, 0x39, 0xce, 0xfe, 0xd8, 0x20, 0x0,

    /* U+0036 "6" */
    0x0, 0x0, 0x39, 0xdf, 0xfe, 0xc7, 0x10, 0x0,
    0x9, 0xff, 0xff, 0xff, 0xff, 0x70, 0x0, 0xcf,
    0xff, 0xeb, 0xac, 0xef, 0x10, 0x8, 0xff, 0xf6,
    0x0, 0x0, 0x3, 0x0, 0x2f, 0xff, 0x40, 0x0,
    0x0, 0x0, 0x0, 0x7f, 0xfb, 0x0, 0x0, 0x0,
    0x0, 0x0, 0xbf, 0xf6, 0x1, 0x56, 0x53, 0x0,
    0x0, 0xdf, 0xf5, 0xbf, 0xff, 0xff, 0xd4, 0x0,
    0xef, 0xff, 0xff, 0xff, 0xff, 0xff, 0x50, 0xef,
    0xff, 0xd5, 0x10, 0x3c, 0xff, 0xe0, 0xdf, 0xff,
    0x20, 0x0, 0x0, 0xdf, 0xf4, 0xaf, 0xfc, 0x0,
    0x0, 0x0, 0x9f, 0xf6, 0x5f, 0xfd, 0x0, 0x0,
    0x0, 0xbf, 0xf5, 0xe, 0xff, 0x60, 0x0, 0x4,
    0xff, 0xf1, 0x4, 0xff, 0xfc, 0x88, 0xbf, 0xff,
    0x90, 0x0, 0x5f, 0xff, 0xff, 0xff, 0xfa, 0x0,
    0x0, 0x1, 0x8c, 0xff, 0xea, 0x40, 0x0,

    /* U+0037 "7" */
    0x5f, 0xff, 0xff, 0xff, 0xff, 0xff, 0xfb, 0x5f,
    0xff, 0xff, 0xff, 0xff, 0xff, 0xfb, 0x5f, 0xfd,
    0xaa, 0xaa, 0xaa, 0xff, 0xf8, 0x5f, 0xf9, 0x0,
    0x0, 0x2, 0xff, 0xf2, 0x5f, 0xf9, 0x0, 0x0,
    0x9, 0xff, 0xa0, 0x28, 0x85, 0x0, 0x0, 0x1f,
    0xff, 0x30, 0x0, 0x0, 0x0, 0x0, 0x8f, 0xfc,
    0x0, 0x0, 0x0, 0x0, 0x0, 0xef, 0xf5, 0x0,
    0x0, 0x0, 0x0, 0x6, 0xff, 0xe0, 0x0, 0x0,
    0x0, 0x0, 0xd, 0xff, 0x70, 0x0, 0x0, 0x0,
    0x0, 0x4f, 0xff, 0x10, 0x0, 0x0, 0x0, 0x0,
    0xbf, 0xf9, 0x0, 0x0, 0x0, 0x0, 0x2, 0xff,
    0xf2, 0x0, 0x0, 0x0, 0x0, 0x9, 0xff, 0xb0,
    0x0, 0x0, 0x0, 0x0, 0x1f, 0xff, 0x40, 0x0,
    0x0, 0x0, 0x0, 0x7f, 0xfd, 0x0, 0x0, 0x0,
    0x0, 0x0, 0xef, 0xf6, 0x0, 0x0, 0x0,

    /* U+0038 "8" */
    0x0, 0x0, 0x6b, 0xef, 0xfd, 0x93, 0x0, 0x0,
    0x2, 0xdf, 0xff, 0xff, 0xff, 0xf9, 0x0, 0x0,
    0xdf, 0xff, 0xa8, 0x8c, 0xff, 0xf8, 0x0, 0x4f,
    0xfe, 0x20, 0x0, 0x7, 0xff, 0xf0, 0x6, 0xff,
    0xa0, 0x0, 0x0, 0xf, 0xff, 0x0, 0x4f, 0xfe,
    0x0, 0x0, 0x4, 0xff, 0xe0, 0x0, 0xcf, 0xfd,
    0x74, 0x59, 0xff, 0xf6, 0x0, 0x1, 0xcf, 0xff,
    0xff, 0xff, 0xf7, 0x0, 0x0, 0x7f, 0xff, 0xff,
    0xff, 0xff, 0xd3, 0x0, 0x5f, 0xff, 0x82, 0x1,
    0x4c, 0xff, 0xe1, 0xd, 0xff, 0x80, 0x0, 0x0,
    0xc, 0xff, 0x70, 0xff, 0xf2, 0x0, 0x0, 0x0,
    0x7f, 0xfa, 0xf, 0xff, 0x40, 0x0, 0x0, 0x9,
    0xff, 0x90, 0xbf, 0xfc, 0x0, 0x0, 0x3, 0xff,
    0xf5, 0x3, 0xff, 0xff, 0x97, 0x8b, 0xff, 0xfd,
    0x0, 0x5, 0xff, 0xff, 0xff, 0xff, 0xfc, 0x10,
    0x0, 0x1, 0x7c, 0xef, 0xfd, 0xa5, 0x0, 0x0,

    /* U+0039 "9" */
    0x0, 0x3, 0xad, 0xfe, 0xc8, 0x10, 0x0, 0x0,
    0x9f, 0xff, 0xff, 0xff, 0xf5, 0x0, 0x8, 0xff,
    0xfb, 0x88, 0xcf, 0xff, 0x50, 0x1f, 0xff, 0x50,
    0x0, 0x6, 0xff, 0xe0, 0x4f, 0xfb, 0x0, 0x0,
    0x0, 0xcf, 0xf6, 0x6f, 0xfa, 0x0, 0x0, 0x0,
    0xbf, 0xfa, 0x4f, 0xfe, 0x0, 0x0, 0x1, 0xef,
    0xfd, 0xe, 0xff, 0xc4, 0x1, 0x4d, 0xff, 0xfe,
    0x4, 0xff, 0xff, 0xff, 0xff, 0xff, 0xff, 0x0,
    0x4d, 0xff, 0xff, 0xfb, 0x5f, 0xfe, 0x0, 0x0,
    0x35, 0x65, 0x20, 0x5f, 0xfc, 0x0, 0x0, 0x0,
    0x0, 0x0, 0xaf, 0xf8, 0x0, 0x0, 0x0, 0x0,
    0x3, 0xff, 0xf2, 0x0, 0x20, 0x0, 0x0, 0x5e,
    0xff, 0x90, 0x0, 0xee, 0xba, 0xbe, 0xff, 0xfd,
    0x0, 0x7, 0xff, 0xff, 0xff, 0xff, 0xa0, 0x0,
    0x1, 0x7c, 0xdf, 0xed, 0x93, 0x0, 0x0,

    /* U+003A ":" */
    0x5, 0xed, 0x30, 0xff, 0xfc, 0xf, 0xff, 0xc0,
    0x5e, 0xd3, 0x0, 0x0, 0x0, 0x0, 0x0, 0x0,
    0x0, 0x0, 0x0, 0x0, 0x0, 0x0, 0x0, 0x5e,
    0xd3, 0xf, 0xff, 0xc0, 0xff, 0xfc, 0x5, 0xed,
    0x30,

    /* U+003B ";" */
    0x5, 0xed, 0x30, 0xff, 0xfc, 0xf, 0xff, 0xc0,
    0x5e, 0xd3, 0x0, 0x0, 0x0, 0x0, 0x0, 0x0,
    0x0, 0x0, 0x0, 0x0, 0x0, 0x0, 0x0, 0x5e,
    0xe4, 0xe, 0xff, 0xc0, 0xef, 0xfd, 0x4, 0xff,
    0x80, 0xf, 0xf2, 0x5, 0xfd, 0x0, 0x9f, 0x70,
    0x5, 0x71, 0x0,

    /* U+003C "<" */
    0x0, 0x0, 0x0, 0x0, 0x0, 0x0, 0x0, 0x0,
    0x0, 0x0, 0x3, 0x99, 0x0, 0x0, 0x0, 0x17,
    0xdf, 0xfa, 0x0, 0x0, 0x4a, 0xff, 0xff, 0xe5,
    0x1, 0x7d, 0xff, 0xff, 0xa4, 0x0, 0x5f, 0xff,
    0xfc, 0x60, 0x0, 0x0, 0x7f, 0xfd, 0x20, 0x0,
    0x0, 0x0, 0x6f, 0xff, 0xfa, 0x40, 0x0, 0x0,
    0x3, 0xaf, 0xff, 0xfd, 0x82, 0x0, 0x0, 0x0,
    0x6c, 0xff, 0xff, 0xc4, 0x0, 0x0, 0x0, 0x39,
    0xef, 0xfa, 0x0, 0x0, 0x0, 0x0, 0x5, 0xc9,
    0x0, 0x0, 0x0, 0x0, 0x0, 0x0,

    /* U+003D "=" */
    0x7f, 0xff, 0xff, 0xff, 0xff, 0xfa, 0x7f, 0xff,
    0xff, 0xff, 0xff, 0xfa, 0x26, 0x66, 0x66, 0x66,
    0x66, 0x64, 0x0, 0x0, 0x0, 0x0, 0x0, 0x0,
    0x0, 0x0, 0x0, 0x0, 0x0, 0x0, 0x0, 0x0,
    0x0, 0x0, 0x0, 0x0, 0x7f, 0xff, 0xff, 0xff,
    0xff, 0xfa, 0x7f, 0xff, 0xff, 0xff, 0xff, 0xfa,
    0x26, 0x66, 0x66, 0x66, 0x66, 0x64,

    /* U+003E ">" */
    0x0, 0x0, 0x0, 0x0, 0x0, 0x0, 0x6a, 0x40,
    0x0, 0x0, 0x0, 0x0, 0x7f, 0xfe, 0x82, 0x0,
    0x0, 0x0, 0x3d, 0xff, 0xff, 0xb5, 0x0, 0x0,
    0x0, 0x39, 0xef, 0xff, 0xe8, 0x20, 0x0, 0x0,
    0x5, 0xbf, 0xff, 0xf8, 0x0, 0x0, 0x0, 0x1,
    0xbf, 0xfa, 0x0, 0x0, 0x2, 0x8e, 0xff, 0xf9,
    0x0, 0x16, 0xcf, 0xff, 0xfb, 0x50, 0x2a, 0xff,
    0xff, 0xd7, 0x10, 0x0, 0x7f, 0xff, 0xa4, 0x0,
    0x0, 0x0, 0x7d, 0x61, 0x0, 0x0, 0x0, 0x0,
    0x0, 0x0, 0x0, 0x0, 0x0, 0x0,

    /* U+003F "?" */
    0x0, 0x17, 0xce, 0xff, 0xc8, 0x10, 0x0, 0x6f,
    0xff, 0xff, 0xff, 0xff, 0x40, 0x7f, 0xff, 0xeb,
    0xac, 0xff, 0xff, 0x13, 0xcf, 0x60, 0x0, 0x4,
    0xff, 0xf6, 0x0, 0x30, 0x0, 0x0, 0xb, 0xff,
    0x70, 0x0, 0x0, 0x0, 0x0, 0xdf, 0xf5, 0x0,
    0x0, 0x0, 0x0, 0x8f, 0xfd, 0x0, 0x0, 0x0,
    0x0, 0x8f, 0xfe, 0x20, 0x0, 0x0, 0x0, 0x8f,
    0xfe, 0x20, 0x0, 0x0, 0x0, 0x3f, 0xff, 0x20,
    0x0, 0x0, 0x0, 0x9, 0xff, 0x80, 0x0, 0x0,
    0x0, 0x0, 0x24, 0x41, 0x0, 0x0, 0x0, 0x0,
    0x0, 0x0, 0x0, 0x0, 0x0, 0x0, 0x0, 0x3a,
    0x91, 0x0, 0x0, 0x0, 0x0, 0xe, 0xff, 0x90,
    0x0, 0x0, 0x0, 0x0, 0xff, 0xfa, 0x0, 0x0,
    0x0, 0x0, 0x6, 0xed, 0x30, 0x0, 0x0,

    /* U+0040 "@" */
    0x0, 0x0, 0x0, 0x5, 0xad, 0xef, 0xed, 0xa5,
    0x10, 0x0, 0x0, 0x0, 0x0, 0x0, 0x8f, 0xff,
    0xff, 0xff, 0xff, 0xff, 0x80, 0x0, 0x0, 0x0,
    0x2, 0xdf, 0xfb, 0x62, 0x0, 0x2, 0x5a, 0xff,
    0xd2, 0x0, 0x0, 0x2, 0xff, 0xe4, 0x0, 0x0,
    0x0, 0x0, 0x2, 0xdf, 0xf2, 0x0, 0x1, 0xdf,
    0xc1, 0x0, 0x0, 0x0, 0x0, 0x0, 0x0, 0xaf,
    0xe0, 0x0, 0x8f, 0xe1, 0x0, 0x18, 0xdf, 0xeb,
    0x53, 0xff, 0x70, 0xcf, 0x80, 0x1f, 0xf5, 0x0,
    0x2e, 0xff, 0xff, 0xff, 0xbf, 0xf7, 0x2, 0xff,
    0x6, 0xfd, 0x0, 0xd, 0xff, 0xd7, 0x69, 0xff,
    0xff, 0x70, 0xb, 0xf5, 0xaf, 0x80, 0x7, 0xff,
    0xa0, 0x0, 0x2, 0xef, 0xf7, 0x0, 0x7f, 0x9c,
    0xf5, 0x0, 0xcf, 0xf1, 0x0, 0x0, 0x6, 0xff,
    0x70, 0x4, 0xfb, 0xef, 0x40, 0xe, 0xfd, 0x0,
    0x0, 0x0, 0x2f, 0xf7, 0x0, 0x4f, 0xce, 0xf4,
    0x0, 0xef, 0xd0, 0x0, 0x0, 0x2, 0xff, 0x70,
    0x5, 0xfb, 0xcf, 0x60, 0xc, 0xff, 0x10, 0x0,
    0x0, 0x6f, 0xf7, 0x0, 0x7f, 0x9a, 0xf9, 0x0,
    0x7f, 0xfa, 0x0, 0x0, 0x1d, 0xff, 0x80, 0xb,
    0xf5, 0x6f, 0xe0, 0x0, 0xdf, 0xfc, 0x65, 0x7e,
    0xff, 0xfe, 0x58, 0xfe, 0x1, 0xff, 0x50, 0x2,
    0xef, 0xff, 0xff, 0xf9, 0x9f, 0xff, 0xff, 0x50,
    0x8, 0xfe, 0x10, 0x1, 0x8d, 0xff, 0xc5, 0x0,
    0x9e, 0xfc, 0x40, 0x0, 0x1d, 0xfc, 0x10, 0x0,
    0x0, 0x0, 0x0, 0x0, 0x0, 0x0, 0x0, 0x0,
    0x2f, 0xfe, 0x30, 0x0, 0x0, 0x0, 0x0, 0x0,
    0x0, 0x0, 0x0, 0x0, 0x2d, 0xff, 0xb6, 0x20,
    0x0, 0x37, 0xd4, 0x0, 0x0, 0x0, 0x0, 0x0,
    0x18, 0xff, 0xff, 0xff, 0xff, 0xff, 0x90, 0x0,
    0x0, 0x0, 0x0, 0x0, 0x1, 0x6a, 0xde, 0xff,
    0xda, 0x50, 0x0, 0x0, 0x0,

    /* U+0041 "A" */
    0x0, 0x0, 0x0, 0x0, 0xcf, 0xfb, 0x0, 0x0,
    0x0, 0x0, 0x0, 0x0, 0x0, 0x3, 0xff, 0xff,
    0x20, 0x0, 0x0, 0x0, 0x0, 0x0, 0x0, 0xa,
    0xff, 0xff, 0xa0, 0x0, 0x0, 0x0, 0x0, 0x0,
    0x0, 0x2f, 0xfc, 0xef, 0xf1, 0x0, 0x0, 0x0,
    0x0, 0x0, 0x0, 0x9f, 0xf6, 0x7f, 0xf8, 0x0,
    0x0, 0x0, 0x0, 0x0, 0x0, 0xff, 0xe0, 0x1f,
    0xfe, 0x0, 0x0, 0x0, 0x0, 0x0, 0x7, 0xff,
    0x80, 0xa, 0xff, 0x60, 0x0, 0x0, 0x0, 0x0,
    0xe, 0xff, 0x10, 0x3, 0xff, 0xd0, 0x0, 0x0,
    0x0, 0x0, 0x5f, 0xfa, 0x0, 0x0, 0xcf, 0xf4,
    0x0, 0x0, 0x0, 0x0, 0xcf, 0xf4, 0x0, 0x0,
    0x5f, 0xfc, 0x0, 0x0, 0x0, 0x3, 0xff, 0xf7,
    0x77, 0x77, 0x7f, 0xff, 0x30, 0x0, 0x0, 0xa,
    0xff, 0xff, 0xff, 0xff, 0xff, 0xff, 0xa0, 0x0,
    0x0, 0x2f, 0xff, 0xff, 0xff, 0xff, 0xff, 0xff,
    0xf1, 0x0, 0x0, 0x9f, 0xf8, 0x0, 0x0, 0x0,
    0x0, 0xaf, 0xf8, 0x0, 0x1, 0xff, 0xf2, 0x0,
    0x0, 0x0, 0x0, 0x3f, 0xfe, 0x0, 0x7, 0xff,
    0xb0, 0x0, 0x0, 0x0, 0x0, 0xc, 0xff, 0x60,
    0xe, 0xff, 0x40, 0x0, 0x0, 0x0, 0x0, 0x6,
    0xff, 0xd0,

    /* U+0042 "B" */
    0xcf, 0xff, 0xff, 0xff, 0xfe, 0xc7, 0x0, 0x0,
    0xcf, 0xff, 0xff, 0xff, 0xff, 0xff, 0xe2, 0x0,
    0xcf, 0xfa, 0x77, 0x77, 0x8b, 0xff, 0xfd, 0x0,
    0xcf, 0xf6, 0x0, 0x0, 0x0, 0x4f, 0xff, 0x30,
    0xcf, 0xf6, 0x0, 0x0, 0x0, 0xe, 0xff, 0x40,
    0xcf, 0xf6, 0x0, 0x0, 0x0, 0xf, 0xff, 0x20,
    0xcf, 0xf6, 0x0, 0x0, 0x14, 0xcf, 0xfb, 0x0,
    0xcf, 0xff, 0xff, 0xff, 0xff, 0xff, 0xb1, 0x0,
    0xcf, 0xff, 0xff, 0xff, 0xff, 0xff, 0xd4, 0x0,
    0xcf, 0xfa, 0x66, 0x66, 0x78, 0xcf, 0xff, 0x40,
    0xcf, 0xf6, 0x0, 0x0, 0x0, 0x8, 0xff, 0xd0,
    0xcf, 0xf6, 0x0, 0x0, 0x0, 0x0, 0xff, 0xf1,
    0xcf, 0xf6, 0x0, 0x0, 0x0, 0x1, 0xff, 0xf2,
    0xcf, 0xf6, 0x0, 0x0, 0x0, 0x8, 0xff, 0xf0,
    0xcf, 0xfa, 0x77, 0x77, 0x78, 0xdf, 0xff, 0x90,
    0xcf, 0xff, 0xff, 0xff, 0xff, 0xff, 0xfb, 0x0,
    0xcf, 0xff, 0xff, 0xff, 0xff, 0xda, 0x50, 0x0,

    /* U+0043 "C" */
    0x0, 0x0, 0x5, 0xad, 0xff, 0xda, 0x50, 0x0,
    0x0, 0x4, 0xef, 0xff, 0xff, 0xff, 0xfd, 0x40,
    0x0, 0x7f, 0xff, 0xff, 0xdc, 0xef, 0xff, 0xf5,
    0x5, 0xff, 0xfd, 0x50, 0x0, 0x3, 0xbf, 0xd1,
    0xe, 0xff, 0xc0, 0x0, 0x0, 0x0, 0x6, 0x10,
    0x6f, 0xfe, 0x10, 0x0, 0x0, 0x0, 0x0, 0x0,
    0xbf, 0xf9, 0x0, 0x0, 0x0, 0x0, 0x0, 0x0,
    0xdf, 0xf5, 0x0, 0x0, 0x0, 0x0, 0x0, 0x0,
    0xef, 0xf3, 0x0, 0x0, 0x0, 0x0, 0x0, 0x0,
    0xdf, 0xf5, 0x0, 0x0, 0x0, 0x0, 0x0, 0x0,
    0xbf, 0xf8, 0x0, 0x0, 0x0, 0x0, 0x0, 0x0,
    0x6f, 0xfe, 0x10, 0x0, 0x0, 0x0, 0x0, 0x0,
    0xe, 0xff, 0xb0, 0x0, 0x0, 0x0, 0x6, 0x10,
    0x5, 0xff, 0xfd, 0x50, 0x0, 0x2, 0xbf, 0xd1,
    0x0, 0x7f, 0xff, 0xff, 0xcc, 0xef, 0xff, 0xf5,
    0x0, 0x4, 0xef, 0xff, 0xff, 0xff, 0xfe, 0x40,
    0x0, 0x0, 0x6, 0xad, 0xff, 0xda, 0x60, 0x0,

    /* U+0044 "D" */
    0xcf, 0xff, 0xff, 0xff, 0xfd, 0xa5, 0x0, 0x0,
    0xc, 0xff, 0xff, 0xff, 0xff, 0xff, 0xfd, 0x30,
    0x0, 0xcf, 0xfc, 0xaa, 0xaa, 0xce, 0xff, 0xff,
    0x50, 0xc, 0xff, 0x60, 0x0, 0x0, 0x4, 0xdf,
    0xff, 0x30, 0xcf, 0xf6, 0x0, 0x0, 0x0, 0x0,
    0xcf, 0xfd, 0xc, 0xff, 0x60, 0x0, 0x0, 0x0,
    0x2, 0xff, 0xf4, 0xcf, 0xf6, 0x0, 0x0, 0x0,
    0x0, 0xb, 0xff, 0x8c, 0xff, 0x60, 0x0, 0x0,
    0x0, 0x0, 0x7f, 0xfb, 0xcf, 0xf6, 0x0, 0x0,
    0x0, 0x0, 0x6, 0xff, 0xcc, 0xff, 0x60, 0x0,
    0x0, 0x0, 0x0, 0x7f, 0xfb, 0xcf, 0xf6, 0x0,
    0x0, 0x0, 0x0, 0xb, 0xff, 0x8c, 0xff, 0x60,
    0x0, 0x0, 0x0, 0x2, 0xff, 0xf4, 0xcf, 0xf6,
    0x0, 0x0, 0x0, 0x0, 0xdf, 0xfd, 0xc, 0xff,
    0x60, 0x0, 0x0, 0x4, 0xdf, 0xff, 0x30, 0xcf,
    0xfc, 0xaa, 0xaa, 0xce, 0xff, 0xff, 0x50, 0xc,
    0xff, 0xff, 0xff, 0xff, 0xff, 0xfd, 0x30, 0x0,
    0xcf, 0xff, 0xff, 0xff, 0xfd, 0xa5, 0x0, 0x0,
    0x0,

    /* U+0045 "E" */
    0xcf, 0xff, 0xff, 0xff, 0xff, 0xff, 0x8c, 0xff,
    0xff, 0xff, 0xff, 0xff, 0xf8, 0xcf, 0xfc, 0xaa,
    0xaa, 0xaa, 0xaa, 0x5c, 0xff, 0x60, 0x0, 0x0,
    0x0, 0x0, 0xcf, 0xf6, 0x0, 0x0, 0x0, 0x0,
    0xc, 0xff, 0x60, 0x0, 0x0, 0x0, 0x0, 0xcf,
    0xf6, 0x0, 0x0, 0x0, 0x0, 0xc, 0xff, 0xff,
    0xff, 0xff, 0xff, 0x70, 0xcf, 0xff, 0xff, 0xff,
    0xff, 0xf7, 0xc, 0xff, 0xb9, 0x99, 0x99, 0x99,
    0x40, 0xcf, 0xf6, 0x0, 0x0, 0x0, 0x0, 0xc,
    0xff, 0x60, 0x0, 0x0, 0x0, 0x0, 0xcf, 0xf6,
    0x0, 0x0, 0x0, 0x0, 0xc, 0xff, 0x60, 0x0,
    0x0, 0x0, 0x0, 0xcf, 0xfc, 0xaa, 0xaa, 0xaa,
    0xaa, 0x8c, 0xff, 0xff, 0xff, 0xff, 0xff, 0xfd,
    0xcf, 0xff, 0xff, 0xff, 0xff, 0xff, 0xd0,

    /* U+0046 "F" */
    0xcf, 0xff, 0xff, 0xff, 0xff, 0xff, 0x8c, 0xff,
    0xff, 0xff, 0xff, 0xff, 0xf8, 0xcf, 0xfc, 0xaa,
    0xaa, 0xaa, 0xaa, 0x5c, 0xff, 0x60, 0x0, 0x0,
    0x0, 0x0, 0xcf, 0xf6, 0x0, 0x0, 0x0, 0x0,
    0xc, 0xff, 0x60, 0x0, 0x0, 0x0, 0x0, 0xcf,
    0xf6, 0x0, 0x0, 0x0, 0x0, 0xc, 0xff, 0x60,
    0x0, 0x0, 0x0, 0x0, 0xcf, 0xff, 0xff, 0xff,
    0xff, 0xf7, 0xc, 0xff, 0xff, 0xff, 0xff, 0xff,
    0x70, 0xcf, 0xfc, 0xaa, 0xaa, 0xaa, 0xa5, 0xc,
    0xff, 0x60, 0x0, 0x0, 0x0, 0x0, 0xcf, 0xf6,
    0x0, 0x0, 0x0, 0x0, 0xc, 0xff, 0x60, 0x0,
    0x0, 0x0, 0x0, 0xcf, 0xf6, 0x0, 0x0, 0x0,
    0x0, 0xc, 0xff, 0x60, 0x0, 0x0, 0x0, 0x0,
    0xcf, 0xf6, 0x0, 0x0, 0x0, 0x0, 0x0,

    /* U+0047 "G" */
    0x0, 0x0, 0x5, 0xad, 0xff, 0xeb, 0x61, 0x0,
    0x0, 0x4, 0xdf, 0xff, 0xff, 0xff, 0xff, 0x70,
    0x0, 0x6f, 0xff, 0xff, 0xdc, 0xdf, 0xff, 0xf8,
    0x4, 0xff, 0xfe, 0x50, 0x0, 0x2, 0x9f, 0xe3,
    0xe, 0xff, 0xc0, 0x0, 0x0, 0x0, 0x4, 0x20,
    0x6f, 0xff, 0x10, 0x0, 0x0, 0x0, 0x0, 0x0,
    0xbf, 0xf9, 0x0, 0x0, 0x0, 0x0, 0x0, 0x0,
    0xdf, 0xf5, 0x0, 0x0, 0x0, 0x0, 0x0, 0x0,
    0xef, 0xf3, 0x0, 0x0, 0x0, 0x0, 0x2b, 0xb7,
    0xdf, 0xf5, 0x0, 0x0, 0x0, 0x0, 0x4f, 0xfb,
    0xbf, 0xf9, 0x0, 0x0, 0x0, 0x0, 0x4f, 0xfb,
    0x6f, 0xff, 0x10, 0x0, 0x0, 0x0, 0x4f, 0xfb,
    0xe, 0xff, 0xc0, 0x0, 0x0, 0x0, 0x4f, 0xfb,
    0x5, 0xff, 0xfd, 0x50, 0x0, 0x1, 0x9f, 0xfb,
    0x0, 0x7f, 0xff, 0xff, 0xdc, 0xdf, 0xff, 0xfa,
    0x0, 0x4, 0xef, 0xff, 0xff, 0xff, 0xff, 0xa1,
    0x0, 0x0, 0x5, 0xad, 0xff, 0xeb, 0x71, 0x0,

    /* U+0048 "H" */
    0xcf, 0xf6, 0x0, 0x0, 0x0, 0x0, 0xff, 0xf3,
    0xcf, 0xf6, 0x0, 0x0, 0x0, 0x0, 0xff, 0xf3,
    0xcf, 0xf6, 0x0, 0x0, 0x0, 0x0, 0xff, 0xf3,
    0xcf, 0xf6, 0x0, 0x0, 0x0, 0x0, 0xff, 0xf3,
    0xcf, 0xf6, 0x0, 0x0, 0x0, 0x0, 0xff, 0xf3,
    0xcf, 0xf6, 0x0, 0x0, 0x0, 0x0, 0xff, 0xf3,
    0xcf, 0xf6, 0x0, 0x0, 0x0, 0x0, 0xff, 0xf3,
    0xcf, 0xff, 0xff, 0xff, 0xff, 0xff, 0xff, 0xf3,
    0xcf, 0xff, 0xff, 0xff, 0xff, 0xff, 0xff, 0xf3,
    0xcf, 0xfc, 0xbb, 0xbb, 0xbb, 0xbb, 0xff, 0xf3,
    0xcf, 0xf6, 0x0, 0x0, 0x0, 0x0, 0xff, 0xf3,
    0xcf, 0xf6, 0x0, 0x0, 0x0, 0x0, 0xff, 0xf3,
    0xcf, 0xf6, 0x0, 0x0, 0x0, 0x0, 0xff, 0xf3,
    0xcf, 0xf6, 0x0, 0x0, 0x0, 0x0, 0xff, 0xf3,
    0xcf, 0xf6, 0x0, 0x0, 0x0, 0x0, 0xff, 0xf3,
    0xcf, 0xf6, 0x0, 0x0, 0x0, 0x0, 0xff, 0xf3,
    0xcf, 0xf6, 0x0, 0x0, 0x0, 0x0, 0xff, 0xf3,

    /* U+0049 "I" */
    0xcf, 0xf6, 0xcf, 0xf6, 0xcf, 0xf6, 0xcf, 0xf6,
    0xcf, 0xf6, 0xcf, 0xf6, 0xcf, 0xf6, 0xcf, 0xf6,
    0xcf, 0xf6, 0xcf, 0xf6, 0xcf, 0xf6, 0xcf, 0xf6,
    0xcf, 0xf6, 0xcf, 0xf6, 0xcf, 0xf6, 0xcf, 0xf6,
    0xcf, 0xf6,

    /* U+004A "J" */
    0x0, 0x9f, 0xff, 0xff, 0xff, 0xf8, 0x0, 0x9f,
    0xff, 0xff, 0xff, 0xf8, 0x0, 0x5a, 0xaa, 0xaa,
    0xdf, 0xf8, 0x0, 0x0, 0x0, 0x0, 0x9f, 0xf8,
    0x0, 0x0, 0x0, 0x0, 0x9f, 0xf8, 0x0, 0x0,
    0x0, 0x0, 0x9f, 0xf8, 0x0, 0x0, 0x0, 0x0,
    0x9f, 0xf8, 0x0, 0x0, 0x0, 0x0, 0x9f, 0xf8,
    0x0, 0x0, 0x0, 0x0, 0x9f, 0xf8, 0x0, 0x0,
    0x0, 0x0, 0x9f, 0xf8, 0x0, 0x0, 0x0, 0x0,
    0x9f, 0xf8, 0x0, 0x0, 0x0, 0x0, 0x9f, 0xf8,
    0x0, 0x40, 0x0, 0x0, 0xcf, 0xf6, 0x6, 0xf7,
    0x0, 0x4, 0xff, 0xf3, 0x1f, 0xff, 0xea, 0xcf,
    0xff, 0xc0, 0x6, 0xff, 0xff, 0xff, 0xfe, 0x20,
    0x0, 0x29, 0xdf, 0xfd, 0x81, 0x0,

    /* U+004B "K" */
    0xcf, 0xf6, 0x0, 0x0, 0x0, 0xc, 0xff, 0xb0,
    0xcf, 0xf6, 0x0, 0x0, 0x0, 0xbf, 0xfc, 0x0,
    0xcf, 0xf6, 0x0, 0x0, 0xa, 0xff, 0xc0, 0x0,
    0xcf, 0xf6, 0x0, 0x0, 0xaf, 0xfd, 0x10, 0x0,
    0xcf, 0xf6, 0x0, 0x9, 0xff, 0xe1, 0x0, 0x0,
    0xcf, 0xf6, 0x0, 0x8f, 0xfe, 0x20, 0x0, 0x0,
    0xcf, 0xf6, 0x8, 0xff, 0xf3, 0x0, 0x0, 0x0,
    0xcf, 0xf6, 0x7f, 0xff, 0x50, 0x0, 0x0, 0x0,
    0xcf, 0xfc, 0xff, 0xff, 0xc0, 0x0, 0x0, 0x0,
    0xcf, 0xff, 0xff, 0xff, 0xfa, 0x0, 0x0, 0x0,
    0xcf, 0xff, 0xf7, 0x7f, 0xff, 0x60, 0x0, 0x0,
    0xcf, 0xff, 0x70, 0x9, 0xff, 0xf3, 0x0, 0x0,
    0xcf, 0xf9, 0x0, 0x0, 0xcf, 0xfe, 0x10, 0x0,
    0xcf, 0xf6, 0x0, 0x0, 0x1d, 0xff, 0xc0, 0x0,
    0xcf, 0xf6, 0x0, 0x0, 0x2, 0xff, 0xf9, 0x0,
    0xcf, 0xf6, 0x0, 0x0, 0x0, 0x4f, 0xff, 0x60,
    0xcf, 0xf6, 0x0, 0x0, 0x0, 0x7, 0xff, 0xf3,

    /* U+004C "L" */
    0xcf, 0xf6, 0x0, 0x0, 0x0, 0x0, 0xc, 0xff,
    0x60, 0x0, 0x0, 0x0, 0x0, 0xcf, 0xf6, 0x0,
    0x0, 0x0, 0x0, 0xc, 0xff, 0x60, 0x0, 0x0,
    0x0, 0x0, 0xcf, 0xf6, 0x0, 0x0, 0x0, 0x0,
    0xc, 0xff, 0x60, 0x0, 0x0, 0x0, 0x0, 0xcf,
    0xf6, 0x0, 0x0, 0x0, 0x0, 0xc, 0xff, 0x60,
    0x0, 0x0, 0x0, 0x0, 0xcf, 0xf6, 0x0, 0x0,
    0x0, 0x0, 0xc, 0xff, 0x60, 0x0, 0x0, 0x0,
    0x0, 0xcf, 0xf6, 0x0, 0x0, 0x0, 0x0, 0xc,
    0xff, 0x60, 0x0, 0x0, 0x0, 0x0, 0xcf, 0xf6,
    0x0, 0x0, 0x0, 0x0, 0xc, 0xff, 0x60, 0x0,
    0x0, 0x0, 0x0, 0xcf, 0xfc, 0xaa, 0xaa, 0xaa,
    0xaa, 0x1c, 0xff, 0xff, 0xff, 0xff, 0xff, 0xf2,
    0xcf, 0xff, 0xff, 0xff, 0xff, 0xff, 0x20,

    /* U+004D "M" */
    0xcf, 0xf2, 0x0, 0x0, 0x0, 0x0, 0x0, 0x3,
    0xff, 0x9c, 0xff, 0xb0, 0x0, 0x0, 0x0, 0x0,
    0x0, 0xdf, 0xf9, 0xcf, 0xff, 0x40, 0x0, 0x0,
    0x0, 0x0, 0x6f, 0xff, 0x9c, 0xff, 0xfd, 0x0,
    0x0, 0x0, 0x0, 0x1e, 0xff, 0xf9, 0xcf, 0xff,
    0xf7, 0x0, 0x0, 0x0, 0x9, 0xff, 0xff, 0x9c,
    0xff, 0xff, 0xf1, 0x0, 0x0, 0x2, 0xff, 0xff,
    0xf9, 0xcf, 0xfa, 0xff, 0xa0, 0x0, 0x0, 0xbf,
    0xf8, 0xff, 0x9c, 0xff, 0x3c, 0xff, 0x40, 0x0,
    0x5f, 0xf9, 0x5f, 0xf9, 0xcf, 0xf3, 0x3f, 0xfd,
    0x0, 0xd, 0xff, 0x15, 0xff, 0x9c, 0xff, 0x30,
    0x9f, 0xf7, 0x7, 0xff, 0x60, 0x5f, 0xfa, 0xcf,
    0xf3, 0x1, 0xef, 0xf3, 0xff, 0xd0, 0x5, 0xff,
    0xac, 0xff, 0x30, 0x6, 0xff, 0xff, 0xf4, 0x0,
    0x5f, 0xfa, 0xcf, 0xf3, 0x0, 0xc, 0xff, 0xfa,
    0x0, 0x5, 0xff, 0xac, 0xff, 0x30, 0x0, 0x3f,
    0xff, 0x10, 0x0, 0x5f, 0xfa, 0xcf, 0xf3, 0x0,
    0x0, 0x9f, 0x70, 0x0, 0x5, 0xff, 0xac, 0xff,
    0x30, 0x0, 0x0, 0x10, 0x0, 0x0, 0x5f, 0xfa,
    0xcf, 0xf3, 0x0, 0x0, 0x0, 0x0, 0x0, 0x5,
    0xff, 0xa0,

    /* U+004E "N" */
    0xcf, 0xf3, 0x0, 0x0, 0x0, 0x0, 0xef, 0xf3,
    0xcf, 0xfe, 0x10, 0x0, 0x0, 0x0, 0xef, 0xf3,
    0xcf, 0xff, 0xc0, 0x0, 0x0, 0x0, 0xef, 0xf3,
    0xcf, 0xff, 0xfa, 0x0, 0x0, 0x0, 0xef, 0xf3,
    0xcf, 0xff, 0xff, 0x70, 0x0, 0x0, 0xef, 0xf3,
    0xcf, 0xfe, 0xff, 0xf4, 0x0, 0x0, 0xef, 0xf3,
    0xcf, 0xf6, 0xcf, 0xfe, 0x20, 0x0, 0xef, 0xf3,
    0xcf, 0xf5, 0x1e, 0xff, 0xd0, 0x0, 0xef, 0xf3,
    0xcf, 0xf5, 0x3, 0xff, 0xfa, 0x0, 0xef, 0xf3,
    0xcf, 0xf5, 0x0, 0x6f, 0xff, 0x70, 0xef, 0xf3,
    0xcf, 0xf5, 0x0, 0x9, 0xff, 0xf4, 0xef, 0xf3,
    0xcf, 0xf5, 0x0, 0x0, 0xcf, 0xfe, 0xff, 0xf3,
    0xcf, 0xf5, 0x0, 0x0, 0x1e, 0xff, 0xff, 0xf3,
    0xcf, 0xf5, 0x0, 0x0, 0x3, 0xff, 0xff, 0xf3,
    0xcf, 0xf5, 0x0, 0x0, 0x0, 0x6f, 0xff, 0xf3,
    0xcf, 0xf5, 0x0, 0x0, 0x0, 0x9, 0xff, 0xf3,
    0xcf, 0xf5, 0x0, 0x0, 0x0, 0x0, 0xcf, 0xf3,

    /* U+004F "O" */
    0x0, 0x0, 0x5, 0xad, 0xff, 0xeb, 0x60, 0x0,
    0x0, 0x0, 0x0, 0x4d, 0xff, 0xff, 0xff, 0xff,
    0xe6, 0x0, 0x0, 0x0, 0x6f, 0xff, 0xff, 0xdc,
    0xef, 0xff, 0xf9, 0x0, 0x0, 0x4f, 0xff, 0xd5,
    0x0, 0x0, 0x3b, 0xff, 0xf8, 0x0, 0xe, 0xff,
    0xc0, 0x0, 0x0, 0x0, 0x9, 0xff, 0xf2, 0x6,
    0xff, 0xf1, 0x0, 0x0, 0x0, 0x0, 0xc, 0xff,
    0x90, 0xbf, 0xf9, 0x0, 0x0, 0x0, 0x0, 0x0,
    0x5f, 0xfe, 0xd, 0xff, 0x50, 0x0, 0x0, 0x0,
    0x0, 0x1, 0xff, 0xf0, 0xef, 0xf3, 0x0, 0x0,
    0x0, 0x0, 0x0, 0xf, 0xff, 0x2d, 0xff, 0x50,
    0x0, 0x0, 0x0, 0x0, 0x1, 0xff, 0xf0, 0xbf,
    0xf9, 0x0, 0x0, 0x0, 0x0, 0x0, 0x5f, 0xfe,
    0x6, 0xff, 0xe1, 0x0, 0x0, 0x0, 0x0, 0xc,
    0xff, 0x90, 0xe, 0xff, 0xb0, 0x0, 0x0, 0x0,
    0x9, 0xff, 0xf2, 0x0, 0x5f, 0xff, 0xd4, 0x0,
    0x0, 0x3b, 0xff, 0xf8, 0x0, 0x0, 0x6f, 0xff,
    0xfe, 0xcc, 0xef, 0xff, 0xf9, 0x0, 0x0, 0x0,
    0x4d, 0xff, 0xff, 0xff, 0xff, 0xe6, 0x0, 0x0,
    0x0, 0x0, 0x5, 0xad, 0xff, 0xeb, 0x60, 0x0,
    0x0, 0x0,

    /* U+0050 "P" */
    0xcf, 0xff, 0xff, 0xff, 0xeb, 0x60, 0x0, 0xc,
    0xff, 0xff, 0xff, 0xff, 0xff, 0xe4, 0x0, 0xcf,
    0xfc, 0xaa, 0xaa, 0xcf, 0xff, 0xf3, 0xc, 0xff,
    0x60, 0x0, 0x0, 0x2d, 0xff, 0xc0, 0xcf, 0xf6,
    0x0, 0x0, 0x0, 0x2f, 0xff, 0x1c, 0xff, 0x60,
    0x0, 0x0, 0x0, 0xef, 0xf4, 0xcf, 0xf6, 0x0,
    0x0, 0x0, 0xe, 0xff, 0x3c, 0xff, 0x60, 0x0,
    0x0, 0x2, 0xff, 0xf1, 0xcf, 0xf6, 0x0, 0x0,
    0x2, 0xdf, 0xfc, 0xc, 0xff, 0xca, 0xaa, 0xac,
    0xff, 0xff, 0x30, 0xcf, 0xff, 0xff, 0xff, 0xff,
    0xfe, 0x40, 0xc, 0xff, 0xff, 0xff, 0xfe, 0xb6,
    0x0, 0x0, 0xcf, 0xf6, 0x0, 0x0, 0x0, 0x0,
    0x0, 0xc, 0xff, 0x60, 0x0, 0x0, 0x0, 0x0,
    0x0, 0xcf, 0xf6, 0x0, 0x0, 0x0, 0x0, 0x0,
    0xc, 0xff, 0x60, 0x0, 0x0, 0x0, 0x0, 0x0,
    0xcf, 0xf6, 0x0, 0x0, 0x0, 0x0, 0x0, 0x0,

    /* U+0051 "Q" */
    0x0, 0x0, 0x4, 0x9d, 0xff, 0xda, 0x60, 0x0,
    0x0, 0x0, 0x0, 0x3d, 0xff, 0xff, 0xff, 0xff,
    0xe5, 0x0, 0x0, 0x0, 0x5f, 0xff, 0xff, 0xdc,
    0xef, 0xff, 0xf8, 0x0, 0x0, 0x3f, 0xff, 0xe5,
    0x0, 0x0, 0x4c, 0xff, 0xf6, 0x0, 0xd, 0xff,
    0xc1, 0x0, 0x0, 0x0, 0xa, 0xff, 0xf1, 0x5,
    0xff, 0xf2, 0x0, 0x0, 0x0, 0x0, 0xd, 0xff,
    0x80, 0xaf, 0xfa, 0x0, 0x0, 0x0, 0x0, 0x0,
    0x6f, 0xfd, 0xd, 0xff, 0x50, 0x0, 0x0, 0x0,
    0x0, 0x2, 0xff, 0xf0, 0xef, 0xf3, 0x0, 0x0,
    0x0, 0x0, 0x0, 0xf, 0xff, 0x1e, 0xff, 0x40,
    0x0, 0x0, 0x0, 0x0, 0x1, 0xff, 0xf1, 0xcf,
    0xf7, 0x0, 0x0, 0x0, 0x0, 0x0, 0x3f, 0xff,
    0x8, 0xff, 0xd0, 0x0, 0x0, 0x0, 0x0, 0xa,
    0xff, 0xb0, 0x2f, 0xff, 0x70, 0x0, 0x0, 0x0,
    0x4, 0xff, 0xf5, 0x0, 0x8f, 0xff, 0x60, 0x0,
    0x0, 0x4, 0xef, 0xfc, 0x0, 0x0, 0xcf, 0xff,
    0xd7, 0x44, 0x6b, 0xff, 0xfe, 0x20, 0x0, 0x0,
    0xbf, 0xff, 0xff, 0xff, 0xff, 0xfd, 0x20, 0x0,
    0x0, 0x0, 0x5c, 0xff, 0xff, 0xff, 0xe8, 0x0,
    0x0, 0x0, 0x0, 0x0, 0x2, 0x5c, 0xff, 0xf4,
    0x0, 0x0, 0x70, 0x0, 0x0, 0x0, 0x0, 0xc,
    0xff, 0xfa, 0x68, 0xdf, 0x90, 0x0, 0x0, 0x0,
    0x0, 0x9, 0xff, 0xff, 0xff, 0xf7, 0x0, 0x0,
    0x0, 0x0, 0x0, 0x3, 0xae, 0xfe, 0xa3, 0x0,

    /* U+0052 "R" */
    0xcf, 0xff, 0xff, 0xff, 0xeb, 0x71, 0x0, 0xc,
    0xff, 0xff, 0xff, 0xff, 0xff, 0xe4, 0x0, 0xcf,
    0xfc, 0xaa, 0xaa, 0xcf, 0xff, 0xf3, 0xc, 0xff,
    0x60, 0x0, 0x0, 0x2d, 0xff, 0xc0, 0xcf, 0xf6,
    0x0, 0x0, 0x0, 0x2f, 0xff, 0x1c, 0xff, 0x60,
    0x0, 0x0, 0x0, 0xef, 0xf4, 0xcf, 0xf6, 0x0,
    0x0, 0x0, 0xe, 0xff, 0x4c, 0xff, 0x60, 0x0,
    0x0, 0x2, 0xff, 0xf1, 0xcf, 0xf6, 0x0, 0x0,
    0x1, 0xcf, 0xfc, 0xc, 0xff, 0xb9, 0x99, 0x9b,
    0xff, 0xff, 0x30, 0xcf, 0xff, 0xff, 0xff, 0xff,
    0xfe, 0x40, 0xc, 0xff, 0xff, 0xff, 0xff, 0xfe,
    0x10, 0x0, 0xcf, 0xf6, 0x0, 0x0, 0xcf, 0xf8,
    0x0, 0xc, 0xff, 0x60, 0x0, 0x2, 0xff, 0xf3,
    0x0, 0xcf, 0xf6, 0x0, 0x0, 0x7, 0xff, 0xd0,
    0xc, 0xff, 0x60, 0x0, 0x0, 0xc, 0xff, 0x90,
    0xcf, 0xf6, 0x0, 0x0, 0x0, 0x2f, 0xff, 0x40,

    /* U+0053 "S" */
    0x0, 0x0, 0x6b, 0xef, 0xfe, 0xb6, 0x10, 0x0,
    0x3, 0xef, 0xff, 0xff, 0xff, 0xff, 0x50, 0x1,
    0xef, 0xff, 0xba, 0xac, 0xff, 0xf2, 0x0, 0x8f,
    0xfd, 0x10, 0x0, 0x0, 0x69, 0x0, 0xb, 0xff,
    0x60, 0x0, 0x0, 0x0, 0x0, 0x0, 0xbf, 0xf7,
    0x0, 0x0, 0x0, 0x0, 0x0, 0x8, 0xff, 0xf9,
    0x20, 0x0, 0x0, 0x0, 0x0, 0x1d, 0xff, 0xff,
    0xea, 0x61, 0x0, 0x0, 0x0, 0x19, 0xff, 0xff,
    0xff, 0xfa, 0x30, 0x0, 0x0, 0x0, 0x5a, 0xef,
    0xff, 0xff, 0x40, 0x0, 0x0, 0x0, 0x0, 0x27,
    0xef, 0xfe, 0x0, 0x0, 0x0, 0x0, 0x0, 0x1,
    0xff, 0xf2, 0x1, 0x10, 0x0, 0x0, 0x0, 0xe,
    0xff, 0x30, 0x7e, 0x71, 0x0, 0x0, 0x6, 0xff,
    0xf0, 0xe, 0xff, 0xfd, 0xa9, 0xad, 0xff, 0xf7,
    0x0, 0x6e, 0xff, 0xff, 0xff, 0xff, 0xf9, 0x0,
    0x0, 0x5, 0xad, 0xef, 0xed, 0x93, 0x0, 0x0,

    /* U+0054 "T" */
    0xef, 0xff, 0xff, 0xff, 0xff, 0xff, 0xff, 0x5e,
    0xff, 0xff, 0xff, 0xff, 0xff, 0xff, 0xf5, 0x9a,
    0xaa, 0xac, 0xff, 0xea, 0xaa, 0xaa, 0x30, 0x0,
    0x0, 0x5f, 0xfc, 0x0, 0x0, 0x0, 0x0, 0x0,
    0x5, 0xff, 0xc0, 0x0, 0x0, 0x0, 0x0, 0x0,
    0x5f, 0xfc, 0x0, 0x0, 0x0, 0x0, 0x0, 0x5,
    0xff, 0xc0, 0x0, 0x0, 0x0, 0x0, 0x0, 0x5f,
    0xfc, 0x0, 0x0, 0x0, 0x0, 0x0, 0x5, 0xff,
    0xc0, 0x0, 0x0, 0x0, 0x0, 0x0, 0x5f, 0xfc,
    0x0, 0x0, 0x0, 0x0, 0x0, 0x5, 0xff, 0xc0,
    0x0, 0x0, 0x0, 0x0, 0x0, 0x5f, 0xfc, 0x0,
    0x0, 0x0, 0x0, 0x0, 0x5, 0xff, 0xc0, 0x0,
    0x0, 0x0, 0x0, 0x0, 0x5f, 0xfc, 0x0, 0x0,
    0x0, 0x0, 0x0, 0x5, 0xff, 0xc0, 0x0, 0x0,
    0x0, 0x0, 0x0, 0x5f, 0xfc, 0x0, 0x0, 0x0,
    0x0, 0x0, 0x5, 0xff, 0xc0, 0x0, 0x0, 0x0,

    /* U+0055 "U" */
    0xef, 0xf3, 0x0, 0x0, 0x0, 0x4, 0xff, 0xde,
    0xff, 0x30, 0x0, 0x0, 0x0, 0x4f, 0xfd, 0xef,
    0xf3, 0x0, 0x0, 0x0, 0x4, 0xff, 0xde, 0xff,
    0x30, 0x0, 0x0, 0x0, 0x4f, 0xfd, 0xef, 0xf3,
    0x0, 0x0, 0x0, 0x4, 0xff, 0xde, 0xff, 0x30,
    0x0, 0x0, 0x0, 0x4f, 0xfd, 0xef, 0xf3, 0x0,
    0x0, 0x0, 0x4, 0xff, 0xde, 0xff, 0x30, 0x0,
    0x0, 0x0, 0x4f, 0xfd, 0xef, 0xf3, 0x0, 0x0,
    0x0, 0x4, 0xff, 0xde, 0xff, 0x30, 0x0, 0x0,
    0x0, 0x4f, 0xfd, 0xdf, 0xf5, 0x0, 0x0, 0x0,
    0x5, 0xff, 0xcb, 0xff, 0x80, 0x0, 0x0, 0x0,
    0x8f, 0xf9, 0x7f, 0xfe, 0x0, 0x0, 0x0, 0xe,
    0xff, 0x51, 0xff, 0xfc, 0x20, 0x0, 0x2c, 0xff,
    0xe0, 0x6, 0xff, 0xff, 0xdc, 0xdf, 0xff, 0xf5,
    0x0, 0x6, 0xff, 0xff, 0xff, 0xff, 0xf5, 0x0,
    0x0, 0x1, 0x8c, 0xef, 0xec, 0x81, 0x0, 0x0,

    /* U+0056 "V" */
    0xe, 0xff, 0x70, 0x0, 0x0, 0x0, 0x0, 0xb,
    0xff, 0x60, 0x7f, 0xfe, 0x0, 0x0, 0x0, 0x0,
    0x2, 0xff, 0xe0, 0x1, 0xff, 0xf5, 0x0, 0x0,
    0x0, 0x0, 0x9f, 0xf8, 0x0, 0x9, 0xff, 0xc0,
    0x0, 0x0, 0x0, 0xf, 0xff, 0x10, 0x0, 0x2f,
    0xff, 0x20, 0x0, 0x0, 0x7, 0xff, 0xa0, 0x0,
    0x0, 0xcf, 0xf9, 0x0, 0x0, 0x0, 0xdf, 0xf3,
    0x0, 0x0, 0x5, 0xff, 0xf1, 0x0, 0x0, 0x4f,
    0xfc, 0x0, 0x0, 0x0, 0xd, 0xff, 0x70, 0x0,
    0xb, 0xff, 0x60, 0x0, 0x0, 0x0, 0x7f, 0xfe,
    0x0, 0x2, 0xff, 0xe0, 0x0, 0x0, 0x0, 0x1,
    0xff, 0xf5, 0x0, 0x9f, 0xf8, 0x0, 0x0, 0x0,
    0x0, 0x9, 0xff, 0xc0, 0x1f, 0xff, 0x10, 0x0,
    0x0, 0x0, 0x0, 0x2f, 0xff, 0x27, 0xff, 0xa0,
    0x0, 0x0, 0x0, 0x0, 0x0, 0xbf, 0xf9, 0xdf,
    0xf3, 0x0, 0x0, 0x0, 0x0, 0x0, 0x4, 0xff,
    0xff, 0xfc, 0x0, 0x0, 0x0, 0x0, 0x0, 0x0,
    0xd, 0xff, 0xff, 0x50, 0x0, 0x0, 0x0, 0x0,
    0x0, 0x0, 0x6f, 0xff, 0xe0, 0x0, 0x0, 0x0,
    0x0, 0x0, 0x0, 0x0, 0xff, 0xf8, 0x0, 0x0,
    0x0, 0x0,

    /* U+0057 "W" */
    0x3f, 0xff, 0x10, 0x0, 0x0, 0x0, 0xcf, 0xf7,
    0x0, 0x0, 0x0, 0x5, 0xff, 0xa0, 0xdf, 0xf5,
    0x0, 0x0, 0x0, 0x1f, 0xff, 0xc0, 0x0, 0x0,
    0x0, 0xaf, 0xf5, 0x8, 0xff, 0xb0, 0x0, 0x0,
    0x7, 0xff, 0xff, 0x10, 0x0, 0x0, 0xf, 0xff,
    0x0, 0x3f, 0xff, 0x0, 0x0, 0x0, 0xcf, 0xff,
    0xf6, 0x0, 0x0, 0x5, 0xff, 0xa0, 0x0, 0xef,
    0xf5, 0x0, 0x0, 0x1f, 0xfe, 0xff, 0xc0, 0x0,
    0x0, 0xaf, 0xf5, 0x0, 0x8, 0xff, 0xa0, 0x0,
    0x7, 0xff, 0x6d, 0xff, 0x10, 0x0, 0xf, 0xff,
    0x0, 0x0, 0x3f, 0xff, 0x0, 0x0, 0xcf, 0xf1,
    0x8f, 0xf6, 0x0, 0x5, 0xff, 0xa0, 0x0, 0x0,
    0xef, 0xf4, 0x0, 0x1f, 0xfb, 0x3, 0xff, 0xb0,
    0x0, 0xaf, 0xf5, 0x0, 0x0, 0x9, 0xff, 0xa0,
    0x7, 0xff, 0x60, 0xe, 0xff, 0x10, 0xf, 0xff,
    0x0, 0x0, 0x0, 0x3f, 0xfe, 0x0, 0xcf, 0xf1,
    0x0, 0x8f, 0xf6, 0x5, 0xff, 0xb0, 0x0, 0x0,
    0x0, 0xef, 0xf4, 0x2f, 0xfb, 0x0, 0x3, 0xff,
    0xb0, 0xaf, 0xf5, 0x0, 0x0, 0x0, 0x9, 0xff,
    0x97, 0xff, 0x60, 0x0, 0xe, 0xff, 0x1f, 0xff,
    0x0, 0x0, 0x0, 0x0, 0x4f, 0xfe, 0xcf, 0xf1,
    0x0, 0x0, 0x9f, 0xfa, 0xff, 0xb0, 0x0, 0x0,
    0x0, 0x0, 0xef, 0xff, 0xfb, 0x0, 0x0, 0x3,
    0xff, 0xff, 0xf6, 0x0, 0x0, 0x0, 0x0, 0x9,
    0xff, 0xff, 0x60, 0x0, 0x0, 0xe, 0xff, 0xff,
    0x10, 0x0, 0x0, 0x0, 0x0, 0x4f, 0xff, 0xf1,
    0x0, 0x0, 0x0, 0x9f, 0xff, 0xb0, 0x0, 0x0,
    0x0, 0x0, 0x0, 0xef, 0xfb, 0x0, 0x0, 0x0,
    0x3, 0xff, 0xf6, 0x0, 0x0, 0x0,

    /* U+0058 "X" */
    0x2f, 0xff, 0x60, 0x0, 0x0, 0x0, 0xbf, 0xfa,
    0x0, 0x6f, 0xff, 0x20, 0x0, 0x0, 0x6f, 0xfe,
    0x0, 0x0, 0xaf, 0xfd, 0x0, 0x0, 0x2f, 0xff,
    0x30, 0x0, 0x1, 0xef, 0xf9, 0x0, 0xd, 0xff,
    0x80, 0x0, 0x0, 0x4, 0xff, 0xf4, 0x8, 0xff,
    0xc0, 0x0, 0x0, 0x0, 0x8, 0xff, 0xe5, 0xff,
    0xf2, 0x0, 0x0, 0x0, 0x0, 0xc, 0xff, 0xff,
    0xf5, 0x0, 0x0, 0x0, 0x0, 0x0, 0x2f, 0xff,
    0xfa, 0x0, 0x0, 0x0, 0x0, 0x0, 0x0, 0xbf,
    0xff, 0x50, 0x0, 0x0, 0x0, 0x0, 0x0, 0x6f,
    0xff, 0xfe, 0x10, 0x0, 0x0, 0x0, 0x0, 0x2f,
    0xff, 0xdf, 0xfc, 0x0, 0x0, 0x0, 0x0, 0xc,
    0xff, 0x91, 0xef, 0xf7, 0x0, 0x0, 0x0, 0x8,
    0xff, 0xd0, 0x5, 0xff, 0xf3, 0x0, 0x0, 0x4,
    0xff, 0xf3, 0x0, 0xa, 0xff, 0xd0, 0x0, 0x1,
    0xef, 0xf8, 0x0, 0x0, 0xd, 0xff, 0xa0, 0x0,
    0xbf, 0xfc, 0x0, 0x0, 0x0, 0x3f, 0xff, 0x50,
    0x6f, 0xff, 0x20, 0x0, 0x0, 0x0, 0x8f, 0xff,
    0x20,

    /* U+0059 "Y" */
    0xe, 0xff, 0x60, 0x0, 0x0, 0x0, 0x4, 0xff,
    0xc0, 0x5, 0xff, 0xe1, 0x0, 0x0, 0x0, 0xd,
    0xff, 0x30, 0x0, 0xbf, 0xf9, 0x0, 0x0, 0x0,
    0x7f, 0xf9, 0x0, 0x0, 0x2f, 0xff, 0x30, 0x0,
    0x1, 0xff, 0xe1, 0x0, 0x0, 0x8, 0xff, 0xc0,
    0x0, 0xb, 0xff, 0x60, 0x0, 0x0, 0x0, 0xef,
    0xf6, 0x0, 0x4f, 0xfc, 0x0, 0x0, 0x0, 0x0,
    0x5f, 0xfe, 0x10, 0xdf, 0xf3, 0x0, 0x0, 0x0,
    0x0, 0xb, 0xff, 0x97, 0xff, 0x90, 0x0, 0x0,
    0x0, 0x0, 0x2, 0xff, 0xff, 0xfe, 0x10, 0x0,
    0x0, 0x0, 0x0, 0x0, 0x8f, 0xff, 0xf6, 0x0,
    0x0, 0x0, 0x0, 0x0, 0x0, 0xe, 0xff, 0xc0,
    0x0, 0x0, 0x0, 0x0, 0x0, 0x0, 0x9, 0xff,
    0x80, 0x0, 0x0, 0x0, 0x0, 0x0, 0x0, 0x9,
    0xff, 0x80, 0x0, 0x0, 0x0, 0x0, 0x0, 0x0,
    0x9, 0xff, 0x80, 0x0, 0x0, 0x0, 0x0, 0x0,
    0x0, 0x9, 0xff, 0x80, 0x0, 0x0, 0x0, 0x0,
    0x0, 0x0, 0x9, 0xff, 0x80, 0x0, 0x0, 0x0,
    0x0, 0x0, 0x0, 0x9, 0xff, 0x80, 0x0, 0x0,
    0x0,

    /* U+005A "Z" */
    0xd, 0xff, 0xff, 0xff, 0xff, 0xff, 0xff, 0xf0,
    0xd, 0xff, 0xff, 0xff, 0xff, 0xff, 0xff, 0xf0,
    0x8, 0xaa, 0xaa, 0xaa, 0xaa, 0xbf, 0xff, 0xa0,
    0x0, 0x0, 0x0, 0x0, 0x0, 0xcf, 0xfd, 0x0,
    0x0, 0x0, 0x0, 0x0, 0x9, 0xff, 0xe2, 0x0,
    0x0, 0x0, 0x0, 0x0, 0x6f, 0xff, 0x40, 0x0,
    0x0, 0x0, 0x0, 0x4, 0xff, 0xf7, 0x0, 0x0,
    0x0, 0x0, 0x0, 0x1e, 0xff, 0xa0, 0x0, 0x0,
    0x0, 0x0, 0x0, 0xcf, 0xfc, 0x0, 0x0, 0x0,
    0x0, 0x0, 0xa, 0xff, 0xe1, 0x0, 0x0, 0x0,
    0x0, 0x0, 0x7f, 0xff, 0x30, 0x0, 0x0, 0x0,
    0x0, 0x4, 0xff, 0xf6, 0x0, 0x0, 0x0, 0x0,
    0x0, 0x2e, 0xff, 0x90, 0x0, 0x0, 0x0, 0x0,
    0x0, 0xdf, 0xfc, 0x0, 0x0, 0x0, 0x0, 0x0,
    0xa, 0xff, 0xfb, 0xaa, 0xaa, 0xaa, 0xaa, 0xa3,
    0xf, 0xff, 0xff, 0xff, 0xff, 0xff, 0xff, 0xf5,
    0xf, 0xff, 0xff, 0xff, 0xff, 0xff, 0xff, 0xf5,

    /* U+005B "[" */
    0xcf, 0xff, 0xff, 0xcf, 0xff, 0xff, 0xcf, 0xf8,
    0x66, 0xcf, 0xf4, 0x0, 0xcf, 0xf4, 0x0, 0xcf,
    0xf4, 0x0, 0xcf, 0xf4, 0x0, 0xcf, 0xf4, 0x0,
    0xcf, 0xf4, 0x0, 0xcf, 0xf4, 0x0, 0xcf, 0xf4,
    0x0, 0xcf, 0xf4, 0x0, 0xcf, 0xf4, 0x0, 0xcf,
    0xf4, 0x0, 0xcf, 0xf4, 0x0, 0xcf, 0xf4, 0x0,
    0xcf, 0xf4, 0x0, 0xcf, 0xf4, 0x0, 0xcf, 0xf4,
    0x0, 0xcf, 0xf4, 0x0, 0xcf, 0xf8, 0x66, 0xcf,
    0xff, 0xff, 0xcf, 0xff, 0xff,

    /* U+005C "\\" */
    0x68, 0x60, 0x0, 0x0, 0x0, 0x9, 0xff, 0x10,
    0x0, 0x0, 0x0, 0x4f, 0xf6, 0x0, 0x0, 0x0,
    0x0, 0xef, 0xc0, 0x0, 0x0, 0x0, 0x8, 0xff,
    0x20, 0x0, 0x0, 0x0, 0x3f, 0xf7, 0x0, 0x0,
    0x0, 0x0, 0xdf, 0xd0, 0x0, 0x0, 0x0, 0x7,
    0xff, 0x30, 0x0, 0x0, 0x0, 0x2f, 0xf8, 0x0,
    0x0, 0x0, 0x0, 0xcf, 0xe0, 0x0, 0x0, 0x0,
    0x7, 0xff, 0x30, 0x0, 0x0, 0x0, 0x1f, 0xf9,
    0x0, 0x0, 0x0, 0x0, 0xbf, 0xe0, 0x0, 0x0,
    0x0, 0x6, 0xff, 0x40, 0x0, 0x0, 0x0, 0x1f,
    0xfa, 0x0, 0x0, 0x0, 0x0, 0xaf, 0xf0, 0x0,
    0x0, 0x0, 0x5, 0xff, 0x50, 0x0, 0x0, 0x0,
    0xf, 0xfb, 0x0, 0x0, 0x0, 0x0, 0xaf, 0xf1,
    0x0, 0x0, 0x0, 0x4, 0xff, 0x60, 0x0, 0x0,
    0x0, 0xe, 0xfc, 0x0, 0x0, 0x0, 0x0, 0x9f,
    0xf1, 0x0, 0x0, 0x0, 0x3, 0xff, 0x70,

    /* U+005D "]" */
    0x9f, 0xff, 0xff, 0x29, 0xff, 0xff, 0xf2, 0x36,
    0x6e, 0xff, 0x20, 0x0, 0xef, 0xf2, 0x0, 0xe,
    0xff, 0x20, 0x0, 0xef, 0xf2, 0x0, 0xe, 0xff,
    0x20, 0x0, 0xef, 0xf2, 0x0, 0xe, 0xff, 0x20,
    0x0, 0xef, 0xf2, 0x0, 0xe, 0xff, 0x20, 0x0,
    0xef, 0xf2, 0x0, 0xe, 0xff, 0x20, 0x0, 0xef,
    0xf2, 0x0, 0xe, 0xff, 0x20, 0x0, 0xef, 0xf2,
    0x0, 0xe, 0xff, 0x20, 0x0, 0xef, 0xf2, 0x0,
    0xe, 0xff, 0x20, 0x0, 0xef, 0xf2, 0x36, 0x6e,
    0xff, 0x29, 0xff, 0xff, 0xf2, 0x9f, 0xff, 0xff,
    0x20,

    /* U+005E "^" */
    0x0, 0x0, 0x5f, 0xf8, 0x0, 0x0, 0x0, 0x0,
    0xcf, 0xfe, 0x0, 0x0, 0x0, 0x3, 0xff, 0xef,
    0x60, 0x0, 0x0, 0xa, 0xfa, 0x7f, 0xd0, 0x0,
    0x0, 0x1f, 0xf3, 0x1f, 0xf3, 0x0, 0x0, 0x7f,
    0xd0, 0x9, 0xfa, 0x0, 0x0, 0xef, 0x60, 0x3,
    0xff, 0x10, 0x5, 0xfe, 0x0, 0x0, 0xcf, 0x80,
    0xc, 0xf8, 0x0, 0x0, 0x5f, 0xe0, 0x3f, 0xf2,
    0x0, 0x0, 0xe, 0xf6,

    /* U+005F "_" */
    0xdd, 0xdd, 0xdd, 0xdd, 0xdd, 0xdd, 0xff, 0xff,
    0xff, 0xff, 0xff, 0xff,

    /* U+0060 "`" */
    0x27, 0x87, 0x10, 0x0, 0x6, 0xff, 0xd1, 0x0,
    0x0, 0x3e, 0xfc, 0x0, 0x0, 0x2, 0xdf, 0xb0,

    /* U+0061 "a" */
    0x1, 0x7b, 0xef, 0xfd, 0x92, 0x0, 0x4f, 0xff,
    0xff, 0xff, 0xff, 0x50, 0x1e, 0xfc, 0x98, 0x9e,
    0xff, 0xf1, 0x4, 0x10, 0x0, 0x0, 0xcf, 0xf6,
    0x0, 0x0, 0x0, 0x0, 0x5f, 0xfa, 0x1, 0x8d,
    0xef, 0xff, 0xff, 0xfb, 0x1e, 0xff, 0xff, 0xff,
    0xff, 0xfb, 0xaf, 0xfa, 0x20, 0x0, 0x4f, 0xfb,
    0xef, 0xf1, 0x0, 0x0, 0x5f, 0xfb, 0xef, 0xf2,
    0x0, 0x0, 0xcf, 0xfb, 0x9f, 0xfd, 0x53, 0x5c,
    0xff, 0xfb, 0x1e, 0xff, 0xff, 0xff, 0xcf, 0xfb,
    0x1, 0x9d, 0xff, 0xc6, 0x2f, 0xfb,

    /* U+0062 "b" */
    0xf, 0xff, 0x0, 0x0, 0x0, 0x0, 0x0, 0x0,
    0xff, 0xf0, 0x0, 0x0, 0x0, 0x0, 0x0, 0xf,
    0xff, 0x0, 0x0, 0x0, 0x0, 0x0, 0x0, 0xff,
    0xf0, 0x0, 0x0, 0x0, 0x0, 0x0, 0xf, 0xff,
    0x0, 0x0, 0x0, 0x0, 0x0, 0x0, 0xff, 0xf0,
    0x6c, 0xff, 0xd8, 0x20, 0x0, 0xf, 0xff, 0xbf,
    0xff, 0xff, 0xff, 0x60, 0x0, 0xff, 0xff, 0xfc,
    0x9a, 0xef, 0xff, 0x40, 0xf, 0xff, 0xf4, 0x0,
    0x0, 0xbf, 0xfe, 0x0, 0xff, 0xf6, 0x0, 0x0,
    0x0, 0xef, 0xf4, 0xf, 0xff, 0x0, 0x0, 0x0,
    0x9, 0xff, 0x70, 0xff, 0xf0, 0x0, 0x0, 0x0,
    0x7f, 0xf8, 0xf, 0xff, 0x0, 0x0, 0x0, 0x9,
    0xff, 0x70, 0xff, 0xf6, 0x0, 0x0, 0x0, 0xef,
    0xf4, 0xf, 0xff, 0xf4, 0x0, 0x1, 0xbf, 0xfe,
    0x0, 0xff, 0xff, 0xfc, 0x9a, 0xff, 0xff, 0x40,
    0xf, 0xfd, 0xcf, 0xff, 0xff, 0xff, 0x50, 0x0,
    0xff, 0xd0, 0x6c, 0xff, 0xd8, 0x20, 0x0,

    /* U+0063 "c" */
    0x0, 0x0, 0x4a, 0xdf, 0xec, 0x71, 0x0, 0x0,
    0xa, 0xff, 0xff, 0xff, 0xfe, 0x30, 0x0, 0xbf,
    0xff, 0xc9, 0xae, 0xff, 0xe1, 0x5, 0xff, 0xf4,
    0x0, 0x0, 0xae, 0x70, 0xc, 0xff, 0x60, 0x0,
    0x0, 0x1, 0x0, 0xf, 0xff, 0x0, 0x0, 0x0,
    0x0, 0x0, 0x1f, 0xff, 0x0, 0x0, 0x0, 0x0,
    0x0, 0xf, 0xff, 0x0, 0x0, 0x0, 0x0, 0x0,
    0xc, 0xff, 0x60, 0x0, 0x0, 0x1, 0x0, 0x5,
    0xff, 0xf4, 0x0, 0x0, 0xbf, 0x70, 0x0, 0xaf,
    0xff, 0xc9, 0xae, 0xff, 0xe1, 0x0, 0x9, 0xff,
    0xff, 0xff, 0xfe, 0x30, 0x0, 0x0, 0x3a, 0xdf,
    0xec, 0x71, 0x0,

    /* U+0064 "d" */
    0x0, 0x0, 0x0, 0x0, 0x0, 0x7, 0xff, 0x80,
    0x0, 0x0, 0x0, 0x0, 0x0, 0x7f, 0xf8, 0x0,
    0x0, 0x0, 0x0, 0x0, 0x7, 0xff, 0x80, 0x0,
    0x0, 0x0, 0x0, 0x0, 0x7f, 0xf8, 0x0, 0x0,
    0x0, 0x0, 0x0, 0x7, 0xff, 0x80, 0x0, 0x5,
    0xbe, 0xfe, 0x92, 0x7f, 0xf8, 0x0, 0x1c, 0xff,
    0xff, 0xff, 0xfc, 0xff, 0x80, 0xc, 0xff, 0xfc,
    0x9a, 0xef, 0xff, 0xf8, 0x6, 0xff, 0xf4, 0x0,
    0x0, 0xaf, 0xff, 0x80, 0xcf, 0xf6, 0x0, 0x0,
    0x0, 0xef, 0xf8, 0xf, 0xff, 0x10, 0x0, 0x0,
    0x9, 0xff, 0x81, 0xff, 0xf0, 0x0, 0x0, 0x0,
    0x7f, 0xf8, 0xf, 0xff, 0x10, 0x0, 0x0, 0x9,
    0xff, 0x80, 0xcf, 0xf7, 0x0, 0x0, 0x0, 0xef,
    0xf8, 0x6, 0xff, 0xf4, 0x0, 0x0, 0xbf, 0xff,
    0x80, 0xc, 0xff, 0xfc, 0x9a, 0xff, 0xff, 0xf8,
    0x0, 0x1c, 0xff, 0xff, 0xff, 0xfa, 0xff, 0x80,
    0x0, 0x5, 0xbe, 0xfe, 0xa2, 0x5f, 0xf8,

    /* U+0065 "e" */
    0x0, 0x0, 0x5b, 0xef, 0xeb, 0x50, 0x0, 0x0,
    0x1, 0xbf, 0xff, 0xff, 0xff, 0xc1, 0x0, 0x0,
    0xbf, 0xfe, 0x87, 0x8d, 0xff, 0xc0, 0x0, 0x6f,
    0xfb, 0x0, 0x0, 0xa, 0xff, 0x60, 0xc, 0xff,
    0x10, 0x0, 0x0, 0xf, 0xfc, 0x0, 0xff, 0xff,
    0xff, 0xff, 0xff, 0xff, 0xe0, 0x1f, 0xff, 0xff,
    0xff, 0xff, 0xff, 0xff, 0x0, 0xff, 0xf1, 0x0,
    0x0, 0x0, 0x0, 0x0, 0xc, 0xff, 0x80, 0x0,
    0x0, 0x0, 0x0, 0x0, 0x5f, 0xff, 0x60, 0x0,
    0x4, 0xd1, 0x0, 0x0, 0xaf, 0xff, 0xda, 0x9c,
    0xff, 0xc0, 0x0, 0x0, 0x9f, 0xff, 0xff, 0xff,
    0xf7, 0x0, 0x0, 0x0, 0x39, 0xdf, 0xfd, 0x93,
    0x0, 0x0,

    /* U+0066 "f" */
    0x0, 0x0, 0x7d, 0xfe, 0xc4, 0x0, 0xb, 0xff,
    0xff, 0xf5, 0x0, 0x4f, 0xff, 0x87, 0xb0, 0x0,
    0x8f, 0xf7, 0x0, 0x0, 0x0, 0x9f, 0xf4, 0x0,
    0x0, 0xbf, 0xff, 0xff, 0xff, 0xd0, 0xbf, 0xff,
    0xff, 0xff, 0xd0, 0x46, 0xcf, 0xfa, 0x66, 0x50,
    0x0, 0xaf, 0xf6, 0x0, 0x0, 0x0, 0xaf, 0xf6,
    0x0, 0x0, 0x0, 0xaf, 0xf6, 0x0, 0x0, 0x0,
    0xaf, 0xf6, 0x0, 0x0, 0x0, 0xaf, 0xf6, 0x0,
    0x0, 0x0, 0xaf, 0xf6, 0x0, 0x0, 0x0, 0xaf,
    0xf6, 0x0, 0x0, 0x0, 0xaf, 0xf6, 0x0, 0x0,
    0x0, 0xaf, 0xf6, 0x0, 0x0, 0x0, 0xaf, 0xf6,
    0x0, 0x0,

    /* U+0067 "g" */
    0x0, 0x0, 0x5b, 0xef, 0xea, 0x32, 0xff, 0xb0,
    0x1, 0xcf, 0xff, 0xff, 0xff, 0x9f, 0xfb, 0x0,
    0xdf, 0xff, 0xc9, 0x9d, 0xff, 0xff, 0xb0, 0x7f,
    0xfe, 0x30, 0x0, 0x7, 0xff, 0xfb, 0xd, 0xff,
    0x50, 0x0, 0x0, 0xa, 0xff, 0xb0, 0xff, 0xf0,
    0x0, 0x0, 0x0, 0x5f, 0xfb, 0xf, 0xff, 0x0,
    0x0, 0x0, 0x4, 0xff, 0xb0, 0xff, 0xf2, 0x0,
    0x0, 0x0, 0x7f, 0xfb, 0xb, 0xff, 0xa0, 0x0,
    0x0, 0x1e, 0xff, 0xb0, 0x3f, 0xff, 0xa3, 0x0,
    0x5d, 0xff, 0xfb, 0x0, 0x7f, 0xff, 0xff, 0xff,
    0xff, 0xff, 0xb0, 0x0, 0x5e, 0xff, 0xff, 0xfb,
    0x7f, 0xfa, 0x0, 0x0, 0x4, 0x78, 0x73, 0x7,
    0xff, 0x90, 0x0, 0x0, 0x0, 0x0, 0x0, 0xbf,
    0xf6, 0x0, 0x7b, 0x30, 0x0, 0x0, 0x6f, 0xff,
    0x10, 0x1f, 0xff, 0xda, 0x9a, 0xdf, 0xff, 0x80,
    0x2, 0xcf, 0xff, 0xff, 0xff, 0xff, 0xa0, 0x0,
    0x0, 0x39, 0xce, 0xff, 0xda, 0x30, 0x0,

    /* U+0068 "h" */
    0xf, 0xff, 0x0, 0x0, 0x0, 0x0, 0x0, 0xf,
    0xff, 0x0, 0x0, 0x0, 0x0, 0x0, 0xf, 0xff,
    0x0, 0x0, 0x0, 0x0, 0x0, 0xf, 0xff, 0x0,
    0x0, 0x0, 0x0, 0x0, 0xf, 0xff, 0x0, 0x0,
    0x0, 0x0, 0x0, 0xf, 0xff, 0x6, 0xce, 0xfd,
    0x81, 0x0, 0xf, 0xff, 0xcf, 0xff, 0xff, 0xfe,
    0x30, 0xf, 0xff, 0xff, 0xca, 0xcf, 0xff, 0xd0,
    0xf, 0xff, 0xe4, 0x0, 0x4, 0xff, 0xf4, 0xf,
    0xff, 0x60, 0x0, 0x0, 0xaf, 0xf7, 0xf, 0xff,
    0x10, 0x0, 0x0, 0x7f, 0xf9, 0xf, 0xff, 0x0,
    0x0, 0x0, 0x6f, 0xf9, 0xf, 0xff, 0x0, 0x0,
    0x0, 0x6f, 0xf9, 0xf, 0xff, 0x0, 0x0, 0x0,
    0x6f, 0xf9, 0xf, 0xff, 0x0, 0x0, 0x0, 0x6f,
    0xf9, 0xf, 0xff, 0x0, 0x0, 0x0, 0x6f, 0xf9,
    0xf, 0xff, 0x0, 0x0, 0x0, 0x6f, 0xf9, 0xf,
    0xff, 0x0, 0x0, 0x0, 0x6f, 0xf9,

    /* U+0069 "i" */
    0x3, 0x73, 0x3, 0xff, 0xf3, 0x6f, 0xff, 0x51,
    0xdf, 0xc0, 0x0, 0x10, 0x0, 0x0, 0x0, 0xf,
    0xff, 0x0, 0xff, 0xf0, 0xf, 0xff, 0x0, 0xff,
    0xf0, 0xf, 0xff, 0x0, 0xff, 0xf0, 0xf, 0xff,
    0x0, 0xff, 0xf0, 0xf, 0xff, 0x0, 0xff, 0xf0,
    0xf, 0xff, 0x0, 0xff, 0xf0, 0xf, 0xff, 0x0,

    /* U+006A "j" */
    0x0, 0x0, 0x2, 0x74, 0x0, 0x0, 0x1, 0xff,
    0xf4, 0x0, 0x0, 0x4f, 0xff, 0x70, 0x0, 0x0,
    0xbf, 0xd1, 0x0, 0x0, 0x0, 0x10, 0x0, 0x0,
    0x0, 0x0, 0x0, 0x0, 0x0, 0xe, 0xff, 0x10,
    0x0, 0x0, 0xef, 0xf1, 0x0, 0x0, 0xe, 0xff,
    0x10, 0x0, 0x0, 0xef, 0xf1, 0x0, 0x0, 0xe,
    0xff, 0x10, 0x0, 0x0, 0xef, 0xf1, 0x0, 0x0,
    0xe, 0xff, 0x10, 0x0, 0x0, 0xef, 0xf1, 0x0,
    0x0, 0xe, 0xff, 0x10, 0x0, 0x0, 0xef, 0xf1,
    0x0, 0x0, 0xe, 0xff, 0x10, 0x0, 0x0, 0xef,
    0xf1, 0x0, 0x0, 0xe, 0xff, 0x10, 0x0, 0x0,
    0xef, 0xf1, 0x0, 0x0, 0x1f, 0xff, 0x0, 0x8a,
    0x8d, 0xff, 0xb0, 0xe, 0xff, 0xff, 0xf2, 0x0,
    0x9e, 0xfe, 0xa2, 0x0,

    /* U+006B "k" */
    0xf, 0xff, 0x0, 0x0, 0x0, 0x0, 0x0, 0x0,
    0xff, 0xf0, 0x0, 0x0, 0x0, 0x0, 0x0, 0xf,
    0xff, 0x0, 0x0, 0x0, 0x0, 0x0, 0x0, 0xff,
    0xf0, 0x0, 0x0, 0x0, 0x0, 0x0, 0xf, 0xff,
    0x0, 0x0, 0x0, 0x0, 0x0, 0x0, 0xff, 0xf0,
    0x0, 0x0, 0x5f, 0xff, 0x40, 0xf, 0xff, 0x0,
    0x0, 0x6f, 0xff, 0x50, 0x0, 0xff, 0xf0, 0x0,
    0x7f, 0xff, 0x50, 0x0, 0xf, 0xff, 0x0, 0x8f,
    0xff, 0x50, 0x0, 0x0, 0xff, 0xf0, 0x9f, 0xff,
    0x60, 0x0, 0x0, 0xf, 0xff, 0xaf, 0xff, 0xa0,
    0x0, 0x0, 0x0, 0xff, 0xff, 0xff, 0xff, 0x40,
    0x0, 0x0, 0xf, 0xff, 0xfe, 0xcf, 0xfe, 0x10,
    0x0, 0x0, 0xff, 0xfe, 0x21, 0xdf, 0xfc, 0x0,
    0x0, 0xf, 0xff, 0x20, 0x2, 0xff, 0xf9, 0x0,
    0x0, 0xff, 0xf0, 0x0, 0x5, 0xff, 0xf5, 0x0,
    0xf, 0xff, 0x0, 0x0, 0x8, 0xff, 0xf2, 0x0,
    0xff, 0xf0, 0x0, 0x0, 0xb, 0xff, 0xd0,

    /* U+006C "l" */
    0xf, 0xff, 0xf, 0xff, 0xf, 0xff, 0xf, 0xff,
    0xf, 0xff, 0xf, 0xff, 0xf, 0xff, 0xf, 0xff,
    0xf, 0xff, 0xf, 0xff, 0xf, 0xff, 0xf, 0xff,
    0xf, 0xff, 0xf, 0xff, 0xf, 0xff, 0xf, 0xff,
    0xf, 0xff, 0xf, 0xff,

    /* U+006D "m" */
    0xf, 0xfd, 0x18, 0xdf, 0xfd, 0x70, 0x0, 0x7c,
    0xff, 0xd8, 0x10, 0x0, 0xff, 0xee, 0xff, 0xff,
    0xff, 0xd3, 0xef, 0xff, 0xff, 0xfe, 0x10, 0xf,
    0xff, 0xfe, 0xa8, 0xcf, 0xff, 0xff, 0xfa, 0x8a,
    0xff, 0xfb, 0x0, 0xff, 0xfd, 0x10, 0x0, 0x8f,
    0xff, 0xf3, 0x0, 0x5, 0xff, 0xf2, 0xf, 0xff,
    0x50, 0x0, 0x0, 0xff, 0xf8, 0x0, 0x0, 0xc,
    0xff, 0x50, 0xff, 0xf1, 0x0, 0x0, 0xd, 0xff,
    0x40, 0x0, 0x0, 0xaf, 0xf6, 0xf, 0xff, 0x0,
    0x0, 0x0, 0xdf, 0xf3, 0x0, 0x0, 0x9, 0xff,
    0x60, 0xff, 0xf0, 0x0, 0x0, 0xd, 0xff, 0x30,
    0x0, 0x0, 0x9f, 0xf6, 0xf, 0xff, 0x0, 0x0,
    0x0, 0xdf, 0xf3, 0x0, 0x0, 0x9, 0xff, 0x60,
    0xff, 0xf0, 0x0, 0x0, 0xd, 0xff, 0x30, 0x0,
    0x0, 0x9f, 0xf6, 0xf, 0xff, 0x0, 0x0, 0x0,
    0xdf, 0xf3, 0x0, 0x0, 0x9, 0xff, 0x60, 0xff,
    0xf0, 0x0, 0x0, 0xd, 0xff, 0x30, 0x0, 0x0,
    0x9f, 0xf6, 0xf, 0xff, 0x0, 0x0, 0x0, 0xdf,
    0xf3, 0x0, 0x0, 0x9, 0xff, 0x60,

    /* U+006E "n" */
    0xf, 0xfd, 0x7, 0xcf, 0xfd, 0x81, 0x0, 0xf,
    0xfe, 0xdf, 0xff, 0xff, 0xfe, 0x30, 0xf, 0xff,
    0xff, 0xa8, 0xaf, 0xff, 0xd0, 0xf, 0xff, 0xe2,
    0x0, 0x3, 0xff, 0xf4, 0xf, 0xff, 0x50, 0x0,
    0x0, 0xaf, 0xf7, 0xf, 0xff, 0x10, 0x0, 0x0,
    0x7f, 0xf9, 0xf, 0xff, 0x0, 0x0, 0x0, 0x6f,
    0xf9, 0xf, 0xff, 0x0, 0x0, 0x0, 0x6f, 0xf9,
    0xf, 0xff, 0x0, 0x0, 0x0, 0x6f, 0xf9, 0xf,
    0xff, 0x0, 0x0, 0x0, 0x6f, 0xf9, 0xf, 0xff,
    0x0, 0x0, 0x0, 0x6f, 0xf9, 0xf, 0xff, 0x0,
    0x0, 0x0, 0x6f, 0xf9, 0xf, 0xff, 0x0, 0x0,
    0x0, 0x6f, 0xf9,

    /* U+006F "o" */
    0x0, 0x0, 0x4a, 0xdf, 0xec, 0x71, 0x0, 0x0,
    0x0, 0xaf, 0xff, 0xff, 0xff, 0xe4, 0x0, 0x0,
    0xbf, 0xff, 0xc9, 0xae, 0xff, 0xf3, 0x0, 0x5f,
    0xff, 0x40, 0x0, 0xa, 0xff, 0xd0, 0xc, 0xff,
    0x60, 0x0, 0x0, 0xe, 0xff, 0x30, 0xff, 0xf1,
    0x0, 0x0, 0x0, 0x9f, 0xf7, 0x1f, 0xff, 0x0,
    0x0, 0x0, 0x7, 0xff, 0x80, 0xff, 0xf1, 0x0,
    0x0, 0x0, 0x9f, 0xf6, 0xc, 0xff, 0x70, 0x0,
    0x0, 0xe, 0xff, 0x30, 0x5f, 0xff, 0x40, 0x0,
    0xb, 0xff, 0xd0, 0x0, 0xaf, 0xff, 0xc9, 0xae,
    0xff, 0xf3, 0x0, 0x0, 0xaf, 0xff, 0xff, 0xff,
    0xe4, 0x0, 0x0, 0x0, 0x4a, 0xdf, 0xec, 0x71,
    0x0, 0x0,

    /* U+0070 "p" */
    0xf, 0xfd, 0x7, 0xcf, 0xfd, 0x82, 0x0, 0x0,
    0xff, 0xed, 0xff, 0xff, 0xff, 0xf6, 0x0, 0xf,
    0xff, 0xff, 0xa7, 0x8d, 0xff, 0xf4, 0x0, 0xff,
    0xfe, 0x20, 0x0, 0x9, 0xff, 0xe0, 0xf, 0xff,
    0x50, 0x0, 0x0, 0xe, 0xff, 0x40, 0xff, 0xf0,
    0x0, 0x0, 0x0, 0x9f, 0xf7, 0xf, 0xff, 0x0,
    0x0, 0x0, 0x7, 0xff, 0x80, 0xff, 0xf1, 0x0,
    0x0, 0x0, 0x9f, 0xf7, 0xf, 0xff, 0x70, 0x0,
    0x0, 0x1e, 0xff, 0x40, 0xff, 0xff, 0x40, 0x0,
    0x1b, 0xff, 0xe0, 0xf, 0xff, 0xff, 0xc9, 0xaf,
    0xff, 0xf4, 0x0, 0xff, 0xfb, 0xff, 0xff, 0xff,
    0xf5, 0x0, 0xf, 0xff, 0x6, 0xcf, 0xfd, 0x82,
    0x0, 0x0, 0xff, 0xf0, 0x0, 0x0, 0x0, 0x0,
    0x0, 0xf, 0xff, 0x0, 0x0, 0x0, 0x0, 0x0,
    0x0, 0xff, 0xf0, 0x0, 0x0, 0x0, 0x0, 0x0,
    0xf, 0xff, 0x0, 0x0, 0x0, 0x0, 0x0, 0x0,
    0xff, 0xf0, 0x0, 0x0, 0x0, 0x0, 0x0,

    /* U+0071 "q" */
    0x0, 0x0, 0x5b, 0xef, 0xe9, 0x25, 0xff, 0x80,
    0x1, 0xcf, 0xff, 0xff, 0xff, 0xaf, 0xf8, 0x0,
    0xcf, 0xff, 0xc9, 0xae, 0xff, 0xff, 0x80, 0x6f,
    0xff, 0x40, 0x0, 0xb, 0xff, 0xf8, 0xc, 0xff,
    0x60, 0x0, 0x0, 0xe, 0xff, 0x80, 0xff, 0xf1,
    0x0, 0x0, 0x0, 0x9f, 0xf8, 0x1f, 0xff, 0x0,
    0x0, 0x0, 0x7, 0xff, 0x80, 0xff, 0xf1, 0x0,
    0x0, 0x0, 0x9f, 0xf8, 0xc, 0xff, 0x70, 0x0,
    0x0, 0xe, 0xff, 0x80, 0x6f, 0xff, 0x40, 0x0,
    0x1b, 0xff, 0xf8, 0x0, 0xcf, 0xff, 0xc9, 0xaf,
    0xff, 0xff, 0x80, 0x1, 0xcf, 0xff, 0xff, 0xff,
    0xbf, 0xf8, 0x0, 0x0, 0x5b, 0xef, 0xe9, 0x28,
    0xff, 0x80, 0x0, 0x0, 0x0, 0x0, 0x0, 0x8f,
    0xf8, 0x0, 0x0, 0x0, 0x0, 0x0, 0x8, 0xff,
    0x80, 0x0, 0x0, 0x0, 0x0, 0x0, 0x8f, 0xf8,
    0x0, 0x0, 0x0, 0x0, 0x0, 0x8, 0xff, 0x80,
    0x0, 0x0, 0x0, 0x0, 0x0, 0x8f, 0xf8,

    /* U+0072 "r" */
    0xf, 0xfd, 0x7, 0xce, 0x60, 0xff, 0xdc, 0xff,
    0xf6, 0xf, 0xff, 0xff, 0xca, 0x40, 0xff, 0xff,
    0x40, 0x0, 0xf, 0xff, 0x70, 0x0, 0x0, 0xff,
    0xf2, 0x0, 0x0, 0xf, 0xff, 0x0, 0x0, 0x0,
    0xff, 0xf0, 0x0, 0x0, 0xf, 0xff, 0x0, 0x0,
    0x0, 0xff, 0xf0, 0x0, 0x0, 0xf, 0xff, 0x0,
    0x0, 0x0, 0xff, 0xf0, 0x0, 0x0, 0xf, 0xff,
    0x0, 0x0, 0x0,

    /* U+0073 "s" */
    0x0, 0x7, 0xce, 0xff, 0xc9, 0x40, 0x2, 0xef,
    0xff, 0xff, 0xff, 0xf2, 0xc, 0xff, 0xd8, 0x78,
    0xbf, 0x90, 0xf, 0xfe, 0x0, 0x0, 0x1, 0x10,
    0xf, 0xff, 0x30, 0x0, 0x0, 0x0, 0xc, 0xff,
    0xfd, 0xa7, 0x30, 0x0, 0x1, 0xcf, 0xff, 0xff,
    0xfe, 0x60, 0x0, 0x2, 0x7a, 0xcf, 0xff, 0xf5,
    0x0, 0x0, 0x0, 0x0, 0x8f, 0xfa, 0x5, 0x40,
    0x0, 0x0, 0x5f, 0xfa, 0xe, 0xfd, 0xa7, 0x79,
    0xff, 0xf6, 0x4f, 0xff, 0xff, 0xff, 0xff, 0xa0,
    0x1, 0x7b, 0xef, 0xfe, 0xa4, 0x0,

    /* U+0074 "t" */
    0x0, 0xaf, 0xf6, 0x0, 0x0, 0x0, 0xaf, 0xf6,
    0x0, 0x0, 0x0, 0xaf, 0xf6, 0x0, 0x0, 0xbf,
    0xff, 0xff, 0xff, 0xd0, 0xbf, 0xff, 0xff, 0xff,
    0xd0, 0x46, 0xcf, 0xfa, 0x66, 0x50, 0x0, 0xaf,
    0xf6, 0x0, 0x0, 0x0, 0xaf, 0xf6, 0x0, 0x0,
    0x0, 0xaf, 0xf6, 0x0, 0x0, 0x0, 0xaf, 0xf6,
    0x0, 0x0, 0x0, 0xaf, 0xf6, 0x0, 0x0, 0x0,
    0x9f, 0xf6, 0x0, 0x0, 0x0, 0x8f, 0xf9, 0x0,
    0x0, 0x0, 0x5f, 0xff, 0x98, 0xc1, 0x0, 0xc,
    0xff, 0xff, 0xf6, 0x0, 0x0, 0x8d, 0xfe, 0xb3,

    /* U+0075 "u" */
    0x2f, 0xfe, 0x0, 0x0, 0x0, 0xaf, 0xf6, 0x2f,
    0xfe, 0x0, 0x0, 0x0, 0xaf, 0xf6, 0x2f, 0xfe,
    0x0, 0x0, 0x0, 0xaf, 0xf6, 0x2f, 0xfe, 0x0,
    0x0, 0x0, 0xaf, 0xf6, 0x2f, 0xfe, 0x0, 0x0,
    0x0, 0xaf, 0xf6, 0x2f, 0xfe, 0x0, 0x0, 0x0,
    0xaf, 0xf6, 0x2f, 0xfe, 0x0, 0x0, 0x0, 0xaf,
    0xf6, 0x1f, 0xff, 0x0, 0x0, 0x0, 0xcf, 0xf6,
    0xf, 0xff, 0x20, 0x0, 0x1, 0xff, 0xf6, 0xd,
    0xff, 0xb0, 0x0, 0x1c, 0xff, 0xf6, 0x6, 0xff,
    0xfe, 0xbc, 0xff, 0xff, 0xf6, 0x0, 0xaf, 0xff,
    0xff, 0xff, 0xbf, 0xf6, 0x0, 0x5, 0xbe, 0xfe,
    0x91, 0x7f, 0xf6,

    /* U+0076 "v" */
    0xe, 0xff, 0x30, 0x0, 0x0, 0x2, 0xff, 0xc0,
    0x7f, 0xf9, 0x0, 0x0, 0x0, 0x8f, 0xf5, 0x1,
    0xff, 0xf1, 0x0, 0x0, 0xe, 0xfe, 0x0, 0xa,
    0xff, 0x70, 0x0, 0x6, 0xff, 0x70, 0x0, 0x3f,
    0xfd, 0x0, 0x0, 0xdf, 0xf1, 0x0, 0x0, 0xcf,
    0xf4, 0x0, 0x4f, 0xfa, 0x0, 0x0, 0x6, 0xff,
    0xa0, 0xa, 0xff, 0x30, 0x0, 0x0, 0xe, 0xff,
    0x11, 0xff, 0xc0, 0x0, 0x0, 0x0, 0x8f, 0xf8,
    0x8f, 0xf5, 0x0, 0x0, 0x0, 0x1, 0xff, 0xee,
    0xfe, 0x0, 0x0, 0x0, 0x0, 0xa, 0xff, 0xff,
    0x80, 0x0, 0x0, 0x0, 0x0, 0x4f, 0xff, 0xf1,
    0x0, 0x0, 0x0, 0x0, 0x0, 0xdf, 0xfa, 0x0,
    0x0, 0x0,

    /* U+0077 "w" */
    0xbf, 0xf1, 0x0, 0x0, 0x5, 0xff, 0x80, 0x0,
    0x0, 0xe, 0xfc, 0x5f, 0xf7, 0x0, 0x0, 0xb,
    0xff, 0xe0, 0x0, 0x0, 0x3f, 0xf6, 0xf, 0xfc,
    0x0, 0x0, 0x1f, 0xff, 0xf4, 0x0, 0x0, 0x9f,
    0xf1, 0xa, 0xff, 0x20, 0x0, 0x7f, 0xff, 0xf9,
    0x0, 0x0, 0xff, 0xa0, 0x4, 0xff, 0x80, 0x0,
    0xdf, 0xdc, 0xff, 0x0, 0x5, 0xff, 0x50, 0x0,
    0xef, 0xd0, 0x2, 0xff, 0x76, 0xff, 0x50, 0xb,
    0xfe, 0x0, 0x0, 0x8f, 0xf3, 0x8, 0xff, 0x11,
    0xff, 0xb0, 0x1f, 0xf9, 0x0, 0x0, 0x3f, 0xf9,
    0xe, 0xfb, 0x0, 0xaf, 0xf1, 0x6f, 0xf3, 0x0,
    0x0, 0xd, 0xfe, 0x4f, 0xf5, 0x0, 0x4f, 0xf6,
    0xcf, 0xd0, 0x0, 0x0, 0x7, 0xff, 0xdf, 0xf0,
    0x0, 0xe, 0xfd, 0xff, 0x80, 0x0, 0x0, 0x1,
    0xff, 0xff, 0x90, 0x0, 0x9, 0xff, 0xff, 0x20,
    0x0, 0x0, 0x0, 0xbf, 0xff, 0x30, 0x0, 0x3,
    0xff, 0xfc, 0x0, 0x0, 0x0, 0x0, 0x6f, 0xfd,
    0x0, 0x0, 0x0, 0xdf, 0xf6, 0x0, 0x0,

    /* U+0078 "x" */
    0x3f, 0xff, 0x20, 0x0, 0x5, 0xff, 0xd0, 0x6,
    0xff, 0xd0, 0x0, 0x2e, 0xff, 0x30, 0x0, 0xaf,
    0xf9, 0x0, 0xcf, 0xf6, 0x0, 0x0, 0x1d, 0xff,
    0x59, 0xff, 0xa0, 0x0, 0x0, 0x3, 0xff, 0xff,
    0xfd, 0x0, 0x0, 0x0, 0x0, 0x6f, 0xff, 0xf2,
    0x0, 0x0, 0x0, 0x0, 0xe, 0xff, 0xb0, 0x0,
    0x0, 0x0, 0x0, 0x9f, 0xff, 0xf5, 0x0, 0x0,
    0x0, 0x5, 0xff, 0xdf, 0xff, 0x20, 0x0, 0x0,
    0x2f, 0xff, 0x26, 0xff, 0xd0, 0x0, 0x0, 0xdf,
    0xf6, 0x0, 0xbf, 0xf9, 0x0, 0xa, 0xff, 0xa0,
    0x0, 0x1e, 0xff, 0x60, 0x6f, 0xfd, 0x0, 0x0,
    0x4, 0xff, 0xf2,

    /* U+0079 "y" */
    0xe, 0xff, 0x30, 0x0, 0x0, 0x2, 0xff, 0xc0,
    0x7f, 0xf9, 0x0, 0x0, 0x0, 0x8f, 0xf5, 0x1,
    0xff, 0xf1, 0x0, 0x0, 0xe, 0xfe, 0x0, 0xa,
    0xff, 0x70, 0x0, 0x5, 0xff, 0x70, 0x0, 0x3f,
    0xfd, 0x0, 0x0, 0xcf, 0xf1, 0x0, 0x0, 0xcf,
    0xf4, 0x0, 0x3f, 0xfa, 0x0, 0x0, 0x5, 0xff,
    0xb0, 0x9, 0xff, 0x30, 0x0, 0x0, 0xe, 0xff,
    0x11, 0xff, 0xc0, 0x0, 0x0, 0x0, 0x8f, 0xf8,
    0x7f, 0xf5, 0x0, 0x0, 0x0, 0x1, 0xff, 0xed,
    0xfe, 0x0, 0x0, 0x0, 0x0, 0xa, 0xff, 0xff,
    0x80, 0x0, 0x0, 0x0, 0x0, 0x3f, 0xff, 0xf1,
    0x0, 0x0, 0x0, 0x0, 0x0, 0xcf, 0xfa, 0x0,
    0x0, 0x0, 0x0, 0x0, 0xb, 0xff, 0x30, 0x0,
    0x0, 0x1, 0x0, 0x3, 0xff, 0xc0, 0x0, 0x0,
    0x0, 0xbe, 0x99, 0xff, 0xf4, 0x0, 0x0, 0x0,
    0x3f, 0xff, 0xff, 0xf9, 0x0, 0x0, 0x0, 0x0,
    0x6c, 0xff, 0xc5, 0x0, 0x0, 0x0, 0x0,

    /* U+007A "z" */
    0xf, 0xff, 0xff, 0xff, 0xff, 0xfc, 0xf, 0xff,
    0xff, 0xff, 0xff, 0xfc, 0x6, 0x66, 0x66, 0x69,
    0xff, 0xf4, 0x0, 0x0, 0x0, 0x1d, 0xff, 0x70,
    0x0, 0x0, 0x0, 0xbf, 0xfa, 0x0, 0x0, 0x0,
    0x8, 0xff, 0xc0, 0x0, 0x0, 0x0, 0x5f, 0xfe,
    0x10, 0x0, 0x0, 0x3, 0xff, 0xf3, 0x0, 0x0,
    0x0, 0x1e, 0xff, 0x60, 0x0, 0x0, 0x0, 0xcf,
    0xf9, 0x0, 0x0, 0x0, 0x9, 0xff, 0xf6, 0x66,
    0x66, 0x66, 0x1f, 0xff, 0xff, 0xff, 0xff, 0xff,
    0x1f, 0xff, 0xff, 0xff, 0xff, 0xff,

    /* U+007B "{" */
    0x0, 0x3, 0xbf, 0xf7, 0x0, 0x2f, 0xff, 0xf7,
    0x0, 0x9f, 0xfe, 0x73, 0x0, 0xcf, 0xf5, 0x0,
    0x0, 0xcf, 0xf3, 0x0, 0x0, 0xdf, 0xf3, 0x0,
    0x0, 0xdf, 0xf3, 0x0, 0x0, 0xdf, 0xf3, 0x0,
    0x0, 0xdf, 0xf3, 0x0, 0x0, 0xdf, 0xf2, 0x0,
    0x49, 0xff, 0xf0, 0x0, 0xbf, 0xff, 0x50, 0x0,
    0xbf, 0xff, 0xb0, 0x0, 0x1, 0xff, 0xf1, 0x0,
    0x0, 0xdf, 0xf2, 0x0, 0x0, 0xdf, 0xf3, 0x0,
    0x0, 0xdf, 0xf3, 0x0, 0x0, 0xdf, 0xf3, 0x0,
    0x0, 0xdf, 0xf3, 0x0, 0x0, 0xcf, 0xf5, 0x0,
    0x0, 0x9f, 0xfe, 0x73, 0x0, 0x3f, 0xff, 0xf7,
    0x0, 0x3, 0xbe, 0xf7,

    /* U+007C "|" */
    0xcf, 0xf0, 0xcf, 0xf0, 0xcf, 0xf0, 0xcf, 0xf0,
    0xcf, 0xf0, 0xcf, 0xf0, 0xcf, 0xf0, 0xcf, 0xf0,
    0xcf, 0xf0, 0xcf, 0xf0, 0xcf, 0xf0, 0xcf, 0xf0,
    0xcf, 0xf0, 0xcf, 0xf0, 0xcf, 0xf0, 0xcf, 0xf0,
    0xcf, 0xf0, 0xcf, 0xf0, 0xcf, 0xf0, 0xcf, 0xf0,
    0xcf, 0xf0, 0xcf, 0xf0, 0xcf, 0xf0,

    /* U+007D "}" */
    0x9f, 0xea, 0x20, 0x0, 0x9f, 0xff, 0xe1, 0x0,
    0x38, 0xff, 0xf7, 0x0, 0x0, 0x7f, 0xfa, 0x0,
    0x0, 0x4f, 0xfb, 0x0, 0x0, 0x4f, 0xfb, 0x0,
    0x0, 0x4f, 0xfb, 0x0, 0x0, 0x4f, 0xfb, 0x0,
    0x0, 0x4f, 0xfb, 0x0, 0x0, 0x4f, 0xfc, 0x0,
    0x0, 0x1f, 0xff, 0x84, 0x0, 0x6, 0xff, 0xf9,
    0x0, 0xc, 0xff, 0xf9, 0x0, 0x3f, 0xfe, 0x10,
    0x0, 0x4f, 0xfb, 0x0, 0x0, 0x4f, 0xfb, 0x0,
    0x0, 0x4f, 0xfb, 0x0, 0x0, 0x4f, 0xfb, 0x0,
    0x0, 0x4f, 0xfb, 0x0, 0x0, 0x7f, 0xfb, 0x0,
    0x38, 0xff, 0xf8, 0x0, 0x9f, 0xff, 0xe1, 0x0,
    0x9f, 0xea, 0x20, 0x0,

    /* U+007E "~" */
    0x0, 0x3, 0x20, 0x0, 0x0, 0x43, 0x6, 0xff,
    0xfb, 0x20, 0x3, 0xfc, 0x2f, 0xff, 0xff, 0xf7,
    0x4c, 0xf9, 0x8f, 0xc1, 0x3c, 0xff, 0xff, 0xf3,
    0xaf, 0x40, 0x0, 0x6d, 0xfd, 0x40,

    /* U+00A0 " " */

    /* U+00A1 "¡" */
    0x1c, 0xf9, 0x7, 0xff, 0xf2, 0x6f, 0xff, 0x10,
    0x7a, 0x40, 0x0, 0x0, 0x0, 0x0, 0x0, 0xd,
    0xf8, 0x0, 0xef, 0x90, 0xf, 0xfa, 0x0, 0xff,
    0xb0, 0x1f, 0xfc, 0x2, 0xff, 0xd0, 0x3f, 0xfe,
    0x3, 0xff, 0xf0, 0x4f, 0xff, 0x5, 0xff, 0xf0,
    0x6f, 0xff, 0x10,

    /* U+00A2 "¢" */
    0x0, 0x0, 0x0, 0x3a, 0x60, 0x0, 0x0, 0x0,
    0x0, 0x0, 0x5f, 0x90, 0x0, 0x0, 0x0, 0x0,
    0x0, 0x5f, 0x90, 0x0, 0x0, 0x0, 0x0, 0x28,
    0xdf, 0xeb, 0x60, 0x0, 0x0, 0x8, 0xff, 0xff,
    0xff, 0xfd, 0x20, 0x0, 0x9f, 0xff, 0xff, 0xef,
    0xff, 0xd0, 0x4, 0xff, 0xf6, 0x5f, 0x91, 0xcf,
    0x90, 0xb, 0xff, 0x80, 0x5f, 0x90, 0x12, 0x0,
    0xf, 0xff, 0x10, 0x5f, 0x90, 0x0, 0x0, 0x1f,
    0xff, 0x0, 0x5f, 0x90, 0x0, 0x0, 0xf, 0xff,
    0x0, 0x5f, 0x90, 0x0, 0x0, 0xd, 0xff, 0x50,
    0x5f, 0x90, 0x0, 0x0, 0x7, 0xff, 0xd1, 0x5f,
    0x90, 0x7c, 0x30, 0x0, 0xdf, 0xfe, 0xbf, 0xcb,
    0xff, 0xf1, 0x0, 0x2d, 0xff, 0xff, 0xff, 0xff,
    0x60, 0x0, 0x0, 0x7e, 0xff, 0xff, 0xc4, 0x0,
    0x0, 0x0, 0x0, 0x6f, 0xa0, 0x0, 0x0, 0x0,
    0x0, 0x0, 0x5f, 0x90, 0x0, 0x0, 0x0, 0x0,
    0x0, 0x5f, 0x90, 0x0, 0x0,

    /* U+00A3 "£" */
    0x0, 0x0, 0x0, 0x17, 0xce, 0xff, 0xda, 0x40,
    0x0, 0x0, 0x5, 0xef, 0xff, 0xff, 0xff, 0xf4,
    0x0, 0x0, 0x5f, 0xff, 0xfd, 0xcd, 0xff, 0xe0,
    0x0, 0x0, 0xef, 0xfb, 0x20, 0x0, 0x4, 0x60,
    0x0, 0x6, 0xff, 0xe0, 0x0, 0x0, 0x0, 0x0,
    0x0, 0x9, 0xff, 0x80, 0x0, 0x0, 0x0, 0x0,
    0x0, 0xb, 0xff, 0x60, 0x0, 0x0, 0x0, 0x0,
    0x0, 0xc, 0xff, 0x50, 0x0, 0x0, 0x0, 0x0,
    0x4f, 0xff, 0xff, 0xff, 0xff, 0xff, 0x70, 0x0,
    0x4f, 0xff, 0xff, 0xff, 0xff, 0xff, 0x60, 0x0,
    0x0, 0xc, 0xff, 0x50, 0x0, 0x0, 0x0, 0x0,
    0x0, 0xc, 0xff, 0x50, 0x0, 0x0, 0x0, 0x0,
    0x0, 0xc, 0xff, 0x50, 0x0, 0x0, 0x0, 0x0,
    0x0, 0xc, 0xff, 0x50, 0x0, 0x0, 0x0, 0x0,
    0x2a, 0xae, 0xff, 0xca, 0xaa, 0xaa, 0xaa, 0xa0,
    0x4f, 0xff, 0xff, 0xff, 0xff, 0xff, 0xff, 0xf0,
    0x4f, 0xff, 0xff, 0xff, 0xff, 0xff, 0xff, 0xf0,

    /* U+00A4 "¤" */
    0x1, 0x90, 0x0, 0x0, 0x0, 0x0, 0x1, 0x90,
    0x1, 0xdf, 0xb0, 0x2, 0x56, 0x51, 0x1, 0xdf,
    0xa0, 0xc, 0xff, 0xba, 0xff, 0xff, 0xf9, 0xdf,
    0xf9, 0x0, 0xc, 0xff, 0xff, 0xff, 0xff, 0xff,
    0xf9, 0x0, 0x0, 0x1f, 0xff, 0x72, 0x2, 0x9f,
    0xfe, 0x0, 0x0, 0x7, 0xff, 0x40, 0x0, 0x0,
    0x6f, 0xf4, 0x0, 0x0, 0xdf, 0xa0, 0x0, 0x0,
    0x0, 0xdf, 0xa0, 0x0, 0xf, 0xf6, 0x0, 0x0,
    0x0, 0x9, 0xfc, 0x0, 0x0, 0xff, 0x70, 0x0,
    0x0, 0x0, 0xaf, 0xc0, 0x0, 0xb, 0xfd, 0x0,
    0x0, 0x0, 0x1f, 0xf8, 0x0, 0x0, 0x4f, 0xfa,
    0x0, 0x0, 0x1c, 0xff, 0x10, 0x0, 0x2, 0xff,
    0xfe, 0x87, 0x9e, 0xff, 0xe1, 0x0, 0x2, 0xef,
    0xff, 0xff, 0xff, 0xff, 0xff, 0xc1, 0x1, 0xef,
    0xf7, 0x4b, 0xef, 0xd9, 0x3a, 0xff, 0xc0, 0x9,
    0xf6, 0x0, 0x0, 0x0, 0x0, 0xa, 0xf6, 0x0,
    0x4, 0x0, 0x0, 0x0, 0x0, 0x0, 0x4, 0x0,

    /* U+00A5 "¥" */
    0xd, 0xff, 0x70, 0x0, 0x0, 0x0, 0x0, 0x1e,
    0xff, 0x30, 0x3f, 0xff, 0x20, 0x0, 0x0, 0x0,
    0xa, 0xff, 0x70, 0x0, 0x7f, 0xfd, 0x0, 0x0,
    0x0, 0x6, 0xff, 0xc0, 0x0, 0x0, 0xcf, 0xf8,
    0x0, 0x0, 0x2, 0xff, 0xf2, 0x0, 0x0, 0x2,
    0xff, 0xf3, 0x0, 0x0, 0xcf, 0xf5, 0x0, 0x0,
    0x0, 0x6, 0xff, 0xe0, 0x0, 0x7f, 0xfa, 0x0,
    0x0, 0x0, 0x0, 0xa, 0xff, 0xa0, 0x3f, 0xfe,
    0x10, 0x0, 0x0, 0x0, 0x0, 0x1e, 0xff, 0x5d,
    0xff, 0x40, 0x0, 0x0, 0x0, 0x0, 0x0, 0x4f,
    0xff, 0xff, 0x90, 0x0, 0x0, 0x0, 0x0, 0x7b,
    0xbb, 0xff, 0xff, 0xfb, 0xbb, 0xb0, 0x0, 0x0,
    0xa, 0xff, 0xff, 0xff, 0xff, 0xff, 0xff, 0x0,
    0x0, 0x0, 0x0, 0x0, 0xe, 0xff, 0x30, 0x0,
    0x0, 0x0, 0x0, 0x0, 0x0, 0x0, 0xef, 0xf3,
    0x0, 0x0, 0x0, 0x0, 0x0, 0xaf, 0xff, 0xff,
    0xff, 0xff, 0xff, 0xf0, 0x0, 0x0, 0x7, 0xbb,
    0xbb, 0xff, 0xfc, 0xbb, 0xbb, 0x0, 0x0, 0x0,
    0x0, 0x0, 0xe, 0xff, 0x30, 0x0, 0x0, 0x0,
    0x0, 0x0, 0x0, 0x0, 0xef, 0xf3, 0x0, 0x0,
    0x0, 0x0,

    /* U+00A6 "¦" */
    0xcf, 0xf0, 0xcf, 0xf0, 0xcf, 0xf0, 0xcf, 0xf0,
    0xcf, 0xf0, 0xcf, 0xf0, 0xcf, 0xf0, 0xcf, 0xf0,
    0x57, 0x70, 0x0, 0x0, 0x0, 0x0, 0x0, 0x0,
    0x0, 0x0, 0x0, 0x0, 0x56, 0x60, 0xcf, 0xf0,
    0xcf, 0xf0, 0xcf, 0xf0, 0xcf, 0xf0, 0xcf, 0xf0,
    0xcf, 0xf0, 0xcf, 0xf0, 0xcf, 0xf0,

    /* U+00A7 "§" */
    0x0, 0x4, 0xad, 0xff, 0xda, 0x60, 0x0, 0x9f,
    0xff, 0xff, 0xff, 0xf7, 0x5, 0xff, 0xd7, 0x56,
    0x8c, 0xf2, 0xa, 0xff, 0x10, 0x0, 0x0, 0x20,
    0xa, 0xff, 0x20, 0x0, 0x0, 0x0, 0x5, 0xff,
    0xf9, 0x41, 0x0, 0x0, 0x0, 0xdf, 0xff, 0xff,
    0xb5, 0x0, 0x8, 0xff, 0xdc, 0xff, 0xff, 0xa0,
    0xf, 0xfb, 0x0, 0x15, 0xdf, 0xf4, 0x3f, 0xf7,
    0x0, 0x0, 0x3f, 0xf7, 0x1f, 0xfc, 0x10, 0x0,
    0x4f, 0xf6, 0xa, 0xff, 0xfb, 0x76, 0xef, 0xe1,
    0x0, 0x8e, 0xff, 0xff, 0xff, 0x30, 0x0, 0x0,
    0x48, 0xbf, 0xff, 0x70, 0x0, 0x0, 0x0, 0x2,
    0xef, 0xe0, 0x2, 0x0, 0x0, 0x0, 0xbf, 0xf0,
    0xd, 0xc6, 0x20, 0x16, 0xff, 0xb0, 0x4f, 0xff,
    0xff, 0xff, 0xff, 0x30, 0x6, 0xcf, 0xff, 0xff,
    0xc3, 0x0, 0x0, 0x0, 0x34, 0x31, 0x0, 0x0,

    /* U+00A8 "¨" */
    0x2c, 0xb0, 0x6, 0xd7, 0x8f, 0xf4, 0xd, 0xfe,
    0x3e, 0xc0, 0x7, 0xf8,

    /* U+00A9 "©" */
    0x0, 0x0, 0x0, 0x0, 0x0, 0x0, 0x0, 0x0,
    0x0, 0x0, 0x1, 0x7c, 0xff, 0xfd, 0x81, 0x0,
    0x0, 0x0, 0x6, 0xfe, 0x96, 0x45, 0x8e, 0xf7,
    0x0, 0x0, 0x8, 0xf8, 0x0, 0x0, 0x0, 0x7,
    0xf9, 0x0, 0x5, 0xf6, 0x0, 0x0, 0x0, 0x0,
    0x5, 0xf6, 0x0, 0xe9, 0x0, 0x8, 0xef, 0xfb,
    0x40, 0x8, 0xf1, 0x6f, 0x10, 0x1d, 0xff, 0xff,
    0xff, 0x50, 0x1f, 0x7a, 0xb0, 0xa, 0xfe, 0x50,
    0x2a, 0xd3, 0x0, 0xac, 0xd8, 0x1, 0xff, 0x60,
    0x0, 0x0, 0x0, 0x8, 0xee, 0x70, 0x3f, 0xf1,
    0x0, 0x0, 0x0, 0x0, 0x6f, 0xd8, 0x3, 0xff,
    0x10, 0x0, 0x0, 0x0, 0x7, 0xeb, 0xa0, 0x1f,
    0xf6, 0x0, 0x0, 0x10, 0x0, 0xac, 0x7f, 0x0,
    0xaf, 0xf6, 0x12, 0xbe, 0x40, 0xf, 0x71, 0xf7,
    0x1, 0xdf, 0xff, 0xff, 0xf4, 0x7, 0xf1, 0x7,
    0xf3, 0x0, 0x7d, 0xfe, 0xa3, 0x3, 0xf7, 0x0,
    0xb, 0xf5, 0x0, 0x0, 0x0, 0x5, 0xfb, 0x0,
    0x0, 0x9, 0xfc, 0x63, 0x12, 0x6c, 0xf9, 0x0,
    0x0, 0x0, 0x3, 0xbf, 0xff, 0xff, 0xb3, 0x0,
    0x0, 0x0, 0x0, 0x0, 0x2, 0x32, 0x0, 0x0,
    0x0, 0x0,

    /* U+00AA "ª" */
    0x3, 0xae, 0xfe, 0xa2, 0x0, 0xae, 0xa9, 0xcf,
    0xe0, 0x0, 0x0, 0x0, 0xdf, 0x40, 0x4c, 0xef,
    0xff, 0xf5, 0x1f, 0xf5, 0x33, 0xcf, 0x61, 0xfe,
    0x32, 0x6f, 0xf6, 0x8, 0xff, 0xfe, 0xcf, 0x60,
    0x1, 0x33, 0x2, 0x41,

    /* U+00AB "«" */
    0x0, 0x3, 0x55, 0x0, 0x35, 0x50, 0x0, 0x3f,
    0xf8, 0x3, 0xff, 0x80, 0x0, 0xdf, 0xc0, 0xd,
    0xfc, 0x0, 0xa, 0xff, 0x20, 0xaf, 0xf2, 0x0,
    0x5f, 0xf6, 0x6, 0xff, 0x60, 0x0, 0xcf, 0xf0,
    0xc, 0xfe, 0x0, 0x0, 0x2f, 0xf9, 0x2, 0xff,
    0x90, 0x0, 0x6, 0xff, 0x50, 0x6f, 0xf5, 0x0,
    0x0, 0xaf, 0xe1, 0xb, 0xfe, 0x10, 0x0, 0x1e,
    0xfc, 0x1, 0xef, 0xc0,

    /* U+00AC "¬" */
    0x26, 0x66, 0x66, 0x66, 0x66, 0x64, 0x7f, 0xff,
    0xff, 0xff, 0xff, 0xfa, 0x7f, 0xff, 0xff, 0xff,
    0xff, 0xfa, 0x0, 0x0, 0x0, 0x0, 0xf, 0xfa,
    0x0, 0x0, 0x0, 0x0, 0xf, 0xfa, 0x0, 0x0,
    0x0, 0x0, 0xf, 0xfa, 0x0, 0x0, 0x0, 0x0,
    0xf, 0xfa, 0x0, 0x0, 0x0, 0x0, 0x7, 0x85,

    /* U+00AE "®" */
    0x0, 0x0, 0x0, 0x0, 0x0, 0x0, 0x0, 0x0,
    0x0, 0x0, 0x1, 0x7c, 0xff, 0xfd, 0x81, 0x0,
    0x0, 0x0, 0x6, 0xfe, 0x96, 0x45, 0x8e, 0xf7,
    0x0, 0x0, 0x8, 0xf8, 0x0, 0x0, 0x0, 0x7,
    0xf9, 0x0, 0x5, 0xf6, 0x0, 0x0, 0x0, 0x0,
    0x5, 0xf6, 0x0, 0xe9, 0x0, 0xff, 0xff, 0xeb,
    0x40, 0x8, 0xf1, 0x6f, 0x10, 0xf, 0xfa, 0xab,
    0xff, 0x50, 0x1f, 0x7a, 0xb0, 0x0, 0xff, 0x0,
    0x5, 0xfc, 0x0, 0xac, 0xd8, 0x0, 0xf, 0xf0,
    0x0, 0x2f, 0xd0, 0x8, 0xee, 0x70, 0x0, 0xff,
    0x0, 0x1a, 0xfa, 0x0, 0x6f, 0xd8, 0x0, 0xf,
    0xff, 0xff, 0xfe, 0x20, 0x7, 0xeb, 0xa0, 0x0,
    0xff, 0xa9, 0xdf, 0x40, 0x0, 0xac, 0x7f, 0x0,
    0xf, 0xf0, 0x3, 0xfd, 0x0, 0xf, 0x71, 0xf7,
    0x0, 0xff, 0x0, 0x9, 0xf7, 0x7, 0xf1, 0x7,
    0xf3, 0x7, 0x70, 0x0, 0x7, 0x74, 0xf7, 0x0,
    0xb, 0xf5, 0x0, 0x0, 0x0, 0x5, 0xfb, 0x0,
    0x0, 0x9, 0xfc, 0x63, 0x12, 0x6c, 0xf9, 0x0,
    0x0, 0x0, 0x3, 0xbf, 0xff, 0xff, 0xb3, 0x0,
    0x0, 0x0, 0x0, 0x0, 0x2, 0x32, 0x0, 0x0,
    0x0, 0x0,

    /* U+00AF "¯" */
    0xcc, 0xcc, 0xcc, 0xcc, 0x4f, 0xff, 0xff, 0xff,
    0xf5,

    /* U+00B0 "°" */
    0x0, 0x2b, 0xef, 0xb2, 0x0, 0x3, 0xff, 0xaa,
    0xff, 0x30, 0xb, 0xf3, 0x0, 0x2f, 0xc0, 0xf,
    0xa0, 0x0, 0xa, 0xf0, 0xf, 0xa0, 0x0, 0xa,
    0xf0, 0xb, 0xf3, 0x0, 0x2f, 0xc0, 0x3, 0xff,
    0xaa, 0xff, 0x30, 0x0, 0x2b, 0xff, 0xb2, 0x0,

    /* U+00B1 "±" */
    0x0, 0x0, 0x3f, 0xf6, 0x0, 0x0, 0x0, 0x0,
    0x3f, 0xf6, 0x0, 0x0, 0x0, 0x0, 0x3f, 0xf6,
    0x0, 0x0, 0x0, 0x0, 0x3f, 0xf6, 0x0, 0x0,
    0x7f, 0xff, 0xff, 0xff, 0xff, 0xfa, 0x7f, 0xff,
    0xff, 0xff, 0xff, 0xfa, 0x26, 0x66, 0x7f, 0xf9,
    0x66, 0x63, 0x0, 0x0, 0x3f, 0xf6, 0x0, 0x0,
    0x0, 0x0, 0x3f, 0xf6, 0x0, 0x0, 0x0, 0x0,
    0x3f, 0xf6, 0x0, 0x0, 0x0, 0x0, 0x18, 0x83,
    0x0, 0x0, 0x0, 0x0, 0x0, 0x0, 0x0, 0x0,
    0x26, 0x66, 0x66, 0x66, 0x66, 0x64, 0x7f, 0xff,
    0xff, 0xff, 0xff, 0xfa, 0x7f, 0xff, 0xff, 0xff,
    0xff, 0xfa,

    /* U+00B2 "²" */
    0x2, 0x9d, 0xfe, 0xb4, 0x0, 0x2f, 0xfe, 0xce,
    0xff, 0x50, 0x6, 0x70, 0x0, 0x9f, 0xc0, 0x0,
    0x0, 0x0, 0x7f, 0xb0, 0x0, 0x0, 0x3, 0xff,
    0x40, 0x0, 0x0, 0x4f, 0xf6, 0x0, 0x0, 0x6,
    0xff, 0x50, 0x0, 0x0, 0x8f, 0xe3, 0x0, 0x0,
    0xa, 0xff, 0xcb, 0xbb, 0xb2, 0xf, 0xff, 0xff,
    0xff, 0xf3,

    /* U+00B3 "³" */
    0x1f, 0xff, 0xff, 0xff, 0xd0, 0x1b, 0xbb, 0xbb,
    0xff, 0x90, 0x0, 0x0, 0xa, 0xfa, 0x0, 0x0,
    0x0, 0xaf, 0xa0, 0x0, 0x0, 0x4, 0xff, 0xea,
    0x10, 0x0, 0x2, 0x89, 0xdf, 0xd0, 0x0, 0x0,
    0x0, 0xe, 0xf4, 0x7, 0x20, 0x0, 0x2f, 0xf3,
    0x4f, 0xff, 0xdd, 0xff, 0xb0, 0x6, 0xbe, 0xff,
    0xd7, 0x0,

    /* U+00B4 "´" */
    0x0, 0x6, 0x88, 0x50, 0x8, 0xff, 0xb0, 0x6,
    0xff, 0x80, 0x5, 0xff, 0x60, 0x0,

    /* U+00B5 "µ" */
    0xf, 0xff, 0x0, 0x0, 0x0, 0x8f, 0xf8, 0xf,
    0xff, 0x0, 0x0, 0x0, 0x8f, 0xf8, 0xf, 0xff,
    0x0, 0x0, 0x0, 0x8f, 0xf8, 0xf, 0xff, 0x0,
    0x0, 0x0, 0x8f, 0xf8, 0xf, 0xff, 0x0, 0x0,
    0x0, 0x8f, 0xf8, 0xf, 0xff, 0x0, 0x0, 0x0,
    0x8f, 0xf8, 0xf, 0xff, 0x0, 0x0, 0x0, 0x8f,
    0xf8, 0xf, 0xff, 0x0, 0x0, 0x0, 0xaf, 0xf8,
    0xf, 0xff, 0x30, 0x0, 0x0, 0xdf, 0xf8, 0xf,
    0xff, 0xb0, 0x0, 0x8, 0xff, 0xf8, 0xf, 0xff,
    0xfd, 0x99, 0xdf, 0xff, 0xf8, 0xf, 0xff, 0xff,
    0xff, 0xff, 0xcf, 0xf8, 0xf, 0xff, 0x5c, 0xef,
    0xc5, 0x5f, 0xf8, 0xf, 0xff, 0x0, 0x0, 0x0,
    0x0, 0x0, 0xf, 0xff, 0x0, 0x0, 0x0, 0x0,
    0x0, 0xf, 0xff, 0x0, 0x0, 0x0, 0x0, 0x0,
    0xf, 0xff, 0x0, 0x0, 0x0, 0x0, 0x0, 0xf,
    0xff, 0x0, 0x0, 0x0, 0x0, 0x0,

    /* U+00B6 "¶" */
    0x0, 0x29, 0xdf, 0xff, 0xff, 0xff, 0xfb, 0x6,
    0xff, 0xff, 0xff, 0xff, 0xff, 0xfb, 0x2f, 0xff,
    0xff, 0xff, 0x44, 0x4d, 0xfb, 0x7f, 0xff, 0xff,
    0xfe, 0x0, 0xc, 0xfb, 0x9f, 0xff, 0xff, 0xfe,
    0x0, 0xc, 0xfb, 0x7f, 0xff, 0xff, 0xfe, 0x0,
    0xc, 0xfb, 0x1f, 0xff, 0xff, 0xfe, 0x0, 0xc,
    0xfb, 0x5, 0xff, 0xff, 0xfe, 0x0, 0xc, 0xfb,
    0x0, 0x29, 0xdf, 0xfe, 0x0, 0xc, 0xfb, 0x0,
    0x0, 0x8, 0xfe, 0x0, 0xc, 0xfb, 0x0, 0x0,
    0x8, 0xfe, 0x0, 0xc, 0xfb, 0x0, 0x0, 0x8,
    0xfe, 0x0, 0xc, 0xfb, 0x0, 0x0, 0x8, 0xfe,
    0x0, 0xc, 0xfb, 0x0, 0x0, 0x8, 0xfe, 0x0,
    0xc, 0xfb, 0x0, 0x0, 0x8, 0xfe, 0x0, 0xc,
    0xfb, 0x0, 0x0, 0x8, 0xfe, 0x0, 0xc, 0xfb,
    0x0, 0x0, 0x8, 0xfe, 0x0, 0xc, 0xfb, 0x0,
    0x0, 0x8, 0xfe, 0x0, 0xc, 0xfb, 0x0, 0x0,
    0x8, 0xfe, 0x0, 0xc, 0xfb, 0x0, 0x0, 0x8,
    0xfe, 0x0, 0xc, 0xfb, 0x0, 0x0, 0x2, 0x43,
    0x0, 0x3, 0x43,

    /* U+00B7 "·" */
    0x0, 0x0, 0x1, 0xcf, 0xa0, 0x7f, 0xff, 0x47,
    0xff, 0xf4, 0x1b, 0xfa, 0x0,

    /* U+00B8 "¸" */
    0x0, 0x46, 0x0, 0x0, 0xdc, 0x0, 0x2, 0xff,
    0xe3, 0x0, 0x6, 0xfb, 0x4a, 0x8c, 0xf9, 0x6e,
    0xfe, 0x90,

    /* U+00B9 "¹" */
    0xf, 0xff, 0xfa, 0x0, 0xa, 0xbd, 0xfa, 0x0,
    0x0, 0x8, 0xfa, 0x0, 0x0, 0x8, 0xfa, 0x0,
    0x0, 0x8, 0xfa, 0x0, 0x0, 0x8, 0xfa, 0x0,
    0x0, 0x8, 0xfa, 0x0, 0x0, 0x8, 0xfa, 0x0,
    0x1b, 0xbd, 0xfe, 0xba, 0x2f, 0xff, 0xff, 0xff,

    /* U+00BA "º" */
    0x0, 0x4b, 0xff, 0xc6, 0x0, 0x6, 0xff, 0xcc,
    0xff, 0x90, 0x1f, 0xf4, 0x0, 0x3f, 0xf2, 0x4f,
    0xc0, 0x0, 0xa, 0xf6, 0x3f, 0xd0, 0x0, 0xc,
    0xf5, 0xe, 0xf9, 0x11, 0x7f, 0xf1, 0x3, 0xef,
    0xff, 0xff, 0x40, 0x0, 0x17, 0xaa, 0x71, 0x0,

    /* U+00BB "»" */
    0x5, 0x52, 0x0, 0x55, 0x20, 0x0, 0xb, 0xfe,
    0x10, 0xbf, 0xe1, 0x0, 0x1, 0xef, 0xc0, 0x1e,
    0xfb, 0x0, 0x0, 0x4f, 0xf7, 0x4, 0xff, 0x70,
    0x0, 0x8, 0xff, 0x30, 0x8f, 0xf3, 0x0, 0x2,
    0xff, 0xa0, 0x2f, 0xfa, 0x0, 0xc, 0xfe, 0x10,
    0xcf, 0xe1, 0x0, 0x7f, 0xf4, 0x7, 0xff, 0x40,
    0x3, 0xff, 0x80, 0x3f, 0xf8, 0x0, 0xd, 0xfc,
    0x0, 0xdf, 0xc0, 0x0,

    /* U+00BC "¼" */
    0xa, 0xbb, 0xb7, 0x0, 0x0, 0x0, 0x0, 0x2,
    0xbb, 0x10, 0x0, 0x0, 0xf, 0xff, 0xfa, 0x0,
    0x0, 0x0, 0x0, 0xc, 0xf8, 0x0, 0x0, 0x0,
    0x0, 0x8, 0xfa, 0x0, 0x0, 0x0, 0x0, 0x7f,
    0xd0, 0x0, 0x0, 0x0, 0x0, 0x8, 0xfa, 0x0,
    0x0, 0x0, 0x2, 0xff, 0x30, 0x0, 0x0, 0x0,
    0x0, 0x8, 0xfa, 0x0, 0x0, 0x0, 0xd, 0xf7,
    0x0, 0x0, 0x0, 0x0, 0x0, 0x8, 0xfa, 0x0,
    0x0, 0x0, 0x8f, 0xc0, 0x0, 0x0, 0x0, 0x0,
    0x0, 0x8, 0xfa, 0x0, 0x0, 0x3, 0xff, 0x20,
    0x0, 0x0, 0x0, 0x0, 0x0, 0x8, 0xfa, 0x0,
    0x0, 0xd, 0xf6, 0x0, 0x0, 0x48, 0x70, 0x0,
    0x0, 0x8, 0xfa, 0x0, 0x0, 0x9f, 0xb0, 0x0,
    0x2, 0xef, 0x40, 0x0, 0x2f, 0xff, 0xff, 0xff,
    0x4, 0xfe, 0x10, 0x0, 0xc, 0xf8, 0x0, 0x0,
    0x1b, 0xbb, 0xbb, 0xbb, 0x1e, 0xf5, 0x0, 0x0,
    0x9f, 0xb0, 0x0, 0x0, 0x0, 0x0, 0x0, 0x0,
    0xaf, 0xa0, 0x0, 0x5, 0xfe, 0x11, 0x53, 0x0,
    0x0, 0x0, 0x0, 0x5, 0xfe, 0x10, 0x0, 0x2f,
    0xf3, 0x5, 0xf9, 0x0, 0x0, 0x0, 0x0, 0x1e,
    0xf4, 0x0, 0x0, 0xdf, 0xeb, 0xbc, 0xfe, 0xb4,
    0x0, 0x0, 0x0, 0xbf, 0x90, 0x0, 0x0, 0xff,
    0xff, 0xff, 0xff, 0xf6, 0x0, 0x0, 0x6, 0xfd,
    0x0, 0x0, 0x0, 0x0, 0x0, 0x8, 0xf9, 0x0,
    0x0, 0x0, 0x2f, 0xf3, 0x0, 0x0, 0x0, 0x0,
    0x0, 0x8, 0xf9, 0x0,

    /* U+00BD "½" */
    0xf, 0xff, 0xfa, 0x0, 0x0, 0x0, 0x0, 0x4,
    0xfe, 0x10, 0x0, 0x0, 0xab, 0xdf, 0xa0, 0x0,
    0x0, 0x0, 0x1, 0xef, 0x50, 0x0, 0x0, 0x0,
    0x8, 0xfa, 0x0, 0x0, 0x0, 0x0, 0xaf, 0xa0,
    0x0, 0x0, 0x0, 0x0, 0x8f, 0xa0, 0x0, 0x0,
    0x0, 0x5f, 0xe1, 0x0, 0x0, 0x0, 0x0, 0x8,
    0xfa, 0x0, 0x0, 0x0, 0x1e, 0xf5, 0x0, 0x0,
    0x0, 0x0, 0x0, 0x8f, 0xa0, 0x0, 0x0, 0xa,
    0xfa, 0x0, 0x0, 0x0, 0x0, 0x0, 0x8, 0xfa,
    0x0, 0x0, 0x5, 0xfe, 0x10, 0x0, 0x0, 0x0,
    0x0, 0x0, 0x8f, 0xa0, 0x0, 0x1, 0xef, 0x40,
    0x5b, 0xef, 0xd9, 0x10, 0x1b, 0xbd, 0xfe, 0xbb,
    0x0, 0xbf, 0xa0, 0x7f, 0xfe, 0xdf, 0xfe, 0x12,
    0xff, 0xff, 0xff, 0xf0, 0x5f, 0xe1, 0x0, 0x72,
    0x0, 0x1e, 0xf5, 0x0, 0x0, 0x0, 0x0, 0x1e,
    0xf4, 0x0, 0x0, 0x0, 0x0, 0xdf, 0x50, 0x0,
    0x0, 0x0, 0xb, 0xf9, 0x0, 0x0, 0x0, 0x0,
    0x8f, 0xd0, 0x0, 0x0, 0x0, 0x6, 0xfe, 0x0,
    0x0, 0x0, 0x0, 0x9f, 0xe2, 0x0, 0x0, 0x0,
    0x2, 0xff, 0x40, 0x0, 0x0, 0x1, 0xbf, 0xc1,
    0x0, 0x0, 0x0, 0x0, 0xbf, 0x90, 0x0, 0x0,
    0x2, 0xdf, 0xb0, 0x0, 0x0, 0x0, 0x0, 0x6f,
    0xd0, 0x0, 0x0, 0x2, 0xef, 0xfb, 0xbb, 0xb9,
    0x0, 0x0, 0x2f, 0xf3, 0x0, 0x0, 0x0, 0x5f,
    0xff, 0xff, 0xff, 0xd0,

    /* U+00BE "¾" */
    0x1b, 0xbb, 0xbb, 0xbb, 0x90, 0x0, 0x0, 0x0,
    0x2b, 0xb1, 0x0, 0x0, 0x1, 0xff, 0xff, 0xff,
    0xfc, 0x0, 0x0, 0x0, 0xc, 0xf8, 0x0, 0x0,
    0x0, 0x0, 0x0, 0x5, 0xfe, 0x20, 0x0, 0x0,
    0x7, 0xfd, 0x0, 0x0, 0x0, 0x0, 0x0, 0x4,
    0xfe, 0x20, 0x0, 0x0, 0x2, 0xff, 0x30, 0x0,
    0x0, 0x0, 0x0, 0x2, 0xff, 0xa2, 0x0, 0x0,
    0x0, 0xdf, 0x70, 0x0, 0x0, 0x0, 0x0, 0x0,
    0x4f, 0xff, 0xf7, 0x0, 0x0, 0x8f, 0xc0, 0x0,
    0x0, 0x0, 0x0, 0x0, 0x0, 0x12, 0x7f, 0xf2,
    0x0, 0x3f, 0xf2, 0x0, 0x0, 0x0, 0x0, 0x0,
    0x0, 0x0, 0x0, 0xef, 0x40, 0xd, 0xf6, 0x0,
    0x0, 0x49, 0x70, 0x0, 0xc, 0x62, 0x1, 0x6f,
    0xf2, 0x9, 0xfb, 0x0, 0x0, 0x2f, 0xf4, 0x0,
    0x4, 0xff, 0xff, 0xff, 0xf7, 0x4, 0xfe, 0x10,
    0x0, 0xd, 0xf7, 0x0, 0x0, 0x2, 0x8b, 0xcc,
    0x93, 0x1, 0xef, 0x50, 0x0, 0x9, 0xfb, 0x0,
    0x0, 0x0, 0x0, 0x0, 0x0, 0x0, 0xaf, 0xa0,
    0x0, 0x6, 0xfe, 0x11, 0x63, 0x0, 0x0, 0x0,
    0x0, 0x0, 0x5f, 0xe1, 0x0, 0x2, 0xff, 0x30,
    0x5f, 0x90, 0x0, 0x0, 0x0, 0x0, 0x1e, 0xf4,
    0x0, 0x0, 0xdf, 0xeb, 0xbc, 0xfe, 0xb4, 0x0,
    0x0, 0x0, 0xb, 0xf9, 0x0, 0x0, 0xf, 0xff,
    0xff, 0xff, 0xff, 0x60, 0x0, 0x0, 0x6, 0xfd,
    0x0, 0x0, 0x0, 0x0, 0x0, 0x8, 0xf9, 0x0,
    0x0, 0x0, 0x2, 0xff, 0x30, 0x0, 0x0, 0x0,
    0x0, 0x0, 0x8f, 0x90, 0x0,

    /* U+00BF "¿" */
    0x0, 0x0, 0x3d, 0xe5, 0x0, 0x0, 0x0, 0x0,
    0xc, 0xff, 0xe0, 0x0, 0x0, 0x0, 0x0, 0xaf,
    0xfd, 0x0, 0x0, 0x0, 0x0, 0x1, 0x99, 0x20,
    0x0, 0x0, 0x0, 0x0, 0x0, 0x0, 0x0, 0x0,
    0x0, 0x0, 0x1, 0x44, 0x20, 0x0, 0x0, 0x0,
    0x0, 0x9f, 0xf8, 0x0, 0x0, 0x0, 0x0, 0x3f,
    0xff, 0x20, 0x0, 0x0, 0x0, 0x3e, 0xff, 0x70,
    0x0, 0x0, 0x0, 0x3f, 0xff, 0x80, 0x0, 0x0,
    0x0, 0xd, 0xff, 0x80, 0x0, 0x0, 0x0, 0x5,
    0xff, 0xc0, 0x0, 0x0, 0x0, 0x0, 0x8f, 0xfa,
    0x0, 0x0, 0x0, 0x40, 0x6, 0xff, 0xf3, 0x0,
    0x0, 0x8f, 0xc2, 0x1f, 0xff, 0xfc, 0xab, 0xef,
    0xff, 0x60, 0x5f, 0xff, 0xff, 0xff, 0xfe, 0x50,
    0x0, 0x18, 0xdf, 0xfe, 0xc7, 0x10, 0x0,

    /* U+00C0 "À" */
    0x0, 0x0, 0x3, 0x88, 0x70, 0x0, 0x0, 0x0,
    0x0, 0x0, 0x0, 0x0, 0x0, 0x9f, 0xfa, 0x0,
    0x0, 0x0, 0x0, 0x0, 0x0, 0x0, 0x0, 0x6,
    0xff, 0x90, 0x0, 0x0, 0x0, 0x0, 0x0, 0x0,
    0x0, 0x0, 0x4e, 0xf8, 0x0, 0x0, 0x0, 0x0,
    0x0, 0x0, 0x0, 0x0, 0x0, 0x0, 0x0, 0x0,
    0x0, 0x0, 0x0, 0x0, 0x0, 0x0, 0xcf, 0xfb,
    0x0, 0x0, 0x0, 0x0, 0x0, 0x0, 0x0, 0x3,
    0xff, 0xff, 0x20, 0x0, 0x0, 0x0, 0x0, 0x0,
    0x0, 0xa, 0xff, 0xff, 0xa0, 0x0, 0x0, 0x0,
    0x0, 0x0, 0x0, 0x2f, 0xfc, 0xef, 0xf1, 0x0,
    0x0, 0x0, 0x0, 0x0, 0x0, 0x9f, 0xf6, 0x7f,
    0xf8, 0x0, 0x0, 0x0, 0x0, 0x0, 0x0, 0xff,
    0xe0, 0x1f, 0xfe, 0x0, 0x0, 0x0, 0x0, 0x0,
    0x7, 0xff, 0x80, 0xa, 0xff, 0x60, 0x0, 0x0,
    0x0, 0x0, 0xe, 0xff, 0x10, 0x3, 0xff, 0xd0,
    0x0, 0x0, 0x0, 0x0, 0x5f, 0xfa, 0x0, 0x0,
    0xcf, 0xf4, 0x0, 0x0, 0x0, 0x0, 0xcf, 0xf4,
    0x0, 0x0, 0x5f, 0xfc, 0x0, 0x0, 0x0, 0x3,
    0xff, 0xf7, 0x77, 0x77, 0x7f, 0xff, 0x30, 0x0,
    0x0, 0xa, 0xff, 0xff, 0xff, 0xff, 0xff, 0xff,
    0xa0, 0x0, 0x0, 0x2f, 0xff, 0xff, 0xff, 0xff,
    0xff, 0xff, 0xf1, 0x0, 0x0, 0x9f, 0xf8, 0x0,
    0x0, 0x0, 0x0, 0xaf, 0xf8, 0x0, 0x1, 0xff,
    0xf2, 0x0, 0x0, 0x0, 0x0, 0x3f, 0xfe, 0x0,
    0x7, 0xff, 0xb0, 0x0, 0x0, 0x0, 0x0, 0xc,
    0xff, 0x60, 0xe, 0xff, 0x40, 0x0, 0x0, 0x0,
    0x0, 0x6, 0xff, 0xd0,

    /* U+00C1 "Á" */
    0x0, 0x0, 0x0, 0x0, 0x0, 0x7, 0x88, 0x30,
    0x0, 0x0, 0x0, 0x0, 0x0, 0x0, 0x0, 0xbf,
    0xf8, 0x0, 0x0, 0x0, 0x0, 0x0, 0x0, 0x0,
    0xa, 0xff, 0x50, 0x0, 0x0, 0x0, 0x0, 0x0,
    0x0, 0x0, 0x9f, 0xe3, 0x0, 0x0, 0x0, 0x0,
    0x0, 0x0, 0x0, 0x0, 0x0, 0x0, 0x0, 0x0,
    0x0, 0x0, 0x0, 0x0, 0x0, 0x0, 0xcf, 0xfb,
    0x0, 0x0, 0x0, 0x0, 0x0, 0x0, 0x0, 0x3,
    0xff, 0xff, 0x20, 0x0, 0x0, 0x0, 0x0, 0x0,
    0x0, 0xa, 0xff, 0xff, 0xa0, 0x0, 0x0, 0x0,
    0x0, 0x0, 0x0, 0x2f, 0xfc, 0xef, 0xf1, 0x0,
    0x0, 0x0, 0x0, 0x0, 0x0, 0x9f, 0xf6, 0x7f,
    0xf8, 0x0, 0x0, 0x0, 0x0, 0x0, 0x0, 0xff,
    0xe0, 0x1f, 0xfe, 0x0, 0x0, 0x0, 0x0, 0x0,
    0x7, 0xff, 0x80, 0xa, 0xff, 0x60, 0x0, 0x0,
    0x0, 0x0, 0xe, 0xff, 0x10, 0x3, 0xff, 0xd0,
    0x0, 0x0, 0x0, 0x0, 0x5f, 0xfa, 0x0, 0x0,
    0xcf, 0xf4, 0x0, 0x0, 0x0, 0x0, 0xcf, 0xf4,
    0x0, 0x0, 0x5f, 0xfc, 0x0, 0x0, 0x0, 0x3,
    0xff, 0xf7, 0x77, 0x77, 0x7f, 0xff, 0x30, 0x0,
    0x0, 0xa, 0xff, 0xff, 0xff, 0xff, 0xff, 0xff,
    0xa0, 0x0, 0x0, 0x2f, 0xff, 0xff, 0xff, 0xff,
    0xff, 0xff, 0xf1, 0x0, 0x0, 0x9f, 0xf8, 0x0,
    0x0, 0x0, 0x0, 0xaf, 0xf8, 0x0, 0x1, 0xff,
    0xf2, 0x0, 0x0, 0x0, 0x0, 0x3f, 0xfe, 0x0,
    0x7, 0xff, 0xb0, 0x0, 0x0, 0x0, 0x0, 0xc,
    0xff, 0x60, 0xe, 0xff, 0x40, 0x0, 0x0, 0x0,
    0x0, 0x6, 0xff, 0xd0,

    /* U+00C2 "Â" */
    0x0, 0x0, 0x0, 0x0, 0x48, 0x84, 0x0, 0x0,
    0x0, 0x0, 0x0, 0x0, 0x0, 0x5, 0xff, 0xff,
    0x40, 0x0, 0x0, 0x0, 0x0, 0x0, 0x0, 0x4f,
    0xf8, 0x9f, 0xf3, 0x0, 0x0, 0x0, 0x0, 0x0,
    0x3, 0xff, 0x60, 0x7, 0xfe, 0x20, 0x0, 0x0,
    0x0, 0x0, 0x0, 0x0, 0x0, 0x0, 0x0, 0x0,
    0x0, 0x0, 0x0, 0x0, 0x0, 0x0, 0xcf, 0xfb,
    0x0, 0x0, 0x0, 0x0, 0x0, 0x0, 0x0, 0x3,
    0xff, 0xff, 0x20, 0x0, 0x0, 0x0, 0x0, 0x0,
    0x0, 0xa, 0xff, 0xff, 0xa0, 0x0, 0x0, 0x0,
    0x0, 0x0, 0x0, 0x2f, 0xfc, 0xef, 0xf1, 0x0,
    0x0, 0x0, 0x0, 0x0, 0x0, 0x9f, 0xf6, 0x7f,
    0xf8, 0x0, 0x0, 0x0, 0x0, 0x0, 0x0, 0xff,
    0xe0, 0x1f, 0xfe, 0x0, 0x0, 0x0, 0x0, 0x0,
    0x7, 0xff, 0x80, 0xa, 0xff, 0x60, 0x0, 0x0,
    0x0, 0x0, 0xe, 0xff, 0x10, 0x3, 0xff, 0xd0,
    0x0, 0x0, 0x0, 0x0, 0x5f, 0xfa, 0x0, 0x0,
    0xcf, 0xf4, 0x0, 0x0, 0x0, 0x0, 0xcf, 0xf4,
    0x0, 0x0, 0x5f, 0xfc, 0x0, 0x0, 0x0, 0x3,
    0xff, 0xf7, 0x77, 0x77, 0x7f, 0xff, 0x30, 0x0,
    0x0, 0xa, 0xff, 0xff, 0xff, 0xff, 0xff, 0xff,
    0xa0, 0x0, 0x0, 0x2f, 0xff, 0xff, 0xff, 0xff,
    0xff, 0xff, 0xf1, 0x0, 0x0, 0x9f, 0xf8, 0x0,
    0x0, 0x0, 0x0, 0xaf, 0xf8, 0x0, 0x1, 0xff,
    0xf2, 0x0, 0x0, 0x0, 0x0, 0x3f, 0xfe, 0x0,
    0x7, 0xff, 0xb0, 0x0, 0x0, 0x0, 0x0, 0xc,
    0xff, 0x60, 0xe, 0xff, 0x40, 0x0, 0x0, 0x0,
    0x0, 0x6, 0xff, 0xd0,

    /* U+00C3 "Ã" */
    0x0, 0x0, 0x0, 0x4c, 0xd6, 0x0, 0x2e, 0x70,
    0x0, 0x0, 0x0, 0x0, 0x1, 0xff, 0xff, 0xa1,
    0x9f, 0x50, 0x0, 0x0, 0x0, 0x0, 0x7, 0xf8,
    0x1b, 0xff, 0xfe, 0x0, 0x0, 0x0, 0x0, 0x0,
    0x8, 0xe2, 0x0, 0x7d, 0xc3, 0x0, 0x0, 0x0,
    0x0, 0x0, 0x0, 0x0, 0x0, 0x0, 0x0, 0x0,
    0x0, 0x0, 0x0, 0x0, 0x0, 0x0, 0xcf, 0xfb,
    0x0, 0x0, 0x0, 0x0, 0x0, 0x0, 0x0, 0x3,
    0xff, 0xff, 0x20, 0x0, 0x0, 0x0, 0x0, 0x0,
    0x0, 0xa, 0xff, 0xff, 0xa0, 0x0, 0x0, 0x0,
    0x0, 0x0, 0x0, 0x2f, 0xfc, 0xef, 0xf1, 0x0,
    0x0, 0x0, 0x0, 0x0, 0x0, 0x9f, 0xf6, 0x7f,
    0xf8, 0x0, 0x0, 0x0, 0x0, 0x0, 0x0, 0xff,
    0xe0, 0x1f, 0xfe, 0x0, 0x0, 0x0, 0x0, 0x0,
    0x7, 0xff, 0x80, 0xa, 0xff, 0x60, 0x0, 0x0,
    0x0, 0x0, 0xe, 0xff, 0x10, 0x3, 0xff, 0xd0,
    0x0, 0x0, 0x0, 0x0, 0x5f, 0xfa, 0x0, 0x0,
    0xcf, 0xf4, 0x0, 0x0, 0x0, 0x0, 0xcf, 0xf4,
    0x0, 0x0, 0x5f, 0xfc, 0x0, 0x0, 0x0, 0x3,
    0xff, 0xf7, 0x77, 0x77, 0x7f, 0xff, 0x30, 0x0,
    0x0, 0xa, 0xff, 0xff, 0xff, 0xff, 0xff, 0xff,
    0xa0, 0x0, 0x0, 0x2f, 0xff, 0xff, 0xff, 0xff,
    0xff, 0xff, 0xf1, 0x0, 0x0, 0x9f, 0xf8, 0x0,
    0x0, 0x0, 0x0, 0xaf, 0xf8, 0x0, 0x1, 0xff,
    0xf2, 0x0, 0x0, 0x0, 0x0, 0x3f, 0xfe, 0x0,
    0x7, 0xff, 0xb0, 0x0, 0x0, 0x0, 0x0, 0xc,
    0xff, 0x60, 0xe, 0xff, 0x40, 0x0, 0x0, 0x0,
    0x0, 0x6, 0xff, 0xd0,

    /* U+00C4 "Ä" */
    0x0, 0x0, 0x0, 0x6f, 0xa0, 0xb, 0xf5, 0x0,
    0x0, 0x0, 0x0, 0x0, 0x0, 0xcf, 0xf0, 0x1f,
    0xfb, 0x0, 0x0, 0x0, 0x0, 0x0, 0x0, 0x5d,
    0x80, 0x9, 0xd4, 0x0, 0x0, 0x0, 0x0, 0x0,
    0x0, 0x0, 0x0, 0x0, 0x0, 0x0, 0x0, 0x0,
    0x0, 0x0, 0x0, 0x0, 0xcf, 0xfb, 0x0, 0x0,
    0x0, 0x0, 0x0, 0x0, 0x0, 0x3, 0xff, 0xff,
    0x20, 0x0, 0x0, 0x0, 0x0, 0x0, 0x0, 0xa,
    0xff, 0xff, 0xa0, 0x0, 0x0, 0x0, 0x0, 0x0,
    0x0, 0x2f, 0xfc, 0xef, 0xf1, 0x0, 0x0, 0x0,
    0x0, 0x0, 0x0, 0x9f, 0xf6, 0x7f, 0xf8, 0x0,
    0x0, 0x0, 0x0, 0x0, 0x0, 0xff, 0xe0, 0x1f,
    0xfe, 0x0, 0x0, 0x0, 0x0, 0x0, 0x7, 0xff,
    0x80, 0xa, 0xff, 0x60, 0x0, 0x0, 0x0, 0x0,
    0xe, 0xff, 0x10, 0x3, 0xff, 0xd0, 0x0, 0x0,
    0x0, 0x0, 0x5f, 0xfa, 0x0, 0x0, 0xcf, 0xf4,
    0x0, 0x0, 0x0, 0x0, 0xcf, 0xf4, 0x0, 0x0,
    0x5f, 0xfc, 0x0, 0x0, 0x0, 0x3, 0xff, 0xf7,
    0x77, 0x77, 0x7f, 0xff, 0x30, 0x0, 0x0, 0xa,
    0xff, 0xff, 0xff, 0xff, 0xff, 0xff, 0xa0, 0x0,
    0x0, 0x2f, 0xff, 0xff, 0xff, 0xff, 0xff, 0xff,
    0xf1, 0x0, 0x0, 0x9f, 0xf8, 0x0, 0x0, 0x0,
    0x0, 0xaf, 0xf8, 0x0, 0x1, 0xff, 0xf2, 0x0,
    0x0, 0x0, 0x0, 0x3f, 0xfe, 0x0, 0x7, 0xff,
    0xb0, 0x0, 0x0, 0x0, 0x0, 0xc, 0xff, 0x60,
    0xe, 0xff, 0x40, 0x0, 0x0, 0x0, 0x0, 0x6,
    0xff, 0xd0,

    /* U+00C5 "Å" */
    0x0, 0x0, 0x0, 0x0, 0x0, 0x0, 0x0, 0x0,
    0x0, 0x0, 0x0, 0x0, 0x0, 0x0, 0x8e, 0xe7,
    0x0, 0x0, 0x0, 0x0, 0x0, 0x0, 0x0, 0x7,
    0xe5, 0x5f, 0x50, 0x0, 0x0, 0x0, 0x0, 0x0,
    0x0, 0xc, 0x80, 0x9, 0xb0, 0x0, 0x0, 0x0,
    0x0, 0x0, 0x0, 0xb, 0x90, 0xa, 0xa0, 0x0,
    0x0, 0x0, 0x0, 0x0, 0x0, 0x4, 0xf9, 0xaf,
    0x30, 0x0, 0x0, 0x0, 0x0, 0x0, 0x0, 0x0,
    0x4a, 0xa3, 0x0, 0x0, 0x0, 0x0, 0x0, 0x0,
    0x0, 0x0, 0xcf, 0xfb, 0x0, 0x0, 0x0, 0x0,
    0x0, 0x0, 0x0, 0x3, 0xff, 0xff, 0x20, 0x0,
    0x0, 0x0, 0x0, 0x0, 0x0, 0xa, 0xff, 0xff,
    0xa0, 0x0, 0x0, 0x0, 0x0, 0x0, 0x0, 0x2f,
    0xfc, 0xef, 0xf1, 0x0, 0x0, 0x0, 0x0, 0x0,
    0x0, 0x9f, 0xf6, 0x7f, 0xf8, 0x0, 0x0, 0x0,
    0x0, 0x0, 0x0, 0xff, 0xe0, 0x1f, 0xfe, 0x0,
    0x0, 0x0, 0x0, 0x0, 0x7, 0xff, 0x80, 0xa,
    0xff, 0x60, 0x0, 0x0, 0x0, 0x0, 0xe, 0xff,
    0x10, 0x3, 0xff, 0xd0, 0x0, 0x0, 0x0, 0x0,
    0x5f, 0xfa, 0x0, 0x0, 0xcf, 0xf4, 0x0, 0x0,
    0x0, 0x0, 0xcf, 0xf4, 0x0, 0x0, 0x5f, 0xfc,
    0x0, 0x0, 0x0, 0x3, 0xff, 0xf7, 0x77, 0x77,
    0x7f, 0xff, 0x30, 0x0, 0x0, 0xa, 0xff, 0xff,
    0xff, 0xff, 0xff, 0xff, 0xa0, 0x0, 0x0, 0x2f,
    0xff, 0xff, 0xff, 0xff, 0xff, 0xff, 0xf1, 0x0,
    0x0, 0x9f, 0xf8, 0x0, 0x0, 0x0, 0x0, 0xaf,
    0xf8, 0x0, 0x1, 0xff, 0xf2, 0x0, 0x0, 0x0,
    0x0, 0x3f, 0xfe, 0x0, 0x7, 0xff, 0xb0, 0x0,
    0x0, 0x0, 0x0, 0xc, 0xff, 0x60, 0xe, 0xff,
    0x40, 0x0, 0x0, 0x0, 0x0, 0x6, 0xff, 0xd0,

    /* U+00C6 "Æ" */
    0x0, 0x0, 0x0, 0x0, 0x0, 0xaf, 0xff, 0xff,
    0xff, 0xff, 0xff, 0xff, 0xf0, 0x0, 0x0, 0x0,
    0x0, 0x3, 0xff, 0xff, 0xff, 0xff, 0xff, 0xff,
    0xff, 0xf0, 0x0, 0x0, 0x0, 0x0, 0xc, 0xff,
    0xcf, 0xfe, 0xaa, 0xaa, 0xaa, 0xaa, 0x90, 0x0,
    0x0, 0x0, 0x0, 0x6f, 0xfa, 0x5f, 0xfd, 0x0,
    0x0, 0x0, 0x0, 0x0, 0x0, 0x0, 0x0, 0x0,
    0xef, 0xf2, 0x5f, 0xfd, 0x0, 0x0, 0x0, 0x0,
    0x0, 0x0, 0x0, 0x0, 0x8, 0xff, 0x80, 0x5f,
    0xfd, 0x0, 0x0, 0x0, 0x0, 0x0, 0x0, 0x0,
    0x0, 0x2f, 0xfe, 0x0, 0x5f, 0xfd, 0x0, 0x0,
    0x0, 0x0, 0x0, 0x0, 0x0, 0x0, 0xaf, 0xf6,
    0x0, 0x5f, 0xff, 0xff, 0xff, 0xff, 0xfe, 0x0,
    0x0, 0x0, 0x4, 0xff, 0xd0, 0x0, 0x5f, 0xff,
    0xff, 0xff, 0xff, 0xfe, 0x0, 0x0, 0x0, 0xd,
    0xff, 0x40, 0x0, 0x5f, 0xfe, 0x99, 0x99, 0x99,
    0x98, 0x0, 0x0, 0x0, 0x6f, 0xfe, 0x77, 0x77,
    0x9f, 0xfd, 0x0, 0x0, 0x0, 0x0, 0x0, 0x0,
    0x0, 0xef, 0xff, 0xff, 0xff, 0xff, 0xfd, 0x0,
    0x0, 0x0, 0x0, 0x0, 0x0, 0x8, 0xff, 0xff,
    0xff, 0xff, 0xff, 0xfd, 0x0, 0x0, 0x0, 0x0,
    0x0, 0x0, 0x2f, 0xff, 0x10, 0x0, 0x0, 0x5f,
    0xfd, 0x0, 0x0, 0x0, 0x0, 0x0, 0x0, 0xbf,
    0xf7, 0x0, 0x0, 0x0, 0x5f, 0xfe, 0xaa, 0xaa,
    0xaa, 0xaa, 0xa2, 0x4, 0xff, 0xe0, 0x0, 0x0,
    0x0, 0x5f, 0xff, 0xff, 0xff, 0xff, 0xff, 0xf4,
    0xd, 0xff, 0x50, 0x0, 0x0, 0x0, 0x5f, 0xff,
    0xff, 0xff, 0xff, 0xff, 0xf4,

    /* U+00C7 "Ç" */
    0x0, 0x0, 0x5, 0xad, 0xff, 0xda, 0x50, 0x0,
    0x0, 0x4, 0xef, 0xff, 0xff, 0xff, 0xfd, 0x40,
    0x0, 0x7f, 0xff, 0xff, 0xdc, 0xef, 0xff, 0xf5,
    0x5, 0xff, 0xfd, 0x50, 0x0, 0x3, 0xbf, 0xd1,
    0xe, 0xff, 0xc0, 0x0, 0x0, 0x0, 0x6, 0x10,
    0x6f, 0xfe, 0x10, 0x0, 0x0, 0x0, 0x0, 0x0,
    0xbf, 0xf9, 0x0, 0x0, 0x0, 0x0, 0x0, 0x0,
    0xdf, 0xf5, 0x0, 0x0, 0x0, 0x0, 0x0, 0x0,
    0xef, 0xf3, 0x0, 0x0, 0x0, 0x0, 0x0, 0x0,
    0xdf, 0xf5, 0x0, 0x0, 0x0, 0x0, 0x0, 0x0,
    0xbf, 0xf8, 0x0, 0x0, 0x0, 0x0, 0x0, 0x0,
    0x6f, 0xfe, 0x10, 0x0, 0x0, 0x0, 0x0, 0x0,
    0xe, 0xff, 0xb0, 0x0, 0x0, 0x0, 0x6, 0x10,
    0x5, 0xff, 0xfd, 0x50, 0x0, 0x2, 0xbf, 0xd1,
    0x0, 0x7f, 0xff, 0xff, 0xcc, 0xef, 0xff, 0xf5,
    0x0, 0x4, 0xef, 0xff, 0xff, 0xff, 0xfe, 0x40,
    0x0, 0x0, 0x6, 0xad, 0xff, 0xda, 0x60, 0x0,
    0x0, 0x0, 0x0, 0x2, 0xf8, 0x0, 0x0, 0x0,
    0x0, 0x0, 0x0, 0x6, 0xff, 0xb0, 0x0, 0x0,
    0x0, 0x0, 0x0, 0x0, 0xa, 0xf6, 0x0, 0x0,
    0x0, 0x0, 0x0, 0x89, 0x9e, 0xf4, 0x0, 0x0,
    0x0, 0x0, 0x0, 0xae, 0xfd, 0x60, 0x0, 0x0,

    /* U+00C8 "È" */
    0x0, 0x78, 0x83, 0x0, 0x0, 0x0, 0x0, 0x3,
    0xef, 0xe2, 0x0, 0x0, 0x0, 0x0, 0x2, 0xdf,
    0xe2, 0x0, 0x0, 0x0, 0x0, 0x0, 0xbf, 0xd1,
    0x0, 0x0, 0x0, 0x0, 0x0, 0x0, 0x0, 0x0,
    0xc, 0xff, 0xff, 0xff, 0xff, 0xff, 0xf8, 0xcf,
    0xff, 0xff, 0xff, 0xff, 0xff, 0x8c, 0xff, 0xca,
    0xaa, 0xaa, 0xaa, 0xa5, 0xcf, 0xf6, 0x0, 0x0,
    0x0, 0x0, 0xc, 0xff, 0x60, 0x0, 0x0, 0x0,
    0x0, 0xcf, 0xf6, 0x0, 0x0, 0x0, 0x0, 0xc,
    0xff, 0x60, 0x0, 0x0, 0x0, 0x0, 0xcf, 0xff,
    0xff, 0xff, 0xff, 0xf7, 0xc, 0xff, 0xff, 0xff,
    0xff, 0xff, 0x70, 0xcf, 0xfb, 0x99, 0x99, 0x99,
    0x94, 0xc, 0xff, 0x60, 0x0, 0x0, 0x0, 0x0,
    0xcf, 0xf6, 0x0, 0x0, 0x0, 0x0, 0xc, 0xff,
    0x60, 0x0, 0x0, 0x0, 0x0, 0xcf, 0xf6, 0x0,
    0x0, 0x0, 0x0, 0xc, 0xff, 0xca, 0xaa, 0xaa,
    0xaa, 0xa8, 0xcf, 0xff, 0xff, 0xff, 0xff, 0xff,
    0xdc, 0xff, 0xff, 0xff, 0xff, 0xff, 0xfd,

    /* U+00C9 "É" */
    0x0, 0x0, 0x0, 0x4, 0x88, 0x60, 0x0, 0x0,
    0x0, 0x4, 0xff, 0xd2, 0x0, 0x0, 0x0, 0x4,
    0xff, 0xb0, 0x0, 0x0, 0x0, 0x3, 0xff, 0x80,
    0x0, 0x0, 0x0, 0x0, 0x0, 0x0, 0x0, 0x0,
    0xc, 0xff, 0xff, 0xff, 0xff, 0xff, 0xf8, 0xcf,
    0xff, 0xff, 0xff, 0xff, 0xff, 0x8c, 0xff, 0xca,
    0xaa, 0xaa, 0xaa, 0xa5, 0xcf, 0xf6, 0x0, 0x0,
    0x0, 0x0, 0xc, 0xff, 0x60, 0x0, 0x0, 0x0,
    0x0, 0xcf, 0xf6, 0x0, 0x0, 0x0, 0x0, 0xc,
    0xff, 0x60, 0x0, 0x0, 0x0, 0x0, 0xcf, 0xff,
    0xff, 0xff, 0xff, 0xf7, 0xc, 0xff, 0xff, 0xff,
    0xff, 0xff, 0x70, 0xcf, 0xfb, 0x99, 0x99, 0x99,
    0x94, 0xc, 0xff, 0x60, 0x0, 0x0, 0x0, 0x0,
    0xcf, 0xf6, 0x0, 0x0, 0x0, 0x0, 0xc, 0xff,
    0x60, 0x0, 0x0, 0x0, 0x0, 0xcf, 0xf6, 0x0,
    0x0, 0x0, 0x0, 0xc, 0xff, 0xca, 0xaa, 0xaa,
    0xaa, 0xa8, 0xcf, 0xff, 0xff, 0xff, 0xff, 0xff,
    0xdc, 0xff, 0xff, 0xff, 0xff, 0xff, 0xfd,

    /* U+00CA "Ê" */
    0x0, 0x0, 0x17, 0x87, 0x0, 0x0, 0x0, 0x0,
    0x1d, 0xff, 0xfa, 0x0, 0x0, 0x0, 0xc, 0xfd,
    0x5e, 0xf9, 0x0, 0x0, 0xb, 0xfc, 0x10, 0x2e,
    0xf8, 0x0, 0x0, 0x0, 0x0, 0x0, 0x0, 0x0,
    0xc, 0xff, 0xff, 0xff, 0xff, 0xff, 0xf8, 0xcf,
    0xff, 0xff, 0xff, 0xff, 0xff, 0x8c, 0xff, 0xca,
    0xaa, 0xaa, 0xaa, 0xa5, 0xcf, 0xf6, 0x0, 0x0,
    0x0, 0x0, 0xc, 0xff, 0x60, 0x0, 0x0, 0x0,
    0x0, 0xcf, 0xf6, 0x0, 0x0, 0x0, 0x0, 0xc,
    0xff, 0x60, 0x0, 0x0, 0x0, 0x0, 0xcf, 0xff,
    0xff, 0xff, 0xff, 0xf7, 0xc, 0xff, 0xff, 0xff,
    0xff, 0xff, 0x70, 0xcf, 0xfb, 0x99, 0x99, 0x99,
    0x94, 0xc, 0xff, 0x60, 0x0, 0x0, 0x0, 0x0,
    0xcf, 0xf6, 0x0, 0x0, 0x0, 0x0, 0xc, 0xff,
    0x60, 0x0, 0x0, 0x0, 0x0, 0xcf, 0xf6, 0x0,
    0x0, 0x0, 0x0, 0xc, 0xff, 0xca, 0xaa, 0xaa,
    0xaa, 0xa8, 0xcf, 0xff, 0xff, 0xff, 0xff, 0xff,
    0xdc, 0xff, 0xff, 0xff, 0xff, 0xff, 0xfd,

    /* U+00CB "Ë" */
    0x0, 0x1d, 0xe2, 0x5, 0xfb, 0x0, 0x0, 0x5,
    0xff, 0x70, 0xaf, 0xf1, 0x0, 0x0, 0x1b, 0xc2,
    0x4, 0xd9, 0x0, 0x0, 0x0, 0x0, 0x0, 0x0,
    0x0, 0x0, 0xcf, 0xff, 0xff, 0xff, 0xff, 0xff,
    0x8c, 0xff, 0xff, 0xff, 0xff, 0xff, 0xf8, 0xcf,
    0xfc, 0xaa, 0xaa, 0xaa, 0xaa, 0x5c, 0xff, 0x60,
    0x0, 0x0, 0x0, 0x0, 0xcf, 0xf6, 0x0, 0x0,
    0x0, 0x0, 0xc, 0xff, 0x60, 0x0, 0x0, 0x0,
    0x0, 0xcf, 0xf6, 0x0, 0x0, 0x0, 0x0, 0xc,
    0xff, 0xff, 0xff, 0xff, 0xff, 0x70, 0xcf, 0xff,
    0xff, 0xff, 0xff, 0xf7, 0xc, 0xff, 0xb9, 0x99,
    0x99, 0x99, 0x40, 0xcf, 0xf6, 0x0, 0x0, 0x0,
    0x0, 0xc, 0xff, 0x60, 0x0, 0x0, 0x0, 0x0,
    0xcf, 0xf6, 0x0, 0x0, 0x0, 0x0, 0xc, 0xff,
    0x60, 0x0, 0x0, 0x0, 0x0, 0xcf, 0xfc, 0xaa,
    0xaa, 0xaa, 0xaa, 0x8c, 0xff, 0xff, 0xff, 0xff,
    0xff, 0xfd, 0xcf, 0xff, 0xff, 0xff, 0xff, 0xff,
    0xd0,

    /* U+00CC "Ì" */
    0x58, 0x86, 0x0, 0x0, 0xbf, 0xf8, 0x0, 0x0,
    0x8f, 0xf7, 0x0, 0x0, 0x6f, 0xf5, 0x0, 0x0,
    0x0, 0x0, 0x0, 0xcf, 0xf6, 0x0, 0xc, 0xff,
    0x60, 0x0, 0xcf, 0xf6, 0x0, 0xc, 0xff, 0x60,
    0x0, 0xcf, 0xf6, 0x0, 0xc, 0xff, 0x60, 0x0,
    0xcf, 0xf6, 0x0, 0xc, 0xff, 0x60, 0x0, 0xcf,
    0xf6, 0x0, 0xc, 0xff, 0x60, 0x0, 0xcf, 0xf6,
    0x0, 0xc, 0xff, 0x60, 0x0, 0xcf, 0xf6, 0x0,
    0xc, 0xff, 0x60, 0x0, 0xcf, 0xf6, 0x0, 0xc,
    0xff, 0x60, 0x0, 0xcf, 0xf6,

    /* U+00CD "Í" */
    0x0, 0x1, 0x78, 0x72, 0x0, 0x1d, 0xff, 0x60,
    0x0, 0xcf, 0xe4, 0x0, 0xb, 0xfd, 0x20, 0x0,
    0x0, 0x0, 0x0, 0x0, 0xc, 0xff, 0x60, 0x0,
    0xc, 0xff, 0x60, 0x0, 0xc, 0xff, 0x60, 0x0,
    0xc, 0xff, 0x60, 0x0, 0xc, 0xff, 0x60, 0x0,
    0xc, 0xff, 0x60, 0x0, 0xc, 0xff, 0x60, 0x0,
    0xc, 0xff, 0x60, 0x0, 0xc, 0xff, 0x60, 0x0,
    0xc, 0xff, 0x60, 0x0, 0xc, 0xff, 0x60, 0x0,
    0xc, 0xff, 0x60, 0x0, 0xc, 0xff, 0x60, 0x0,
    0xc, 0xff, 0x60, 0x0, 0xc, 0xff, 0x60, 0x0,
    0xc, 0xff, 0x60, 0x0, 0xc, 0xff, 0x60, 0x0,

    /* U+00CE "Î" */
    0x0, 0x6, 0x88, 0x30, 0x0, 0x0, 0x7f, 0xff,
    0xe2, 0x0, 0x6, 0xff, 0x6b, 0xfe, 0x20, 0x5f,
    0xf4, 0x0, 0x9f, 0xd1, 0x0, 0x0, 0x0, 0x0,
    0x0, 0x0, 0xc, 0xff, 0x60, 0x0, 0x0, 0xc,
    0xff, 0x60, 0x0, 0x0, 0xc, 0xff, 0x60, 0x0,
    0x0, 0xc, 0xff, 0x60, 0x0, 0x0, 0xc, 0xff,
    0x60, 0x0, 0x0, 0xc, 0xff, 0x60, 0x0, 0x0,
    0xc, 0xff, 0x60, 0x0, 0x0, 0xc, 0xff, 0x60,
    0x0, 0x0, 0xc, 0xff, 0x60, 0x0, 0x0, 0xc,
    0xff, 0x60, 0x0, 0x0, 0xc, 0xff, 0x60, 0x0,
    0x0, 0xc, 0xff, 0x60, 0x0, 0x0, 0xc, 0xff,
    0x60, 0x0, 0x0, 0xc, 0xff, 0x60, 0x0, 0x0,
    0xc, 0xff, 0x60, 0x0, 0x0, 0xc, 0xff, 0x60,
    0x0, 0x0, 0xc, 0xff, 0x60, 0x0,

    /* U+00CF "Ï" */
    0x8f, 0x70, 0xc, 0xe3, 0xef, 0xd0, 0x4f, 0xf8,
    0x7d, 0x60, 0xb, 0xd2, 0x0, 0x0, 0x0, 0x0,
    0x0, 0xcf, 0xf6, 0x0, 0x0, 0xcf, 0xf6, 0x0,
    0x0, 0xcf, 0xf6, 0x0, 0x0, 0xcf, 0xf6, 0x0,
    0x0, 0xcf, 0xf6, 0x0, 0x0, 0xcf, 0xf6, 0x0,
    0x0, 0xcf, 0xf6, 0x0, 0x0, 0xcf, 0xf6, 0x0,
    0x0, 0xcf, 0xf6, 0x0, 0x0, 0xcf, 0xf6, 0x0,
    0x0, 0xcf, 0xf6, 0x0, 0x0, 0xcf, 0xf6, 0x0,
    0x0, 0xcf, 0xf6, 0x0, 0x0, 0xcf, 0xf6, 0x0,
    0x0, 0xcf, 0xf6, 0x0, 0x0, 0xcf, 0xf6, 0x0,
    0x0, 0xcf, 0xf6, 0x0,

    /* U+00D0 "Ð" */
    0x0, 0x8f, 0xff, 0xff, 0xff, 0xfe, 0xb6, 0x0,
    0x0, 0x0, 0x0, 0x8f, 0xff, 0xff, 0xff, 0xff,
    0xff, 0xe5, 0x0, 0x0, 0x0, 0x8f, 0xfd, 0xaa,
    0xaa, 0xbd, 0xff, 0xff, 0x90, 0x0, 0x0, 0x8f,
    0xf9, 0x0, 0x0, 0x0, 0x3b, 0xff, 0xf6, 0x0,
    0x0, 0x8f, 0xf9, 0x0, 0x0, 0x0, 0x0, 0x9f,
    0xff, 0x10, 0x0, 0x8f, 0xf9, 0x0, 0x0, 0x0,
    0x0, 0xd, 0xff, 0x80, 0x0, 0x8f, 0xf9, 0x0,
    0x0, 0x0, 0x0, 0x7, 0xff, 0xc0, 0xdf, 0xff,
    0xff, 0xff, 0xff, 0x20, 0x0, 0x4, 0xff, 0xf0,
    0xdf, 0xff, 0xff, 0xff, 0xff, 0x20, 0x0, 0x2,
    0xff, 0xf0, 0x45, 0xdf, 0xfe, 0x55, 0x55, 0x0,
    0x0, 0x4, 0xff, 0xf0, 0x0, 0x8f, 0xf9, 0x0,
    0x0, 0x0, 0x0, 0x7, 0xff, 0xc0, 0x0, 0x8f,
    0xf9, 0x0, 0x0, 0x0, 0x0, 0xd, 0xff, 0x80,
    0x0, 0x8f, 0xf9, 0x0, 0x0, 0x0, 0x0, 0x9f,
    0xff, 0x10, 0x0, 0x8f, 0xf9, 0x0, 0x0, 0x0,
    0x3b, 0xff, 0xf6, 0x0, 0x0, 0x8f, 0xfd, 0xaa,
    0xaa, 0xbe, 0xff, 0xff, 0x90, 0x0, 0x0, 0x8f,
    0xff, 0xff, 0xff, 0xff, 0xff, 0xe5, 0x0, 0x0,
    0x0, 0x8f, 0xff, 0xff, 0xff, 0xfe, 0xb6, 0x0,
    0x0, 0x0,

    /* U+00D1 "Ñ" */
    0x0, 0x0, 0x6d, 0xc3, 0x0, 0x6e, 0x30, 0x0,
    0x0, 0x4, 0xff, 0xff, 0x71, 0xcf, 0x10, 0x0,
    0x0, 0xb, 0xf4, 0x2d, 0xff, 0xfb, 0x0, 0x0,
    0x0, 0xc, 0xd0, 0x0, 0x9e, 0xb1, 0x0, 0x0,
    0x0, 0x0, 0x0, 0x0, 0x0, 0x0, 0x0, 0x0,
    0xcf, 0xf3, 0x0, 0x0, 0x0, 0x0, 0xef, 0xf3,
    0xcf, 0xfe, 0x10, 0x0, 0x0, 0x0, 0xef, 0xf3,
    0xcf, 0xff, 0xc0, 0x0, 0x0, 0x0, 0xef, 0xf3,
    0xcf, 0xff, 0xfa, 0x0, 0x0, 0x0, 0xef, 0xf3,
    0xcf, 0xff, 0xff, 0x70, 0x0, 0x0, 0xef, 0xf3,
    0xcf, 0xfe, 0xff, 0xf4, 0x0, 0x0, 0xef, 0xf3,
    0xcf, 0xf6, 0xcf, 0xfe, 0x20, 0x0, 0xef, 0xf3,
    0xcf, 0xf5, 0x1e, 0xff, 0xd0, 0x0, 0xef, 0xf3,
    0xcf, 0xf5, 0x3, 0xff, 0xfa, 0x0, 0xef, 0xf3,
    0xcf, 0xf5, 0x0, 0x6f, 0xff, 0x70, 0xef, 0xf3,
    0xcf, 0xf5, 0x0, 0x9, 0xff, 0xf4, 0xef, 0xf3,
    0xcf, 0xf5, 0x0, 0x0, 0xcf, 0xfe, 0xff, 0xf3,
    0xcf, 0xf5, 0x0, 0x0, 0x1e, 0xff, 0xff, 0xf3,
    0xcf, 0xf5, 0x0, 0x0, 0x3, 0xff, 0xff, 0xf3,
    0xcf, 0xf5, 0x0, 0x0, 0x0, 0x6f, 0xff, 0xf3,
    0xcf, 0xf5, 0x0, 0x0, 0x0, 0x9, 0xff, 0xf3,
    0xcf, 0xf5, 0x0, 0x0, 0x0, 0x0, 0xcf, 0xf3,

    /* U+00D2 "Ò" */
    0x0, 0x0, 0x2d, 0xff, 0x50, 0x0, 0x0, 0x0,
    0x0, 0x0, 0x0, 0x0, 0x1c, 0xff, 0x40, 0x0,
    0x0, 0x0, 0x0, 0x0, 0x0, 0x0, 0xa, 0xff,
    0x30, 0x0, 0x0, 0x0, 0x0, 0x0, 0x0, 0x0,
    0x6, 0x87, 0x0, 0x0, 0x0, 0x0, 0x0, 0x0,
    0x0, 0x0, 0x0, 0x0, 0x0, 0x0, 0x0, 0x0,
    0x0, 0x0, 0x5a, 0xdf, 0xfe, 0xb6, 0x0, 0x0,
    0x0, 0x0, 0x4, 0xdf, 0xff, 0xff, 0xff, 0xfe,
    0x60, 0x0, 0x0, 0x6, 0xff, 0xff, 0xfd, 0xce,
    0xff, 0xff, 0x90, 0x0, 0x4, 0xff, 0xfd, 0x50,
    0x0, 0x3, 0xbf, 0xff, 0x80, 0x0, 0xef, 0xfc,
    0x0, 0x0, 0x0, 0x0, 0x9f, 0xff, 0x20, 0x6f,
    0xff, 0x10, 0x0, 0x0, 0x0, 0x0, 0xcf, 0xf9,
    0xb, 0xff, 0x90, 0x0, 0x0, 0x0, 0x0, 0x5,
    0xff, 0xe0, 0xdf, 0xf5, 0x0, 0x0, 0x0, 0x0,
    0x0, 0x1f, 0xff, 0xe, 0xff, 0x30, 0x0, 0x0,
    0x0, 0x0, 0x0, 0xff, 0xf2, 0xdf, 0xf5, 0x0,
    0x0, 0x0, 0x0, 0x0, 0x1f, 0xff, 0xb, 0xff,
    0x90, 0x0, 0x0, 0x0, 0x0, 0x5, 0xff, 0xe0,
    0x6f, 0xfe, 0x10, 0x0, 0x0, 0x0, 0x0, 0xcf,
    0xf9, 0x0, 0xef, 0xfb, 0x0, 0x0, 0x0, 0x0,
    0x9f, 0xff, 0x20, 0x5, 0xff, 0xfd, 0x40, 0x0,
    0x3, 0xbf, 0xff, 0x80, 0x0, 0x6, 0xff, 0xff,
    0xec, 0xce, 0xff, 0xff, 0x90, 0x0, 0x0, 0x4,
    0xdf, 0xff, 0xff, 0xff, 0xfe, 0x60, 0x0, 0x0,
    0x0, 0x0, 0x5a, 0xdf, 0xfe, 0xb6, 0x0, 0x0,
    0x0,

    /* U+00D3 "Ó" */
    0x0, 0x0, 0x0, 0x0, 0x3, 0xff, 0xf4, 0x0,
    0x0, 0x0, 0x0, 0x0, 0x0, 0x2, 0xef, 0xe2,
    0x0, 0x0, 0x0, 0x0, 0x0, 0x0, 0x1, 0xef,
    0xc1, 0x0, 0x0, 0x0, 0x0, 0x0, 0x0, 0x0,
    0x58, 0x70, 0x0, 0x0, 0x0, 0x0, 0x0, 0x0,
    0x0, 0x0, 0x0, 0x0, 0x0, 0x0, 0x0, 0x0,
    0x0, 0x0, 0x5a, 0xdf, 0xfe, 0xb6, 0x0, 0x0,
    0x0, 0x0, 0x4, 0xdf, 0xff, 0xff, 0xff, 0xfe,
    0x60, 0x0, 0x0, 0x6, 0xff, 0xff, 0xfd, 0xce,
    0xff, 0xff, 0x90, 0x0, 0x4, 0xff, 0xfd, 0x50,
    0x0, 0x3, 0xbf, 0xff, 0x80, 0x0, 0xef, 0xfc,
    0x0, 0x0, 0x0, 0x0, 0x9f, 0xff, 0x20, 0x6f,
    0xff, 0x10, 0x0, 0x0, 0x0, 0x0, 0xcf, 0xf9,
    0xb, 0xff, 0x90, 0x0, 0x0, 0x0, 0x0, 0x5,
    0xff, 0xe0, 0xdf, 0xf5, 0x0, 0x0, 0x0, 0x0,
    0x0, 0x1f, 0xff, 0xe, 0xff, 0x30, 0x0, 0x0,
    0x0, 0x0, 0x0, 0xff, 0xf2, 0xdf, 0xf5, 0x0,
    0x0, 0x0, 0x0, 0x0, 0x1f, 0xff, 0xb, 0xff,
    0x90, 0x0, 0x0, 0x0, 0x0, 0x5, 0xff, 0xe0,
    0x6f, 0xfe, 0x10, 0x0, 0x0, 0x0, 0x0, 0xcf,
    0xf9, 0x0, 0xef, 0xfb, 0x0, 0x0, 0x0, 0x0,
    0x9f, 0xff, 0x20, 0x5, 0xff, 0xfd, 0x40, 0x0,
    0x3, 0xbf, 0xff, 0x80, 0x0, 0x6, 0xff, 0xff,
    0xec, 0xce, 0xff, 0xff, 0x90, 0x0, 0x0, 0x4,
    0xdf, 0xff, 0xff, 0xff, 0xfe, 0x60, 0x0, 0x0,
    0x0, 0x0, 0x5a, 0xdf, 0xfe, 0xb6, 0x0, 0x0,
    0x0,

    /* U+00D4 "Ô" */
    0x0, 0x0, 0x0, 0xb, 0xff, 0xd1, 0x0, 0x0,
    0x0, 0x0, 0x0, 0x0, 0xa, 0xff, 0xef, 0xc0,
    0x0, 0x0, 0x0, 0x0, 0x0, 0x9, 0xfe, 0x31,
    0xcf, 0xb0, 0x0, 0x0, 0x0, 0x0, 0x2, 0x87,
    0x20, 0x0, 0x78, 0x30, 0x0, 0x0, 0x0, 0x0,
    0x0, 0x0, 0x0, 0x0, 0x0, 0x0, 0x0, 0x0,
    0x0, 0x0, 0x5a, 0xdf, 0xfe, 0xb6, 0x0, 0x0,
    0x0, 0x0, 0x4, 0xdf, 0xff, 0xff, 0xff, 0xfe,
    0x60, 0x0, 0x0, 0x6, 0xff, 0xff, 0xfd, 0xce,
    0xff, 0xff, 0x90, 0x0, 0x4, 0xff, 0xfd, 0x50,
    0x0, 0x3, 0xbf, 0xff, 0x80, 0x0, 0xef, 0xfc,
    0x0, 0x0, 0x0, 0x0, 0x9f, 0xff, 0x20, 0x6f,
    0xff, 0x10, 0x0, 0x0, 0x0, 0x0, 0xcf, 0xf9,
    0xb, 0xff, 0x90, 0x0, 0x0, 0x0, 0x0, 0x5,
    0xff, 0xe0, 0xdf, 0xf5, 0x0, 0x0, 0x0, 0x0,
    0x0, 0x1f, 0xff, 0xe, 0xff, 0x30, 0x0, 0x0,
    0x0, 0x0, 0x0, 0xff, 0xf2, 0xdf, 0xf5, 0x0,
    0x0, 0x0, 0x0, 0x0, 0x1f, 0xff, 0xb, 0xff,
    0x90, 0x0, 0x0, 0x0, 0x0, 0x5, 0xff, 0xe0,
    0x6f, 0xfe, 0x10, 0x0, 0x0, 0x0, 0x0, 0xcf,
    0xf9, 0x0, 0xef, 0xfb, 0x0, 0x0, 0x0, 0x0,
    0x9f, 0xff, 0x20, 0x5, 0xff, 0xfd, 0x40, 0x0,
    0x3, 0xbf, 0xff, 0x80, 0x0, 0x6, 0xff, 0xff,
    0xec, 0xce, 0xff, 0xff, 0x90, 0x0, 0x0, 0x4,
    0xdf, 0xff, 0xff, 0xff, 0xfe, 0x60, 0x0, 0x0,
    0x0, 0x0, 0x5a, 0xdf, 0xfe, 0xb6, 0x0, 0x0,
    0x0,

    /* U+00D5 "Õ" */
    0x0, 0x0, 0x4, 0xdf, 0x90, 0x1, 0xf9, 0x0,
    0x0, 0x0, 0x0, 0x0, 0xef, 0xff, 0xc1, 0x7f,
    0x70, 0x0, 0x0, 0x0, 0x0, 0x5f, 0x90, 0x8f,
    0xff, 0xf1, 0x0, 0x0, 0x0, 0x0, 0x6, 0xe4,
    0x0, 0x5d, 0xd5, 0x0, 0x0, 0x0, 0x0, 0x0,
    0x0, 0x0, 0x0, 0x0, 0x0, 0x0, 0x0, 0x0,
    0x0, 0x0, 0x5a, 0xdf, 0xfe, 0xb6, 0x0, 0x0,
    0x0, 0x0, 0x4, 0xdf, 0xff, 0xff, 0xff, 0xfe,
    0x60, 0x0, 0x0, 0x6, 0xff, 0xff, 0xfd, 0xce,
    0xff, 0xff, 0x90, 0x0, 0x4, 0xff, 0xfd, 0x50,
    0x0, 0x3, 0xbf, 0xff, 0x80, 0x0, 0xef, 0xfc,
    0x0, 0x0, 0x0, 0x0, 0x9f, 0xff, 0x20, 0x6f,
    0xff, 0x10, 0x0, 0x0, 0x0, 0x0, 0xcf, 0xf9,
    0xb, 0xff, 0x90, 0x0, 0x0, 0x0, 0x0, 0x5,
    0xff, 0xe0, 0xdf, 0xf5, 0x0, 0x0, 0x0, 0x0,
    0x0, 0x1f, 0xff, 0xe, 0xff, 0x30, 0x0, 0x0,
    0x0, 0x0, 0x0, 0xff, 0xf2, 0xdf, 0xf5, 0x0,
    0x0, 0x0, 0x0, 0x0, 0x1f, 0xff, 0xb, 0xff,
    0x90, 0x0, 0x0, 0x0, 0x0, 0x5, 0xff, 0xe0,
    0x6f, 0xfe, 0x10, 0x0, 0x0, 0x0, 0x0, 0xcf,
    0xf9, 0x0, 0xef, 0xfb, 0x0, 0x0, 0x0, 0x0,
    0x9f, 0xff, 0x20, 0x5, 0xff, 0xfd, 0x40, 0x0,
    0x3, 0xbf, 0xff, 0x80, 0x0, 0x6, 0xff, 0xff,
    0xec, 0xce, 0xff, 0xff, 0x90, 0x0, 0x0, 0x4,
    0xdf, 0xff, 0xff, 0xff, 0xfe, 0x60, 0x0, 0x0,
    0x0, 0x0, 0x5a, 0xdf, 0xfe, 0xb6, 0x0, 0x0,
    0x0,

    /* U+00D6 "Ö" */
    0x0, 0x0, 0x3, 0xda, 0x0, 0x7d, 0x60, 0x0,
    0x0, 0x0, 0x0, 0x0, 0x9f, 0xf2, 0xf, 0xfd,
    0x0, 0x0, 0x0, 0x0, 0x0, 0x4, 0xeb, 0x0,
    0x9f, 0x70, 0x0, 0x0, 0x0, 0x0, 0x0, 0x0,
    0x0, 0x0, 0x0, 0x0, 0x0, 0x0, 0x0, 0x0,
    0x0, 0x0, 0x0, 0x0, 0x0, 0x0, 0x0, 0x0,
    0x0, 0x0, 0x5a, 0xdf, 0xfe, 0xb6, 0x0, 0x0,
    0x0, 0x0, 0x4, 0xdf, 0xff, 0xff, 0xff, 0xfe,
    0x60, 0x0, 0x0, 0x6, 0xff, 0xff, 0xfd, 0xce,
    0xff, 0xff, 0x90, 0x0, 0x4, 0xff, 0xfd, 0x50,
    0x0, 0x3, 0xbf, 0xff, 0x80, 0x0, 0xef, 0xfc,
    0x0, 0x0, 0x0, 0x0, 0x9f, 0xff, 0x20, 0x6f,
    0xff, 0x10, 0x0, 0x0, 0x0, 0x0, 0xcf, 0xf9,
    0xb, 0xff, 0x90, 0x0, 0x0, 0x0, 0x0, 0x5,
    0xff, 0xe0, 0xdf, 0xf5, 0x0, 0x0, 0x0, 0x0,
    0x0, 0x1f, 0xff, 0xe, 0xff, 0x30, 0x0, 0x0,
    0x0, 0x0, 0x0, 0xff, 0xf2, 0xdf, 0xf5, 0x0,
    0x0, 0x0, 0x0, 0x0, 0x1f, 0xff, 0xb, 0xff,
    0x90, 0x0, 0x0, 0x0, 0x0, 0x5, 0xff, 0xe0,
    0x6f, 0xfe, 0x10, 0x0, 0x0, 0x0, 0x0, 0xcf,
    0xf9, 0x0, 0xef, 0xfb, 0x0, 0x0, 0x0, 0x0,
    0x9f, 0xff, 0x20, 0x5, 0xff, 0xfd, 0x40, 0x0,
    0x3, 0xbf, 0xff, 0x80, 0x0, 0x6, 0xff, 0xff,
    0xec, 0xce, 0xff, 0xff, 0x90, 0x0, 0x0, 0x4,
    0xdf, 0xff, 0xff, 0xff, 0xfe, 0x60, 0x0, 0x0,
    0x0, 0x0, 0x5a, 0xdf, 0xfe, 0xb6, 0x0, 0x0,
    0x0,

    /* U+00D7 "×" */
    0x0, 0x0, 0x0, 0x0, 0x10, 0xb, 0xb0, 0x0,
    0x9, 0xd1, 0x6f, 0xfb, 0x0, 0x9f, 0xf9, 0x9,
    0xff, 0xb9, 0xff, 0xc0, 0x0, 0xaf, 0xff, 0xfc,
    0x0, 0x0, 0xd, 0xff, 0xf1, 0x0, 0x0, 0x8f,
    0xff, 0xfa, 0x0, 0x7, 0xff, 0xcb, 0xff, 0xa0,
    0x5f, 0xfc, 0x10, 0xbf, 0xf8, 0xc, 0xc1, 0x0,
    0xb, 0xe2, 0x1, 0x10, 0x0, 0x0, 0x20,

    /* U+00D8 "Ø" */
    0x0, 0x0, 0x0, 0x0, 0x0, 0x0, 0xc, 0xf9,
    0x0, 0x0, 0x0, 0x0, 0x0, 0x0, 0x0, 0x5,
    0xff, 0x10, 0x0, 0x0, 0x0, 0x5, 0xad, 0xff,
    0xeb, 0xff, 0x70, 0x0, 0x0, 0x0, 0x4d, 0xff,
    0xff, 0xff, 0xff, 0xf7, 0x0, 0x0, 0x0, 0x6f,
    0xff, 0xff, 0xdc, 0xff, 0xff, 0xf9, 0x0, 0x0,
    0x4f, 0xff, 0xd5, 0x0, 0x8, 0xff, 0xff, 0xf8,
    0x0, 0xe, 0xff, 0xc0, 0x0, 0x1, 0xff, 0x59,
    0xff, 0xf2, 0x6, 0xff, 0xf1, 0x0, 0x0, 0x9f,
    0xc0, 0xc, 0xff, 0x90, 0xbf, 0xf9, 0x0, 0x0,
    0x2f, 0xf4, 0x0, 0x5f, 0xfe, 0xd, 0xff, 0x50,
    0x0, 0xa, 0xfb, 0x0, 0x1, 0xff, 0xf0, 0xef,
    0xf3, 0x0, 0x3, 0xff, 0x30, 0x0, 0xf, 0xff,
    0x2d, 0xff, 0x50, 0x0, 0xbf, 0xa0, 0x0, 0x1,
    0xff, 0xf0, 0xbf, 0xf9, 0x0, 0x4f, 0xf2, 0x0,
    0x0, 0x5f, 0xfe, 0x6, 0xff, 0xe1, 0xd, 0xf9,
    0x0, 0x0, 0xc, 0xff, 0x90, 0xe, 0xff, 0xb6,
    0xff, 0x10, 0x0, 0x9, 0xff, 0xf2, 0x0, 0x5f,
    0xff, 0xff, 0x80, 0x0, 0x3b, 0xff, 0xf8, 0x0,
    0x0, 0x6f, 0xff, 0xff, 0xcc, 0xef, 0xff, 0xf9,
    0x0, 0x0, 0x0, 0x5f, 0xff, 0xff, 0xff, 0xff,
    0xe6, 0x0, 0x0, 0x0, 0x8, 0xff, 0xad, 0xff,
    0xeb, 0x60, 0x0, 0x0, 0x0, 0x1, 0xff, 0x50,
    0x0, 0x0, 0x0, 0x0, 0x0, 0x0, 0x0, 0x38,
    0x70, 0x0, 0x0, 0x0, 0x0, 0x0, 0x0, 0x0,

    /* U+00D9 "Ù" */
    0x0, 0xa, 0xff, 0xb0, 0x0, 0x0, 0x0, 0x0,
    0x0, 0x7, 0xff, 0xa0, 0x0, 0x0, 0x0, 0x0,
    0x0, 0x5, 0xff, 0x90, 0x0, 0x0, 0x0, 0x0,
    0x0, 0x3, 0x88, 0x20, 0x0, 0x0, 0x0, 0x0,
    0x0, 0x0, 0x0, 0x0, 0x0, 0xe, 0xff, 0x30,
    0x0, 0x0, 0x0, 0x4f, 0xfd, 0xef, 0xf3, 0x0,
    0x0, 0x0, 0x4, 0xff, 0xde, 0xff, 0x30, 0x0,
    0x0, 0x0, 0x4f, 0xfd, 0xef, 0xf3, 0x0, 0x0,
    0x0, 0x4, 0xff, 0xde, 0xff, 0x30, 0x0, 0x0,
    0x0, 0x4f, 0xfd, 0xef, 0xf3, 0x0, 0x0, 0x0,
    0x4, 0xff, 0xde, 0xff, 0x30, 0x0, 0x0, 0x0,
    0x4f, 0xfd, 0xef, 0xf3, 0x0, 0x0, 0x0, 0x4,
    0xff, 0xde, 0xff, 0x30, 0x0, 0x0, 0x0, 0x4f,
    0xfd, 0xef, 0xf3, 0x0, 0x0, 0x0, 0x4, 0xff,
    0xdd, 0xff, 0x50, 0x0, 0x0, 0x0, 0x5f, 0xfc,
    0xbf, 0xf8, 0x0, 0x0, 0x0, 0x8, 0xff, 0x97,
    0xff, 0xe0, 0x0, 0x0, 0x0, 0xef, 0xf5, 0x1f,
    0xff, 0xc2, 0x0, 0x2, 0xcf, 0xfe, 0x0, 0x6f,
    0xff, 0xfd, 0xcd, 0xff, 0xff, 0x50, 0x0, 0x6f,
    0xff, 0xff, 0xff, 0xff, 0x50, 0x0, 0x0, 0x18,
    0xce, 0xfe, 0xc8, 0x10, 0x0,

    /* U+00DA "Ú" */
    0x0, 0x0, 0x0, 0x0, 0xbf, 0xfa, 0x0, 0x0,
    0x0, 0x0, 0x0, 0xaf, 0xf7, 0x0, 0x0, 0x0,
    0x0, 0x0, 0x9f, 0xf5, 0x0, 0x0, 0x0, 0x0,
    0x0, 0x28, 0x83, 0x0, 0x0, 0x0, 0x0, 0x0,
    0x0, 0x0, 0x0, 0x0, 0x0, 0xe, 0xff, 0x30,
    0x0, 0x0, 0x0, 0x4f, 0xfd, 0xef, 0xf3, 0x0,
    0x0, 0x0, 0x4, 0xff, 0xde, 0xff, 0x30, 0x0,
    0x0, 0x0, 0x4f, 0xfd, 0xef, 0xf3, 0x0, 0x0,
    0x0, 0x4, 0xff, 0xde, 0xff, 0x30, 0x0, 0x0,
    0x0, 0x4f, 0xfd, 0xef, 0xf3, 0x0, 0x0, 0x0,
    0x4, 0xff, 0xde, 0xff, 0x30, 0x0, 0x0, 0x0,
    0x4f, 0xfd, 0xef, 0xf3, 0x0, 0x0, 0x0, 0x4,
    0xff, 0xde, 0xff, 0x30, 0x0, 0x0, 0x0, 0x4f,
    0xfd, 0xef, 0xf3, 0x0, 0x0, 0x0, 0x4, 0xff,
    0xdd, 0xff, 0x50, 0x0, 0x0, 0x0, 0x5f, 0xfc,
    0xbf, 0xf8, 0x0, 0x0, 0x0, 0x8, 0xff, 0x97,
    0xff, 0xe0, 0x0, 0x0, 0x0, 0xef, 0xf5, 0x1f,
    0xff, 0xc2, 0x0, 0x2, 0xcf, 0xfe, 0x0, 0x6f,
    0xff, 0xfd, 0xcd, 0xff, 0xff, 0x50, 0x0, 0x6f,
    0xff, 0xff, 0xff, 0xff, 0x50, 0x0, 0x0, 0x18,
    0xce, 0xfe, 0xc8, 0x10, 0x0,

    /* U+00DB "Û" */
    0x0, 0x0, 0x5, 0xff, 0xf5, 0x0, 0x0, 0x0,
    0x0, 0x4, 0xff, 0xdf, 0xf4, 0x0, 0x0, 0x0,
    0x3, 0xff, 0x80, 0x8f, 0xf3, 0x0, 0x0, 0x0,
    0x68, 0x50, 0x0, 0x58, 0x60, 0x0, 0x0, 0x0,
    0x0, 0x0, 0x0, 0x0, 0x0, 0xe, 0xff, 0x30,
    0x0, 0x0, 0x0, 0x4f, 0xfd, 0xef, 0xf3, 0x0,
    0x0, 0x0, 0x4, 0xff, 0xde, 0xff, 0x30, 0x0,
    0x0, 0x0, 0x4f, 0xfd, 0xef, 0xf3, 0x0, 0x0,
    0x0, 0x4, 0xff, 0xde, 0xff, 0x30, 0x0, 0x0,
    0x0, 0x4f, 0xfd, 0xef, 0xf3, 0x0, 0x0, 0x0,
    0x4, 0xff, 0xde, 0xff, 0x30, 0x0, 0x0, 0x0,
    0x4f, 0xfd, 0xef, 0xf3, 0x0, 0x0, 0x0, 0x4,
    0xff, 0xde, 0xff, 0x30, 0x0, 0x0, 0x0, 0x4f,
    0xfd, 0xef, 0xf3, 0x0, 0x0, 0x0, 0x4, 0xff,
    0xdd, 0xff, 0x50, 0x0, 0x0, 0x0, 0x5f, 0xfc,
    0xbf, 0xf8, 0x0, 0x0, 0x0, 0x8, 0xff, 0x97,
    0xff, 0xe0, 0x0, 0x0, 0x0, 0xef, 0xf5, 0x1f,
    0xff, 0xc2, 0x0, 0x2, 0xcf, 0xfe, 0x0, 0x6f,
    0xff, 0xfd, 0xcd, 0xff, 0xff, 0x50, 0x0, 0x6f,
    0xff, 0xff, 0xff, 0xff, 0x50, 0x0, 0x0, 0x18,
    0xce, 0xfe, 0xc8, 0x10, 0x0,

    /* U+00DC "Ü" */
    0x0, 0x0, 0xad, 0x30, 0x3d, 0xa0, 0x0, 0x0,
    0x0, 0x3f, 0xf9, 0x9, 0xff, 0x30, 0x0, 0x0,
    0x0, 0xce, 0x30, 0x3e, 0xc0, 0x0, 0x0, 0x0,
    0x0, 0x0, 0x0, 0x0, 0x0, 0x0, 0x0, 0x0,
    0x0, 0x0, 0x0, 0x0, 0x0, 0xe, 0xff, 0x30,
    0x0, 0x0, 0x0, 0x4f, 0xfd, 0xef, 0xf3, 0x0,
    0x0, 0x0, 0x4, 0xff, 0xde, 0xff, 0x30, 0x0,
    0x0, 0x0, 0x4f, 0xfd, 0xef, 0xf3, 0x0, 0x0,
    0x0, 0x4, 0xff, 0xde, 0xff, 0x30, 0x0, 0x0,
    0x0, 0x4f, 0xfd, 0xef, 0xf3, 0x0, 0x0, 0x0,
    0x4, 0xff, 0xde, 0xff, 0x30, 0x0, 0x0, 0x0,
    0x4f, 0xfd, 0xef, 0xf3, 0x0, 0x0, 0x0, 0x4,
    0xff, 0xde, 0xff, 0x30, 0x0, 0x0, 0x0, 0x4f,
    0xfd, 0xef, 0xf3, 0x0, 0x0, 0x0, 0x4, 0xff,
    0xdd, 0xff, 0x50, 0x0, 0x0, 0x0, 0x5f, 0xfc,
    0xbf, 0xf8, 0x0, 0x0, 0x0, 0x8, 0xff, 0x97,
    0xff, 0xe0, 0x0, 0x0, 0x0, 0xef, 0xf5, 0x1f,
    0xff, 0xc2, 0x0, 0x2, 0xcf, 0xfe, 0x0, 0x6f,
    0xff, 0xfd, 0xcd, 0xff, 0xff, 0x50, 0x0, 0x6f,
    0xff, 0xff, 0xff, 0xff, 0x50, 0x0, 0x0, 0x18,
    0xce, 0xfe, 0xc8, 0x10, 0x0,

    /* U+00DD "Ý" */
    0x0, 0x0, 0x0, 0x0, 0x1, 0x88, 0x83, 0x0,
    0x0, 0x0, 0x0, 0x0, 0x0, 0x1c, 0xff, 0x60,
    0x0, 0x0, 0x0, 0x0, 0x0, 0x1, 0xcf, 0xd3,
    0x0, 0x0, 0x0, 0x0, 0x0, 0x0, 0x7, 0xa9,
    0x0, 0x0, 0x0, 0x0, 0x0, 0x0, 0x0, 0x0,
    0x0, 0x0, 0x0, 0x0, 0x0, 0xe, 0xff, 0x60,
    0x0, 0x0, 0x0, 0x4, 0xff, 0xc0, 0x5, 0xff,
    0xe1, 0x0, 0x0, 0x0, 0xd, 0xff, 0x30, 0x0,
    0xbf, 0xf9, 0x0, 0x0, 0x0, 0x7f, 0xf9, 0x0,
    0x0, 0x2f, 0xff, 0x30, 0x0, 0x1, 0xff, 0xe1,
    0x0, 0x0, 0x8, 0xff, 0xc0, 0x0, 0xb, 0xff,
    0x60, 0x0, 0x0, 0x0, 0xef, 0xf6, 0x0, 0x4f,
    0xfc, 0x0, 0x0, 0x0, 0x0, 0x5f, 0xfe, 0x10,
    0xdf, 0xf3, 0x0, 0x0, 0x0, 0x0, 0xb, 0xff,
    0x97, 0xff, 0x90, 0x0, 0x0, 0x0, 0x0, 0x2,
    0xff, 0xff, 0xfe, 0x10, 0x0, 0x0, 0x0, 0x0,
    0x0, 0x8f, 0xff, 0xf6, 0x0, 0x0, 0x0, 0x0,
    0x0, 0x0, 0xe, 0xff, 0xc0, 0x0, 0x0, 0x0,
    0x0, 0x0, 0x0, 0x9, 0xff, 0x80, 0x0, 0x0,
    0x0, 0x0, 0x0, 0x0, 0x9, 0xff, 0x80, 0x0,
    0x0, 0x0, 0x0, 0x0, 0x0, 0x9, 0xff, 0x80,
    0x0, 0x0, 0x0, 0x0, 0x0, 0x0, 0x9, 0xff,
    0x80, 0x0, 0x0, 0x0, 0x0, 0x0, 0x0, 0x9,
    0xff, 0x80, 0x0, 0x0, 0x0, 0x0, 0x0, 0x0,
    0x9, 0xff, 0x80, 0x0, 0x0, 0x0,

    /* U+00DE "Þ" */
    0xcf, 0xf6, 0x0, 0x0, 0x0, 0x0, 0x0, 0xc,
    0xff, 0x60, 0x0, 0x0, 0x0, 0x0, 0x0, 0xcf,
    0xff, 0xff, 0xff, 0xeb, 0x60, 0x0, 0xc, 0xff,
    0xff, 0xff, 0xff, 0xff, 0xe4, 0x0, 0xcf, 0xfc,
    0xaa, 0xaa, 0xdf, 0xff, 0xf3, 0xc, 0xff, 0x60,
    0x0, 0x0, 0x2d, 0xff, 0xc0, 0xcf, 0xf6, 0x0,
    0x0, 0x0, 0x2f, 0xff, 0x1c, 0xff, 0x60, 0x0,
    0x0, 0x0, 0xef, 0xf4, 0xcf, 0xf6, 0x0, 0x0,
    0x0, 0xe, 0xff, 0x3c, 0xff, 0x60, 0x0, 0x0,
    0x2, 0xff, 0xf1, 0xcf, 0xf6, 0x0, 0x0, 0x2,
    0xdf, 0xfc, 0xc, 0xff, 0xca, 0xaa, 0xac, 0xff,
    0xff, 0x30, 0xcf, 0xff, 0xff, 0xff, 0xff, 0xfe,
    0x40, 0xc, 0xff, 0xff, 0xff, 0xfe, 0xb6, 0x0,
    0x0, 0xcf, 0xf6, 0x0, 0x0, 0x0, 0x0, 0x0,
    0xc, 0xff, 0x60, 0x0, 0x0, 0x0, 0x0, 0x0,
    0xcf, 0xf6, 0x0, 0x0, 0x0, 0x0, 0x0, 0x0,

    /* U+00DF "ß" */
    0x0, 0x0, 0x7c, 0xef, 0xea, 0x30, 0x0, 0x0,
    0x2, 0xdf, 0xff, 0xff, 0xff, 0x80, 0x0, 0x1,
    0xdf, 0xfe, 0xa9, 0xcf, 0xff, 0x50, 0x0, 0x7f,
    0xfc, 0x10, 0x0, 0x7f, 0xfd, 0x0, 0xd, 0xff,
    0x30, 0x0, 0x0, 0xef, 0xf0, 0x0, 0xff, 0xf0,
    0x0, 0x0, 0xe, 0xff, 0x0, 0xf, 0xff, 0x0,
    0x0, 0x3, 0xff, 0xc0, 0x0, 0xff, 0xf0, 0x0,
    0x15, 0xef, 0xf3, 0x0, 0xf, 0xff, 0x0, 0x3f,
    0xff, 0xf7, 0x0, 0x0, 0xff, 0xf0, 0x3, 0xff,
    0xff, 0xfa, 0x0, 0xf, 0xff, 0x0, 0x17, 0x8a,
    0xff, 0xfb, 0x0, 0xff, 0xf0, 0x0, 0x0, 0x2,
    0xef, 0xf3, 0xf, 0xff, 0x0, 0x0, 0x0, 0x9,
    0xff, 0x70, 0xff, 0xf0, 0x0, 0x0, 0x0, 0x9f,
    0xf7, 0xf, 0xff, 0x0, 0x0, 0x0, 0x2f, 0xff,
    0x40, 0xff, 0xf0, 0xa, 0x99, 0xbf, 0xff, 0xd0,
    0xf, 0xff, 0x0, 0xff, 0xff, 0xff, 0xd2, 0x0,
    0xff, 0xf0, 0x1c, 0xef, 0xec, 0x70, 0x0,

    /* U+00E0 "à" */
    0x2, 0xdf, 0xf6, 0x0, 0x0, 0x0, 0x0, 0xb,
    0xff, 0x50, 0x0, 0x0, 0x0, 0x0, 0x8f, 0xf5,
    0x0, 0x0, 0x0, 0x0, 0x3, 0x55, 0x0, 0x0,
    0x0, 0x0, 0x0, 0x0, 0x0, 0x0, 0x1, 0x7b,
    0xef, 0xfd, 0x92, 0x0, 0x4f, 0xff, 0xff, 0xff,
    0xff, 0x50, 0x1e, 0xfc, 0x98, 0x9e, 0xff, 0xf1,
    0x4, 0x10, 0x0, 0x0, 0xcf, 0xf6, 0x0, 0x0,
    0x0, 0x0, 0x5f, 0xfa, 0x1, 0x8d, 0xef, 0xff,
    0xff, 0xfb, 0x1e, 0xff, 0xff, 0xff, 0xff, 0xfb,
    0xaf, 0xfa, 0x20, 0x0, 0x4f, 0xfb, 0xef, 0xf1,
    0x0, 0x0, 0x5f, 0xfb, 0xef, 0xf2, 0x0, 0x0,
    0xcf, 0xfb, 0x9f, 0xfd, 0x53, 0x5c, 0xff, 0xfb,
    0x1e, 0xff, 0xff, 0xff, 0xcf, 0xfb, 0x1, 0x9d,
    0xff, 0xc6, 0x2f, 0xfb,

    /* U+00E1 "á" */
    0x0, 0x0, 0x0, 0x3e, 0xff, 0x40, 0x0, 0x0,
    0x2, 0xef, 0xd2, 0x0, 0x0, 0x0, 0x2e, 0xfb,
    0x0, 0x0, 0x0, 0x0, 0x35, 0x40, 0x0, 0x0,
    0x0, 0x0, 0x0, 0x0, 0x0, 0x0, 0x1, 0x7b,
    0xef, 0xfd, 0x92, 0x0, 0x4f, 0xff, 0xff, 0xff,
    0xff, 0x50, 0x1e, 0xfc, 0x98, 0x9e, 0xff, 0xf1,
    0x4, 0x10, 0x0, 0x0, 0xcf, 0xf6, 0x0, 0x0,
    0x0, 0x0, 0x5f, 0xfa, 0x1, 0x8d, 0xef, 0xff,
    0xff, 0xfb, 0x1e, 0xff, 0xff, 0xff, 0xff, 0xfb,
    0xaf, 0xfa, 0x20, 0x0, 0x4f, 0xfb, 0xef, 0xf1,
    0x0, 0x0, 0x5f, 0xfb, 0xef, 0xf2, 0x0, 0x0,
    0xcf, 0xfb, 0x9f, 0xfd, 0x53, 0x5c, 0xff, 0xfb,
    0x1e, 0xff, 0xff, 0xff, 0xcf, 0xfb, 0x1, 0x9d,
    0xff, 0xc6, 0x2f, 0xfb,

    /* U+00E2 "â" */
    0x0, 0x0, 0xbf, 0xfd, 0x10, 0x0, 0x0, 0xa,
    0xfe, 0xdf, 0xd1, 0x0, 0x0, 0xaf, 0xd2, 0xb,
    0xfd, 0x10, 0x1, 0x55, 0x10, 0x0, 0x55, 0x30,
    0x0, 0x0, 0x0, 0x0, 0x0, 0x0, 0x1, 0x7b,
    0xef, 0xfd, 0x92, 0x0, 0x4f, 0xff, 0xff, 0xff,
    0xff, 0x50, 0x1e, 0xfc, 0x98, 0x9e, 0xff, 0xf1,
    0x4, 0x10, 0x0, 0x0, 0xcf, 0xf6, 0x0, 0x0,
    0x0, 0x0, 0x5f, 0xfa, 0x1, 0x8d, 0xef, 0xff,
    0xff, 0xfb, 0x1e, 0xff, 0xff, 0xff, 0xff, 0xfb,
    0xaf, 0xfa, 0x20, 0x0, 0x4f, 0xfb, 0xef, 0xf1,
    0x0, 0x0, 0x5f, 0xfb, 0xef, 0xf2, 0x0, 0x0,
    0xcf, 0xfb, 0x9f, 0xfd, 0x53, 0x5c, 0xff, 0xfb,
    0x1e, 0xff, 0xff, 0xff, 0xcf, 0xfb, 0x1, 0x9d,
    0xff, 0xc6, 0x2f, 0xfb,

    /* U+00E3 "ã" */
    0x0, 0x3c, 0xfc, 0x61, 0x6f, 0x50, 0x0, 0xdf,
    0xdf, 0xff, 0xfe, 0x10, 0x1, 0xc7, 0x1, 0x8b,
    0xa3, 0x0, 0x0, 0x0, 0x0, 0x0, 0x0, 0x0,
    0x0, 0x0, 0x0, 0x0, 0x0, 0x0, 0x1, 0x7b,
    0xef, 0xfd, 0x92, 0x0, 0x4f, 0xff, 0xff, 0xff,
    0xff, 0x50, 0x1e, 0xfc, 0x98, 0x9e, 0xff, 0xf1,
    0x4, 0x10, 0x0, 0x0, 0xcf, 0xf6, 0x0, 0x0,
    0x0, 0x0, 0x5f, 0xfa, 0x1, 0x8d, 0xef, 0xff,
    0xff, 0xfb, 0x1e, 0xff, 0xff, 0xff, 0xff, 0xfb,
    0xaf, 0xfa, 0x20, 0x0, 0x4f, 0xfb, 0xef, 0xf1,
    0x0, 0x0, 0x5f, 0xfb, 0xef, 0xf2, 0x0, 0x0,
    0xcf, 0xfb, 0x9f, 0xfd, 0x53, 0x5c, 0xff, 0xfb,
    0x1e, 0xff, 0xff, 0xff, 0xcf, 0xfb, 0x1, 0x9d,
    0xff, 0xc6, 0x2f, 0xfb,

    /* U+00E4 "ä" */
    0x0, 0x4e, 0xc0, 0x8, 0xf7, 0x0, 0x0, 0x9f,
    0xf2, 0xf, 0xfd, 0x0, 0x0, 0x3d, 0xa0, 0x7,
    0xd6, 0x0, 0x0, 0x0, 0x0, 0x0, 0x0, 0x0,
    0x0, 0x0, 0x0, 0x0, 0x0, 0x0, 0x1, 0x7b,
    0xef, 0xfd, 0x92, 0x0, 0x4f, 0xff, 0xff, 0xff,
    0xff, 0x50, 0x1e, 0xfc, 0x98, 0x9e, 0xff, 0xf1,
    0x4, 0x10, 0x0, 0x0, 0xcf, 0xf6, 0x0, 0x0,
    0x0, 0x0, 0x5f, 0xfa, 0x1, 0x8d, 0xef, 0xff,
    0xff, 0xfb, 0x1e, 0xff, 0xff, 0xff, 0xff, 0xfb,
    0xaf, 0xfa, 0x20, 0x0, 0x4f, 0xfb, 0xef, 0xf1,
    0x0, 0x0, 0x5f, 0xfb, 0xef, 0xf2, 0x0, 0x0,
    0xcf, 0xfb, 0x9f, 0xfd, 0x53, 0x5c, 0xff, 0xfb,
    0x1e, 0xff, 0xff, 0xff, 0xcf, 0xfb, 0x1, 0x9d,
    0xff, 0xc6, 0x2f, 0xfb,

    /* U+00E5 "å" */
    0x0, 0x0, 0x0, 0x0, 0x0, 0x0, 0x0, 0x0,
    0x7e, 0xf9, 0x0, 0x0, 0x0, 0x5, 0xf5, 0x4d,
    0x90, 0x0, 0x0, 0xa, 0xa0, 0x6, 0xd0, 0x0,
    0x0, 0x7, 0xe2, 0x1b, 0xa0, 0x0, 0x0, 0x0,
    0xbf, 0xfc, 0x10, 0x0, 0x0, 0x0, 0x1, 0x20,
    0x0, 0x0, 0x0, 0x0, 0x0, 0x0, 0x0, 0x0,
    0x1, 0x7b, 0xef, 0xfd, 0x92, 0x0, 0x4f, 0xff,
    0xff, 0xff, 0xff, 0x50, 0x1e, 0xfc, 0x98, 0x9e,
    0xff, 0xf1, 0x4, 0x10, 0x0, 0x0, 0xcf, 0xf6,
    0x0, 0x0, 0x0, 0x0, 0x5f, 0xfa, 0x1, 0x8d,
    0xef, 0xff, 0xff, 0xfb, 0x1e, 0xff, 0xff, 0xff,
    0xff, 0xfb, 0xaf, 0xfa, 0x20, 0x0, 0x4f, 0xfb,
    0xef, 0xf1, 0x0, 0x0, 0x5f, 0xfb, 0xef, 0xf2,
    0x0, 0x0, 0xcf, 0xfb, 0x9f, 0xfd, 0x53, 0x5c,
    0xff, 0xfb, 0x1e, 0xff, 0xff, 0xff, 0xcf, 0xfb,
    0x1, 0x9d, 0xff, 0xc6, 0x2f, 0xfb,

    /* U+00E6 "æ" */
    0x1, 0x7b, 0xef, 0xfd, 0x81, 0x0, 0x5b, 0xef,
    0xea, 0x40, 0x0, 0x4f, 0xff, 0xff, 0xff, 0xff,
    0x4c, 0xff, 0xff, 0xff, 0xfb, 0x10, 0x1f, 0xfc,
    0x98, 0x9e, 0xff, 0xff, 0xfe, 0x98, 0xaf, 0xff,
    0xb0, 0x4, 0x10, 0x0, 0x0, 0xcf, 0xff, 0x90,
    0x0, 0x1, 0xcf, 0xf5, 0x0, 0x0, 0x0, 0x0,
    0x5f, 0xfe, 0x0, 0x0, 0x0, 0x3f, 0xfb, 0x1,
    0x7c, 0xef, 0xff, 0xff, 0xff, 0xff, 0xff, 0xff,
    0xff, 0xfd, 0x1e, 0xff, 0xff, 0xff, 0xff, 0xff,
    0xff, 0xff, 0xff, 0xff, 0xfe, 0xaf, 0xfa, 0x20,
    0x0, 0x4f, 0xfe, 0x0, 0x0, 0x0, 0x0, 0x0,
    0xef, 0xf1, 0x0, 0x0, 0x6f, 0xff, 0x40, 0x0,
    0x0, 0x0, 0x0, 0xdf, 0xf3, 0x0, 0x0, 0xdf,
    0xff, 0xe4, 0x0, 0x0, 0x5c, 0x0, 0x9f, 0xfd,
    0x53, 0x5c, 0xff, 0xef, 0xff, 0xc9, 0x9d, 0xff,
    0xa0, 0x1d, 0xff, 0xff, 0xff, 0xf7, 0x1c, 0xff,
    0xff, 0xff, 0xff, 0x60, 0x0, 0x7c, 0xff, 0xda,
    0x30, 0x0, 0x5a, 0xef, 0xfd, 0x82, 0x0,

    /* U+00E7 "ç" */
    0x0, 0x0, 0x4a, 0xdf, 0xec, 0x71, 0x0, 0x0,
    0xa, 0xff, 0xff, 0xff, 0xfe, 0x30, 0x0, 0xbf,
    0xff, 0xc9, 0xae, 0xff, 0xe1, 0x5, 0xff, 0xf4,
    0x0, 0x0, 0xae, 0x70, 0xc, 0xff, 0x60, 0x0,
    0x0, 0x1, 0x0, 0xf, 0xff, 0x0, 0x0, 0x0,
    0x0, 0x0, 0x1f, 0xff, 0x0, 0x0, 0x0, 0x0,
    0x0, 0xf, 0xff, 0x0, 0x0, 0x0, 0x0, 0x0,
    0xc, 0xff, 0x60, 0x0, 0x0, 0x1, 0x0, 0x5,
    0xff, 0xf4, 0x0, 0x0, 0xbf, 0x70, 0x0, 0xaf,
    0xff, 0xc9, 0xae, 0xff, 0xe1, 0x0, 0x9, 0xff,
    0xff, 0xff, 0xfe, 0x30, 0x0, 0x0, 0x3a, 0xff,
    0xfc, 0x71, 0x0, 0x0, 0x0, 0x0, 0x8f, 0x10,
    0x0, 0x0, 0x0, 0x0, 0x0, 0xcf, 0xc4, 0x0,
    0x0, 0x0, 0x0, 0x0, 0x36, 0xfe, 0x0, 0x0,
    0x0, 0x0, 0x3, 0x2, 0xff, 0x0, 0x0, 0x0,
    0x0, 0x3f, 0xff, 0xf8, 0x0, 0x0, 0x0, 0x0,
    0x5, 0x77, 0x30, 0x0, 0x0,

    /* U+00E8 "è" */
    0x0, 0xa, 0xff, 0xb0, 0x0, 0x0, 0x0, 0x0,
    0x0, 0x6, 0xff, 0xa0, 0x0, 0x0, 0x0, 0x0,
    0x0, 0x3, 0xef, 0xa0, 0x0, 0x0, 0x0, 0x0,
    0x0, 0x1, 0x55, 0x10, 0x0, 0x0, 0x0, 0x0,
    0x0, 0x0, 0x0, 0x0, 0x0, 0x0, 0x0, 0x5,
    0xbe, 0xfe, 0xb5, 0x0, 0x0, 0x0, 0x1b, 0xff,
    0xff, 0xff, 0xfc, 0x10, 0x0, 0xb, 0xff, 0xe8,
    0x78, 0xdf, 0xfc, 0x0, 0x6, 0xff, 0xb0, 0x0,
    0x0, 0xaf, 0xf6, 0x0, 0xcf, 0xf1, 0x0, 0x0,
    0x0, 0xff, 0xc0, 0xf, 0xff, 0xff, 0xff, 0xff,
    0xff, 0xfe, 0x1, 0xff, 0xff, 0xff, 0xff, 0xff,
    0xff, 0xf0, 0xf, 0xff, 0x10, 0x0, 0x0, 0x0,
    0x0, 0x0, 0xcf, 0xf8, 0x0, 0x0, 0x0, 0x0,
    0x0, 0x5, 0xff, 0xf6, 0x0, 0x0, 0x4d, 0x10,
    0x0, 0xa, 0xff, 0xfd, 0xa9, 0xcf, 0xfc, 0x0,
    0x0, 0x9, 0xff, 0xff, 0xff, 0xff, 0x70, 0x0,
    0x0, 0x3, 0x9d, 0xff, 0xd9, 0x30, 0x0,

    /* U+00E9 "é" */
    0x0, 0x0, 0x0, 0x0, 0xcf, 0xf9, 0x0, 0x0,
    0x0, 0x0, 0x0, 0xbf, 0xf6, 0x0, 0x0, 0x0,
    0x0, 0x0, 0xbf, 0xe3, 0x0, 0x0, 0x0, 0x0,
    0x0, 0x25, 0x51, 0x0, 0x0, 0x0, 0x0, 0x0,
    0x0, 0x0, 0x0, 0x0, 0x0, 0x0, 0x0, 0x5,
    0xbe, 0xfe, 0xb5, 0x0, 0x0, 0x0, 0x1b, 0xff,
    0xff, 0xff, 0xfc, 0x10, 0x0, 0xb, 0xff, 0xe8,
    0x78, 0xdf, 0xfc, 0x0, 0x6, 0xff, 0xb0, 0x0,
    0x0, 0xaf, 0xf6, 0x0, 0xcf, 0xf1, 0x0, 0x0,
    0x0, 0xff, 0xc0, 0xf, 0xff, 0xff, 0xff, 0xff,
    0xff, 0xfe, 0x1, 0xff, 0xff, 0xff, 0xff, 0xff,
    0xff, 0xf0, 0xf, 0xff, 0x10, 0x0, 0x0, 0x0,
    0x0, 0x0, 0xcf, 0xf8, 0x0, 0x0, 0x0, 0x0,
    0x0, 0x5, 0xff, 0xf6, 0x0, 0x0, 0x4d, 0x10,
    0x0, 0xa, 0xff, 0xfd, 0xa9, 0xcf, 0xfc, 0x0,
    0x0, 0x9, 0xff, 0xff, 0xff, 0xff, 0x70, 0x0,
    0x0, 0x3, 0x9d, 0xff, 0xd9, 0x30, 0x0,

    /* U+00EA "ê" */
    0x0, 0x0, 0x6, 0xff, 0xf5, 0x0, 0x0, 0x0,
    0x0, 0x5, 0xff, 0xbf, 0xf4, 0x0, 0x0, 0x0,
    0x5, 0xff, 0x50, 0x6f, 0xf4, 0x0, 0x0, 0x0,
    0x55, 0x30, 0x0, 0x35, 0x40, 0x0, 0x0, 0x0,
    0x0, 0x0, 0x0, 0x0, 0x0, 0x0, 0x0, 0x5,
    0xbe, 0xfe, 0xb5, 0x0, 0x0, 0x0, 0x1b, 0xff,
    0xff, 0xff, 0xfc, 0x10, 0x0, 0xb, 0xff, 0xe8,
    0x78, 0xdf, 0xfc, 0x0, 0x6, 0xff, 0xb0, 0x0,
    0x0, 0xaf, 0xf6, 0x0, 0xcf, 0xf1, 0x0, 0x0,
    0x0, 0xff, 0xc0, 0xf, 0xff, 0xff, 0xff, 0xff,
    0xff, 0xfe, 0x1, 0xff, 0xff, 0xff, 0xff, 0xff,
    0xff, 0xf0, 0xf, 0xff, 0x10, 0x0, 0x0, 0x0,
    0x0, 0x0, 0xcf, 0xf8, 0x0, 0x0, 0x0, 0x0,
    0x0, 0x5, 0xff, 0xf6, 0x0, 0x0, 0x4d, 0x10,
    0x0, 0xa, 0xff, 0xfd, 0xa9, 0xcf, 0xfc, 0x0,
    0x0, 0x9, 0xff, 0xff, 0xff, 0xff, 0x70, 0x0,
    0x0, 0x3, 0x9d, 0xff, 0xd9, 0x30, 0x0,

    /* U+00EB "ë" */
    0x0, 0x0, 0xce, 0x30, 0x4e, 0xc0, 0x0, 0x0,
    0x0, 0x4f, 0xf8, 0x9, 0xff, 0x20, 0x0, 0x0,
    0x0, 0xbd, 0x20, 0x3d, 0xa0, 0x0, 0x0, 0x0,
    0x0, 0x0, 0x0, 0x0, 0x0, 0x0, 0x0, 0x0,
    0x0, 0x0, 0x0, 0x0, 0x0, 0x0, 0x0, 0x5,
    0xbe, 0xfe, 0xb5, 0x0, 0x0, 0x0, 0x1b, 0xff,
    0xff, 0xff, 0xfc, 0x10, 0x0, 0xb, 0xff, 0xe8,
    0x78, 0xdf, 0xfc, 0x0, 0x6, 0xff, 0xb0, 0x0,
    0x0, 0xaf, 0xf6, 0x0, 0xcf, 0xf1, 0x0, 0x0,
    0x0, 0xff, 0xc0, 0xf, 0xff, 0xff, 0xff, 0xff,
    0xff, 0xfe, 0x1, 0xff, 0xff, 0xff, 0xff, 0xff,
    0xff, 0xf0, 0xf, 0xff, 0x10, 0x0, 0x0, 0x0,
    0x0, 0x0, 0xcf, 0xf8, 0x0, 0x0, 0x0, 0x0,
    0x0, 0x5, 0xff, 0xf6, 0x0, 0x0, 0x4d, 0x10,
    0x0, 0xa, 0xff, 0xfd, 0xa9, 0xcf, 0xfc, 0x0,
    0x0, 0x9, 0xff, 0xff, 0xff, 0xff, 0x70, 0x0,
    0x0, 0x3, 0x9d, 0xff, 0xd9, 0x30, 0x0,

    /* U+00EC "ì" */
    0x9, 0xff, 0xb0, 0x0, 0x0, 0x6f, 0xfb, 0x0,
    0x0, 0x3, 0xdf, 0xb0, 0x0, 0x0, 0x14, 0x41,
    0x0, 0x0, 0x0, 0x0, 0x0, 0x0, 0xff, 0xf0,
    0x0, 0x0, 0xff, 0xf0, 0x0, 0x0, 0xff, 0xf0,
    0x0, 0x0, 0xff, 0xf0, 0x0, 0x0, 0xff, 0xf0,
    0x0, 0x0, 0xff, 0xf0, 0x0, 0x0, 0xff, 0xf0,
    0x0, 0x0, 0xff, 0xf0, 0x0, 0x0, 0xff, 0xf0,
    0x0, 0x0, 0xff, 0xf0, 0x0, 0x0, 0xff, 0xf0,
    0x0, 0x0, 0xff, 0xf0, 0x0, 0x0, 0xff, 0xf0,

    /* U+00ED "í" */
    0x0, 0xc, 0xff, 0x90, 0x0, 0xbf, 0xf5, 0x0,
    0xb, 0xfd, 0x20, 0x0, 0x14, 0x40, 0x0, 0x0,
    0x0, 0x0, 0x0, 0x0, 0xf, 0xff, 0x0, 0x0,
    0xf, 0xff, 0x0, 0x0, 0xf, 0xff, 0x0, 0x0,
    0xf, 0xff, 0x0, 0x0, 0xf, 0xff, 0x0, 0x0,
    0xf, 0xff, 0x0, 0x0, 0xf, 0xff, 0x0, 0x0,
    0xf, 0xff, 0x0, 0x0, 0xf, 0xff, 0x0, 0x0,
    0xf, 0xff, 0x0, 0x0, 0xf, 0xff, 0x0, 0x0,
    0xf, 0xff, 0x0, 0x0, 0xf, 0xff, 0x0, 0x0,

    /* U+00EE "î" */
    0x0, 0x4f, 0xff, 0x30, 0x0, 0x2e, 0xfd, 0xfe,
    0x10, 0xd, 0xf9, 0x9, 0xfd, 0x1, 0x43, 0x0,
    0x3, 0x41, 0x0, 0x0, 0x0, 0x0, 0x0, 0x0,
    0xff, 0xf0, 0x0, 0x0, 0xf, 0xff, 0x0, 0x0,
    0x0, 0xff, 0xf0, 0x0, 0x0, 0xf, 0xff, 0x0,
    0x0, 0x0, 0xff, 0xf0, 0x0, 0x0, 0xf, 0xff,
    0x0, 0x0, 0x0, 0xff, 0xf0, 0x0, 0x0, 0xf,
    0xff, 0x0, 0x0, 0x0, 0xff, 0xf0, 0x0, 0x0,
    0xf, 0xff, 0x0, 0x0, 0x0, 0xff, 0xf0, 0x0,
    0x0, 0xf, 0xff, 0x0, 0x0, 0x0, 0xff, 0xf0,
    0x0,

    /* U+00EF "ï" */
    0x5f, 0x90, 0xaf, 0x4b, 0xff, 0xf, 0xfa, 0x4d,
    0x80, 0x8d, 0x40, 0x0, 0x0, 0x0, 0x0, 0x0,
    0x0, 0x0, 0xf, 0xff, 0x0, 0x0, 0xff, 0xf0,
    0x0, 0xf, 0xff, 0x0, 0x0, 0xff, 0xf0, 0x0,
    0xf, 0xff, 0x0, 0x0, 0xff, 0xf0, 0x0, 0xf,
    0xff, 0x0, 0x0, 0xff, 0xf0, 0x0, 0xf, 0xff,
    0x0, 0x0, 0xff, 0xf0, 0x0, 0xf, 0xff, 0x0,
    0x0, 0xff, 0xf0, 0x0, 0xf, 0xff, 0x0,

    /* U+00F0 "ð" */
    0x0, 0x0, 0x11, 0x0, 0x0, 0x0, 0x0, 0x0,
    0x6, 0xff, 0x70, 0x0, 0x28, 0x0, 0x0, 0x5,
    0xdf, 0xfc, 0x5b, 0xff, 0x30, 0x0, 0x0, 0x8,
    0xff, 0xff, 0xa2, 0x0, 0x0, 0x0, 0x6d, 0xff,
    0xff, 0x30, 0x0, 0x0, 0x3e, 0xfe, 0x73, 0xef,
    0xe1, 0x0, 0x0, 0x1c, 0x60, 0x0, 0x3f, 0xfa,
    0x0, 0x0, 0x0, 0x0, 0x0, 0x8, 0xff, 0x40,
    0x0, 0x5, 0xbe, 0xfd, 0x82, 0xff, 0xa0, 0x0,
    0xaf, 0xff, 0xff, 0xfe, 0xdf, 0xf0, 0x7, 0xff,
    0xf9, 0x45, 0x9f, 0xff, 0xf4, 0xe, 0xff, 0x50,
    0x0, 0x6, 0xff, 0xf6, 0x1f, 0xfd, 0x0, 0x0,
    0x0, 0xff, 0xf7, 0x2f, 0xfc, 0x0, 0x0, 0x0,
    0xdf, 0xf5, 0x1f, 0xfe, 0x0, 0x0, 0x0, 0xff,
    0xf2, 0xd, 0xff, 0x70, 0x0, 0x8, 0xff, 0xc0,
    0x5, 0xff, 0xfb, 0x77, 0xcf, 0xff, 0x30, 0x0,
    0x7f, 0xff, 0xff, 0xff, 0xe4, 0x0, 0x0, 0x3,
    0xad, 0xfe, 0xc7, 0x10, 0x0,

    /* U+00F1 "ñ" */
    0x0, 0x1, 0xbf, 0xd7, 0x14, 0xf7, 0x0, 0x0,
    0xb, 0xfd, 0xff, 0xff, 0xf2, 0x0, 0x0, 0xc,
    0x80, 0x7, 0xbb, 0x40, 0x0, 0x0, 0x0, 0x0,
    0x0, 0x0, 0x0, 0x0, 0x0, 0x0, 0x0, 0x0,
    0x0, 0x0, 0x0, 0xf, 0xfd, 0x7, 0xcf, 0xfd,
    0x81, 0x0, 0xf, 0xfe, 0xdf, 0xff, 0xff, 0xfe,
    0x30, 0xf, 0xff, 0xff, 0xa8, 0xaf, 0xff, 0xd0,
    0xf, 0xff, 0xe2, 0x0, 0x3, 0xff, 0xf4, 0xf,
    0xff, 0x50, 0x0, 0x0, 0xaf, 0xf7, 0xf, 0xff,
    0x10, 0x0, 0x0, 0x7f, 0xf9, 0xf, 0xff, 0x0,
    0x0, 0x0, 0x6f, 0xf9, 0xf, 0xff, 0x0, 0x0,
    0x0, 0x6f, 0xf9, 0xf, 0xff, 0x0, 0x0, 0x0,
    0x6f, 0xf9, 0xf, 0xff, 0x0, 0x0, 0x0, 0x6f,
    0xf9, 0xf, 0xff, 0x0, 0x0, 0x0, 0x6f, 0xf9,
    0xf, 0xff, 0x0, 0x0, 0x0, 0x6f, 0xf9, 0xf,
    0xff, 0x0, 0x0, 0x0, 0x6f, 0xf9,

    /* U+00F2 "ò" */
    0x0, 0x7, 0xff, 0xd1, 0x0, 0x0, 0x0, 0x0,
    0x0, 0x4, 0xef, 0xd1, 0x0, 0x0, 0x0, 0x0,
    0x0, 0x1, 0xcf, 0xd1, 0x0, 0x0, 0x0, 0x0,
    0x0, 0x0, 0x55, 0x30, 0x0, 0x0, 0x0, 0x0,
    0x0, 0x0, 0x0, 0x0, 0x0, 0x0, 0x0, 0x4,
    0xad, 0xfe, 0xc7, 0x10, 0x0, 0x0, 0xa, 0xff,
    0xff, 0xff, 0xfe, 0x40, 0x0, 0xb, 0xff, 0xfc,
    0x9a, 0xef, 0xff, 0x30, 0x5, 0xff, 0xf4, 0x0,
    0x0, 0xaf, 0xfd, 0x0, 0xcf, 0xf6, 0x0, 0x0,
    0x0, 0xef, 0xf3, 0xf, 0xff, 0x10, 0x0, 0x0,
    0x9, 0xff, 0x71, 0xff, 0xf0, 0x0, 0x0, 0x0,
    0x7f, 0xf8, 0xf, 0xff, 0x10, 0x0, 0x0, 0x9,
    0xff, 0x60, 0xcf, 0xf7, 0x0, 0x0, 0x0, 0xef,
    0xf3, 0x5, 0xff, 0xf4, 0x0, 0x0, 0xbf, 0xfd,
    0x0, 0xa, 0xff, 0xfc, 0x9a, 0xef, 0xff, 0x30,
    0x0, 0xa, 0xff, 0xff, 0xff, 0xfe, 0x40, 0x0,
    0x0, 0x4, 0xad, 0xfe, 0xc7, 0x10, 0x0,

    /* U+00F3 "ó" */
    0x0, 0x0, 0x0, 0x0, 0x9f, 0xfb, 0x10, 0x0,
    0x0, 0x0, 0x0, 0x8f, 0xf9, 0x0, 0x0, 0x0,
    0x0, 0x0, 0x7f, 0xf5, 0x0, 0x0, 0x0, 0x0,
    0x0, 0x5, 0x52, 0x0, 0x0, 0x0, 0x0, 0x0,
    0x0, 0x0, 0x0, 0x0, 0x0, 0x0, 0x0, 0x4,
    0xad, 0xfe, 0xc7, 0x10, 0x0, 0x0, 0xa, 0xff,
    0xff, 0xff, 0xfe, 0x40, 0x0, 0xb, 0xff, 0xfc,
    0x9a, 0xef, 0xff, 0x30, 0x5, 0xff, 0xf4, 0x0,
    0x0, 0xaf, 0xfd, 0x0, 0xcf, 0xf6, 0x0, 0x0,
    0x0, 0xef, 0xf3, 0xf, 0xff, 0x10, 0x0, 0x0,
    0x9, 0xff, 0x71, 0xff, 0xf0, 0x0, 0x0, 0x0,
    0x7f, 0xf8, 0xf, 0xff, 0x10, 0x0, 0x0, 0x9,
    0xff, 0x60, 0xcf, 0xf7, 0x0, 0x0, 0x0, 0xef,
    0xf3, 0x5, 0xff, 0xf4, 0x0, 0x0, 0xbf, 0xfd,
    0x0, 0xa, 0xff, 0xfc, 0x9a, 0xef, 0xff, 0x30,
    0x0, 0xa, 0xff, 0xff, 0xff, 0xfe, 0x40, 0x0,
    0x0, 0x4, 0xad, 0xfe, 0xc7, 0x10, 0x0,

    /* U+00F4 "ô" */
    0x0, 0x0, 0x3, 0xff, 0xf8, 0x0, 0x0, 0x0,
    0x0, 0x2, 0xef, 0xcf, 0xf8, 0x0, 0x0, 0x0,
    0x2, 0xef, 0x90, 0x3e, 0xf7, 0x0, 0x0, 0x0,
    0x35, 0x40, 0x0, 0x25, 0x50, 0x0, 0x0, 0x0,
    0x0, 0x0, 0x0, 0x0, 0x0, 0x0, 0x0, 0x4,
    0xad, 0xfe, 0xc7, 0x10, 0x0, 0x0, 0xa, 0xff,
    0xff, 0xff, 0xfe, 0x40, 0x0, 0xb, 0xff, 0xfc,
    0x9a, 0xef, 0xff, 0x30, 0x5, 0xff, 0xf4, 0x0,
    0x0, 0xaf, 0xfd, 0x0, 0xcf, 0xf6, 0x0, 0x0,
    0x0, 0xef, 0xf3, 0xf, 0xff, 0x10, 0x0, 0x0,
    0x9, 0xff, 0x71, 0xff, 0xf0, 0x0, 0x0, 0x0,
    0x7f, 0xf8, 0xf, 0xff, 0x10, 0x0, 0x0, 0x9,
    0xff, 0x60, 0xcf, 0xf7, 0x0, 0x0, 0x0, 0xef,
    0xf3, 0x5, 0xff, 0xf4, 0x0, 0x0, 0xbf, 0xfd,
    0x0, 0xa, 0xff, 0xfc, 0x9a, 0xef, 0xff, 0x30,
    0x0, 0xa, 0xff, 0xff, 0xff, 0xfe, 0x40, 0x0,
    0x0, 0x4, 0xad, 0xfe, 0xc7, 0x10, 0x0,

    /* U+00F5 "õ" */
    0x0, 0x0, 0x7e, 0xea, 0x31, 0xce, 0x0, 0x0,
    0x0, 0x4f, 0xee, 0xff, 0xff, 0x90, 0x0, 0x0,
    0x6, 0xc2, 0x4, 0xab, 0x80, 0x0, 0x0, 0x0,
    0x0, 0x0, 0x0, 0x0, 0x0, 0x0, 0x0, 0x0,
    0x0, 0x0, 0x0, 0x0, 0x0, 0x0, 0x0, 0x4,
    0xad, 0xfe, 0xc7, 0x10, 0x0, 0x0, 0xa, 0xff,
    0xff, 0xff, 0xfe, 0x40, 0x0, 0xb, 0xff, 0xfc,
    0x9a, 0xef, 0xff, 0x30, 0x5, 0xff, 0xf4, 0x0,
    0x0, 0xaf, 0xfd, 0x0, 0xcf, 0xf6, 0x0, 0x0,
    0x0, 0xef, 0xf3, 0xf, 0xff, 0x10, 0x0, 0x0,
    0x9, 0xff, 0x71, 0xff, 0xf0, 0x0, 0x0, 0x0,
    0x7f, 0xf8, 0xf, 0xff, 0x10, 0x0, 0x0, 0x9,
    0xff, 0x60, 0xcf, 0xf7, 0x0, 0x0, 0x0, 0xef,
    0xf3, 0x5, 0xff, 0xf4, 0x0, 0x0, 0xbf, 0xfd,
    0x0, 0xa, 0xff, 0xfc, 0x9a, 0xef, 0xff, 0x30,
    0x0, 0xa, 0xff, 0xff, 0xff, 0xfe, 0x40, 0x0,
    0x0, 0x4, 0xad, 0xfe, 0xc7, 0x10, 0x0,

    /* U+00F6 "ö" */
    0x0, 0x0, 0x9f, 0x60, 0x1d, 0xd2, 0x0, 0x0,
    0x0, 0xf, 0xfc, 0x5, 0xff, 0x60, 0x0, 0x0,
    0x0, 0x8d, 0x50, 0x1c, 0xc1, 0x0, 0x0, 0x0,
    0x0, 0x0, 0x0, 0x0, 0x0, 0x0, 0x0, 0x0,
    0x0, 0x0, 0x0, 0x0, 0x0, 0x0, 0x0, 0x4,
    0xad, 0xfe, 0xc7, 0x10, 0x0, 0x0, 0xa, 0xff,
    0xff, 0xff, 0xfe, 0x40, 0x0, 0xb, 0xff, 0xfc,
    0x9a, 0xef, 0xff, 0x30, 0x5, 0xff, 0xf4, 0x0,
    0x0, 0xaf, 0xfd, 0x0, 0xcf, 0xf6, 0x0, 0x0,
    0x0, 0xef, 0xf3, 0xf, 0xff, 0x10, 0x0, 0x0,
    0x9, 0xff, 0x71, 0xff, 0xf0, 0x0, 0x0, 0x0,
    0x7f, 0xf8, 0xf, 0xff, 0x10, 0x0, 0x0, 0x9,
    0xff, 0x60, 0xcf, 0xf7, 0x0, 0x0, 0x0, 0xef,
    0xf3, 0x5, 0xff, 0xf4, 0x0, 0x0, 0xbf, 0xfd,
    0x0, 0xa, 0xff, 0xfc, 0x9a, 0xef, 0xff, 0x30,
    0x0, 0xa, 0xff, 0xff, 0xff, 0xfe, 0x40, 0x0,
    0x0, 0x4, 0xad, 0xfe, 0xc7, 0x10, 0x0,

    /* U+00F7 "÷" */
    0x0, 0x0, 0x2d, 0xe4, 0x0, 0x0, 0x0, 0x0,
    0x8f, 0xfb, 0x0, 0x0, 0x0, 0x0, 0x5f, 0xf8,
    0x0, 0x0, 0x0, 0x0, 0x4, 0x50, 0x0, 0x0,
    0x0, 0x0, 0x0, 0x0, 0x0, 0x0, 0x7f, 0xff,
    0xff, 0xff, 0xff, 0xfa, 0x7f, 0xff, 0xff, 0xff,
    0xff, 0xfa, 0x26, 0x66, 0x66, 0x66, 0x66, 0x64,
    0x0, 0x0, 0x0, 0x0, 0x0, 0x0, 0x0, 0x0,
    0x4, 0x50, 0x0, 0x0, 0x0, 0x0, 0x5f, 0xf8,
    0x0, 0x0, 0x0, 0x0, 0x8f, 0xfb, 0x0, 0x0,
    0x0, 0x0, 0x2d, 0xe4, 0x0, 0x0,

    /* U+00F8 "ø" */
    0x0, 0x0, 0x0, 0x0, 0x0, 0x28, 0x50, 0x0,
    0x0, 0x0, 0x0, 0x0, 0xb, 0xf3, 0x0, 0x0,
    0x0, 0x4a, 0xdf, 0xef, 0xfc, 0x0, 0x0, 0x0,
    0xaf, 0xff, 0xff, 0xff, 0xf4, 0x0, 0x0, 0xbf,
    0xff, 0xc9, 0xef, 0xff, 0xf3, 0x0, 0x5f, 0xff,
    0x40, 0xc, 0xfd, 0xff, 0xd0, 0xc, 0xff, 0x60,
    0x5, 0xf9, 0xe, 0xff, 0x30, 0xff, 0xf1, 0x0,
    0xdf, 0x10, 0x9f, 0xf7, 0x1f, 0xff, 0x0, 0x6f,
    0x90, 0x7, 0xff, 0x80, 0xff, 0xf1, 0xe, 0xf1,
    0x0, 0x9f, 0xf6, 0xc, 0xff, 0x76, 0xf8, 0x0,
    0xe, 0xff, 0x30, 0x5f, 0xff, 0xfe, 0x10, 0xb,
    0xff, 0xd0, 0x0, 0xaf, 0xff, 0xf9, 0xae, 0xff,
    0xf3, 0x0, 0x0, 0xbf, 0xff, 0xff, 0xff, 0xe4,
    0x0, 0x0, 0x8, 0xff, 0xdf, 0xec, 0x71, 0x0,
    0x0, 0x1, 0xfd, 0x0, 0x0, 0x0, 0x0, 0x0,
    0x0, 0x38, 0x40, 0x0, 0x0, 0x0, 0x0, 0x0,

    /* U+00F9 "ù" */
    0x0, 0x2d, 0xff, 0x60, 0x0, 0x0, 0x0, 0x0,
    0x0, 0xaf, 0xf6, 0x0, 0x0, 0x0, 0x0, 0x0,
    0x7, 0xff, 0x60, 0x0, 0x0, 0x0, 0x0, 0x0,
    0x24, 0x30, 0x0, 0x0, 0x0, 0x0, 0x0, 0x0,
    0x0, 0x0, 0x0, 0x2f, 0xfe, 0x0, 0x0, 0x0,
    0xaf, 0xf6, 0x2f, 0xfe, 0x0, 0x0, 0x0, 0xaf,
    0xf6, 0x2f, 0xfe, 0x0, 0x0, 0x0, 0xaf, 0xf6,
    0x2f, 0xfe, 0x0, 0x0, 0x0, 0xaf, 0xf6, 0x2f,
    0xfe, 0x0, 0x0, 0x0, 0xaf, 0xf6, 0x2f, 0xfe,
    0x0, 0x0, 0x0, 0xaf, 0xf6, 0x2f, 0xfe, 0x0,
    0x0, 0x0, 0xaf, 0xf6, 0x1f, 0xff, 0x0, 0x0,
    0x0, 0xcf, 0xf6, 0xf, 0xff, 0x20, 0x0, 0x1,
    0xff, 0xf6, 0xd, 0xff, 0xb0, 0x0, 0x1c, 0xff,
    0xf6, 0x6, 0xff, 0xfe, 0xbc, 0xff, 0xff, 0xf6,
    0x0, 0xaf, 0xff, 0xff, 0xff, 0xbf, 0xf6, 0x0,
    0x5, 0xbe, 0xfe, 0x91, 0x7f, 0xf6,

    /* U+00FA "ú" */
    0x0, 0x0, 0x0, 0x3, 0xff, 0xe4, 0x0, 0x0,
    0x0, 0x0, 0x3f, 0xfc, 0x20, 0x0, 0x0, 0x0,
    0x3, 0xff, 0x90, 0x0, 0x0, 0x0, 0x0, 0x3,
    0x43, 0x0, 0x0, 0x0, 0x0, 0x0, 0x0, 0x0,
    0x0, 0x0, 0x0, 0x2f, 0xfe, 0x0, 0x0, 0x0,
    0xaf, 0xf6, 0x2f, 0xfe, 0x0, 0x0, 0x0, 0xaf,
    0xf6, 0x2f, 0xfe, 0x0, 0x0, 0x0, 0xaf, 0xf6,
    0x2f, 0xfe, 0x0, 0x0, 0x0, 0xaf, 0xf6, 0x2f,
    0xfe, 0x0, 0x0, 0x0, 0xaf, 0xf6, 0x2f, 0xfe,
    0x0, 0x0, 0x0, 0xaf, 0xf6, 0x2f, 0xfe, 0x0,
    0x0, 0x0, 0xaf, 0xf6, 0x1f, 0xff, 0x0, 0x0,
    0x0, 0xcf, 0xf6, 0xf, 0xff, 0x20, 0x0, 0x1,
    0xff, 0xf6, 0xd, 0xff, 0xb0, 0x0, 0x1c, 0xff,
    0xf6, 0x6, 0xff, 0xfe, 0xbc, 0xff, 0xff, 0xf6,
    0x0, 0xaf, 0xff, 0xff, 0xff, 0xbf, 0xf6, 0x0,
    0x5, 0xbe, 0xfe, 0x91, 0x7f, 0xf6,

    /* U+00FB "û" */
    0x0, 0x0, 0xb, 0xff, 0xd1, 0x0, 0x0, 0x0,
    0x0, 0xbf, 0xec, 0xfd, 0x10, 0x0, 0x0, 0xb,
    0xfc, 0x10, 0xaf, 0xd1, 0x0, 0x0, 0x14, 0x40,
    0x0, 0x3, 0x42, 0x0, 0x0, 0x0, 0x0, 0x0,
    0x0, 0x0, 0x0, 0x2f, 0xfe, 0x0, 0x0, 0x0,
    0xaf, 0xf6, 0x2f, 0xfe, 0x0, 0x0, 0x0, 0xaf,
    0xf6, 0x2f, 0xfe, 0x0, 0x0, 0x0, 0xaf, 0xf6,
    0x2f, 0xfe, 0x0, 0x0, 0x0, 0xaf, 0xf6, 0x2f,
    0xfe, 0x0, 0x0, 0x0, 0xaf, 0xf6, 0x2f, 0xfe,
    0x0, 0x0, 0x0, 0xaf, 0xf6, 0x2f, 0xfe, 0x0,
    0x0, 0x0, 0xaf, 0xf6, 0x1f, 0xff, 0x0, 0x0,
    0x0, 0xcf, 0xf6, 0xf, 0xff, 0x20, 0x0, 0x1,
    0xff, 0xf6, 0xd, 0xff, 0xb0, 0x0, 0x1c, 0xff,
    0xf6, 0x6, 0xff, 0xfe, 0xbc, 0xff, 0xff, 0xf6,
    0x0, 0xaf, 0xff, 0xff, 0xff, 0xbf, 0xf6, 0x0,
    0x5, 0xbe, 0xfe, 0x91, 0x7f, 0xf6,

    /* U+00FC "ü" */
    0x0, 0x4, 0xeb, 0x0, 0x9f, 0x70, 0x0, 0x0,
    0x9, 0xff, 0x20, 0xff, 0xd0, 0x0, 0x0, 0x3,
    0xda, 0x0, 0x7d, 0x60, 0x0, 0x0, 0x0, 0x0,
    0x0, 0x0, 0x0, 0x0, 0x0, 0x0, 0x0, 0x0,
    0x0, 0x0, 0x0, 0x2f, 0xfe, 0x0, 0x0, 0x0,
    0xaf, 0xf6, 0x2f, 0xfe, 0x0, 0x0, 0x0, 0xaf,
    0xf6, 0x2f, 0xfe, 0x0, 0x0, 0x0, 0xaf, 0xf6,
    0x2f, 0xfe, 0x0, 0x0, 0x0, 0xaf, 0xf6, 0x2f,
    0xfe, 0x0, 0x0, 0x0, 0xaf, 0xf6, 0x2f, 0xfe,
    0x0, 0x0, 0x0, 0xaf, 0xf6, 0x2f, 0xfe, 0x0,
    0x0, 0x0, 0xaf, 0xf6, 0x1f, 0xff, 0x0, 0x0,
    0x0, 0xcf, 0xf6, 0xf, 0xff, 0x20, 0x0, 0x1,
    0xff, 0xf6, 0xd, 0xff, 0xb0, 0x0, 0x1c, 0xff,
    0xf6, 0x6, 0xff, 0xfe, 0xbc, 0xff, 0xff, 0xf6,
    0x0, 0xaf, 0xff, 0xff, 0xff, 0xbf, 0xf6, 0x0,
    0x5, 0xbe, 0xfe, 0x91, 0x7f, 0xf6,

    /* U+00FD "ý" */
    0x0, 0x0, 0x0, 0x0, 0xaf, 0xfa, 0x0, 0x0,
    0x0, 0x0, 0x0, 0xaf, 0xf7, 0x0, 0x0, 0x0,
    0x0, 0x0, 0xaf, 0xe4, 0x0, 0x0, 0x0, 0x0,
    0x0, 0x14, 0x41, 0x0, 0x0, 0x0, 0x0, 0x0,
    0x0, 0x0, 0x0, 0x0, 0x0, 0x0, 0xef, 0xf3,
    0x0, 0x0, 0x0, 0x2f, 0xfc, 0x7, 0xff, 0x90,
    0x0, 0x0, 0x8, 0xff, 0x50, 0x1f, 0xff, 0x10,
    0x0, 0x0, 0xef, 0xe0, 0x0, 0xaf, 0xf7, 0x0,
    0x0, 0x5f, 0xf7, 0x0, 0x3, 0xff, 0xd0, 0x0,
    0xc, 0xff, 0x10, 0x0, 0xc, 0xff, 0x40, 0x3,
    0xff, 0xa0, 0x0, 0x0, 0x5f, 0xfb, 0x0, 0x9f,
    0xf3, 0x0, 0x0, 0x0, 0xef, 0xf1, 0x1f, 0xfc,
    0x0, 0x0, 0x0, 0x8, 0xff, 0x87, 0xff, 0x50,
    0x0, 0x0, 0x0, 0x1f, 0xfe, 0xdf, 0xe0, 0x0,
    0x0, 0x0, 0x0, 0xaf, 0xff, 0xf8, 0x0, 0x0,
    0x0, 0x0, 0x3, 0xff, 0xff, 0x10, 0x0, 0x0,
    0x0, 0x0, 0xc, 0xff, 0xa0, 0x0, 0x0, 0x0,
    0x0, 0x0, 0xbf, 0xf3, 0x0, 0x0, 0x0, 0x10,
    0x0, 0x3f, 0xfc, 0x0, 0x0, 0x0, 0xb, 0xe9,
    0x9f, 0xff, 0x40, 0x0, 0x0, 0x3, 0xff, 0xff,
    0xff, 0x90, 0x0, 0x0, 0x0, 0x6, 0xcf, 0xfc,
    0x50, 0x0, 0x0, 0x0, 0x0,

    /* U+00FE "þ" */
    0xf, 0xff, 0x0, 0x0, 0x0, 0x0, 0x0, 0x0,
    0xff, 0xf0, 0x0, 0x0, 0x0, 0x0, 0x0, 0xf,
    0xff, 0x0, 0x0, 0x0, 0x0, 0x0, 0x0, 0xff,
    0xf0, 0x0, 0x0, 0x0, 0x0, 0x0, 0xf, 0xff,
    0x0, 0x0, 0x0, 0x0, 0x0, 0x0, 0xff, 0xf0,
    0x7c, 0xff, 0xd8, 0x20, 0x0, 0xf, 0xff, 0xcf,
    0xff, 0xff, 0xff, 0x60, 0x0, 0xff, 0xff, 0xfc,
    0x9a, 0xef, 0xff, 0x40, 0xf, 0xff, 0xf4, 0x0,
    0x0, 0xbf, 0xfe, 0x0, 0xff, 0xf6, 0x0, 0x0,
    0x0, 0xef, 0xf4, 0xf, 0xff, 0x0, 0x0, 0x0,
    0x9, 0xff, 0x70, 0xff, 0xf0, 0x0, 0x0, 0x0,
    0x7f, 0xf8, 0xf, 0xff, 0x0, 0x0, 0x0, 0x9,
    0xff, 0x70, 0xff, 0xf6, 0x0, 0x0, 0x0, 0xef,
    0xf4, 0xf, 0xff, 0xf4, 0x0, 0x1, 0xbf, 0xfe,
    0x0, 0xff, 0xff, 0xfc, 0x9a, 0xff, 0xff, 0x40,
    0xf, 0xff, 0xbf, 0xff, 0xff, 0xff, 0x50, 0x0,
    0xff, 0xf0, 0x6c, 0xff, 0xd8, 0x20, 0x0, 0xf,
    0xff, 0x0, 0x0, 0x0, 0x0, 0x0, 0x0, 0xff,
    0xf0, 0x0, 0x0, 0x0, 0x0, 0x0, 0xf, 0xff,
    0x0, 0x0, 0x0, 0x0, 0x0, 0x0, 0xff, 0xf0,
    0x0, 0x0, 0x0, 0x0, 0x0, 0xf, 0xff, 0x0,
    0x0, 0x0, 0x0, 0x0, 0x0,

    /* U+00FF "ÿ" */
    0x0, 0x0, 0xbf, 0x50, 0x2e, 0xd1, 0x0, 0x0,
    0x0, 0x1f, 0xfa, 0x7, 0xff, 0x50, 0x0, 0x0,
    0x0, 0x9d, 0x40, 0x1c, 0xb1, 0x0, 0x0, 0x0,
    0x0, 0x0, 0x0, 0x0, 0x0, 0x0, 0x0, 0x0,
    0x0, 0x0, 0x0, 0x0, 0x0, 0x0, 0xef, 0xf3,
    0x0, 0x0, 0x0, 0x2f, 0xfc, 0x7, 0xff, 0x90,
    0x0, 0x0, 0x8, 0xff, 0x50, 0x1f, 0xff, 0x10,
    0x0, 0x0, 0xef, 0xe0, 0x0, 0xaf, 0xf7, 0x0,
    0x0, 0x5f, 0xf7, 0x0, 0x3, 0xff, 0xd0, 0x0,
    0xc, 0xff, 0x10, 0x0, 0xc, 0xff, 0x40, 0x3,
    0xff, 0xa0, 0x0, 0x0, 0x5f, 0xfb, 0x0, 0x9f,
    0xf3, 0x0, 0x0, 0x0, 0xef, 0xf1, 0x1f, 0xfc,
    0x0, 0x0, 0x0, 0x8, 0xff, 0x87, 0xff, 0x50,
    0x0, 0x0, 0x0, 0x1f, 0xfe, 0xdf, 0xe0, 0x0,
    0x0, 0x0, 0x0, 0xaf, 0xff, 0xf8, 0x0, 0x0,
    0x0, 0x0, 0x3, 0xff, 0xff, 0x10, 0x0, 0x0,
    0x0, 0x0, 0xc, 0xff, 0xa0, 0x0, 0x0, 0x0,
    0x0, 0x0, 0xbf, 0xf3, 0x0, 0x0, 0x0, 0x10,
    0x0, 0x3f, 0xfc, 0x0, 0x0, 0x0, 0xb, 0xe9,
    0x9f, 0xff, 0x40, 0x0, 0x0, 0x3, 0xff, 0xff,
    0xff, 0x90, 0x0, 0x0, 0x0, 0x6, 0xcf, 0xfc,
    0x50, 0x0, 0x0, 0x0, 0x0,

    /* U+0102 "Ă" */
    0x0, 0x0, 0x1, 0xfe, 0x0, 0x0, 0xff, 0x0,
    0x0, 0x0, 0x0, 0x0, 0x0, 0xdf, 0x91, 0x19,
    0xfc, 0x0, 0x0, 0x0, 0x0, 0x0, 0x0, 0x2e,
    0xff, 0xff, 0xd2, 0x0, 0x0, 0x0, 0x0, 0x0,
    0x0, 0x0, 0x69, 0x96, 0x0, 0x0, 0x0, 0x0,
    0x0, 0x0, 0x0, 0x0, 0x0, 0x0, 0x0, 0x0,
    0x0, 0x0, 0x0, 0x0, 0x0, 0x0, 0xcf, 0xfb,
    0x0, 0x0, 0x0, 0x0, 0x0, 0x0, 0x0, 0x3,
    0xff, 0xff, 0x20, 0x0, 0x0, 0x0, 0x0, 0x0,
    0x0, 0xa, 0xff, 0xff, 0xa0, 0x0, 0x0, 0x0,
    0x0, 0x0, 0x0, 0x2f, 0xfc, 0xef, 0xf1, 0x0,
    0x0, 0x0, 0x0, 0x0, 0x0, 0x9f, 0xf6, 0x7f,
    0xf8, 0x0, 0x0, 0x0, 0x0, 0x0, 0x0, 0xff,
    0xe0, 0x1f, 0xfe, 0x0, 0x0, 0x0, 0x0, 0x0,
    0x7, 0xff, 0x80, 0xa, 0xff, 0x60, 0x0, 0x0,
    0x0, 0x0, 0xe, 0xff, 0x10, 0x3, 0xff, 0xd0,
    0x0, 0x0, 0x0, 0x0, 0x5f, 0xfa, 0x0, 0x0,
    0xcf, 0xf4, 0x0, 0x0, 0x0, 0x0, 0xcf, 0xf4,
    0x0, 0x0, 0x5f, 0xfc, 0x0, 0x0, 0x0, 0x3,
    0xff, 0xf7, 0x77, 0x77, 0x7f, 0xff, 0x30, 0x0,
    0x0, 0xa, 0xff, 0xff, 0xff, 0xff, 0xff, 0xff,
    0xa0, 0x0, 0x0, 0x2f, 0xff, 0xff, 0xff, 0xff,
    0xff, 0xff, 0xf1, 0x0, 0x0, 0x9f, 0xf8, 0x0,
    0x0, 0x0, 0x0, 0xaf, 0xf8, 0x0, 0x1, 0xff,
    0xf2, 0x0, 0x0, 0x0, 0x0, 0x3f, 0xfe, 0x0,
    0x7, 0xff, 0xb0, 0x0, 0x0, 0x0, 0x0, 0xc,
    0xff, 0x60, 0xe, 0xff, 0x40, 0x0, 0x0, 0x0,
    0x0, 0x6, 0xff, 0xd0,

    /* U+0103 "ă" */
    0x0, 0xff, 0x0, 0x0, 0xcf, 0x30, 0x0, 0xaf,
    0xa1, 0x17, 0xfe, 0x0, 0x0, 0x1d, 0xff, 0xff,
    0xe3, 0x0, 0x0, 0x0, 0x59, 0x96, 0x0, 0x0,
    0x0, 0x0, 0x0, 0x0, 0x0, 0x0, 0x1, 0x7b,
    0xef, 0xfd, 0x92, 0x0, 0x4f, 0xff, 0xff, 0xff,
    0xff, 0x50, 0x1e, 0xfc, 0x98, 0x9e, 0xff, 0xf1,
    0x4, 0x10, 0x0, 0x0, 0xcf, 0xf6, 0x0, 0x0,
    0x0, 0x0, 0x5f, 0xfa, 0x1, 0x8d, 0xef, 0xff,
    0xff, 0xfb, 0x1e, 0xff, 0xff, 0xff, 0xff, 0xfb,
    0xaf, 0xfa, 0x20, 0x0, 0x4f, 0xfb, 0xef, 0xf1,
    0x0, 0x0, 0x5f, 0xfb, 0xef, 0xf2, 0x0, 0x0,
    0xcf, 0xfb, 0x9f, 0xfd, 0x53, 0x5c, 0xff, 0xfb,
    0x1e, 0xff, 0xff, 0xff, 0xcf, 0xfb, 0x1, 0x9d,
    0xff, 0xc6, 0x2f, 0xfb,

    /* U+010D "č" */
    0x0, 0x9, 0xfd, 0x20, 0x2d, 0xf9, 0x0, 0x0,
    0x0, 0xaf, 0xe6, 0xef, 0xa0, 0x0, 0x0, 0x0,
    0xa, 0xff, 0xfa, 0x0, 0x0, 0x0, 0x0, 0x0,
    0x55, 0x50, 0x0, 0x0, 0x0, 0x0, 0x0, 0x0,
    0x0, 0x0, 0x0, 0x0, 0x0, 0x4a, 0xdf, 0xec,
    0x71, 0x0, 0x0, 0xa, 0xff, 0xff, 0xff, 0xfe,
    0x30, 0x0, 0xbf, 0xff, 0xc9, 0xae, 0xff, 0xe1,
    0x5, 0xff, 0xf4, 0x0, 0x0, 0xae, 0x70, 0xc,
    0xff, 0x60, 0x0, 0x0, 0x1, 0x0, 0xf, 0xff,
    0x0, 0x0, 0x0, 0x0, 0x0, 0x1f, 0xff, 0x0,
    0x0, 0x0, 0x0, 0x0, 0xf, 0xff, 0x0, 0x0,
    0x0, 0x0, 0x0, 0xc, 0xff, 0x60, 0x0, 0x0,
    0x1, 0x0, 0x5, 0xff, 0xf4, 0x0, 0x0, 0xbf,
    0x70, 0x0, 0xaf, 0xff, 0xc9, 0xae, 0xff, 0xe1,
    0x0, 0x9, 0xff, 0xff, 0xff, 0xfe, 0x30, 0x0,
    0x0, 0x3a, 0xdf, 0xec, 0x71, 0x0,

    /* U+010F "ď" */
    0x0, 0x0, 0x0, 0x0, 0x0, 0x0, 0x0, 0x0,
    0x6f, 0xe0, 0x0, 0x0, 0x0, 0x0, 0x0, 0x7f,
    0xf8, 0x6, 0xfd, 0x0, 0x0, 0x0, 0x0, 0x0,
    0x7, 0xff, 0x80, 0x6f, 0xc0, 0x0, 0x0, 0x0,
    0x0, 0x0, 0x7f, 0xf8, 0x6, 0xfa, 0x0, 0x0,
    0x0, 0x0, 0x0, 0x7, 0xff, 0x80, 0x5c, 0x70,
    0x0, 0x0, 0x0, 0x0, 0x0, 0x7f, 0xf8, 0x0,
    0x0, 0x0, 0x0, 0x5b, 0xef, 0xe9, 0x27, 0xff,
    0x80, 0x0, 0x0, 0x1, 0xcf, 0xff, 0xff, 0xff,
    0xcf, 0xf8, 0x0, 0x0, 0x0, 0xcf, 0xff, 0xc9,
    0xae, 0xff, 0xff, 0x80, 0x0, 0x0, 0x6f, 0xff,
    0x40, 0x0, 0xa, 0xff, 0xf8, 0x0, 0x0, 0xc,
    0xff, 0x60, 0x0, 0x0, 0xe, 0xff, 0x80, 0x0,
    0x0, 0xff, 0xf1, 0x0, 0x0, 0x0, 0x9f, 0xf8,
    0x0, 0x0, 0x1f, 0xff, 0x0, 0x0, 0x0, 0x7,
    0xff, 0x80, 0x0, 0x0, 0xff, 0xf1, 0x0, 0x0,
    0x0, 0x9f, 0xf8, 0x0, 0x0, 0xc, 0xff, 0x70,
    0x0, 0x0, 0xe, 0xff, 0x80, 0x0, 0x0, 0x6f,
    0xff, 0x40, 0x0, 0xb, 0xff, 0xf8, 0x0, 0x0,
    0x0, 0xcf, 0xff, 0xc9, 0xaf, 0xff, 0xff, 0x80,
    0x0, 0x0, 0x1, 0xcf, 0xff, 0xff, 0xff, 0xaf,
    0xf8, 0x0, 0x0, 0x0, 0x0, 0x5b, 0xef, 0xea,
    0x25, 0xff, 0x80, 0x0, 0x0,

    /* U+013A "ĺ" */
    0x0, 0x4, 0x88, 0x60, 0x0, 0x6f, 0xfb, 0x10,
    0x7, 0xff, 0x70, 0x0, 0x27, 0x83, 0x0, 0x0,
    0x0, 0x0, 0x0, 0x0, 0xf, 0xff, 0x0, 0x0,
    0xf, 0xff, 0x0, 0x0, 0xf, 0xff, 0x0, 0x0,
    0xf, 0xff, 0x0, 0x0, 0xf, 0xff, 0x0, 0x0,
    0xf, 0xff, 0x0, 0x0, 0xf, 0xff, 0x0, 0x0,
    0xf, 0xff, 0x0, 0x0, 0xf, 0xff, 0x0, 0x0,
    0xf, 0xff, 0x0, 0x0, 0xf, 0xff, 0x0, 0x0,
    0xf, 0xff, 0x0, 0x0, 0xf, 0xff, 0x0, 0x0,
    0xf, 0xff, 0x0, 0x0, 0xf, 0xff, 0x0, 0x0,
    0xf, 0xff, 0x0, 0x0, 0xf, 0xff, 0x0, 0x0,
    0xf, 0xff, 0x0, 0x0,

    /* U+013E "ľ" */
    0x0, 0x0, 0x0, 0xcc, 0x30, 0xff, 0xf0, 0xf,
    0xf4, 0xf, 0xff, 0x0, 0xff, 0x20, 0xff, 0xf0,
    0xf, 0xf1, 0xf, 0xff, 0x0, 0xff, 0x0, 0xff,
    0xf0, 0x0, 0x0, 0xf, 0xff, 0x0, 0x0, 0x0,
    0xff, 0xf0, 0x0, 0x0, 0xf, 0xff, 0x0, 0x0,
    0x0, 0xff, 0xf0, 0x0, 0x0, 0xf, 0xff, 0x0,
    0x0, 0x0, 0xff, 0xf0, 0x0, 0x0, 0xf, 0xff,
    0x0, 0x0, 0x0, 0xff, 0xf0, 0x0, 0x0, 0xf,
    0xff, 0x0, 0x0, 0x0, 0xff, 0xf0, 0x0, 0x0,
    0xf, 0xff, 0x0, 0x0, 0x0, 0xff, 0xf0, 0x0,
    0x0, 0xf, 0xff, 0x0, 0x0, 0x0,

    /* U+0148 "ň" */
    0x0, 0xc, 0xfb, 0x0, 0x4e, 0xf5, 0x0, 0x0,
    0x0, 0xcf, 0xd8, 0xff, 0x60, 0x0, 0x0, 0x0,
    0xc, 0xff, 0xf6, 0x0, 0x0, 0x0, 0x0, 0x0,
    0x44, 0x30, 0x0, 0x0, 0x0, 0x0, 0x0, 0x0,
    0x0, 0x0, 0x0, 0xf, 0xfd, 0x7, 0xcf, 0xfd,
    0x81, 0x0, 0xf, 0xfe, 0xdf, 0xff, 0xff, 0xfe,
    0x30, 0xf, 0xff, 0xff, 0xa8, 0xaf, 0xff, 0xd0,
    0xf, 0xff, 0xe2, 0x0, 0x3, 0xff, 0xf4, 0xf,
    0xff, 0x50, 0x0, 0x0, 0xaf, 0xf7, 0xf, 0xff,
    0x10, 0x0, 0x0, 0x7f, 0xf9, 0xf, 0xff, 0x0,
    0x0, 0x0, 0x6f, 0xf9, 0xf, 0xff, 0x0, 0x0,
    0x0, 0x6f, 0xf9, 0xf, 0xff, 0x0, 0x0, 0x0,
    0x6f, 0xf9, 0xf, 0xff, 0x0, 0x0, 0x0, 0x6f,
    0xf9, 0xf, 0xff, 0x0, 0x0, 0x0, 0x6f, 0xf9,
    0xf, 0xff, 0x0, 0x0, 0x0, 0x6f, 0xf9, 0xf,
    0xff, 0x0, 0x0, 0x0, 0x6f, 0xf9,

    /* U+0150 "Ő" */
    0x0, 0x0, 0x0, 0xb, 0xff, 0x33, 0xff, 0xb0,
    0x0, 0x0, 0x0, 0x0, 0x4, 0xff, 0x60, 0xcf,
    0xd1, 0x0, 0x0, 0x0, 0x0, 0x0, 0xdf, 0xa0,
    0x5f, 0xf3, 0x0, 0x0, 0x0, 0x0, 0x0, 0x14,
    0x40, 0x3, 0x43, 0x0, 0x0, 0x0, 0x0, 0x0,
    0x0, 0x0, 0x0, 0x0, 0x0, 0x0, 0x0, 0x0,
    0x0, 0x0, 0x5a, 0xdf, 0xfe, 0xb6, 0x0, 0x0,
    0x0, 0x0, 0x4, 0xdf, 0xff, 0xff, 0xff, 0xfe,
    0x60, 0x0, 0x0, 0x6, 0xff, 0xff, 0xfd, 0xce,
    0xff, 0xff, 0x90, 0x0, 0x4, 0xff, 0xfd, 0x50,
    0x0, 0x3, 0xbf, 0xff, 0x80, 0x0, 0xef, 0xfc,
    0x0, 0x0, 0x0, 0x0, 0x9f, 0xff, 0x20, 0x6f,
    0xff, 0x10, 0x0, 0x0, 0x0, 0x0, 0xcf, 0xf9,
    0xb, 0xff, 0x90, 0x0, 0x0, 0x0, 0x0, 0x5,
    0xff, 0xe0, 0xdf, 0xf5, 0x0, 0x0, 0x0, 0x0,
    0x0, 0x1f, 0xff, 0xe, 0xff, 0x30, 0x0, 0x0,
    0x0, 0x0, 0x0, 0xff, 0xf2, 0xdf, 0xf5, 0x0,
    0x0, 0x0, 0x0, 0x0, 0x1f, 0xff, 0xb, 0xff,
    0x90, 0x0, 0x0, 0x0, 0x0, 0x5, 0xff, 0xe0,
    0x6f, 0xfe, 0x10, 0x0, 0x0, 0x0, 0x0, 0xcf,
    0xf9, 0x0, 0xef, 0xfb, 0x0, 0x0, 0x0, 0x0,
    0x9f, 0xff, 0x20, 0x5, 0xff, 0xfd, 0x40, 0x0,
    0x3, 0xbf, 0xff, 0x80, 0x0, 0x6, 0xff, 0xff,
    0xec, 0xce, 0xff, 0xff, 0x90, 0x0, 0x0, 0x4,
    0xdf, 0xff, 0xff, 0xff, 0xfe, 0x60, 0x0, 0x0,
    0x0, 0x0, 0x5a, 0xdf, 0xfe, 0xb6, 0x0, 0x0,
    0x0,

    /* U+0151 "ő" */
    0x0, 0x0, 0x1, 0xff, 0xc0, 0x9f, 0xf5, 0x0,
    0x0, 0x0, 0xaf, 0xe1, 0x2f, 0xf8, 0x0, 0x0,
    0x0, 0x4f, 0xf4, 0xc, 0xfb, 0x0, 0x0, 0x0,
    0x3, 0x43, 0x0, 0x44, 0x10, 0x0, 0x0, 0x0,
    0x0, 0x0, 0x0, 0x0, 0x0, 0x0, 0x0, 0x4,
    0xad, 0xfe, 0xc7, 0x10, 0x0, 0x0, 0xa, 0xff,
    0xff, 0xff, 0xfe, 0x40, 0x0, 0xb, 0xff, 0xfc,
    0x9a, 0xef, 0xff, 0x30, 0x5, 0xff, 0xf4, 0x0,
    0x0, 0xaf, 0xfd, 0x0, 0xcf, 0xf6, 0x0, 0x0,
    0x0, 0xef, 0xf3, 0xf, 0xff, 0x10, 0x0, 0x0,
    0x9, 0xff, 0x71, 0xff, 0xf0, 0x0, 0x0, 0x0,
    0x7f, 0xf8, 0xf, 0xff, 0x10, 0x0, 0x0, 0x9,
    0xff, 0x60, 0xcf, 0xf7, 0x0, 0x0, 0x0, 0xef,
    0xf3, 0x5, 0xff, 0xf4, 0x0, 0x0, 0xbf, 0xfd,
    0x0, 0xa, 0xff, 0xfc, 0x9a, 0xef, 0xff, 0x30,
    0x0, 0xa, 0xff, 0xff, 0xff, 0xfe, 0x40, 0x0,
    0x0, 0x4, 0xad, 0xfe, 0xc7, 0x10, 0x0,

    /* U+0155 "ŕ" */
    0x0, 0x0, 0x9, 0xff, 0xb1, 0x0, 0x0, 0x9f,
    0xf7, 0x0, 0x0, 0x9, 0xfe, 0x40, 0x0, 0x0,
    0x4, 0x41, 0x0, 0x0, 0x0, 0x0, 0x0, 0x0,
    0x0, 0xf, 0xfd, 0x7, 0xce, 0x60, 0xf, 0xfd,
    0xcf, 0xff, 0x60, 0xf, 0xff, 0xff, 0xca, 0x40,
    0xf, 0xff, 0xf4, 0x0, 0x0, 0xf, 0xff, 0x70,
    0x0, 0x0, 0xf, 0xff, 0x20, 0x0, 0x0, 0xf,
    0xff, 0x0, 0x0, 0x0, 0xf, 0xff, 0x0, 0x0,
    0x0, 0xf, 0xff, 0x0, 0x0, 0x0, 0xf, 0xff,
    0x0, 0x0, 0x0, 0xf, 0xff, 0x0, 0x0, 0x0,
    0xf, 0xff, 0x0, 0x0, 0x0, 0xf, 0xff, 0x0,
    0x0, 0x0,

    /* U+0161 "š" */
    0x1, 0xef, 0x90, 0x6, 0xff, 0x30, 0x0, 0x2e,
    0xfb, 0x9f, 0xf4, 0x0, 0x0, 0x2, 0xef, 0xff,
    0x40, 0x0, 0x0, 0x0, 0x25, 0x53, 0x0, 0x0,
    0x0, 0x0, 0x0, 0x0, 0x0, 0x0, 0x0, 0x7,
    0xce, 0xff, 0xc9, 0x40, 0x2, 0xef, 0xff, 0xff,
    0xff, 0xf2, 0xc, 0xff, 0xd8, 0x78, 0xbf, 0x90,
    0xf, 0xfe, 0x0, 0x0, 0x1, 0x10, 0xf, 0xff,
    0x30, 0x0, 0x0, 0x0, 0xc, 0xff, 0xfd, 0xa7,
    0x30, 0x0, 0x1, 0xcf, 0xff, 0xff, 0xfe, 0x60,
    0x0, 0x2, 0x7a, 0xcf, 0xff, 0xf5, 0x0, 0x0,
    0x0, 0x0, 0x8f, 0xfa, 0x5, 0x40, 0x0, 0x0,
    0x5f, 0xfa, 0xe, 0xfd, 0xa7, 0x79, 0xff, 0xf6,
    0x4f, 0xff, 0xff, 0xff, 0xff, 0xa0, 0x1, 0x7b,
    0xef, 0xfe, 0xa4, 0x0,

    /* U+0165 "ť" */
    0x0, 0x0, 0x0, 0xd, 0xf6, 0x0, 0x0, 0x0,
    0xd, 0xf5, 0x0, 0x13, 0x31, 0xd, 0xf4, 0x0,
    0xaf, 0xf6, 0xd, 0xf2, 0x0, 0xaf, 0xf6, 0x3,
    0x30, 0x0, 0xaf, 0xf6, 0x0, 0x0, 0xbf, 0xff,
    0xff, 0xff, 0xd0, 0xbf, 0xff, 0xff, 0xff, 0xd0,
    0x46, 0xcf, 0xfa, 0x66, 0x50, 0x0, 0xaf, 0xf6,
    0x0, 0x0, 0x0, 0xaf, 0xf6, 0x0, 0x0, 0x0,
    0xaf, 0xf6, 0x0, 0x0, 0x0, 0xaf, 0xf6, 0x0,
    0x0, 0x0, 0xaf, 0xf6, 0x0, 0x0, 0x0, 0x9f,
    0xf6, 0x0, 0x0, 0x0, 0x8f, 0xf9, 0x0, 0x0,
    0x0, 0x5f, 0xff, 0x98, 0xc1, 0x0, 0xc, 0xff,
    0xff, 0xf6, 0x0, 0x0, 0x8d, 0xfe, 0xb3,

    /* U+0170 "Ű" */
    0x0, 0x0, 0x4, 0xff, 0x90, 0xcf, 0xf2, 0x0,
    0x0, 0x0, 0xdf, 0xc0, 0x6f, 0xf5, 0x0, 0x0,
    0x0, 0x7f, 0xe1, 0xe, 0xf8, 0x0, 0x0, 0x0,
    0x3, 0x42, 0x1, 0x44, 0x0, 0x0, 0x0, 0x0,
    0x0, 0x0, 0x0, 0x0, 0x0, 0xe, 0xff, 0x30,
    0x0, 0x0, 0x0, 0x4f, 0xfd, 0xef, 0xf3, 0x0,
    0x0, 0x0, 0x4, 0xff, 0xde, 0xff, 0x30, 0x0,
    0x0, 0x0, 0x4f, 0xfd, 0xef, 0xf3, 0x0, 0x0,
    0x0, 0x4, 0xff, 0xde, 0xff, 0x30, 0x0, 0x0,
    0x0, 0x4f, 0xfd, 0xef, 0xf3, 0x0, 0x0, 0x0,
    0x4, 0xff, 0xde, 0xff, 0x30, 0x0, 0x0, 0x0,
    0x4f, 0xfd, 0xef, 0xf3, 0x0, 0x0, 0x0, 0x4,
    0xff, 0xde, 0xff, 0x30, 0x0, 0x0, 0x0, 0x4f,
    0xfd, 0xef, 0xf3, 0x0, 0x0, 0x0, 0x4, 0xff,
    0xdd, 0xff, 0x50, 0x0, 0x0, 0x0, 0x5f, 0xfc,
    0xbf, 0xf8, 0x0, 0x0, 0x0, 0x8, 0xff, 0x97,
    0xff, 0xe0, 0x0, 0x0, 0x0, 0xef, 0xf5, 0x1f,
    0xff, 0xc2, 0x0, 0x2, 0xcf, 0xfe, 0x0, 0x6f,
    0xff, 0xfd, 0xcd, 0xff, 0xff, 0x50, 0x0, 0x6f,
    0xff, 0xff, 0xff, 0xff, 0x50, 0x0, 0x0, 0x18,
    0xce, 0xfe, 0xc8, 0x10, 0x0,

    /* U+0171 "ű" */
    0x0, 0x0, 0xa, 0xff, 0x33, 0xff, 0xb0, 0x0,
    0x0, 0x4f, 0xf7, 0xc, 0xfd, 0x10, 0x0, 0x0,
    0xdf, 0xa0, 0x5f, 0xf3, 0x0, 0x0, 0x1, 0x44,
    0x0, 0x34, 0x30, 0x0, 0x0, 0x0, 0x0, 0x0,
    0x0, 0x0, 0x0, 0x2f, 0xfe, 0x0, 0x0, 0x0,
    0xaf, 0xf6, 0x2f, 0xfe, 0x0, 0x0, 0x0, 0xaf,
    0xf6, 0x2f, 0xfe, 0x0, 0x0, 0x0, 0xaf, 0xf6,
    0x2f, 0xfe, 0x0, 0x0, 0x0, 0xaf, 0xf6, 0x2f,
    0xfe, 0x0, 0x0, 0x0, 0xaf, 0xf6, 0x2f, 0xfe,
    0x0, 0x0, 0x0, 0xaf, 0xf6, 0x2f, 0xfe, 0x0,
    0x0, 0x0, 0xaf, 0xf6, 0x1f, 0xff, 0x0, 0x0,
    0x0, 0xcf, 0xf6, 0xf, 0xff, 0x20, 0x0, 0x1,
    0xff, 0xf6, 0xd, 0xff, 0xb0, 0x0, 0x1c, 0xff,
    0xf6, 0x6, 0xff, 0xfe, 0xbc, 0xff, 0xff, 0xf6,
    0x0, 0xaf, 0xff, 0xff, 0xff, 0xbf, 0xf6, 0x0,
    0x5, 0xbe, 0xfe, 0x91, 0x7f, 0xf6,

    /* U+017E "ž" */
    0x0, 0xaf, 0xc1, 0x2, 0xef, 0x80, 0x0, 0xa,
    0xfe, 0x7f, 0xf8, 0x0, 0x0, 0x0, 0xaf, 0xff,
    0x80, 0x0, 0x0, 0x0, 0x3, 0x43, 0x0, 0x0,
    0x0, 0x0, 0x0, 0x0, 0x0, 0x0, 0xf, 0xff,
    0xff, 0xff, 0xff, 0xfc, 0xf, 0xff, 0xff, 0xff,
    0xff, 0xfc, 0x6, 0x66, 0x66, 0x69, 0xff, 0xf4,
    0x0, 0x0, 0x0, 0x1d, 0xff, 0x70, 0x0, 0x0,
    0x0, 0xbf, 0xfa, 0x0, 0x0, 0x0, 0x8, 0xff,
    0xc0, 0x0, 0x0, 0x0, 0x5f, 0xfe, 0x10, 0x0,
    0x0, 0x3, 0xff, 0xf3, 0x0, 0x0, 0x0, 0x1e,
    0xff, 0x60, 0x0, 0x0, 0x0, 0xcf, 0xf9, 0x0,
    0x0, 0x0, 0x9, 0xff, 0xf6, 0x66, 0x66, 0x66,
    0x1f, 0xff, 0xff, 0xff, 0xff, 0xff, 0x1f, 0xff,
    0xff, 0xff, 0xff, 0xff,

    /* U+0218 "Ș" */
    0x0, 0x0, 0x6b, 0xef, 0xfe, 0xb6, 0x10, 0x0,
    0x3, 0xef, 0xff, 0xff, 0xff, 0xff, 0x50, 0x1,
    0xef, 0xff, 0xba, 0xac, 0xff, 0xf2, 0x0, 0x8f,
    0xfd, 0x10, 0x0, 0x0, 0x69, 0x0, 0xb, 0xff,
    0x60, 0x0, 0x0, 0x0, 0x0, 0x0, 0xbf, 0xf7,
    0x0, 0x0, 0x0, 0x0, 0x0, 0x8, 0xff, 0xf9,
    0x20, 0x0, 0x0, 0x0, 0x0, 0x1d, 0xff, 0xff,
    0xea, 0x61, 0x0, 0x0, 0x0, 0x19, 0xff, 0xff,
    0xff, 0xfa, 0x30, 0x0, 0x0, 0x0, 0x5a, 0xef,
    0xff, 0xff, 0x40, 0x0, 0x0, 0x0, 0x0, 0x27,
    0xef, 0xfe, 0x0, 0x0, 0x0, 0x0, 0x0, 0x1,
    0xff, 0xf2, 0x1, 0x10, 0x0, 0x0, 0x0, 0xe,
    0xff, 0x30, 0x7e, 0x71, 0x0, 0x0, 0x6, 0xff,
    0xf0, 0xe, 0xff, 0xfd, 0xa9, 0xad, 0xff, 0xf7,
    0x0, 0x6e, 0xff, 0xff, 0xff, 0xff, 0xf9, 0x0,
    0x0, 0x5, 0xad, 0xef, 0xed, 0x93, 0x0, 0x0,
    0x0, 0x0, 0x0, 0x0, 0x0, 0x0, 0x0, 0x0,
    0x0, 0x0, 0x5, 0x30, 0x0, 0x0, 0x0, 0x0,
    0x0, 0x8, 0xff, 0x10, 0x0, 0x0, 0x0, 0x0,
    0x0, 0x6f, 0xf1, 0x0, 0x0, 0x0, 0x0, 0x0,
    0x0, 0xfb, 0x0, 0x0, 0x0, 0x0, 0x0, 0x0,
    0x4f, 0x40, 0x0, 0x0, 0x0,

    /* U+0219 "ș" */
    0x0, 0x7, 0xce, 0xff, 0xc9, 0x40, 0x2, 0xef,
    0xff, 0xff, 0xff, 0xf2, 0xc, 0xff, 0xd8, 0x78,
    0xbf, 0x90, 0xf, 0xfe, 0x0, 0x0, 0x1, 0x10,
    0xf, 0xff, 0x30, 0x0, 0x0, 0x0, 0xc, 0xff,
    0xfd, 0xa7, 0x30, 0x0, 0x1, 0xcf, 0xff, 0xff,
    0xfe, 0x60, 0x0, 0x2, 0x7a, 0xcf, 0xff, 0xf5,
    0x0, 0x0, 0x0, 0x0, 0x8f, 0xfa, 0x5, 0x40,
    0x0, 0x0, 0x5f, 0xfa, 0xe, 0xfd, 0xa7, 0x79,
    0xff, 0xf6, 0x4f, 0xff, 0xff, 0xff, 0xff, 0xa0,
    0x1, 0x7b, 0xef, 0xfe, 0xa4, 0x0, 0x0, 0x0,
    0x0, 0x0, 0x0, 0x0, 0x0, 0x0, 0x3, 0x40,
    0x0, 0x0, 0x0, 0x0, 0x3f, 0xf6, 0x0, 0x0,
    0x0, 0x0, 0x2f, 0xf6, 0x0, 0x0, 0x0, 0x0,
    0xa, 0xf1, 0x0, 0x0, 0x0, 0x0, 0xe, 0x90,
    0x0, 0x0,

    /* U+021A "Ț" */
    0xef, 0xff, 0xff, 0xff, 0xff, 0xff, 0xff, 0x5e,
    0xff, 0xff, 0xff, 0xff, 0xff, 0xff, 0xf5, 0x9a,
    0xaa, 0xac, 0xff, 0xea, 0xaa, 0xaa, 0x30, 0x0,
    0x0, 0x5f, 0xfc, 0x0, 0x0, 0x0, 0x0, 0x0,
    0x5, 0xff, 0xc0, 0x0, 0x0, 0x0, 0x0, 0x0,
    0x5f, 0xfc, 0x0, 0x0, 0x0, 0x0, 0x0, 0x5,
    0xff, 0xc0, 0x0, 0x0, 0x0, 0x0, 0x0, 0x5f,
    0xfc, 0x0, 0x0, 0x0, 0x0, 0x0, 0x5, 0xff,
    0xc0, 0x0, 0x0, 0x0, 0x0, 0x0, 0x5f, 0xfc,
    0x0, 0x0, 0x0, 0x0, 0x0, 0x5, 0xff, 0xc0,
    0x0, 0x0, 0x0, 0x0, 0x0, 0x5f, 0xfc, 0x0,
    0x0, 0x0, 0x0, 0x0, 0x5, 0xff, 0xc0, 0x0,
    0x0, 0x0, 0x0, 0x0, 0x5f, 0xfc, 0x0, 0x0,
    0x0, 0x0, 0x0, 0x5, 0xff, 0xc0, 0x0, 0x0,
    0x0, 0x0, 0x0, 0x5f, 0xfc, 0x0, 0x0, 0x0,
    0x0, 0x0, 0x5, 0xff, 0xc0, 0x0, 0x0, 0x0,
    0x0, 0x0, 0x0, 0x0, 0x0, 0x0, 0x0, 0x0,
    0x0, 0x0, 0x35, 0x0, 0x0, 0x0, 0x0, 0x0,
    0x0, 0x1f, 0xf8, 0x0, 0x0, 0x0, 0x0, 0x0,
    0x1, 0xef, 0x80, 0x0, 0x0, 0x0, 0x0, 0x0,
    0x8, 0xf3, 0x0, 0x0, 0x0, 0x0, 0x0, 0x0,
    0xcb, 0x0, 0x0, 0x0, 0x0,

    /* U+021B "ț" */
    0x0, 0xaf, 0xf6, 0x0, 0x0, 0x0, 0xaf, 0xf6,
    0x0, 0x0, 0x0, 0xaf, 0xf6, 0x0, 0x0, 0xbf,
    0xff, 0xff, 0xff, 0xd0, 0xbf, 0xff, 0xff, 0xff,
    0xd0, 0x46, 0xcf, 0xfa, 0x66, 0x50, 0x0, 0xaf,
    0xf6, 0x0, 0x0, 0x0, 0xaf, 0xf6, 0x0, 0x0,
    0x0, 0xaf, 0xf6, 0x0, 0x0, 0x0, 0xaf, 0xf6,
    0x0, 0x0, 0x0, 0xaf, 0xf6, 0x0, 0x0, 0x0,
    0x9f, 0xf6, 0x0, 0x0, 0x0, 0x8f, 0xf9, 0x0,
    0x0, 0x0, 0x5f, 0xff, 0x98, 0xc1, 0x0, 0xc,
    0xff, 0xff, 0xf6, 0x0, 0x0, 0x8d, 0xfe, 0xb3,
    0x0, 0x0, 0x0, 0x0, 0x0, 0x0, 0x0, 0x3,
    0x50, 0x0, 0x0, 0x0, 0x2f, 0xf7, 0x0, 0x0,
    0x0, 0x1e, 0xf8, 0x0, 0x0, 0x0, 0x9, 0xf2,
    0x0, 0x0, 0x0, 0xd, 0xa0, 0x0,

    /* U+2022 "•" */
    0x0, 0x12, 0x0, 0xa, 0xff, 0xa0, 0x5f, 0xff,
    0xf6, 0x8f, 0xff, 0xf8, 0x4f, 0xff, 0xf4, 0x7,
    0xee, 0x70,

    /* U+F001 "" */
    0x0, 0x0, 0x0, 0x0, 0x0, 0x0, 0x0, 0x0,
    0x0, 0x0, 0x0, 0x0, 0x0, 0x0, 0x0, 0x0,
    0x0, 0x0, 0x0, 0x0, 0x0, 0x2, 0x7b, 0xe8,
    0x0, 0x0, 0x0, 0x0, 0x0, 0x0, 0x0, 0x0,
    0x49, 0xdf, 0xff, 0xff, 0x0, 0x0, 0x0, 0x0,
    0x0, 0x0, 0x16, 0xbf, 0xff, 0xff, 0xff, 0xff,
    0x0, 0x0, 0x0, 0x0, 0x3, 0x8c, 0xff, 0xff,
    0xff, 0xff, 0xff, 0xff, 0x0, 0x0, 0x0, 0x3a,
    0xef, 0xff, 0xff, 0xff, 0xff, 0xff, 0xff, 0xff,
    0x0, 0x0, 0x0, 0xef, 0xff, 0xff, 0xff, 0xff,
    0xff, 0xff, 0xff, 0xff, 0x0, 0x0, 0x0, 0xff,
    0xff, 0xff, 0xff, 0xff, 0xff, 0xff, 0xaf, 0xff,
    0x0, 0x0, 0x0, 0xff, 0xff, 0xff, 0xff, 0xff,
    0xd8, 0x40, 0xf, 0xff, 0x0, 0x0, 0x0, 0xff,
    0xff, 0xff, 0xfb, 0x62, 0x0, 0x0, 0xf, 0xff,
    0x0, 0x0, 0x0, 0xff, 0xfe, 0x94, 0x0, 0x0,
    0x0, 0x0, 0xf, 0xff, 0x0, 0x0, 0x0, 0xff,
    0xf0, 0x0, 0x0, 0x0, 0x0, 0x0, 0xf, 0xff,
    0x0, 0x0, 0x0, 0xff, 0xf0, 0x0, 0x0, 0x0,
    0x0, 0x0, 0xf, 0xff, 0x0, 0x0, 0x0, 0xff,
    0xf0, 0x0, 0x0, 0x0, 0x0, 0x0, 0xf, 0xff,
    0x0, 0x0, 0x0, 0xff, 0xf0, 0x0, 0x0, 0x0,
    0x0, 0x0, 0xf, 0xff, 0x0, 0x0, 0x0, 0xff,
    0xf0, 0x0, 0x0, 0x0, 0x0, 0x0, 0xf, 0xff,
    0x0, 0x0, 0x0, 0xff, 0xf0, 0x0, 0x0, 0x0,
    0x3a, 0xdf, 0xdf, 0xff, 0x0, 0x0, 0x0, 0xff,
    0xf0, 0x0, 0x0, 0x6, 0xff, 0xff, 0xff, 0xff,
    0x0, 0x0, 0x0, 0xff, 0xf0, 0x0, 0x0, 0xe,
    0xff, 0xff, 0xff, 0xff, 0x3, 0xad, 0xfd, 0xff,
    0xf0, 0x0, 0x0, 0xe, 0xff, 0xff, 0xff, 0xfe,
    0x6f, 0xff, 0xff, 0xff, 0xf0, 0x0, 0x0, 0x6,
    0xff, 0xff, 0xff, 0xf6, 0xef, 0xff, 0xff, 0xff,
    0xf0, 0x0, 0x0, 0x0, 0x3a, 0xef, 0xea, 0x30,
    0xef, 0xff, 0xff, 0xff, 0xe0, 0x0, 0x0, 0x0,
    0x0, 0x0, 0x0, 0x0, 0x6f, 0xff, 0xff, 0xff,
    0x60, 0x0, 0x0, 0x0, 0x0, 0x0, 0x0, 0x0,
    0x3, 0xae, 0xfe, 0xa3, 0x0, 0x0, 0x0, 0x0,
    0x0, 0x0, 0x0, 0x0,

    /* U+F008 "" */
    0xb7, 0x0, 0xbf, 0xff, 0xff, 0xff, 0xff, 0xff,
    0xff, 0xf4, 0x0, 0x7b, 0xfd, 0x88, 0xef, 0xff,
    0xff, 0xff, 0xff, 0xff, 0xff, 0xfb, 0x88, 0xdf,
    0xff, 0xff, 0xff, 0xb4, 0x44, 0x44, 0x44, 0x44,
    0x5f, 0xff, 0xff, 0xff, 0xf9, 0x0, 0xcf, 0x80,
    0x0, 0x0, 0x0, 0x0, 0xf, 0xf5, 0x0, 0x9f,
    0xf8, 0x0, 0xbf, 0x80, 0x0, 0x0, 0x0, 0x0,
    0xf, 0xf4, 0x0, 0x8f, 0xf9, 0x0, 0xcf, 0x80,
    0x0, 0x0, 0x0, 0x0, 0xf, 0xf5, 0x0, 0x9f,
    0xff, 0xff, 0xff, 0x80, 0x0, 0x0, 0x0, 0x0,
    0xf, 0xff, 0xff, 0xff, 0xfd, 0x88, 0xef, 0xa2,
    0x22, 0x22, 0x22, 0x22, 0x3f, 0xfb, 0x88, 0xdf,
    0xf8, 0x0, 0xbf, 0xff, 0xff, 0xff, 0xff, 0xff,
    0xff, 0xf4, 0x0, 0x8f, 0xf8, 0x0, 0xbf, 0xff,
    0xff, 0xff, 0xff, 0xff, 0xff, 0xf4, 0x0, 0x8f,
    0xfd, 0x88, 0xef, 0xa2, 0x22, 0x22, 0x22, 0x22,
    0x3f, 0xfb, 0x88, 0xdf, 0xff, 0xff, 0xff, 0x80,
    0x0, 0x0, 0x0, 0x0, 0xf, 0xff, 0xff, 0xff,
    0xf9, 0x0, 0xcf, 0x80, 0x0, 0x0, 0x0, 0x0,
    0xf, 0xf5, 0x0, 0x9f, 0xf8, 0x0, 0xbf, 0x80,
    0x0, 0x0, 0x0, 0x0, 0xf, 0xf4, 0x0, 0x8f,
    0xf9, 0x0, 0xcf, 0x80, 0x0, 0x0, 0x0, 0x0,
    0xf, 0xf5, 0x0, 0x9f, 0xff, 0xff, 0xff, 0xb4,
    0x44, 0x44, 0x44, 0x44, 0x5f, 0xff, 0xff, 0xff,
    0xfd, 0x88, 0xef, 0xff, 0xff, 0xff, 0xff, 0xff,
    0xff, 0xfb, 0x88, 0xdf, 0xb7, 0x0, 0xbf, 0xff,
    0xff, 0xff, 0xff, 0xff, 0xff, 0xf4, 0x0, 0x7b,

    /* U+F00B "" */
    0x14, 0x44, 0x44, 0x10, 0x3, 0x44, 0x44, 0x44,
    0x44, 0x44, 0x44, 0x41, 0xef, 0xff, 0xff, 0xe0,
    0x6f, 0xff, 0xff, 0xff, 0xff, 0xff, 0xff, 0xfe,
    0xff, 0xff, 0xff, 0xf0, 0x8f, 0xff, 0xff, 0xff,
    0xff, 0xff, 0xff, 0xff, 0xff, 0xff, 0xff, 0xf0,
    0x8f, 0xff, 0xff, 0xff, 0xff, 0xff, 0xff, 0xff,
    0xff, 0xff, 0xff, 0xf0, 0x8f, 0xff, 0xff, 0xff,
    0xff, 0xff, 0xff, 0xff, 0xff, 0xff, 0xff, 0xf0,
    0x8f, 0xff, 0xff, 0xff, 0xff, 0xff, 0xff, 0xff,
    0x7b, 0xbb, 0xbb, 0x60, 0x2a, 0xbb, 0xbb, 0xbb,
    0xbb, 0xbb, 0xbb, 0xb7, 0x0, 0x0, 0x0, 0x0,
    0x0, 0x0, 0x0, 0x0, 0x0, 0x0, 0x0, 0x0,
    0xbf, 0xff, 0xff, 0xb0, 0x4f, 0xff, 0xff, 0xff,
    0xff, 0xff, 0xff, 0xfb, 0xff, 0xff, 0xff, 0xf0,
    0x8f, 0xff, 0xff, 0xff, 0xff, 0xff, 0xff, 0xff,
    0xff, 0xff, 0xff, 0xf0, 0x8f, 0xff, 0xff, 0xff,
    0xff, 0xff, 0xff, 0xff, 0xff, 0xff, 0xff, 0xf0,
    0x8f, 0xff, 0xff, 0xff, 0xff, 0xff, 0xff, 0xff,
    0xff, 0xff, 0xff, 0xf0, 0x8f, 0xff, 0xff, 0xff,
    0xff, 0xff, 0xff, 0xff, 0xbf, 0xff, 0xff, 0xb0,
    0x4f, 0xff, 0xff, 0xff, 0xff, 0xff, 0xff, 0xfb,
    0x0, 0x0, 0x0, 0x0, 0x0, 0x0, 0x0, 0x0,
    0x0, 0x0, 0x0, 0x0, 0x14, 0x44, 0x44, 0x10,
    0x3, 0x44, 0x44, 0x44, 0x44, 0x44, 0x44, 0x41,
    0xef, 0xff, 0xff, 0xe0, 0x6f, 0xff, 0xff, 0xff,
    0xff, 0xff, 0xff, 0xfe, 0xff, 0xff, 0xff, 0xf0,
    0x8f, 0xff, 0xff, 0xff, 0xff, 0xff, 0xff, 0xff,
    0xff, 0xff, 0xff, 0xf0, 0x8f, 0xff, 0xff, 0xff,
    0xff, 0xff, 0xff, 0xff, 0xff, 0xff, 0xff, 0xf0,
    0x8f, 0xff, 0xff, 0xff, 0xff, 0xff, 0xff, 0xff,
    0xff, 0xff, 0xff, 0xf0, 0x8f, 0xff, 0xff, 0xff,
    0xff, 0xff, 0xff, 0xff, 0x7b, 0xbb, 0xbb, 0x60,
    0x2a, 0xbb, 0xbb, 0xbb, 0xbb, 0xbb, 0xbb, 0xb7,

    /* U+F00C "" */
    0x0, 0x0, 0x0, 0x0, 0x0, 0x0, 0x0, 0x0,
    0x0, 0x0, 0xbd, 0x20, 0x0, 0x0, 0x0, 0x0,
    0x0, 0x0, 0x0, 0x0, 0x0, 0xc, 0xff, 0xe2,
    0x0, 0x0, 0x0, 0x0, 0x0, 0x0, 0x0, 0x0,
    0x0, 0xcf, 0xff, 0xfd, 0x0, 0x0, 0x0, 0x0,
    0x0, 0x0, 0x0, 0x0, 0xc, 0xff, 0xff, 0xfd,
    0x0, 0x0, 0x0, 0x0, 0x0, 0x0, 0x0, 0x0,
    0xcf, 0xff, 0xff, 0xd1, 0x0, 0x0, 0x0, 0x0,
    0x0, 0x0, 0x0, 0xc, 0xff, 0xff, 0xfd, 0x10,
    0x2, 0xdb, 0x0, 0x0, 0x0, 0x0, 0x0, 0xcf,
    0xff, 0xff, 0xd1, 0x0, 0x2e, 0xff, 0xc0, 0x0,
    0x0, 0x0, 0xc, 0xff, 0xff, 0xfd, 0x10, 0x0,
    0xdf, 0xff, 0xfc, 0x0, 0x0, 0x0, 0xcf, 0xff,
    0xff, 0xd1, 0x0, 0x0, 0xdf, 0xff, 0xff, 0xc0,
    0x0, 0xc, 0xff, 0xff, 0xfd, 0x10, 0x0, 0x0,
    0x1d, 0xff, 0xff, 0xfc, 0x0, 0xcf, 0xff, 0xff,
    0xd1, 0x0, 0x0, 0x0, 0x1, 0xdf, 0xff, 0xff,
    0xcc, 0xff, 0xff, 0xfd, 0x10, 0x0, 0x0, 0x0,
    0x0, 0x1d, 0xff, 0xff, 0xff, 0xff, 0xff, 0xd1,
    0x0, 0x0, 0x0, 0x0, 0x0, 0x1, 0xdf, 0xff,
    0xff, 0xff, 0xfd, 0x10, 0x0, 0x0, 0x0, 0x0,
    0x0, 0x0, 0x1d, 0xff, 0xff, 0xff, 0xd1, 0x0,
    0x0, 0x0, 0x0, 0x0, 0x0, 0x0, 0x1, 0xdf,
    0xff, 0xfd, 0x10, 0x0, 0x0, 0x0, 0x0, 0x0,
    0x0, 0x0, 0x0, 0x1d, 0xff, 0xd1, 0x0, 0x0,
    0x0, 0x0, 0x0, 0x0, 0x0, 0x0, 0x0, 0x1,
    0xcc, 0x10, 0x0, 0x0, 0x0, 0x0, 0x0, 0x0,

    /* U+F00D "" */
    0x1, 0x41, 0x0, 0x0, 0x0, 0x0, 0x3, 0x30,
    0x1, 0xdf, 0xd1, 0x0, 0x0, 0x0, 0x7, 0xff,
    0x70, 0xcf, 0xff, 0xd1, 0x0, 0x0, 0x7, 0xff,
    0xff, 0x4e, 0xff, 0xff, 0xd1, 0x0, 0x7, 0xff,
    0xff, 0xf6, 0x4f, 0xff, 0xff, 0xd1, 0x7, 0xff,
    0xff, 0xfb, 0x0, 0x4f, 0xff, 0xff, 0xd8, 0xff,
    0xff, 0xfb, 0x0, 0x0, 0x4f, 0xff, 0xff, 0xff,
    0xff, 0xfb, 0x0, 0x0, 0x0, 0x4f, 0xff, 0xff,
    0xff, 0xfb, 0x0, 0x0, 0x0, 0x0, 0x4f, 0xff,
    0xff, 0xfc, 0x0, 0x0, 0x0, 0x0, 0x7, 0xff,
    0xff, 0xff, 0xd1, 0x0, 0x0, 0x0, 0x7, 0xff,
    0xff, 0xff, 0xff, 0xd1, 0x0, 0x0, 0x7, 0xff,
    0xff, 0xff, 0xff, 0xff, 0xd1, 0x0, 0x7, 0xff,
    0xff, 0xfb, 0x5f, 0xff, 0xff, 0xd1, 0x7, 0xff,
    0xff, 0xfb, 0x0, 0x4f, 0xff, 0xff, 0xd1, 0xff,
    0xff, 0xfb, 0x0, 0x0, 0x4f, 0xff, 0xff, 0x7a,
    0xff, 0xfb, 0x0, 0x0, 0x0, 0x4f, 0xff, 0xf3,
    0xb, 0xfb, 0x0, 0x0, 0x0, 0x0, 0x4f, 0xf4,
    0x0, 0x1, 0x0, 0x0, 0x0, 0x0, 0x0, 0x0,
    0x0,

    /* U+F011 "" */
    0x0, 0x0, 0x0, 0x0, 0x0, 0xaf, 0xf8, 0x0,
    0x0, 0x0, 0x0, 0x0, 0x0, 0x0, 0x0, 0x0,
    0x0, 0xef, 0xfd, 0x0, 0x0, 0x0, 0x0, 0x0,
    0x0, 0x0, 0x8, 0x60, 0x0, 0xef, 0xfd, 0x0,
    0x7, 0x70, 0x0, 0x0, 0x0, 0x1, 0xcf, 0xf3,
    0x0, 0xef, 0xfd, 0x0, 0x5f, 0xfb, 0x0, 0x0,
    0x0, 0xc, 0xff, 0xfb, 0x0, 0xef, 0xfd, 0x0,
    0xcf, 0xff, 0xb0, 0x0, 0x0, 0x9f, 0xff, 0xf6,
    0x0, 0xef, 0xfd, 0x0, 0x7f, 0xff, 0xf7, 0x0,
    0x3, 0xff, 0xff, 0x60, 0x0, 0xef, 0xfd, 0x0,
    0x8, 0xff, 0xff, 0x20, 0xa, 0xff, 0xf9, 0x0,
    0x0, 0xef, 0xfd, 0x0, 0x0, 0xbf, 0xff, 0x90,
    0x1f, 0xff, 0xe0, 0x0, 0x0, 0xef, 0xfd, 0x0,
    0x0, 0x1f, 0xff, 0xf0, 0x5f, 0xff, 0x90, 0x0,
    0x0, 0xef, 0xfd, 0x0, 0x0, 0xa, 0xff, 0xf3,
    0x8f, 0xff, 0x40, 0x0, 0x0, 0xef, 0xfd, 0x0,
    0x0, 0x6, 0xff, 0xf6, 0x9f, 0xff, 0x20, 0x0,
    0x0, 0xef, 0xfd, 0x0, 0x0, 0x4, 0xff, 0xf8,
    0x9f, 0xff, 0x20, 0x0, 0x0, 0xef, 0xfc, 0x0,
    0x0, 0x4, 0xff, 0xf7, 0x8f, 0xff, 0x40, 0x0,
    0x0, 0x37, 0x72, 0x0, 0x0, 0x6, 0xff, 0xf6,
    0x5f, 0xff, 0x80, 0x0, 0x0, 0x0, 0x0, 0x0,
    0x0, 0xa, 0xff, 0xf4, 0x1f, 0xff, 0xe0, 0x0,
    0x0, 0x0, 0x0, 0x0, 0x0, 0x1f, 0xff, 0xf0,
    0xb, 0xff, 0xf8, 0x0, 0x0, 0x0, 0x0, 0x0,
    0x0, 0xaf, 0xff, 0xa0, 0x3, 0xff, 0xff, 0x60,
    0x0, 0x0, 0x0, 0x0, 0x7, 0xff, 0xff, 0x20,
    0x0, 0xaf, 0xff, 0xf8, 0x0, 0x0, 0x0, 0x1,
    0x9f, 0xff, 0xf8, 0x0, 0x0, 0xd, 0xff, 0xff,
    0xe8, 0x42, 0x24, 0x9e, 0xff, 0xff, 0xb0, 0x0,
    0x0, 0x1, 0xdf, 0xff, 0xff, 0xff, 0xff, 0xff,
    0xff, 0xfb, 0x10, 0x0, 0x0, 0x0, 0xa, 0xff,
    0xff, 0xff, 0xff, 0xff, 0xff, 0x90, 0x0, 0x0,
    0x0, 0x0, 0x0, 0x3b, 0xff, 0xff, 0xff, 0xff,
    0xb3, 0x0, 0x0, 0x0, 0x0, 0x0, 0x0, 0x0,
    0x15, 0x89, 0x97, 0x51, 0x0, 0x0, 0x0, 0x0,

    /* U+F013 "" */
    0x0, 0x0, 0x0, 0x0, 0x4, 0x89, 0x98, 0x40,
    0x0, 0x0, 0x0, 0x0, 0x0, 0x0, 0x0, 0x0,
    0xf, 0xff, 0xff, 0xf0, 0x0, 0x0, 0x0, 0x0,
    0x0, 0x0, 0x0, 0x0, 0xf, 0xff, 0xff, 0xf0,
    0x0, 0x0, 0x0, 0x0, 0x0, 0x0, 0x0, 0x0,
    0x4f, 0xff, 0xff, 0xf4, 0x0, 0x0, 0x0, 0x0,
    0x0, 0xc, 0xc3, 0x2c, 0xff, 0xff, 0xff, 0xff,
    0xc2, 0x3c, 0xc0, 0x0, 0x0, 0x8f, 0xff, 0xff,
    0xff, 0xff, 0xff, 0xff, 0xff, 0xff, 0xf8, 0x0,
    0x3, 0xff, 0xff, 0xff, 0xff, 0xff, 0xff, 0xff,
    0xff, 0xff, 0xff, 0x30, 0xa, 0xff, 0xff, 0xff,
    0xff, 0xff, 0xff, 0xff, 0xff, 0xff, 0xff, 0xa0,
    0xf, 0xff, 0xff, 0xff, 0xff, 0x94, 0x49, 0xff,
    0xff, 0xff, 0xff, 0xf0, 0x6, 0xef, 0xff, 0xff,
    0xf4, 0x0, 0x0, 0x4f, 0xff, 0xff, 0xfe, 0x60,
    0x0, 0x1e, 0xff, 0xff, 0x90, 0x0, 0x0, 0x9,
    0xff, 0xff, 0xe1, 0x0, 0x0, 0xf, 0xff, 0xff,
    0x40, 0x0, 0x0, 0x4, 0xff, 0xff, 0xf0, 0x0,
    0x0, 0xf, 0xff, 0xff, 0x40, 0x0, 0x0, 0x4,
    0xff, 0xff, 0xf0, 0x0, 0x0, 0x1e, 0xff, 0xff,
    0x90, 0x0, 0x0, 0x9, 0xff, 0xff, 0xe1, 0x0,
    0x6, 0xef, 0xff, 0xff, 0xf4, 0x0, 0x0, 0x4f,
    0xff, 0xff, 0xfe, 0x60, 0xf, 0xff, 0xff, 0xff,
    0xff, 0x94, 0x49, 0xff, 0xff, 0xff, 0xff, 0xf0,
    0xa, 0xff, 0xff, 0xff, 0xff, 0xff, 0xff, 0xff,
    0xff, 0xff, 0xff, 0xa0, 0x3, 0xff, 0xff, 0xff,
    0xff, 0xff, 0xff, 0xff, 0xff, 0xff, 0xff, 0x30,
    0x0, 0x8f, 0xff, 0xff, 0xff, 0xff, 0xff, 0xff,
    0xff, 0xff, 0xf8, 0x0, 0x0, 0xc, 0xc3, 0x2c,
    0xff, 0xff, 0xff, 0xff, 0xc2, 0x3c, 0xc0, 0x0,
    0x0, 0x0, 0x0, 0x0, 0x4f, 0xff, 0xff, 0xf4,
    0x0, 0x0, 0x0, 0x0, 0x0, 0x0, 0x0, 0x0,
    0xf, 0xff, 0xff, 0xf0, 0x0, 0x0, 0x0, 0x0,
    0x0, 0x0, 0x0, 0x0, 0xf, 0xff, 0xff, 0xf0,
    0x0, 0x0, 0x0, 0x0, 0x0, 0x0, 0x0, 0x0,
    0x4, 0x89, 0x98, 0x40, 0x0, 0x0, 0x0, 0x0,

    /* U+F015 "" */
    0x0, 0x0, 0x0, 0x0, 0x0, 0x0, 0x13, 0x10,
    0x0, 0x2, 0x44, 0x20, 0x0, 0x0, 0x0, 0x0,
    0x0, 0x0, 0x0, 0x5f, 0xfe, 0x40, 0x0, 0xdf,
    0xfd, 0x0, 0x0, 0x0, 0x0, 0x0, 0x0, 0x0,
    0x7f, 0xff, 0xff, 0x70, 0xe, 0xff, 0xe0, 0x0,
    0x0, 0x0, 0x0, 0x0, 0x0, 0xaf, 0xff, 0xff,
    0xff, 0xa0, 0xef, 0xfe, 0x0, 0x0, 0x0, 0x0,
    0x0, 0x1, 0xcf, 0xff, 0xb3, 0xbf, 0xff, 0xce,
    0xff, 0xe0, 0x0, 0x0, 0x0, 0x0, 0x3, 0xef,
    0xff, 0x90, 0x0, 0x9f, 0xff, 0xff, 0xfe, 0x0,
    0x0, 0x0, 0x0, 0x6, 0xff, 0xff, 0x60, 0x5d,
    0x50, 0x6f, 0xff, 0xff, 0xe0, 0x0, 0x0, 0x0,
    0x8, 0xff, 0xfe, 0x30, 0x8f, 0xff, 0x80, 0x3e,
    0xff, 0xfe, 0x0, 0x0, 0x0, 0x1b, 0xff, 0xfd,
    0x20, 0xaf, 0xff, 0xff, 0xa0, 0x2d, 0xff, 0xfb,
    0x0, 0x0, 0x2d, 0xff, 0xfb, 0x1, 0xcf, 0xff,
    0xff, 0xff, 0xc1, 0xb, 0xff, 0xfd, 0x20, 0x4f,
    0xff, 0xf8, 0x3, 0xef, 0xff, 0xff, 0xff, 0xff,
    0xe3, 0x8, 0xff, 0xfe, 0x4e, 0xff, 0xf5, 0x5,
    0xff, 0xff, 0xff, 0xff, 0xff, 0xff, 0xf5, 0x5,
    0xff, 0xfe, 0x4f, 0xe3, 0x8, 0xff, 0xff, 0xff,
    0xff, 0xff, 0xff, 0xff, 0xf8, 0x3, 0xef, 0x40,
    0x41, 0x7, 0xff, 0xff, 0xff, 0xff, 0xff, 0xff,
    0xff, 0xff, 0xf7, 0x1, 0x40, 0x0, 0x0, 0x8f,
    0xff, 0xff, 0xff, 0xff, 0xff, 0xff, 0xff, 0xff,
    0x80, 0x0, 0x0, 0x0, 0x8, 0xff, 0xff, 0xff,
    0xeb, 0xbb, 0xef, 0xff, 0xff, 0xf8, 0x0, 0x0,
    0x0, 0x0, 0x8f, 0xff, 0xff, 0xf4, 0x0, 0x4,
    0xff, 0xff, 0xff, 0x80, 0x0, 0x0, 0x0, 0x8,
    0xff, 0xff, 0xff, 0x40, 0x0, 0x4f, 0xff, 0xff,
    0xf8, 0x0, 0x0, 0x0, 0x0, 0x8f, 0xff, 0xff,
    0xf4, 0x0, 0x4, 0xff, 0xff, 0xff, 0x80, 0x0,
    0x0, 0x0, 0x8, 0xff, 0xff, 0xff, 0x40, 0x0,
    0x4f, 0xff, 0xff, 0xf8, 0x0, 0x0, 0x0, 0x0,
    0x7f, 0xff, 0xff, 0xf3, 0x0, 0x3, 0xff, 0xff,
    0xff, 0x70, 0x0, 0x0, 0x0, 0x3, 0xbb, 0xbb,
    0xba, 0x10, 0x0, 0x1a, 0xbb, 0xbb, 0xb3, 0x0,
    0x0,

    /* U+F019 "" */
    0x0, 0x0, 0x0, 0x0, 0x9, 0xdd, 0xdd, 0x90,
    0x0, 0x0, 0x0, 0x0, 0x0, 0x0, 0x0, 0x0,
    0xf, 0xff, 0xff, 0xf0, 0x0, 0x0, 0x0, 0x0,
    0x0, 0x0, 0x0, 0x0, 0xf, 0xff, 0xff, 0xf0,
    0x0, 0x0, 0x0, 0x0, 0x0, 0x0, 0x0, 0x0,
    0xf, 0xff, 0xff, 0xf0, 0x0, 0x0, 0x0, 0x0,
    0x0, 0x0, 0x0, 0x0, 0xf, 0xff, 0xff, 0xf0,
    0x0, 0x0, 0x0, 0x0, 0x0, 0x0, 0x0, 0x0,
    0xf, 0xff, 0xff, 0xf0, 0x0, 0x0, 0x0, 0x0,
    0x0, 0x0, 0x0, 0x0, 0xf, 0xff, 0xff, 0xf0,
    0x0, 0x0, 0x0, 0x0, 0x0, 0x0, 0x0, 0x0,
    0xf, 0xff, 0xff, 0xf0, 0x0, 0x0, 0x0, 0x0,
    0x0, 0x0, 0x0, 0x0, 0xf, 0xff, 0xff, 0xf0,
    0x0, 0x0, 0x0, 0x0, 0x0, 0x0, 0xad, 0xdd,
    0xdf, 0xff, 0xff, 0xfd, 0xdd, 0xda, 0x0, 0x0,
    0x0, 0x0, 0xdf, 0xff, 0xff, 0xff, 0xff, 0xff,
    0xff, 0xfd, 0x0, 0x0, 0x0, 0x0, 0x1d, 0xff,
    0xff, 0xff, 0xff, 0xff, 0xff, 0xd1, 0x0, 0x0,
    0x0, 0x0, 0x1, 0xdf, 0xff, 0xff, 0xff, 0xff,
    0xfd, 0x10, 0x0, 0x0, 0x0, 0x0, 0x0, 0x1d,
    0xff, 0xff, 0xff, 0xff, 0xd1, 0x0, 0x0, 0x0,
    0x0, 0x0, 0x0, 0x1, 0xdf, 0xff, 0xff, 0xfd,
    0x10, 0x0, 0x0, 0x0, 0x0, 0x0, 0x0, 0x0,
    0x1d, 0xff, 0xff, 0xd1, 0x0, 0x0, 0x0, 0x0,
    0x25, 0x55, 0x55, 0x55, 0x11, 0xdf, 0xfd, 0x11,
    0x55, 0x55, 0x55, 0x52, 0xef, 0xff, 0xff, 0xff,
    0xd1, 0x1d, 0xd1, 0x1d, 0xff, 0xff, 0xff, 0xfe,
    0xff, 0xff, 0xff, 0xff, 0xfd, 0x10, 0x1, 0xdf,
    0xff, 0xff, 0xff, 0xff, 0xff, 0xff, 0xff, 0xff,
    0xff, 0xf9, 0x9f, 0xff, 0xff, 0xff, 0xff, 0xff,
    0xff, 0xff, 0xff, 0xff, 0xff, 0xff, 0xff, 0xff,
    0xff, 0xff, 0xff, 0xff, 0xff, 0xff, 0xff, 0xff,
    0xff, 0xff, 0xff, 0xff, 0x71, 0xe7, 0x1e, 0xff,
    0xff, 0xff, 0xff, 0xff, 0xff, 0xff, 0xff, 0xff,
    0xb6, 0xfb, 0x6f, 0xff, 0xbf, 0xff, 0xff, 0xff,
    0xff, 0xff, 0xff, 0xff, 0xff, 0xff, 0xff, 0xfb,

    /* U+F01C "" */
    0x0, 0x0, 0x3, 0xcf, 0xff, 0xff, 0xff, 0xff,
    0xff, 0xff, 0xd3, 0x0, 0x0, 0x0, 0x0, 0x1,
    0xef, 0xff, 0xff, 0xff, 0xff, 0xff, 0xff, 0xff,
    0xe1, 0x0, 0x0, 0x0, 0x0, 0xaf, 0xff, 0xff,
    0xff, 0xff, 0xff, 0xff, 0xff, 0xff, 0xa0, 0x0,
    0x0, 0x0, 0x5f, 0xff, 0x40, 0x0, 0x0, 0x0,
    0x0, 0x0, 0x4f, 0xff, 0x50, 0x0, 0x0, 0x1e,
    0xff, 0x90, 0x0, 0x0, 0x0, 0x0, 0x0, 0x0,
    0x9f, 0xfe, 0x10, 0x0, 0xa, 0xff, 0xe0, 0x0,
    0x0, 0x0, 0x0, 0x0, 0x0, 0x0, 0xef, 0xfa,
    0x0, 0x5, 0xff, 0xf4, 0x0, 0x0, 0x0, 0x0,
    0x0, 0x0, 0x0, 0x4, 0xff, 0xf5, 0x1, 0xef,
    0xf9, 0x0, 0x0, 0x0, 0x0, 0x0, 0x0, 0x0,
    0x0, 0x9, 0xff, 0xe1, 0xaf, 0xfe, 0x0, 0x0,
    0x0, 0x0, 0x0, 0x0, 0x0, 0x0, 0x0, 0xe,
    0xff, 0xaf, 0xff, 0xff, 0xff, 0xff, 0x90, 0x0,
    0x0, 0x0, 0xaf, 0xff, 0xff, 0xff, 0xff, 0xff,
    0xff, 0xff, 0xff, 0xff, 0x20, 0x0, 0x0, 0x2f,
    0xff, 0xff, 0xff, 0xff, 0xff, 0xff, 0xff, 0xff,
    0xff, 0xf9, 0x0, 0x0, 0xa, 0xff, 0xff, 0xff,
    0xff, 0xff, 0xff, 0xff, 0xff, 0xff, 0xff, 0xff,
    0xff, 0xff, 0xff, 0xff, 0xff, 0xff, 0xff, 0xff,
    0xff, 0xff, 0xff, 0xff, 0xff, 0xff, 0xff, 0xff,
    0xff, 0xff, 0xff, 0xff, 0xff, 0xff, 0xff, 0xff,
    0xff, 0xff, 0xff, 0xff, 0xff, 0xff, 0xff, 0xff,
    0xff, 0xff, 0xff, 0xff, 0xff, 0xff, 0xff, 0xff,
    0xff, 0xff, 0xff, 0xff, 0xff, 0xff, 0xff, 0xff,
    0xdf, 0xff, 0xff, 0xff, 0xff, 0xff, 0xff, 0xff,
    0xff, 0xff, 0xff, 0xff, 0xff, 0xd3, 0xdf, 0xff,
    0xff, 0xff, 0xff, 0xff, 0xff, 0xff, 0xff, 0xff,
    0xff, 0xff, 0xd3,

    /* U+F021 "" */
    0x0, 0x0, 0x0, 0x0, 0x0, 0x0, 0x0, 0x0,
    0x0, 0x0, 0x3, 0x32, 0x0, 0x0, 0x0, 0x0,
    0x3, 0x67, 0x75, 0x20, 0x0, 0x0, 0x4f, 0xff,
    0x0, 0x0, 0x0, 0x29, 0xff, 0xff, 0xff, 0xfd,
    0x70, 0x0, 0x4f, 0xff, 0x0, 0x0, 0x8, 0xff,
    0xff, 0xff, 0xff, 0xff, 0xfe, 0x60, 0x3f, 0xff,
    0x0, 0x1, 0xcf, 0xff, 0xff, 0xfe, 0xef, 0xff,
    0xff, 0xfb, 0x3f, 0xff, 0x0, 0xd, 0xff, 0xff,
    0xb4, 0x0, 0x0, 0x5b, 0xff, 0xff, 0xdf, 0xff,
    0x0, 0xaf, 0xff, 0xe4, 0x0, 0x0, 0x0, 0x0,
    0x4d, 0xff, 0xff, 0xff, 0x4, 0xff, 0xfd, 0x10,
    0x0, 0x0, 0x0, 0x0, 0x0, 0xcf, 0xff, 0xff,
    0xc, 0xff, 0xf2, 0x0, 0x0, 0x0, 0x6, 0xff,
    0xee, 0xef, 0xff, 0xff, 0x1f, 0xff, 0x80, 0x0,
    0x0, 0x0, 0x8, 0xff, 0xff, 0xff, 0xff, 0xff,
    0x5f, 0xff, 0x10, 0x0, 0x0, 0x0, 0x7, 0xff,
    0xff, 0xff, 0xff, 0xff, 0x4, 0x43, 0x0, 0x0,
    0x0, 0x0, 0x1, 0x44, 0x44, 0x44, 0x44, 0x43,
    0x0, 0x0, 0x0, 0x0, 0x0, 0x0, 0x0, 0x0,
    0x0, 0x0, 0x0, 0x0, 0x0, 0x0, 0x0, 0x0,
    0x0, 0x0, 0x0, 0x0, 0x0, 0x0, 0x0, 0x0,
    0x34, 0x44, 0x44, 0x44, 0x44, 0x0, 0x0, 0x0,
    0x0, 0x0, 0x34, 0x40, 0xff, 0xff, 0xff, 0xff,
    0xff, 0x70, 0x0, 0x0, 0x0, 0x1, 0xff, 0xf5,
    0xff, 0xff, 0xff, 0xff, 0xff, 0x80, 0x0, 0x0,
    0x0, 0x8, 0xff, 0xf1, 0xff, 0xff, 0xfd, 0xee,
    0xff, 0x60, 0x0, 0x0, 0x0, 0x2f, 0xff, 0xb0,
    0xff, 0xff, 0xfb, 0x0, 0x0, 0x0, 0x0, 0x0,
    0x1, 0xdf, 0xff, 0x40, 0xff, 0xff, 0xff, 0xd3,
    0x0, 0x0, 0x0, 0x0, 0x4e, 0xff, 0xfa, 0x0,
    0xff, 0xfe, 0xff, 0xff, 0xb5, 0x0, 0x0, 0x4b,
    0xff, 0xff, 0xd0, 0x0, 0xff, 0xf3, 0xbf, 0xff,
    0xff, 0xfe, 0xef, 0xff, 0xff, 0xfc, 0x10, 0x0,
    0xff, 0xf3, 0x6, 0xff, 0xff, 0xff, 0xff, 0xff,
    0xff, 0x80, 0x0, 0x0, 0xff, 0xf4, 0x0, 0x17,
    0xdf, 0xff, 0xff, 0xff, 0xa2, 0x0, 0x0, 0x0,
    0xff, 0xf4, 0x0, 0x0, 0x2, 0x67, 0x76, 0x30,
    0x0, 0x0, 0x0, 0x0, 0x23, 0x30, 0x0, 0x0,
    0x0, 0x0, 0x0, 0x0, 0x0, 0x0, 0x0, 0x0,

    /* U+F026 "" */
    0x0, 0x0, 0x0, 0x0, 0x1, 0xa7, 0x0, 0x0,
    0x0, 0x0, 0x1c, 0xff, 0x0, 0x0, 0x0, 0x1,
    0xcf, 0xff, 0x0, 0x0, 0x0, 0x1c, 0xff, 0xff,
    0x14, 0x44, 0x44, 0xcf, 0xff, 0xff, 0xef, 0xff,
    0xff, 0xff, 0xff, 0xff, 0xff, 0xff, 0xff, 0xff,
    0xff, 0xff, 0xff, 0xff, 0xff, 0xff, 0xff, 0xff,
    0xff, 0xff, 0xff, 0xff, 0xff, 0xff, 0xff, 0xff,
    0xff, 0xff, 0xff, 0xff, 0xff, 0xff, 0xff, 0xff,
    0xff, 0xff, 0xff, 0xff, 0xff, 0xff, 0xff, 0xff,
    0xff, 0xff, 0xff, 0xff, 0xff, 0xff, 0x7b, 0xbb,
    0xbb, 0xff, 0xff, 0xff, 0x0, 0x0, 0x0, 0x5f,
    0xff, 0xff, 0x0, 0x0, 0x0, 0x5, 0xff, 0xff,
    0x0, 0x0, 0x0, 0x0, 0x5f, 0xff, 0x0, 0x0,
    0x0, 0x0, 0x5, 0xfd, 0x0, 0x0, 0x0, 0x0,
    0x0, 0x10,

    /* U+F027 "" */
    0x0, 0x0, 0x0, 0x0, 0x0, 0x96, 0x0, 0x0,
    0x0, 0x0, 0x0, 0x0, 0x0, 0xc, 0xff, 0x0,
    0x0, 0x0, 0x0, 0x0, 0x0, 0x0, 0xcf, 0xff,
    0x0, 0x0, 0x0, 0x0, 0x0, 0x0, 0xc, 0xff,
    0xff, 0x0, 0x0, 0x0, 0x13, 0x33, 0x33, 0xcf,
    0xff, 0xff, 0x0, 0x0, 0x0, 0xdf, 0xff, 0xff,
    0xff, 0xff, 0xff, 0x0, 0x4a, 0x20, 0xff, 0xff,
    0xff, 0xff, 0xff, 0xff, 0x0, 0xcf, 0xe1, 0xff,
    0xff, 0xff, 0xff, 0xff, 0xff, 0x0, 0x3e, 0xfa,
    0xff, 0xff, 0xff, 0xff, 0xff, 0xff, 0x0, 0x6,
    0xfe, 0xff, 0xff, 0xff, 0xff, 0xff, 0xff, 0x0,
    0x5, 0xfe, 0xff, 0xff, 0xff, 0xff, 0xff, 0xff,
    0x0, 0x2e, 0xfa, 0xff, 0xff, 0xff, 0xff, 0xff,
    0xff, 0x0, 0xcf, 0xf2, 0xff, 0xff, 0xff, 0xff,
    0xff, 0xff, 0x0, 0x5b, 0x30, 0x7c, 0xcc, 0xcc,
    0xff, 0xff, 0xff, 0x0, 0x0, 0x0, 0x0, 0x0,
    0x0, 0x5f, 0xff, 0xff, 0x0, 0x0, 0x0, 0x0,
    0x0, 0x0, 0x5, 0xff, 0xff, 0x0, 0x0, 0x0,
    0x0, 0x0, 0x0, 0x0, 0x5f, 0xff, 0x0, 0x0,
    0x0, 0x0, 0x0, 0x0, 0x0, 0x5, 0xfd, 0x0,
    0x0, 0x0, 0x0, 0x0, 0x0, 0x0, 0x0, 0x21,
    0x0, 0x0, 0x0,

    /* U+F028 "" */
    0x0, 0x0, 0x0, 0x0, 0x0, 0x0, 0x0, 0x0,
    0x0, 0x0, 0x30, 0x0, 0x0, 0x0, 0x0, 0x0,
    0x0, 0x0, 0x0, 0x0, 0x0, 0x0, 0x0, 0xaf,
    0xb1, 0x0, 0x0, 0x0, 0x0, 0x0, 0x0, 0x0,
    0x0, 0x0, 0x0, 0x0, 0x7, 0xff, 0xd1, 0x0,
    0x0, 0x0, 0x0, 0x0, 0x0, 0x1a, 0x70, 0x0,
    0x0, 0x0, 0x6, 0xff, 0xd0, 0x0, 0x0, 0x0,
    0x0, 0x0, 0x1c, 0xff, 0x0, 0x0, 0x6, 0x30,
    0x5, 0xff, 0xa0, 0x0, 0x0, 0x0, 0x0, 0x1c,
    0xff, 0xf0, 0x0, 0x3, 0xff, 0x70, 0x8, 0xff,
    0x40, 0x0, 0x0, 0x0, 0x1c, 0xff, 0xff, 0x0,
    0x0, 0xc, 0xff, 0x70, 0xc, 0xfc, 0x1, 0x44,
    0x44, 0x4c, 0xff, 0xff, 0xf0, 0x0, 0x0, 0xa,
    0xff, 0x30, 0x4f, 0xf3, 0xef, 0xff, 0xff, 0xff,
    0xff, 0xff, 0x0, 0x5a, 0x20, 0xc, 0xfb, 0x0,
    0xdf, 0x8f, 0xff, 0xff, 0xff, 0xff, 0xff, 0xf0,
    0xc, 0xfe, 0x20, 0x4f, 0xf1, 0x8, 0xfb, 0xff,
    0xff, 0xff, 0xff, 0xff, 0xff, 0x0, 0x2e, 0xfa,
    0x0, 0xff, 0x50, 0x5f, 0xef, 0xff, 0xff, 0xff,
    0xff, 0xff, 0xf0, 0x0, 0x6f, 0xe0, 0xc, 0xf7,
    0x4, 0xff, 0xff, 0xff, 0xff, 0xff, 0xff, 0xff,
    0x0, 0x6, 0xfe, 0x0, 0xcf, 0x70, 0x4f, 0xff,
    0xff, 0xff, 0xff, 0xff, 0xff, 0xf0, 0x2, 0xef,
    0xa0, 0xf, 0xf5, 0x6, 0xfe, 0xff, 0xff, 0xff,
    0xff, 0xff, 0xff, 0x0, 0xcf, 0xe2, 0x4, 0xff,
    0x10, 0x9f, 0xbf, 0xff, 0xff, 0xff, 0xff, 0xff,
    0xf0, 0x4, 0xa2, 0x0, 0xcf, 0xb0, 0xd, 0xf8,
    0x7b, 0xbb, 0xbb, 0xff, 0xff, 0xff, 0x0, 0x0,
    0x0, 0xaf, 0xf3, 0x4, 0xff, 0x30, 0x0, 0x0,
    0x5, 0xff, 0xff, 0xf0, 0x0, 0x0, 0xcf, 0xf7,
    0x0, 0xcf, 0xc0, 0x0, 0x0, 0x0, 0x5, 0xff,
    0xff, 0x0, 0x0, 0x3f, 0xf7, 0x0, 0x6f, 0xf4,
    0x0, 0x0, 0x0, 0x0, 0x5, 0xff, 0xf0, 0x0,
    0x0, 0x53, 0x0, 0x4f, 0xfa, 0x0, 0x0, 0x0,
    0x0, 0x0, 0x5, 0xfd, 0x0, 0x0, 0x0, 0x0,
    0x6f, 0xfd, 0x0, 0x0, 0x0, 0x0, 0x0, 0x0,
    0x1, 0x0, 0x0, 0x0, 0x0, 0x7f, 0xfd, 0x10,
    0x0, 0x0, 0x0, 0x0, 0x0, 0x0, 0x0, 0x0,
    0x0, 0x0, 0x9, 0xfb, 0x10, 0x0, 0x0, 0x0,
    0x0, 0x0, 0x0, 0x0, 0x0, 0x0, 0x0, 0x0,
    0x3, 0x0, 0x0, 0x0,

    /* U+F03E "" */
    0x3d, 0xff, 0xff, 0xff, 0xff, 0xff, 0xff, 0xff,
    0xff, 0xff, 0xff, 0xd3, 0xdf, 0xff, 0xff, 0xff,
    0xff, 0xff, 0xff, 0xff, 0xff, 0xff, 0xff, 0xfd,
    0xff, 0xff, 0xca, 0xef, 0xff, 0xff, 0xff, 0xff,
    0xff, 0xff, 0xff, 0xff, 0xff, 0xf6, 0x0, 0x1d,
    0xff, 0xff, 0xff, 0xff, 0xff, 0xff, 0xff, 0xff,
    0xff, 0xc0, 0x0, 0x4, 0xff, 0xff, 0xff, 0xff,
    0xff, 0xff, 0xff, 0xff, 0xff, 0xa0, 0x0, 0x2,
    0xff, 0xff, 0xff, 0xff, 0x9f, 0xff, 0xff, 0xff,
    0xff, 0xe1, 0x0, 0x8, 0xff, 0xff, 0xff, 0xf4,
    0x4, 0xff, 0xff, 0xff, 0xff, 0xfc, 0x42, 0x8f,
    0xff, 0xff, 0xff, 0x40, 0x0, 0x4f, 0xff, 0xff,
    0xff, 0xff, 0xff, 0xff, 0xff, 0xff, 0xf4, 0x0,
    0x0, 0x4, 0xff, 0xff, 0xff, 0xff, 0xff, 0x6b,
    0xff, 0xff, 0x40, 0x0, 0x0, 0x0, 0x4f, 0xff,
    0xff, 0xff, 0xf4, 0x0, 0xbf, 0xf4, 0x0, 0x0,
    0x0, 0x0, 0xf, 0xff, 0xff, 0xff, 0x40, 0x0,
    0xb, 0x40, 0x0, 0x0, 0x0, 0x0, 0xf, 0xff,
    0xff, 0xf4, 0x0, 0x0, 0x0, 0x0, 0x0, 0x0,
    0x0, 0x0, 0xf, 0xff, 0xff, 0xf0, 0x0, 0x0,
    0x0, 0x0, 0x0, 0x0, 0x0, 0x0, 0xf, 0xff,
    0xff, 0xf0, 0x0, 0x0, 0x0, 0x0, 0x0, 0x0,
    0x0, 0x0, 0xf, 0xff, 0xff, 0xff, 0xff, 0xff,
    0xff, 0xff, 0xff, 0xff, 0xff, 0xff, 0xff, 0xff,
    0xdf, 0xff, 0xff, 0xff, 0xff, 0xff, 0xff, 0xff,
    0xff, 0xff, 0xff, 0xfd, 0x3d, 0xff, 0xff, 0xff,
    0xff, 0xff, 0xff, 0xff, 0xff, 0xff, 0xff, 0xd3,

    /* U+F043 "" */
    0x0, 0x0, 0x0, 0xc, 0xe3, 0x0, 0x0, 0x0,
    0x0, 0x0, 0x0, 0x5, 0xff, 0xa0, 0x0, 0x0,
    0x0, 0x0, 0x0, 0x0, 0xbf, 0xff, 0x0, 0x0,
    0x0, 0x0, 0x0, 0x0, 0x2f, 0xff, 0xf6, 0x0,
    0x0, 0x0, 0x0, 0x0, 0x9, 0xff, 0xff, 0xd0,
    0x0, 0x0, 0x0, 0x0, 0x1, 0xff, 0xff, 0xff,
    0x50, 0x0, 0x0, 0x0, 0x0, 0xaf, 0xff, 0xff,
    0xfe, 0x0, 0x0, 0x0, 0x0, 0x4f, 0xff, 0xff,
    0xff, 0xf8, 0x0, 0x0, 0x0, 0x1e, 0xff, 0xff,
    0xff, 0xff, 0xf4, 0x0, 0x0, 0xa, 0xff, 0xff,
    0xff, 0xff, 0xff, 0xe0, 0x0, 0x5, 0xff, 0xff,
    0xff, 0xff, 0xff, 0xff, 0x90, 0x0, 0xdf, 0xff,
    0xff, 0xff, 0xff, 0xff, 0xff, 0x20, 0x5f, 0xff,
    0xff, 0xff, 0xff, 0xff, 0xff, 0xf9, 0xa, 0xff,
    0xff, 0xff, 0xff, 0xff, 0xff, 0xff, 0xe0, 0xef,
    0xff, 0xff, 0xff, 0xff, 0xff, 0xff, 0xff, 0x2f,
    0xff, 0x2d, 0xff, 0xff, 0xff, 0xff, 0xff, 0xf4,
    0xef, 0xf1, 0xaf, 0xff, 0xff, 0xff, 0xff, 0xff,
    0x3c, 0xff, 0x44, 0xff, 0xff, 0xff, 0xff, 0xff,
    0xf1, 0x8f, 0xfc, 0x7, 0xff, 0xff, 0xff, 0xff,
    0xfc, 0x1, 0xff, 0xf9, 0x2, 0x7c, 0xff, 0xff,
    0xff, 0x50, 0x7, 0xff, 0xfb, 0x40, 0x6f, 0xff,
    0xff, 0xb0, 0x0, 0xa, 0xff, 0xff, 0xff, 0xff,
    0xff, 0xd1, 0x0, 0x0, 0x8, 0xff, 0xff, 0xff,
    0xff, 0xb0, 0x0, 0x0, 0x0, 0x2, 0x8d, 0xff,
    0xda, 0x40, 0x0, 0x0,

    /* U+F048 "" */
    0x34, 0x40, 0x0, 0x0, 0x0, 0x0, 0x4, 0xf,
    0xff, 0x50, 0x0, 0x0, 0x0, 0x1d, 0xfb, 0xff,
    0xf6, 0x0, 0x0, 0x0, 0x2d, 0xff, 0xff, 0xff,
    0x60, 0x0, 0x0, 0x2e, 0xff, 0xff, 0xff, 0xf6,
    0x0, 0x0, 0x3f, 0xff, 0xff, 0xff, 0xff, 0x60,
    0x0, 0x4f, 0xff, 0xff, 0xff, 0xff, 0xf6, 0x0,
    0x5f, 0xff, 0xff, 0xff, 0xff, 0xff, 0x60, 0x6f,
    0xff, 0xff, 0xff, 0xff, 0xff, 0xf6, 0x8f, 0xff,
    0xff, 0xff, 0xff, 0xff, 0xff, 0xdf, 0xff, 0xff,
    0xff, 0xff, 0xff, 0xff, 0xff, 0xff, 0xff, 0xff,
    0xff, 0xff, 0xff, 0xff, 0xff, 0xff, 0xff, 0xff,
    0xff, 0xff, 0xff, 0xff, 0xff, 0xff, 0xff, 0xff,
    0xff, 0xff, 0xff, 0x8e, 0xff, 0xff, 0xff, 0xff,
    0xff, 0xff, 0xf6, 0x1d, 0xff, 0xff, 0xff, 0xff,
    0xff, 0xff, 0x60, 0x1c, 0xff, 0xff, 0xff, 0xff,
    0xff, 0xf6, 0x0, 0xb, 0xff, 0xff, 0xff, 0xff,
    0xff, 0x60, 0x0, 0xa, 0xff, 0xff, 0xff, 0xff,
    0xf6, 0x0, 0x0, 0x9, 0xff, 0xff, 0xff, 0xff,
    0x60, 0x0, 0x0, 0x7, 0xff, 0xff, 0xff, 0xf6,
    0x0, 0x0, 0x0, 0x6, 0xff, 0xea, 0xbb, 0x30,
    0x0, 0x0, 0x0, 0x5, 0xb4,

    /* U+F04B "" */
    0x0, 0x0, 0x0, 0x0, 0x0, 0x0, 0x0, 0x0,
    0x0, 0x0, 0x3, 0xdf, 0x91, 0x0, 0x0, 0x0,
    0x0, 0x0, 0x0, 0x0, 0x0, 0xdf, 0xff, 0xe6,
    0x0, 0x0, 0x0, 0x0, 0x0, 0x0, 0x0, 0xf,
    0xff, 0xff, 0xfc, 0x30, 0x0, 0x0, 0x0, 0x0,
    0x0, 0x0, 0xff, 0xff, 0xff, 0xff, 0xa1, 0x0,
    0x0, 0x0, 0x0, 0x0, 0xf, 0xff, 0xff, 0xff,
    0xff, 0xf7, 0x0, 0x0, 0x0, 0x0, 0x0, 0xff,
    0xff, 0xff, 0xff, 0xff, 0xfd, 0x40, 0x0, 0x0,
    0x0, 0xf, 0xff, 0xff, 0xff, 0xff, 0xff, 0xff,
    0xa2, 0x0, 0x0, 0x0, 0xff, 0xff, 0xff, 0xff,
    0xff, 0xff, 0xff, 0xf8, 0x0, 0x0, 0xf, 0xff,
    0xff, 0xff, 0xff, 0xff, 0xff, 0xff, 0xfe, 0x50,
    0x0, 0xff, 0xff, 0xff, 0xff, 0xff, 0xff, 0xff,
    0xff, 0xff, 0xb2, 0xf, 0xff, 0xff, 0xff, 0xff,
    0xff, 0xff, 0xff, 0xff, 0xff, 0xf5, 0xff, 0xff,
    0xff, 0xff, 0xff, 0xff, 0xff, 0xff, 0xff, 0xff,
    0xef, 0xff, 0xff, 0xff, 0xff, 0xff, 0xff, 0xff,
    0xff, 0xff, 0xfe, 0xff, 0xff, 0xff, 0xff, 0xff,
    0xff, 0xff, 0xff, 0xff, 0xff, 0x6f, 0xff, 0xff,
    0xff, 0xff, 0xff, 0xff, 0xff, 0xff, 0xfb, 0x20,
    0xff, 0xff, 0xff, 0xff, 0xff, 0xff, 0xff, 0xff,
    0xe5, 0x0, 0xf, 0xff, 0xff, 0xff, 0xff, 0xff,
    0xff, 0xff, 0x80, 0x0, 0x0, 0xff, 0xff, 0xff,
    0xff, 0xff, 0xff, 0xfb, 0x20, 0x0, 0x0, 0xf,
    0xff, 0xff, 0xff, 0xff, 0xff, 0xd4, 0x0, 0x0,
    0x0, 0x0, 0xff, 0xff, 0xff, 0xff, 0xff, 0x70,
    0x0, 0x0, 0x0, 0x0, 0xf, 0xff, 0xff, 0xff,
    0xfa, 0x10, 0x0, 0x0, 0x0, 0x0, 0x0, 0xff,
    0xff, 0xff, 0xd3, 0x0, 0x0, 0x0, 0x0, 0x0,
    0x0, 0xd, 0xff, 0xfe, 0x60, 0x0, 0x0, 0x0,
    0x0, 0x0, 0x0, 0x0, 0x3d, 0xf9, 0x10, 0x0,
    0x0, 0x0, 0x0, 0x0, 0x0, 0x0, 0x0, 0x0,
    0x0, 0x0, 0x0, 0x0, 0x0, 0x0, 0x0, 0x0,
    0x0,

    /* U+F04C "" */
    0x19, 0xcc, 0xcc, 0xc9, 0x10, 0x0, 0x19, 0xcc,
    0xcc, 0xc9, 0x1b, 0xff, 0xff, 0xff, 0xfb, 0x0,
    0xb, 0xff, 0xff, 0xff, 0xfb, 0xff, 0xff, 0xff,
    0xff, 0xf0, 0x0, 0xff, 0xff, 0xff, 0xff, 0xff,
    0xff, 0xff, 0xff, 0xff, 0x0, 0xf, 0xff, 0xff,
    0xff, 0xff, 0xff, 0xff, 0xff, 0xff, 0xf0, 0x0,
    0xff, 0xff, 0xff, 0xff, 0xff, 0xff, 0xff, 0xff,
    0xff, 0x0, 0xf, 0xff, 0xff, 0xff, 0xff, 0xff,
    0xff, 0xff, 0xff, 0xf0, 0x0, 0xff, 0xff, 0xff,
    0xff, 0xff, 0xff, 0xff, 0xff, 0xff, 0x0, 0xf,
    0xff, 0xff, 0xff, 0xff, 0xff, 0xff, 0xff, 0xff,
    0xf0, 0x0, 0xff, 0xff, 0xff, 0xff, 0xff, 0xff,
    0xff, 0xff, 0xff, 0x0, 0xf, 0xff, 0xff, 0xff,
    0xff, 0xff, 0xff, 0xff, 0xff, 0xf0, 0x0, 0xff,
    0xff, 0xff, 0xff, 0xff, 0xff, 0xff, 0xff, 0xff,
    0x0, 0xf, 0xff, 0xff, 0xff, 0xff, 0xff, 0xff,
    0xff, 0xff, 0xf0, 0x0, 0xff, 0xff, 0xff, 0xff,
    0xff, 0xff, 0xff, 0xff, 0xff, 0x0, 0xf, 0xff,
    0xff, 0xff, 0xff, 0xff, 0xff, 0xff, 0xff, 0xf0,
    0x0, 0xff, 0xff, 0xff, 0xff, 0xff, 0xff, 0xff,
    0xff, 0xff, 0x0, 0xf, 0xff, 0xff, 0xff, 0xff,
    0xff, 0xff, 0xff, 0xff, 0xf0, 0x0, 0xff, 0xff,
    0xff, 0xff, 0xff, 0xff, 0xff, 0xff, 0xff, 0x0,
    0xf, 0xff, 0xff, 0xff, 0xff, 0xff, 0xff, 0xff,
    0xff, 0xf0, 0x0, 0xff, 0xff, 0xff, 0xff, 0xfe,
    0xff, 0xff, 0xff, 0xfe, 0x0, 0xe, 0xff, 0xff,
    0xff, 0xfe, 0x5f, 0xff, 0xff, 0xff, 0x50, 0x0,
    0x5f, 0xff, 0xff, 0xff, 0x50, 0x13, 0x33, 0x33,
    0x10, 0x0, 0x0, 0x13, 0x33, 0x33, 0x10,

    /* U+F04D "" */
    0x1, 0x44, 0x44, 0x44, 0x44, 0x44, 0x44, 0x44,
    0x44, 0x41, 0x6, 0xff, 0xff, 0xff, 0xff, 0xff,
    0xff, 0xff, 0xff, 0xff, 0xf6, 0xef, 0xff, 0xff,
    0xff, 0xff, 0xff, 0xff, 0xff, 0xff, 0xff, 0xef,
    0xff, 0xff, 0xff, 0xff, 0xff, 0xff, 0xff, 0xff,
    0xff, 0xff, 0xff, 0xff, 0xff, 0xff, 0xff, 0xff,
    0xff, 0xff, 0xff, 0xff, 0xff, 0xff, 0xff, 0xff,
    0xff, 0xff, 0xff, 0xff, 0xff, 0xff, 0xff, 0xff,
    0xff, 0xff, 0xff, 0xff, 0xff, 0xff, 0xff, 0xff,
    0xff, 0xff, 0xff, 0xff, 0xff, 0xff, 0xff, 0xff,
    0xff, 0xff, 0xff, 0xff, 0xff, 0xff, 0xff, 0xff,
    0xff, 0xff, 0xff, 0xff, 0xff, 0xff, 0xff, 0xff,
    0xff, 0xff, 0xff, 0xff, 0xff, 0xff, 0xff, 0xff,
    0xff, 0xff, 0xff, 0xff, 0xff, 0xff, 0xff, 0xff,
    0xff, 0xff, 0xff, 0xff, 0xff, 0xff, 0xff, 0xff,
    0xff, 0xff, 0xff, 0xff, 0xff, 0xff, 0xff, 0xff,
    0xff, 0xff, 0xff, 0xff, 0xff, 0xff, 0xff, 0xff,
    0xff, 0xff, 0xff, 0xff, 0xff, 0xff, 0xff, 0xff,
    0xff, 0xff, 0xff, 0xff, 0xff, 0xff, 0xff, 0xff,
    0xff, 0xff, 0xff, 0xff, 0xff, 0xff, 0xff, 0xff,
    0xff, 0xff, 0xff, 0xff, 0xff, 0xff, 0xff, 0xff,
    0xff, 0xff, 0xff, 0xff, 0xff, 0xff, 0xff, 0xff,
    0xff, 0xff, 0xff, 0xff, 0xff, 0xff, 0xff, 0xff,
    0xff, 0xff, 0xff, 0xff, 0xff, 0xff, 0xff, 0xff,
    0xff, 0xff, 0xff, 0xff, 0xff, 0xff, 0xff, 0xff,
    0xff, 0xff, 0xff, 0xff, 0xff, 0xff, 0xff, 0xff,
    0xff, 0xff, 0xbf, 0xff, 0xff, 0xff, 0xff, 0xff,
    0xff, 0xff, 0xff, 0xff, 0xb1, 0x8b, 0xbb, 0xbb,
    0xbb, 0xbb, 0xbb, 0xbb, 0xbb, 0xbb, 0x81,

    /* U+F051 "" */
    0x4, 0x0, 0x0, 0x0, 0x0, 0x0, 0x44, 0x3b,
    0xfd, 0x10, 0x0, 0x0, 0x0, 0x5f, 0xff, 0xff,
    0xfd, 0x20, 0x0, 0x0, 0x6, 0xff, 0xff, 0xff,
    0xfe, 0x30, 0x0, 0x0, 0x6f, 0xff, 0xff, 0xff,
    0xff, 0x40, 0x0, 0x6, 0xff, 0xff, 0xff, 0xff,
    0xff, 0x50, 0x0, 0x6f, 0xff, 0xff, 0xff, 0xff,
    0xff, 0x60, 0x6, 0xff, 0xff, 0xff, 0xff, 0xff,
    0xff, 0x70, 0x6f, 0xff, 0xff, 0xff, 0xff, 0xff,
    0xff, 0x86, 0xff, 0xff, 0xff, 0xff, 0xff, 0xff,
    0xff, 0xdf, 0xff, 0xff, 0xff, 0xff, 0xff, 0xff,
    0xff, 0xff, 0xff, 0xff, 0xff, 0xff, 0xff, 0xff,
    0xff, 0xff, 0xff, 0xff, 0xff, 0xff, 0xff, 0xff,
    0xff, 0xff, 0xff, 0xff, 0xff, 0xff, 0xfd, 0x8f,
    0xff, 0xff, 0xff, 0xff, 0xff, 0xfc, 0x16, 0xff,
    0xff, 0xff, 0xff, 0xff, 0xfc, 0x0, 0x6f, 0xff,
    0xff, 0xff, 0xff, 0xfb, 0x0, 0x6, 0xff, 0xff,
    0xff, 0xff, 0xfa, 0x0, 0x0, 0x6f, 0xff, 0xff,
    0xff, 0xf8, 0x0, 0x0, 0x6, 0xff, 0xff, 0xff,
    0xf7, 0x0, 0x0, 0x0, 0x6f, 0xff, 0xef, 0xf6,
    0x0, 0x0, 0x0, 0x6, 0xff, 0xf4, 0xb5, 0x0,
    0x0, 0x0, 0x0, 0x3b, 0xba,

    /* U+F052 "" */
    0x0, 0x0, 0x0, 0x0, 0x0, 0x37, 0x30, 0x0,
    0x0, 0x0, 0x0, 0x0, 0x0, 0x0, 0x0, 0x0,
    0x5f, 0xff, 0x50, 0x0, 0x0, 0x0, 0x0, 0x0,
    0x0, 0x0, 0x0, 0x4f, 0xff, 0xff, 0x40, 0x0,
    0x0, 0x0, 0x0, 0x0, 0x0, 0x0, 0x3f, 0xff,
    0xff, 0xff, 0x30, 0x0, 0x0, 0x0, 0x0, 0x0,
    0x0, 0x2f, 0xff, 0xff, 0xff, 0xfe, 0x20, 0x0,
    0x0, 0x0, 0x0, 0x0, 0x2e, 0xff, 0xff, 0xff,
    0xff, 0xfe, 0x20, 0x0, 0x0, 0x0, 0x0, 0x1d,
    0xff, 0xff, 0xff, 0xff, 0xff, 0xfd, 0x10, 0x0,
    0x0, 0x0, 0xc, 0xff, 0xff, 0xff, 0xff, 0xff,
    0xff, 0xfc, 0x0, 0x0, 0x0, 0xc, 0xff, 0xff,
    0xff, 0xff, 0xff, 0xff, 0xff, 0xfc, 0x0, 0x0,
    0xb, 0xff, 0xff, 0xff, 0xff, 0xff, 0xff, 0xff,
    0xff, 0xfb, 0x0, 0x8, 0xff, 0xff, 0xff, 0xff,
    0xff, 0xff, 0xff, 0xff, 0xff, 0xf8, 0x0, 0xff,
    0xff, 0xff, 0xff, 0xff, 0xff, 0xff, 0xff, 0xff,
    0xff, 0xf0, 0xd, 0xff, 0xff, 0xff, 0xff, 0xff,
    0xff, 0xff, 0xff, 0xff, 0xfd, 0x0, 0x3d, 0xff,
    0xff, 0xff, 0xff, 0xff, 0xff, 0xff, 0xff, 0xfd,
    0x30, 0x0, 0x0, 0x0, 0x0, 0x0, 0x0, 0x0,
    0x0, 0x0, 0x0, 0x0, 0x0, 0x4, 0x44, 0x44,
    0x44, 0x44, 0x44, 0x44, 0x44, 0x44, 0x44, 0x0,
    0xb, 0xff, 0xff, 0xff, 0xff, 0xff, 0xff, 0xff,
    0xff, 0xff, 0xfb, 0x0, 0xff, 0xff, 0xff, 0xff,
    0xff, 0xff, 0xff, 0xff, 0xff, 0xff, 0xf0, 0xf,
    0xff, 0xff, 0xff, 0xff, 0xff, 0xff, 0xff, 0xff,
    0xff, 0xff, 0x0, 0xff, 0xff, 0xff, 0xff, 0xff,
    0xff, 0xff, 0xff, 0xff, 0xff, 0xf0, 0xe, 0xff,
    0xff, 0xff, 0xff, 0xff, 0xff, 0xff, 0xff, 0xff,
    0xfe, 0x0, 0x4b, 0xbb, 0xbb, 0xbb, 0xbb, 0xbb,
    0xbb, 0xbb, 0xbb, 0xbb, 0x40,

    /* U+F053 "" */
    0x0, 0x0, 0x0, 0x0, 0x0, 0x20, 0x0, 0x0,
    0x0, 0x0, 0x0, 0xaf, 0xb0, 0x0, 0x0, 0x0,
    0x0, 0xaf, 0xff, 0x80, 0x0, 0x0, 0x0, 0xaf,
    0xff, 0xf8, 0x0, 0x0, 0x0, 0xaf, 0xff, 0xfa,
    0x0, 0x0, 0x0, 0xaf, 0xff, 0xfa, 0x0, 0x0,
    0x0, 0xaf, 0xff, 0xfa, 0x0, 0x0, 0x0, 0xaf,
    0xff, 0xfa, 0x0, 0x0, 0x0, 0xaf, 0xff, 0xfa,
    0x0, 0x0, 0x0, 0xaf, 0xff, 0xfa, 0x0, 0x0,
    0x0, 0x8f, 0xff, 0xfa, 0x0, 0x0, 0x0, 0x8,
    0xff, 0xff, 0xa0, 0x0, 0x0, 0x0, 0xa, 0xff,
    0xff, 0xa0, 0x0, 0x0, 0x0, 0xa, 0xff, 0xff,
    0xa0, 0x0, 0x0, 0x0, 0xa, 0xff, 0xff, 0xa0,
    0x0, 0x0, 0x0, 0xa, 0xff, 0xff, 0xa0, 0x0,
    0x0, 0x0, 0xa, 0xff, 0xff, 0xa0, 0x0, 0x0,
    0x0, 0xa, 0xff, 0xff, 0xa0, 0x0, 0x0, 0x0,
    0xa, 0xff, 0xff, 0x80, 0x0, 0x0, 0x0, 0xa,
    0xff, 0xf8, 0x0, 0x0, 0x0, 0x0, 0xa, 0xfb,
    0x0, 0x0, 0x0, 0x0, 0x0, 0x2, 0x0,

    /* U+F054 "" */
    0x0, 0x20, 0x0, 0x0, 0x0, 0x0, 0x0, 0xbf,
    0xa0, 0x0, 0x0, 0x0, 0x0, 0x8f, 0xff, 0xa0,
    0x0, 0x0, 0x0, 0x8, 0xff, 0xff, 0xa0, 0x0,
    0x0, 0x0, 0xa, 0xff, 0xff, 0xa0, 0x0, 0x0,
    0x0, 0xa, 0xff, 0xff, 0xa0, 0x0, 0x0, 0x0,
    0xa, 0xff, 0xff, 0xa0, 0x0, 0x0, 0x0, 0xa,
    0xff, 0xff, 0xa0, 0x0, 0x0, 0x0, 0xa, 0xff,
    0xff, 0xa0, 0x0, 0x0, 0x0, 0xa, 0xff, 0xff,
    0xa0, 0x0, 0x0, 0x0, 0xa, 0xff, 0xff, 0x80,
    0x0, 0x0, 0x0, 0xaf, 0xff, 0xf8, 0x0, 0x0,
    0x0, 0xaf, 0xff, 0xfa, 0x0, 0x0, 0x0, 0xaf,
    0xff, 0xfa, 0x0, 0x0, 0x0, 0xaf, 0xff, 0xfa,
    0x0, 0x0, 0x0, 0xaf, 0xff, 0xfa, 0x0, 0x0,
    0x0, 0xaf, 0xff, 0xfa, 0x0, 0x0, 0x0, 0xaf,
    0xff, 0xfa, 0x0, 0x0, 0x0, 0x8f, 0xff, 0xfa,
    0x0, 0x0, 0x0, 0x8, 0xff, 0xfa, 0x0, 0x0,
    0x0, 0x0, 0xb, 0xfa, 0x0, 0x0, 0x0, 0x0,
    0x0, 0x2, 0x0, 0x0, 0x0, 0x0, 0x0,

    /* U+F067 "" */
    0x0, 0x0, 0x0, 0x0, 0x3, 0x43, 0x0, 0x0,
    0x0, 0x0, 0x0, 0x0, 0x0, 0x0, 0x7, 0xff,
    0xf7, 0x0, 0x0, 0x0, 0x0, 0x0, 0x0, 0x0,
    0x0, 0xbf, 0xff, 0xb0, 0x0, 0x0, 0x0, 0x0,
    0x0, 0x0, 0x0, 0xc, 0xff, 0xfc, 0x0, 0x0,
    0x0, 0x0, 0x0, 0x0, 0x0, 0x0, 0xcf, 0xff,
    0xc0, 0x0, 0x0, 0x0, 0x0, 0x0, 0x0, 0x0,
    0xc, 0xff, 0xfc, 0x0, 0x0, 0x0, 0x0, 0x0,
    0x0, 0x0, 0x0, 0xcf, 0xff, 0xc0, 0x0, 0x0,
    0x0, 0x0, 0x0, 0x0, 0x0, 0xc, 0xff, 0xfc,
    0x0, 0x0, 0x0, 0x0, 0x0, 0x0, 0x0, 0x0,
    0xcf, 0xff, 0xc0, 0x0, 0x0, 0x0, 0x8, 0xff,
    0xff, 0xff, 0xff, 0xff, 0xff, 0xff, 0xff, 0xff,
    0xf8, 0xff, 0xff, 0xff, 0xff, 0xff, 0xff, 0xff,
    0xff, 0xff, 0xff, 0xff, 0xff, 0xff, 0xff, 0xff,
    0xff, 0xff, 0xff, 0xff, 0xff, 0xff, 0xdf, 0xff,
    0xff, 0xff, 0xff, 0xff, 0xff, 0xff, 0xff, 0xff,
    0xd1, 0x77, 0x77, 0x77, 0x7d, 0xff, 0xfd, 0x77,
    0x77, 0x77, 0x71, 0x0, 0x0, 0x0, 0x0, 0xcf,
    0xff, 0xc0, 0x0, 0x0, 0x0, 0x0, 0x0, 0x0,
    0x0, 0xc, 0xff, 0xfc, 0x0, 0x0, 0x0, 0x0,
    0x0, 0x0, 0x0, 0x0, 0xcf, 0xff, 0xc0, 0x0,
    0x0, 0x0, 0x0, 0x0, 0x0, 0x0, 0xc, 0xff,
    0xfc, 0x0, 0x0, 0x0, 0x0, 0x0, 0x0, 0x0,
    0x0, 0xcf, 0xff, 0xc0, 0x0, 0x0, 0x0, 0x0,
    0x0, 0x0, 0x0, 0xc, 0xff, 0xfc, 0x0, 0x0,
    0x0, 0x0, 0x0, 0x0, 0x0, 0x0, 0xaf, 0xff,
    0xa0, 0x0, 0x0, 0x0, 0x0, 0x0, 0x0, 0x0,
    0x2, 0xab, 0xa2, 0x0, 0x0, 0x0, 0x0,

    /* U+F068 "" */
    0x16, 0x77, 0x77, 0x77, 0x77, 0x77, 0x77, 0x77,
    0x77, 0x76, 0x1d, 0xff, 0xff, 0xff, 0xff, 0xff,
    0xff, 0xff, 0xff, 0xff, 0xfd, 0xff, 0xff, 0xff,
    0xff, 0xff, 0xff, 0xff, 0xff, 0xff, 0xff, 0xff,
    0xff, 0xff, 0xff, 0xff, 0xff, 0xff, 0xff, 0xff,
    0xff, 0xff, 0x9f, 0xff, 0xff, 0xff, 0xff, 0xff,
    0xff, 0xff, 0xff, 0xff, 0x80, 0x0, 0x0, 0x0,
    0x0, 0x0, 0x0, 0x0, 0x0, 0x0, 0x0,

    /* U+F06E "" */
    0x0, 0x0, 0x0, 0x0, 0x16, 0xad, 0xef, 0xed,
    0xa6, 0x10, 0x0, 0x0, 0x0, 0x0, 0x0, 0x0,
    0x2, 0xbf, 0xff, 0xff, 0xff, 0xff, 0xff, 0xb2,
    0x0, 0x0, 0x0, 0x0, 0x0, 0x9, 0xff, 0xff,
    0xe9, 0x54, 0x59, 0xef, 0xff, 0xf9, 0x0, 0x0,
    0x0, 0x0, 0x2d, 0xff, 0xff, 0x90, 0x0, 0x0,
    0x0, 0x9f, 0xff, 0xfd, 0x20, 0x0, 0x0, 0x2e,
    0xff, 0xff, 0x70, 0x0, 0x14, 0x20, 0x0, 0x7f,
    0xff, 0xfe, 0x20, 0x0, 0x1e, 0xff, 0xff, 0xb0,
    0x0, 0x6, 0xff, 0xc2, 0x0, 0xbf, 0xff, 0xfe,
    0x10, 0xb, 0xff, 0xff, 0xf3, 0x0, 0x0, 0x5f,
    0xff, 0xe2, 0x3, 0xff, 0xff, 0xfb, 0x6, 0xff,
    0xff, 0xfe, 0x0, 0x0, 0x1c, 0xff, 0xff, 0xa0,
    0xe, 0xff, 0xff, 0xf5, 0xef, 0xff, 0xff, 0xc0,
    0xd, 0xcf, 0xff, 0xff, 0xfe, 0x0, 0xcf, 0xff,
    0xff, 0xee, 0xff, 0xff, 0xfc, 0x0, 0xff, 0xff,
    0xff, 0xff, 0xf0, 0xc, 0xff, 0xff, 0xfe, 0x5f,
    0xff, 0xff, 0xe0, 0xc, 0xff, 0xff, 0xff, 0xfc,
    0x0, 0xef, 0xff, 0xff, 0x50, 0xbf, 0xff, 0xff,
    0x30, 0x4f, 0xff, 0xff, 0xff, 0x50, 0x3f, 0xff,
    0xff, 0xb0, 0x1, 0xdf, 0xff, 0xfb, 0x0, 0x7f,
    0xff, 0xff, 0x80, 0xb, 0xff, 0xff, 0xe1, 0x0,
    0x2, 0xef, 0xff, 0xf7, 0x0, 0x39, 0xb9, 0x30,
    0x7, 0xff, 0xff, 0xe2, 0x0, 0x0, 0x2, 0xcf,
    0xff, 0xf9, 0x0, 0x0, 0x0, 0x9, 0xff, 0xff,
    0xd2, 0x0, 0x0, 0x0, 0x0, 0x9f, 0xff, 0xfe,
    0x95, 0x45, 0x9e, 0xff, 0xff, 0x90, 0x0, 0x0,
    0x0, 0x0, 0x0, 0x2a, 0xff, 0xff, 0xff, 0xff,
    0xff, 0xfb, 0x30, 0x0, 0x0, 0x0, 0x0, 0x0,
    0x0, 0x1, 0x6a, 0xdf, 0xfe, 0xda, 0x71, 0x0,
    0x0, 0x0, 0x0,

    /* U+F070 "" */
    0x5, 0xe6, 0x0, 0x0, 0x0, 0x0, 0x0, 0x0,
    0x0, 0x0, 0x0, 0x0, 0x0, 0x0, 0x0, 0x1,
    0xff, 0xf9, 0x0, 0x0, 0x0, 0x0, 0x0, 0x0,
    0x0, 0x0, 0x0, 0x0, 0x0, 0x0, 0x0, 0xd,
    0xff, 0xfc, 0x20, 0x0, 0x0, 0x0, 0x0, 0x0,
    0x0, 0x0, 0x0, 0x0, 0x0, 0x0, 0x0, 0xa,
    0xff, 0xfe, 0x40, 0x0, 0x48, 0xce, 0xff, 0xeb,
    0x72, 0x0, 0x0, 0x0, 0x0, 0x0, 0x0, 0x6,
    0xff, 0xff, 0x88, 0xef, 0xff, 0xff, 0xff, 0xff,
    0xfc, 0x40, 0x0, 0x0, 0x0, 0x0, 0x0, 0x3,
    0xef, 0xff, 0xff, 0xff, 0xb6, 0x45, 0x7d, 0xff,
    0xff, 0xb1, 0x0, 0x0, 0x0, 0x0, 0x0, 0x1,
    0xbf, 0xff, 0xfd, 0x20, 0x0, 0x0, 0x6, 0xff,
    0xff, 0xe4, 0x0, 0x0, 0x0, 0x0, 0x0, 0x0,
    0x8f, 0xff, 0xf6, 0x1, 0x76, 0x20, 0x4, 0xff,
    0xff, 0xf4, 0x0, 0x0, 0x0, 0x0, 0x10, 0x0,
    0x4e, 0xff, 0xfa, 0x1f, 0xff, 0x90, 0x8, 0xff,
    0xff, 0xf3, 0x0, 0x0, 0x0, 0x6e, 0x40, 0x0,
    0x2c, 0xff, 0xfd, 0xff, 0xff, 0x80, 0xf, 0xff,
    0xff, 0xe1, 0x0, 0x0, 0x2f, 0xff, 0x70, 0x0,
    0x9, 0xff, 0xff, 0xff, 0xff, 0x0, 0xbf, 0xff,
    0xff, 0x90, 0x0, 0x9, 0xff, 0xff, 0xb1, 0x0,
    0x6, 0xff, 0xff, 0xff, 0xf3, 0x9, 0xff, 0xff,
    0xff, 0x10, 0x0, 0x9f, 0xff, 0xff, 0xd1, 0x0,
    0x3, 0xdf, 0xff, 0xff, 0x30, 0x9f, 0xff, 0xff,
    0xf1, 0x0, 0x2, 0xff, 0xff, 0xff, 0x40, 0x0,
    0x1, 0xbf, 0xff, 0xf4, 0xb, 0xff, 0xff, 0xf9,
    0x0, 0x0, 0x7, 0xff, 0xff, 0xf9, 0x0, 0x0,
    0x0, 0x7f, 0xff, 0xf8, 0xff, 0xff, 0xfd, 0x0,
    0x0, 0x0, 0xa, 0xff, 0xff, 0xf1, 0x0, 0x0,
    0x0, 0x4e, 0xff, 0xff, 0xff, 0xff, 0x20, 0x0,
    0x0, 0x0, 0xb, 0xff, 0xff, 0xc0, 0x0, 0x0,
    0x0, 0x1c, 0xff, 0xff, 0xff, 0x40, 0x0, 0x0,
    0x0, 0x0, 0xa, 0xff, 0xff, 0xc2, 0x0, 0x0,
    0x0, 0x9, 0xff, 0xff, 0x80, 0x0, 0x0, 0x0,
    0x0, 0x0, 0x6, 0xff, 0xff, 0xfb, 0x64, 0x51,
    0x0, 0x5, 0xff, 0xff, 0x80, 0x0, 0x0, 0x0,
    0x0, 0x0, 0x1, 0x9f, 0xff, 0xff, 0xff, 0xe3,
    0x0, 0x2, 0xdf, 0xff, 0xc1, 0x0, 0x0, 0x0,
    0x0, 0x0, 0x0, 0x5, 0x9d, 0xef, 0xfe, 0xb1,
    0x0, 0x0, 0xaf, 0xff, 0xe4, 0x0, 0x0, 0x0,
    0x0, 0x0, 0x0, 0x0, 0x0, 0x0, 0x0, 0x0,
    0x0, 0x0, 0x7f, 0xff, 0xf6, 0x0, 0x0, 0x0,
    0x0, 0x0, 0x0, 0x0, 0x0, 0x0, 0x0, 0x0,
    0x0, 0x0, 0x3e, 0xff, 0x80, 0x0, 0x0, 0x0,
    0x0, 0x0, 0x0, 0x0, 0x0, 0x0, 0x0, 0x0,
    0x0, 0x0, 0x1b, 0xc0,

    /* U+F071 "" */
    0x0, 0x0, 0x0, 0x0, 0x0, 0x0, 0x1c, 0xfc,
    0x10, 0x0, 0x0, 0x0, 0x0, 0x0, 0x0, 0x0,
    0x0, 0x0, 0x0, 0x0, 0xa, 0xff, 0xfa, 0x0,
    0x0, 0x0, 0x0, 0x0, 0x0, 0x0, 0x0, 0x0,
    0x0, 0x0, 0x4, 0xff, 0xff, 0xf4, 0x0, 0x0,
    0x0, 0x0, 0x0, 0x0, 0x0, 0x0, 0x0, 0x0,
    0x0, 0xdf, 0xff, 0xff, 0xd0, 0x0, 0x0, 0x0,
    0x0, 0x0, 0x0, 0x0, 0x0, 0x0, 0x0, 0x6f,
    0xff, 0xff, 0xff, 0x60, 0x0, 0x0, 0x0, 0x0,
    0x0, 0x0, 0x0, 0x0, 0x0, 0x1e, 0xff, 0xff,
    0xff, 0xfe, 0x10, 0x0, 0x0, 0x0, 0x0, 0x0,
    0x0, 0x0, 0x0, 0x9, 0xff, 0xff, 0xff, 0xff,
    0xf9, 0x0, 0x0, 0x0, 0x0, 0x0, 0x0, 0x0,
    0x0, 0x2, 0xff, 0xff, 0xff, 0xff, 0xff, 0xf2,
    0x0, 0x0, 0x0, 0x0, 0x0, 0x0, 0x0, 0x0,
    0xbf, 0xff, 0xa4, 0x44, 0xaf, 0xff, 0xb0, 0x0,
    0x0, 0x0, 0x0, 0x0, 0x0, 0x0, 0x4f, 0xff,
    0xf7, 0x0, 0x7, 0xff, 0xff, 0x40, 0x0, 0x0,
    0x0, 0x0, 0x0, 0x0, 0xd, 0xff, 0xff, 0x80,
    0x0, 0x8f, 0xff, 0xfd, 0x0, 0x0, 0x0, 0x0,
    0x0, 0x0, 0x7, 0xff, 0xff, 0xf9, 0x0, 0x9,
    0xff, 0xff, 0xf7, 0x0, 0x0, 0x0, 0x0, 0x0,
    0x1, 0xff, 0xff, 0xff, 0xa0, 0x0, 0xaf, 0xff,
    0xff, 0xf1, 0x0, 0x0, 0x0, 0x0, 0x0, 0x9f,
    0xff, 0xff, 0xfb, 0x0, 0xb, 0xff, 0xff, 0xff,
    0x90, 0x0, 0x0, 0x0, 0x0, 0x3f, 0xff, 0xff,
    0xff, 0xc0, 0x0, 0xcf, 0xff, 0xff, 0xff, 0x30,
    0x0, 0x0, 0x0, 0xc, 0xff, 0xff, 0xff, 0xfd,
    0x0, 0xd, 0xff, 0xff, 0xff, 0xfc, 0x0, 0x0,
    0x0, 0x5, 0xff, 0xff, 0xff, 0xff, 0xff, 0xdf,
    0xff, 0xff, 0xff, 0xff, 0xf5, 0x0, 0x0, 0x0,
    0xef, 0xff, 0xff, 0xff, 0xfd, 0x10, 0x2d, 0xff,
    0xff, 0xff, 0xff, 0xe0, 0x0, 0x0, 0x7f, 0xff,
    0xff, 0xff, 0xff, 0x60, 0x0, 0x6f, 0xff, 0xff,
    0xff, 0xff, 0x70, 0x0, 0x1f, 0xff, 0xff, 0xff,
    0xff, 0xf8, 0x0, 0x8, 0xff, 0xff, 0xff, 0xff,
    0xff, 0x10, 0xa, 0xff, 0xff, 0xff, 0xff, 0xff,
    0xf5, 0x26, 0xff, 0xff, 0xff, 0xff, 0xff, 0xfa,
    0x0, 0xff, 0xff, 0xff, 0xff, 0xff, 0xff, 0xff,
    0xff, 0xff, 0xff, 0xff, 0xff, 0xff, 0xf0, 0xd,
    0xff, 0xff, 0xff, 0xff, 0xff, 0xff, 0xff, 0xff,
    0xff, 0xff, 0xff, 0xff, 0xfd, 0x0, 0x3d, 0xff,
    0xff, 0xff, 0xff, 0xff, 0xff, 0xff, 0xff, 0xff,
    0xff, 0xff, 0xfd, 0x30,

    /* U+F074 "" */
    0x0, 0x0, 0x0, 0x0, 0x0, 0x0, 0x0, 0x0,
    0x0, 0x69, 0x0, 0x0, 0x0, 0x0, 0x0, 0x0,
    0x0, 0x0, 0x0, 0x0, 0x0, 0xff, 0xc0, 0x0,
    0x0, 0x0, 0x0, 0x0, 0x0, 0x0, 0x0, 0x0,
    0x0, 0xff, 0xfc, 0x0, 0x9b, 0xbb, 0xbb, 0x30,
    0x0, 0x0, 0x0, 0x3b, 0xbb, 0xff, 0xff, 0xc0,
    0xff, 0xff, 0xff, 0xf3, 0x0, 0x0, 0x2, 0xef,
    0xff, 0xff, 0xff, 0xfb, 0xff, 0xff, 0xff, 0xfe,
    0x20, 0x0, 0x1e, 0xff, 0xff, 0xff, 0xff, 0xfe,
    0xff, 0xff, 0xff, 0xff, 0xe1, 0x1, 0xdf, 0xff,
    0xff, 0xff, 0xff, 0xe3, 0x0, 0x0, 0x3e, 0xff,
    0xe2, 0xc, 0xff, 0xfe, 0x20, 0xff, 0xfe, 0x30,
    0x0, 0x0, 0x3, 0xff, 0x30, 0xaf, 0xff, 0xf3,
    0x0, 0xff, 0xe3, 0x0, 0x0, 0x0, 0x0, 0x54,
    0x9, 0xff, 0xff, 0x40, 0x0, 0xbe, 0x30, 0x0,
    0x0, 0x0, 0x0, 0x0, 0x7f, 0xff, 0xf6, 0x0,
    0x0, 0x0, 0x0, 0x0, 0x0, 0x0, 0x0, 0x6,
    0xff, 0xff, 0x70, 0x0, 0x0, 0x0, 0x0, 0x0,
    0x0, 0x0, 0x0, 0x4f, 0xff, 0xf9, 0x4, 0x50,
    0x0, 0xbe, 0x30, 0x0, 0x0, 0x0, 0x3, 0xff,
    0xff, 0xa0, 0x3f, 0xf3, 0x0, 0xff, 0xe3, 0x0,
    0x0, 0x0, 0x2e, 0xff, 0xfc, 0x2, 0xef, 0xfe,
    0x30, 0xff, 0xfe, 0x30, 0xff, 0xff, 0xff, 0xff,
    0xd1, 0x1, 0xef, 0xff, 0xff, 0xff, 0xff, 0xe3,
    0xff, 0xff, 0xff, 0xfe, 0x10, 0x0, 0x2e, 0xff,
    0xff, 0xff, 0xff, 0xfe, 0xff, 0xff, 0xff, 0xe2,
    0x0, 0x0, 0x3, 0xff, 0xff, 0xff, 0xff, 0xfb,
    0x9b, 0xbb, 0xbb, 0x30, 0x0, 0x0, 0x0, 0x3b,
    0xbb, 0xff, 0xff, 0xc0, 0x0, 0x0, 0x0, 0x0,
    0x0, 0x0, 0x0, 0x0, 0x0, 0xff, 0xfc, 0x0,
    0x0, 0x0, 0x0, 0x0, 0x0, 0x0, 0x0, 0x0,
    0x0, 0xff, 0xc0, 0x0, 0x0, 0x0, 0x0, 0x0,
    0x0, 0x0, 0x0, 0x0, 0x0, 0x69, 0x0, 0x0,

    /* U+F077 "" */
    0x0, 0x0, 0x0, 0x0, 0x0, 0x20, 0x0, 0x0,
    0x0, 0x0, 0x0, 0x0, 0x0, 0x0, 0x0, 0xaf,
    0x90, 0x0, 0x0, 0x0, 0x0, 0x0, 0x0, 0x0,
    0x0, 0xaf, 0xff, 0x90, 0x0, 0x0, 0x0, 0x0,
    0x0, 0x0, 0x0, 0xaf, 0xff, 0xff, 0x90, 0x0,
    0x0, 0x0, 0x0, 0x0, 0x0, 0xaf, 0xff, 0xff,
    0xff, 0x90, 0x0, 0x0, 0x0, 0x0, 0x0, 0xaf,
    0xff, 0xfd, 0xff, 0xff, 0x90, 0x0, 0x0, 0x0,
    0x0, 0xaf, 0xff, 0xf9, 0xa, 0xff, 0xff, 0x90,
    0x0, 0x0, 0x0, 0xaf, 0xff, 0xf9, 0x0, 0xa,
    0xff, 0xff, 0x90, 0x0, 0x0, 0xaf, 0xff, 0xf9,
    0x0, 0x0, 0xa, 0xff, 0xff, 0x90, 0x0, 0xaf,
    0xff, 0xf9, 0x0, 0x0, 0x0, 0xa, 0xff, 0xff,
    0x90, 0x9f, 0xff, 0xf9, 0x0, 0x0, 0x0, 0x0,
    0xa, 0xff, 0xff, 0x79, 0xff, 0xf9, 0x0, 0x0,
    0x0, 0x0, 0x0, 0xa, 0xff, 0xf8, 0xb, 0xf9,
    0x0, 0x0, 0x0, 0x0, 0x0, 0x0, 0xa, 0xfa,
    0x0, 0x2, 0x0, 0x0, 0x0, 0x0, 0x0, 0x0,
    0x0, 0x2, 0x0,

    /* U+F078 "" */
    0x0, 0x20, 0x0, 0x0, 0x0, 0x0, 0x0, 0x0,
    0x0, 0x20, 0x0, 0xbf, 0x90, 0x0, 0x0, 0x0,
    0x0, 0x0, 0x0, 0xaf, 0xa0, 0x9f, 0xff, 0x90,
    0x0, 0x0, 0x0, 0x0, 0x0, 0xaf, 0xff, 0x89,
    0xff, 0xff, 0x90, 0x0, 0x0, 0x0, 0x0, 0xaf,
    0xff, 0xf7, 0xa, 0xff, 0xff, 0x90, 0x0, 0x0,
    0x0, 0xaf, 0xff, 0xf9, 0x0, 0xa, 0xff, 0xff,
    0x90, 0x0, 0x0, 0xaf, 0xff, 0xf9, 0x0, 0x0,
    0xa, 0xff, 0xff, 0x90, 0x0, 0xaf, 0xff, 0xf9,
    0x0, 0x0, 0x0, 0xa, 0xff, 0xff, 0x90, 0xaf,
    0xff, 0xf9, 0x0, 0x0, 0x0, 0x0, 0xa, 0xff,
    0xff, 0xdf, 0xff, 0xf9, 0x0, 0x0, 0x0, 0x0,
    0x0, 0xa, 0xff, 0xff, 0xff, 0xf9, 0x0, 0x0,
    0x0, 0x0, 0x0, 0x0, 0xa, 0xff, 0xff, 0xf9,
    0x0, 0x0, 0x0, 0x0, 0x0, 0x0, 0x0, 0xa,
    0xff, 0xf9, 0x0, 0x0, 0x0, 0x0, 0x0, 0x0,
    0x0, 0x0, 0xa, 0xf9, 0x0, 0x0, 0x0, 0x0,
    0x0, 0x0, 0x0, 0x0, 0x0, 0x2, 0x0, 0x0,
    0x0, 0x0, 0x0,

    /* U+F079 "" */
    0x0, 0x0, 0x3, 0xd9, 0x0, 0x0, 0x0, 0x0,
    0x0, 0x0, 0x0, 0x0, 0x0, 0x0, 0x0, 0x0,
    0x0, 0x3, 0xef, 0xfa, 0x0, 0x0, 0x34, 0x44,
    0x44, 0x44, 0x44, 0x44, 0x10, 0x0, 0x0, 0x0,
    0x3, 0xef, 0xff, 0xfa, 0x0, 0x7f, 0xff, 0xff,
    0xff, 0xff, 0xff, 0xff, 0x0, 0x0, 0x0, 0x3,
    0xef, 0xff, 0xff, 0xfa, 0x5, 0xff, 0xff, 0xff,
    0xff, 0xff, 0xff, 0xf1, 0x0, 0x0, 0x3, 0xff,
    0xff, 0xff, 0xff, 0xfb, 0x5, 0xbb, 0xbb, 0xbb,
    0xbb, 0xbf, 0xff, 0x10, 0x0, 0x0, 0xef, 0xfe,
    0xdf, 0xfb, 0xff, 0xf8, 0x0, 0x0, 0x0, 0x0,
    0x0, 0xef, 0xf1, 0x0, 0x0, 0xd, 0xfe, 0x2b,
    0xff, 0x48, 0xff, 0x60, 0x0, 0x0, 0x0, 0x0,
    0xe, 0xff, 0x10, 0x0, 0x0, 0x17, 0x20, 0xbf,
    0xf4, 0x5, 0x50, 0x0, 0x0, 0x0, 0x0, 0x0,
    0xef, 0xf1, 0x0, 0x0, 0x0, 0x0, 0xb, 0xff,
    0x40, 0x0, 0x0, 0x0, 0x0, 0x0, 0x0, 0xe,
    0xff, 0x10, 0x0, 0x0, 0x0, 0x0, 0xbf, 0xf4,
    0x0, 0x0, 0x0, 0x0, 0x0, 0x0, 0x0, 0xef,
    0xf1, 0x0, 0x0, 0x0, 0x0, 0xb, 0xff, 0x40,
    0x0, 0x0, 0x0, 0x0, 0x0, 0x0, 0xe, 0xff,
    0x10, 0x0, 0x0, 0x0, 0x0, 0xbf, 0xf4, 0x0,
    0x0, 0x0, 0x0, 0x0, 0xaf, 0x70, 0xef, 0xf1,
    0x4f, 0xc0, 0x0, 0x0, 0xb, 0xff, 0x40, 0x0,
    0x0, 0x0, 0x0, 0x3f, 0xff, 0x6e, 0xff, 0x5f,
    0xff, 0x60, 0x0, 0x0, 0xbf, 0xf7, 0x44, 0x44,
    0x44, 0x44, 0x20, 0xcf, 0xff, 0xff, 0xff, 0xff,
    0xd1, 0x0, 0x0, 0xb, 0xff, 0xff, 0xff, 0xff,
    0xff, 0xff, 0x50, 0xbf, 0xff, 0xff, 0xff, 0xd1,
    0x0, 0x0, 0x0, 0xbf, 0xff, 0xff, 0xff, 0xff,
    0xff, 0xfe, 0x0, 0xbf, 0xff, 0xff, 0xd1, 0x0,
    0x0, 0x0, 0x4, 0xbb, 0xbb, 0xbb, 0xbb, 0xbb,
    0xbb, 0x60, 0x0, 0xbf, 0xff, 0xd1, 0x0, 0x0,
    0x0, 0x0, 0x0, 0x0, 0x0, 0x0, 0x0, 0x0,
    0x0, 0x0, 0x0, 0xbf, 0xd1, 0x0, 0x0, 0x0,
    0x0, 0x0, 0x0, 0x0, 0x0, 0x0, 0x0, 0x0,
    0x0, 0x0, 0x0, 0x40, 0x0, 0x0, 0x0,

    /* U+F07B "" */
    0x3d, 0xff, 0xff, 0xff, 0xff, 0x40, 0x0, 0x0,
    0x0, 0x0, 0x0, 0x0, 0xdf, 0xff, 0xff, 0xff,
    0xff, 0xf4, 0x0, 0x0, 0x0, 0x0, 0x0, 0x0,
    0xff, 0xff, 0xff, 0xff, 0xff, 0xff, 0x40, 0x0,
    0x0, 0x0, 0x0, 0x0, 0xff, 0xff, 0xff, 0xff,
    0xff, 0xff, 0xff, 0xff, 0xff, 0xff, 0xff, 0xd3,
    0xff, 0xff, 0xff, 0xff, 0xff, 0xff, 0xff, 0xff,
    0xff, 0xff, 0xff, 0xfd, 0xff, 0xff, 0xff, 0xff,
    0xff, 0xff, 0xff, 0xff, 0xff, 0xff, 0xff, 0xff,
    0xff, 0xff, 0xff, 0xff, 0xff, 0xff, 0xff, 0xff,
    0xff, 0xff, 0xff, 0xff, 0xff, 0xff, 0xff, 0xff,
    0xff, 0xff, 0xff, 0xff, 0xff, 0xff, 0xff, 0xff,
    0xff, 0xff, 0xff, 0xff, 0xff, 0xff, 0xff, 0xff,
    0xff, 0xff, 0xff, 0xff, 0xff, 0xff, 0xff, 0xff,
    0xff, 0xff, 0xff, 0xff, 0xff, 0xff, 0xff, 0xff,
    0xff, 0xff, 0xff, 0xff, 0xff, 0xff, 0xff, 0xff,
    0xff, 0xff, 0xff, 0xff, 0xff, 0xff, 0xff, 0xff,
    0xff, 0xff, 0xff, 0xff, 0xff, 0xff, 0xff, 0xff,
    0xff, 0xff, 0xff, 0xff, 0xff, 0xff, 0xff, 0xff,
    0xff, 0xff, 0xff, 0xff, 0xff, 0xff, 0xff, 0xff,
    0xff, 0xff, 0xff, 0xff, 0xff, 0xff, 0xff, 0xff,
    0xff, 0xff, 0xff, 0xff, 0xff, 0xff, 0xff, 0xff,
    0xff, 0xff, 0xff, 0xff, 0xff, 0xff, 0xff, 0xff,
    0xff, 0xff, 0xff, 0xff, 0xff, 0xff, 0xff, 0xff,
    0xdf, 0xff, 0xff, 0xff, 0xff, 0xff, 0xff, 0xff,
    0xff, 0xff, 0xff, 0xfd, 0x3d, 0xff, 0xff, 0xff,
    0xff, 0xff, 0xff, 0xff, 0xff, 0xff, 0xff, 0xd3,

    /* U+F093 "" */
    0x0, 0x0, 0x0, 0x0, 0x0, 0xa, 0xa0, 0x0,
    0x0, 0x0, 0x0, 0x0, 0x0, 0x0, 0x0, 0x0,
    0x0, 0xbf, 0xfb, 0x0, 0x0, 0x0, 0x0, 0x0,
    0x0, 0x0, 0x0, 0x0, 0xb, 0xff, 0xff, 0xb0,
    0x0, 0x0, 0x0, 0x0, 0x0, 0x0, 0x0, 0x0,
    0xbf, 0xff, 0xff, 0xfb, 0x0, 0x0, 0x0, 0x0,
    0x0, 0x0, 0x0, 0xb, 0xff, 0xff, 0xff, 0xff,
    0xb0, 0x0, 0x0, 0x0, 0x0, 0x0, 0x0, 0xbf,
    0xff, 0xff, 0xff, 0xff, 0xfb, 0x0, 0x0, 0x0,
    0x0, 0x0, 0xb, 0xff, 0xff, 0xff, 0xff, 0xff,
    0xff, 0xb0, 0x0, 0x0, 0x0, 0x0, 0xbf, 0xff,
    0xff, 0xff, 0xff, 0xff, 0xff, 0xfa, 0x0, 0x0,
    0x0, 0x0, 0xef, 0xff, 0xff, 0xff, 0xff, 0xff,
    0xff, 0xfe, 0x0, 0x0, 0x0, 0x0, 0x2, 0x22,
    0x2f, 0xff, 0xff, 0xf2, 0x22, 0x20, 0x0, 0x0,
    0x0, 0x0, 0x0, 0x0, 0xf, 0xff, 0xff, 0xf0,
    0x0, 0x0, 0x0, 0x0, 0x0, 0x0, 0x0, 0x0,
    0xf, 0xff, 0xff, 0xf0, 0x0, 0x0, 0x0, 0x0,
    0x0, 0x0, 0x0, 0x0, 0xf, 0xff, 0xff, 0xf0,
    0x0, 0x0, 0x0, 0x0, 0x0, 0x0, 0x0, 0x0,
    0xf, 0xff, 0xff, 0xf0, 0x0, 0x0, 0x0, 0x0,
    0x0, 0x0, 0x0, 0x0, 0xf, 0xff, 0xff, 0xf0,
    0x0, 0x0, 0x0, 0x0, 0x0, 0x0, 0x0, 0x0,
    0xf, 0xff, 0xff, 0xf0, 0x0, 0x0, 0x0, 0x0,
    0x25, 0x55, 0x55, 0x52, 0xf, 0xff, 0xff, 0xf0,
    0x25, 0x55, 0x55, 0x52, 0xef, 0xff, 0xff, 0xf9,
    0xc, 0xff, 0xff, 0xc0, 0x9f, 0xff, 0xff, 0xfe,
    0xff, 0xff, 0xff, 0xff, 0x20, 0x1, 0x10, 0x2,
    0xff, 0xff, 0xff, 0xff, 0xff, 0xff, 0xff, 0xff,
    0xf9, 0x88, 0x88, 0x9f, 0xff, 0xff, 0xff, 0xff,
    0xff, 0xff, 0xff, 0xff, 0xff, 0xff, 0xff, 0xff,
    0xff, 0xff, 0xff, 0xff, 0xff, 0xff, 0xff, 0xff,
    0xff, 0xff, 0xff, 0xff, 0x71, 0xe7, 0x1e, 0xff,
    0xff, 0xff, 0xff, 0xff, 0xff, 0xff, 0xff, 0xff,
    0xb6, 0xfb, 0x6f, 0xff, 0xbf, 0xff, 0xff, 0xff,
    0xff, 0xff, 0xff, 0xff, 0xff, 0xff, 0xff, 0xfb,

    /* U+F095 "" */
    0x0, 0x0, 0x0, 0x0, 0x0, 0x0, 0x0, 0x0,
    0x0, 0x0, 0x0, 0x0, 0x0, 0x0, 0x0, 0x0,
    0x0, 0x0, 0x0, 0x0, 0x0, 0xd, 0xea, 0x63,
    0x0, 0x0, 0x0, 0x0, 0x0, 0x0, 0x0, 0x0,
    0x0, 0x6, 0xff, 0xff, 0xff, 0x80, 0x0, 0x0,
    0x0, 0x0, 0x0, 0x0, 0x0, 0x0, 0xdf, 0xff,
    0xff, 0xff, 0x0, 0x0, 0x0, 0x0, 0x0, 0x0,
    0x0, 0x0, 0x4f, 0xff, 0xff, 0xff, 0xf0, 0x0,
    0x0, 0x0, 0x0, 0x0, 0x0, 0x0, 0xa, 0xff,
    0xff, 0xff, 0xfe, 0x0, 0x0, 0x0, 0x0, 0x0,
    0x0, 0x0, 0x1, 0xff, 0xff, 0xff, 0xff, 0xc0,
    0x0, 0x0, 0x0, 0x0, 0x0, 0x0, 0x0, 0x4f,
    0xff, 0xff, 0xff, 0xf9, 0x0, 0x0, 0x0, 0x0,
    0x0, 0x0, 0x0, 0x0, 0x9f, 0xff, 0xff, 0xff,
    0x60, 0x0, 0x0, 0x0, 0x0, 0x0, 0x0, 0x0,
    0x0, 0x6f, 0xff, 0xff, 0xf2, 0x0, 0x0, 0x0,
    0x0, 0x0, 0x0, 0x0, 0x0, 0x0, 0x6f, 0xff,
    0xfc, 0x0, 0x0, 0x0, 0x0, 0x0, 0x0, 0x0,
    0x0, 0x0, 0xa, 0xff, 0xff, 0x60, 0x0, 0x0,
    0x0, 0x0, 0x0, 0x0, 0x0, 0x0, 0x4, 0xff,
    0xff, 0xe0, 0x0, 0x0, 0x0, 0x0, 0x0, 0x0,
    0x0, 0x0, 0x1, 0xdf, 0xff, 0xf7, 0x0, 0x0,
    0x0, 0x0, 0x0, 0x0, 0x0, 0x0, 0x0, 0xbf,
    0xff, 0xfd, 0x0, 0x0, 0x0, 0x0, 0x1, 0x40,
    0x0, 0x0, 0x0, 0xaf, 0xff, 0xff, 0x30, 0x0,
    0x0, 0x0, 0x3a, 0xff, 0xa0, 0x0, 0x1, 0xbf,
    0xff, 0xff, 0x70, 0x0, 0x0, 0x5, 0xcf, 0xff,
    0xff, 0x70, 0x3, 0xdf, 0xff, 0xff, 0xa0, 0x0,
    0x0, 0xd, 0xff, 0xff, 0xff, 0xff, 0x6a, 0xff,
    0xff, 0xff, 0xb0, 0x0, 0x0, 0x0, 0xef, 0xff,
    0xff, 0xff, 0xff, 0xff, 0xff, 0xff, 0xa0, 0x0,
    0x0, 0x0, 0xa, 0xff, 0xff, 0xff, 0xff, 0xff,
    0xff, 0xff, 0x70, 0x0, 0x0, 0x0, 0x0, 0x6f,
    0xff, 0xff, 0xff, 0xff, 0xff, 0xfd, 0x30, 0x0,
    0x0, 0x0, 0x0, 0x3, 0xff, 0xff, 0xff, 0xff,
    0xff, 0xe7, 0x0, 0x0, 0x0, 0x0, 0x0, 0x0,
    0xf, 0xff, 0xff, 0xff, 0xfc, 0x60, 0x0, 0x0,
    0x0, 0x0, 0x0, 0x0, 0x0, 0x8f, 0xfe, 0xc9,
    0x62, 0x0, 0x0, 0x0, 0x0, 0x0, 0x0, 0x0,
    0x0,

    /* U+F0C4 "" */
    0x0, 0x2, 0x42, 0x0, 0x0, 0x0, 0x0, 0x0,
    0x0, 0x0, 0x0, 0x2, 0xcf, 0xff, 0xc2, 0x0,
    0x0, 0x0, 0x0, 0x37, 0x73, 0x0, 0x2e, 0xff,
    0xff, 0xfe, 0x20, 0x0, 0x0, 0x8, 0xff, 0xff,
    0x90, 0xaf, 0xff, 0xcf, 0xff, 0xa0, 0x0, 0x0,
    0x9f, 0xff, 0xff, 0xb0, 0xef, 0xf4, 0x4, 0xff,
    0xe0, 0x0, 0x9, 0xff, 0xff, 0xfb, 0x0, 0xff,
    0xf1, 0x1, 0xff, 0xf0, 0x0, 0x9f, 0xff, 0xff,
    0xb0, 0x0, 0xcf, 0xfb, 0x5b, 0xff, 0xc0, 0x9,
    0xff, 0xff, 0xfb, 0x0, 0x0, 0x5f, 0xff, 0xff,
    0xff, 0xf5, 0x9f, 0xff, 0xff, 0xb0, 0x0, 0x0,
    0x8, 0xff, 0xff, 0xff, 0xff, 0xff, 0xff, 0xfb,
    0x0, 0x0, 0x0, 0x0, 0x39, 0xbe, 0xff, 0xff,
    0xff, 0xff, 0xb0, 0x0, 0x0, 0x0, 0x0, 0x0,
    0x2, 0xef, 0xff, 0xff, 0xfb, 0x0, 0x0, 0x0,
    0x0, 0x0, 0x0, 0x0, 0xaf, 0xff, 0xff, 0xf5,
    0x0, 0x0, 0x0, 0x0, 0x0, 0x2, 0x4a, 0xff,
    0xff, 0xff, 0xff, 0x50, 0x0, 0x0, 0x0, 0x2,
    0xcf, 0xff, 0xff, 0xff, 0xff, 0xff, 0xf5, 0x0,
    0x0, 0x0, 0x2e, 0xff, 0xff, 0xff, 0xfb, 0xef,
    0xff, 0xff, 0x50, 0x0, 0x0, 0xaf, 0xff, 0xcf,
    0xff, 0xd0, 0x2e, 0xff, 0xff, 0xf5, 0x0, 0x0,
    0xef, 0xf4, 0x4, 0xff, 0xe0, 0x2, 0xef, 0xff,
    0xff, 0x50, 0x0, 0xff, 0xf1, 0x1, 0xff, 0xf0,
    0x0, 0x2e, 0xff, 0xff, 0xf5, 0x0, 0xcf, 0xfb,
    0x5b, 0xff, 0xc0, 0x0, 0x2, 0xef, 0xff, 0xff,
    0x50, 0x5f, 0xff, 0xff, 0xff, 0x50, 0x0, 0x0,
    0x2e, 0xff, 0xff, 0xd0, 0x8, 0xff, 0xff, 0xf8,
    0x0, 0x0, 0x0, 0x1, 0xae, 0xea, 0x20, 0x0,
    0x39, 0xb9, 0x30, 0x0, 0x0, 0x0, 0x0, 0x0,
    0x0, 0x0,

    /* U+F0C5 "" */
    0x0, 0x0, 0x0, 0xbf, 0xff, 0xff, 0xff, 0xf0,
    0x7a, 0x0, 0x0, 0x0, 0x0, 0xf, 0xff, 0xff,
    0xff, 0xff, 0x8, 0xfb, 0x0, 0x0, 0x0, 0x0,
    0xff, 0xff, 0xff, 0xff, 0xf0, 0x8f, 0xfb, 0x0,
    0x0, 0x0, 0xf, 0xff, 0xff, 0xff, 0xff, 0x8,
    0xff, 0xfa, 0x47, 0x88, 0x40, 0xff, 0xff, 0xff,
    0xff, 0xf0, 0x48, 0x88, 0x7f, 0xff, 0xf8, 0xf,
    0xff, 0xff, 0xff, 0xff, 0x40, 0x0, 0x0, 0xff,
    0xff, 0x80, 0xff, 0xff, 0xff, 0xff, 0xff, 0xff,
    0xff, 0xff, 0xff, 0xf8, 0xf, 0xff, 0xff, 0xff,
    0xff, 0xff, 0xff, 0xff, 0xff, 0xff, 0x80, 0xff,
    0xff, 0xff, 0xff, 0xff, 0xff, 0xff, 0xff, 0xff,
    0xf8, 0xf, 0xff, 0xff, 0xff, 0xff, 0xff, 0xff,
    0xff, 0xff, 0xff, 0x80, 0xff, 0xff, 0xff, 0xff,
    0xff, 0xff, 0xff, 0xff, 0xff, 0xf8, 0xf, 0xff,
    0xff, 0xff, 0xff, 0xff, 0xff, 0xff, 0xff, 0xff,
    0x80, 0xff, 0xff, 0xff, 0xff, 0xff, 0xff, 0xff,
    0xff, 0xff, 0xf8, 0xf, 0xff, 0xff, 0xff, 0xff,
    0xff, 0xff, 0xff, 0xff, 0xff, 0x80, 0xff, 0xff,
    0xff, 0xff, 0xff, 0xff, 0xff, 0xff, 0xff, 0xf8,
    0xf, 0xff, 0xff, 0xff, 0xff, 0xff, 0xff, 0xff,
    0xff, 0xff, 0x80, 0xff, 0xff, 0xff, 0xff, 0xff,
    0xff, 0xff, 0xff, 0xff, 0xf8, 0xf, 0xff, 0xff,
    0xff, 0xff, 0xff, 0xff, 0xff, 0xff, 0xff, 0x80,
    0xff, 0xff, 0xff, 0xff, 0xff, 0xff, 0xff, 0xff,
    0xff, 0xfc, 0x4, 0x78, 0x88, 0x88, 0x88, 0x88,
    0x88, 0x74, 0xff, 0xff, 0xfa, 0x10, 0x0, 0x0,
    0x0, 0x0, 0x0, 0x0, 0xf, 0xff, 0xff, 0xff,
    0xff, 0xff, 0xff, 0xff, 0x0, 0x0, 0x0, 0xff,
    0xff, 0xff, 0xff, 0xff, 0xff, 0xff, 0xf0, 0x0,
    0x0, 0xb, 0xff, 0xff, 0xff, 0xff, 0xff, 0xff,
    0xfb, 0x0, 0x0, 0x0,

    /* U+F0C7 "" */
    0x1, 0x44, 0x44, 0x44, 0x44, 0x44, 0x44, 0x42,
    0x0, 0x0, 0x6, 0xff, 0xff, 0xff, 0xff, 0xff,
    0xff, 0xff, 0xf8, 0x0, 0x0, 0xef, 0xff, 0xff,
    0xff, 0xff, 0xff, 0xff, 0xff, 0xf8, 0x0, 0xf,
    0xff, 0xcb, 0xbb, 0xbb, 0xbb, 0xbb, 0xbd, 0xff,
    0xf8, 0x0, 0xff, 0xf0, 0x0, 0x0, 0x0, 0x0,
    0x0, 0xf, 0xff, 0xf8, 0xf, 0xff, 0x0, 0x0,
    0x0, 0x0, 0x0, 0x0, 0xff, 0xff, 0xf7, 0xff,
    0xf0, 0x0, 0x0, 0x0, 0x0, 0x0, 0xf, 0xff,
    0xff, 0xef, 0xff, 0x0, 0x0, 0x0, 0x0, 0x0,
    0x0, 0xff, 0xff, 0xff, 0xff, 0xf0, 0x0, 0x0,
    0x0, 0x0, 0x0, 0xf, 0xff, 0xff, 0xff, 0xff,
    0x54, 0x44, 0x44, 0x44, 0x44, 0x45, 0xff, 0xff,
    0xff, 0xff, 0xff, 0xff, 0xff, 0xff, 0xff, 0xff,
    0xff, 0xff, 0xff, 0xff, 0xff, 0xff, 0xff, 0xff,
    0xff, 0xff, 0xff, 0xff, 0xff, 0xff, 0xff, 0xff,
    0xff, 0xff, 0xfe, 0xce, 0xff, 0xff, 0xff, 0xff,
    0xff, 0xff, 0xff, 0xff, 0xf8, 0x0, 0x8, 0xff,
    0xff, 0xff, 0xff, 0xff, 0xff, 0xff, 0xfc, 0x0,
    0x0, 0xc, 0xff, 0xff, 0xff, 0xff, 0xff, 0xff,
    0xff, 0x80, 0x0, 0x0, 0x8f, 0xff, 0xff, 0xff,
    0xff, 0xff, 0xff, 0xfa, 0x0, 0x0, 0xa, 0xff,
    0xff, 0xff, 0xff, 0xff, 0xff, 0xff, 0xf2, 0x0,
    0x2, 0xff, 0xff, 0xff, 0xff, 0xff, 0xff, 0xff,
    0xff, 0xf7, 0x57, 0xff, 0xff, 0xff, 0xff, 0xff,
    0xff, 0xff, 0xff, 0xff, 0xff, 0xff, 0xff, 0xff,
    0xff, 0xff, 0xbf, 0xff, 0xff, 0xff, 0xff, 0xff,
    0xff, 0xff, 0xff, 0xff, 0xb1, 0x8b, 0xbb, 0xbb,
    0xbb, 0xbb, 0xbb, 0xbb, 0xbb, 0xbb, 0x81,

    /* U+F0C9 "" */
    0x13, 0x33, 0x33, 0x33, 0x33, 0x33, 0x33, 0x33,
    0x33, 0x33, 0x1f, 0xff, 0xff, 0xff, 0xff, 0xff,
    0xff, 0xff, 0xff, 0xff, 0xfe, 0xff, 0xff, 0xff,
    0xff, 0xff, 0xff, 0xff, 0xff, 0xff, 0xff, 0xff,
    0xff, 0xff, 0xff, 0xff, 0xff, 0xff, 0xff, 0xff,
    0xff, 0xfe, 0x13, 0x33, 0x33, 0x33, 0x33, 0x33,
    0x33, 0x33, 0x33, 0x33, 0x10, 0x0, 0x0, 0x0,
    0x0, 0x0, 0x0, 0x0, 0x0, 0x0, 0x0, 0x0,
    0x0, 0x0, 0x0, 0x0, 0x0, 0x0, 0x0, 0x0,
    0x0, 0x0, 0x0, 0x0, 0x0, 0x0, 0x0, 0x0,
    0x0, 0x0, 0x0, 0x0, 0x57, 0x77, 0x77, 0x77,
    0x77, 0x77, 0x77, 0x77, 0x77, 0x77, 0x5f, 0xff,
    0xff, 0xff, 0xff, 0xff, 0xff, 0xff, 0xff, 0xff,
    0xff, 0xff, 0xff, 0xff, 0xff, 0xff, 0xff, 0xff,
    0xff, 0xff, 0xff, 0xfc, 0xee, 0xee, 0xee, 0xee,
    0xee, 0xee, 0xee, 0xee, 0xee, 0xeb, 0x0, 0x0,
    0x0, 0x0, 0x0, 0x0, 0x0, 0x0, 0x0, 0x0,
    0x0, 0x0, 0x0, 0x0, 0x0, 0x0, 0x0, 0x0,
    0x0, 0x0, 0x0, 0x0, 0x0, 0x0, 0x0, 0x0,
    0x0, 0x0, 0x0, 0x0, 0x0, 0x1, 0x33, 0x33,
    0x33, 0x33, 0x33, 0x33, 0x33, 0x33, 0x33, 0x31,
    0xff, 0xff, 0xff, 0xff, 0xff, 0xff, 0xff, 0xff,
    0xff, 0xff, 0xef, 0xff, 0xff, 0xff, 0xff, 0xff,
    0xff, 0xff, 0xff, 0xff, 0xff, 0xff, 0xff, 0xff,
    0xff, 0xff, 0xff, 0xff, 0xff, 0xff, 0xff, 0xe1,
    0x33, 0x33, 0x33, 0x33, 0x33, 0x33, 0x33, 0x33,
    0x33, 0x31,

    /* U+F0E0 "" */
    0x3d, 0xff, 0xff, 0xff, 0xff, 0xff, 0xff, 0xff,
    0xff, 0xff, 0xff, 0xd3, 0xdf, 0xff, 0xff, 0xff,
    0xff, 0xff, 0xff, 0xff, 0xff, 0xff, 0xff, 0xfd,
    0xff, 0xff, 0xff, 0xff, 0xff, 0xff, 0xff, 0xff,
    0xff, 0xff, 0xff, 0xff, 0xef, 0xff, 0xff, 0xff,
    0xff, 0xff, 0xff, 0xff, 0xff, 0xff, 0xff, 0xfe,
    0x2d, 0xff, 0xff, 0xff, 0xff, 0xff, 0xff, 0xff,
    0xff, 0xff, 0xff, 0xd2, 0x0, 0x9f, 0xff, 0xff,
    0xff, 0xff, 0xff, 0xff, 0xff, 0xff, 0xf9, 0x0,
    0xe4, 0x5, 0xff, 0xff, 0xff, 0xff, 0xff, 0xff,
    0xff, 0xff, 0x50, 0x4e, 0xff, 0x80, 0x2c, 0xff,
    0xff, 0xff, 0xff, 0xff, 0xff, 0xc2, 0x8, 0xff,
    0xff, 0xfc, 0x20, 0x8f, 0xff, 0xff, 0xff, 0xff,
    0xf9, 0x1, 0xcf, 0xff, 0xff, 0xff, 0xf5, 0x4,
    0xef, 0xff, 0xff, 0xfe, 0x40, 0x5e, 0xff, 0xff,
    0xff, 0xff, 0xff, 0x90, 0x1c, 0xff, 0xff, 0xb1,
    0x9, 0xff, 0xff, 0xff, 0xff, 0xff, 0xff, 0xfd,
    0x20, 0x6d, 0xd6, 0x2, 0xdf, 0xff, 0xff, 0xff,
    0xff, 0xff, 0xff, 0xff, 0xf6, 0x0, 0x0, 0x6f,
    0xff, 0xff, 0xff, 0xff, 0xff, 0xff, 0xff, 0xff,
    0xff, 0xd9, 0x9d, 0xff, 0xff, 0xff, 0xff, 0xff,
    0xff, 0xff, 0xff, 0xff, 0xff, 0xff, 0xff, 0xff,
    0xff, 0xff, 0xff, 0xff, 0xff, 0xff, 0xff, 0xff,
    0xff, 0xff, 0xff, 0xff, 0xff, 0xff, 0xff, 0xff,
    0xdf, 0xff, 0xff, 0xff, 0xff, 0xff, 0xff, 0xff,
    0xff, 0xff, 0xff, 0xfd, 0x3d, 0xff, 0xff, 0xff,
    0xff, 0xff, 0xff, 0xff, 0xff, 0xff, 0xff, 0xd3,

    /* U+F0E7 "" */
    0x0, 0x4f, 0xff, 0xff, 0xff, 0xf3, 0x0, 0x0,
    0x0, 0x9, 0xff, 0xff, 0xff, 0xff, 0x60, 0x0,
    0x0, 0x0, 0xbf, 0xff, 0xff, 0xff, 0xf1, 0x0,
    0x0, 0x0, 0xd, 0xff, 0xff, 0xff, 0xfc, 0x0,
    0x0, 0x0, 0x0, 0xff, 0xff, 0xff, 0xff, 0x70,
    0x0, 0x0, 0x0, 0x1f, 0xff, 0xff, 0xff, 0xf2,
    0x0, 0x0, 0x0, 0x3, 0xff, 0xff, 0xff, 0xfc,
    0x0, 0x0, 0x0, 0x0, 0x5f, 0xff, 0xff, 0xff,
    0xc8, 0x88, 0x87, 0x30, 0x8, 0xff, 0xff, 0xff,
    0xff, 0xff, 0xff, 0xff, 0x0, 0xaf, 0xff, 0xff,
    0xff, 0xff, 0xff, 0xff, 0xa0, 0xc, 0xff, 0xff,
    0xff, 0xff, 0xff, 0xff, 0xf2, 0x0, 0xef, 0xff,
    0xff, 0xff, 0xff, 0xff, 0xf8, 0x0, 0xf, 0xff,
    0xff, 0xff, 0xff, 0xff, 0xfe, 0x0, 0x0, 0x37,
    0x88, 0x88, 0xaf, 0xff, 0xff, 0x50, 0x0, 0x0,
    0x0, 0x0, 0x8, 0xff, 0xff, 0xc0, 0x0, 0x0,
    0x0, 0x0, 0x0, 0xcf, 0xff, 0xf3, 0x0, 0x0,
    0x0, 0x0, 0x0, 0xf, 0xff, 0xfa, 0x0, 0x0,
    0x0, 0x0, 0x0, 0x3, 0xff, 0xff, 0x10, 0x0,
    0x0, 0x0, 0x0, 0x0, 0x7f, 0xff, 0x70, 0x0,
    0x0, 0x0, 0x0, 0x0, 0xb, 0xff, 0xd0, 0x0,
    0x0, 0x0, 0x0, 0x0, 0x0, 0xff, 0xf4, 0x0,
    0x0, 0x0, 0x0, 0x0, 0x0, 0x3f, 0xfb, 0x0,
    0x0, 0x0, 0x0, 0x0, 0x0, 0x6, 0xff, 0x20,
    0x0, 0x0, 0x0, 0x0, 0x0, 0x0, 0x4f, 0x70,
    0x0, 0x0, 0x0, 0x0,

    /* U+F0EA "" */
    0x0, 0x0, 0x3, 0xdf, 0xd3, 0x0, 0x0, 0x0,
    0x0, 0x0, 0x4, 0x78, 0x88, 0xff, 0xef, 0xf8,
    0x88, 0x74, 0x0, 0x0, 0x0, 0xff, 0xff, 0xff,
    0x90, 0x9f, 0xff, 0xff, 0xf0, 0x0, 0x0, 0xf,
    0xff, 0xff, 0xf9, 0x9, 0xff, 0xff, 0xff, 0x0,
    0x0, 0x0, 0xff, 0xff, 0xff, 0xfe, 0xff, 0xff,
    0xff, 0xf0, 0x0, 0x0, 0xf, 0xff, 0xff, 0xff,
    0xff, 0xff, 0xff, 0xff, 0x0, 0x0, 0x0, 0xff,
    0xff, 0xff, 0xe5, 0x0, 0x0, 0x0, 0x0, 0x0,
    0x0, 0xf, 0xff, 0xff, 0xf4, 0x7, 0x88, 0x88,
    0x88, 0x3, 0x30, 0x0, 0xff, 0xff, 0xff, 0x7,
    0xff, 0xff, 0xff, 0xf0, 0x8f, 0x40, 0xf, 0xff,
    0xff, 0xf0, 0x8f, 0xff, 0xff, 0xff, 0x8, 0xff,
    0x40, 0xff, 0xff, 0xff, 0x8, 0xff, 0xff, 0xff,
    0xf0, 0x8f, 0xff, 0x4f, 0xff, 0xff, 0xf0, 0x8f,
    0xff, 0xff, 0xff, 0x8, 0xff, 0xfe, 0xff, 0xff,
    0xff, 0x8, 0xff, 0xff, 0xff, 0xf0, 0x0, 0x0,
    0xf, 0xff, 0xff, 0xf0, 0x8f, 0xff, 0xff, 0xff,
    0xb8, 0x88, 0x88, 0xff, 0xff, 0xff, 0x8, 0xff,
    0xff, 0xff, 0xff, 0xff, 0xff, 0xff, 0xff, 0xff,
    0xf0, 0x8f, 0xff, 0xff, 0xff, 0xff, 0xff, 0xff,
    0xff, 0xff, 0xff, 0x8, 0xff, 0xff, 0xff, 0xff,
    0xff, 0xff, 0xff, 0xff, 0xff, 0xf0, 0x8f, 0xff,
    0xff, 0xff, 0xff, 0xff, 0xff, 0xff, 0xff, 0xff,
    0x8, 0xff, 0xff, 0xff, 0xff, 0xff, 0xff, 0xf4,
    0x78, 0x88, 0x80, 0x8f, 0xff, 0xff, 0xff, 0xff,
    0xff, 0xff, 0x0, 0x0, 0x0, 0x8, 0xff, 0xff,
    0xff, 0xff, 0xff, 0xff, 0xf0, 0x0, 0x0, 0x0,
    0x8f, 0xff, 0xff, 0xff, 0xff, 0xff, 0xff, 0x0,
    0x0, 0x0, 0x7, 0xff, 0xff, 0xff, 0xff, 0xff,
    0xff, 0xf0, 0x0, 0x0, 0x0, 0x4f, 0xff, 0xff,
    0xff, 0xff, 0xff, 0xfb,

    /* U+F0F3 "" */
    0x0, 0x0, 0x0, 0x0, 0x8, 0xf8, 0x0, 0x0,
    0x0, 0x0, 0x0, 0x0, 0x0, 0x0, 0x0, 0xff,
    0xf0, 0x0, 0x0, 0x0, 0x0, 0x0, 0x0, 0x0,
    0x1, 0x5f, 0xff, 0x51, 0x0, 0x0, 0x0, 0x0,
    0x0, 0x0, 0x8, 0xff, 0xff, 0xff, 0xf8, 0x0,
    0x0, 0x0, 0x0, 0x0, 0xc, 0xff, 0xff, 0xff,
    0xff, 0xfb, 0x0, 0x0, 0x0, 0x0, 0xa, 0xff,
    0xff, 0xff, 0xff, 0xff, 0xf9, 0x0, 0x0, 0x0,
    0x4, 0xff, 0xff, 0xff, 0xff, 0xff, 0xff, 0xf3,
    0x0, 0x0, 0x0, 0xaf, 0xff, 0xff, 0xff, 0xff,
    0xff, 0xff, 0x90, 0x0, 0x0, 0xe, 0xff, 0xff,
    0xff, 0xff, 0xff, 0xff, 0xfd, 0x0, 0x0, 0x0,
    0xff, 0xff, 0xff, 0xff, 0xff, 0xff, 0xff, 0xf0,
    0x0, 0x0, 0xf, 0xff, 0xff, 0xff, 0xff, 0xff,
    0xff, 0xff, 0x0, 0x0, 0x1, 0xff, 0xff, 0xff,
    0xff, 0xff, 0xff, 0xff, 0xf1, 0x0, 0x0, 0x4f,
    0xff, 0xff, 0xff, 0xff, 0xff, 0xff, 0xff, 0x40,
    0x0, 0x8, 0xff, 0xff, 0xff, 0xff, 0xff, 0xff,
    0xff, 0xf8, 0x0, 0x0, 0xdf, 0xff, 0xff, 0xff,
    0xff, 0xff, 0xff, 0xff, 0xd0, 0x0, 0x5f, 0xff,
    0xff, 0xff, 0xff, 0xff, 0xff, 0xff, 0xff, 0x50,
    0x3f, 0xff, 0xff, 0xff, 0xff, 0xff, 0xff, 0xff,
    0xff, 0xff, 0x3d, 0xff, 0xff, 0xff, 0xff, 0xff,
    0xff, 0xff, 0xff, 0xff, 0xfd, 0xdf, 0xff, 0xff,
    0xff, 0xff, 0xff, 0xff, 0xff, 0xff, 0xff, 0xd2,
    0x78, 0x88, 0x88, 0x88, 0x88, 0x88, 0x88, 0x88,
    0x88, 0x72, 0x0, 0x0, 0x0, 0x0, 0x0, 0x0,
    0x0, 0x0, 0x0, 0x0, 0x0, 0x0, 0x0, 0x0,
    0x6f, 0xff, 0xff, 0x60, 0x0, 0x0, 0x0, 0x0,
    0x0, 0x0, 0x1, 0xff, 0xff, 0xe1, 0x0, 0x0,
    0x0, 0x0, 0x0, 0x0, 0x0, 0x3, 0xcf, 0xc3,
    0x0, 0x0, 0x0, 0x0,

    /* U+F11C "" */
    0x3d, 0xff, 0xff, 0xff, 0xff, 0xff, 0xff, 0xff,
    0xff, 0xff, 0xff, 0xff, 0xfd, 0x3d, 0xff, 0xff,
    0xff, 0xff, 0xff, 0xff, 0xff, 0xff, 0xff, 0xff,
    0xff, 0xff, 0xfd, 0xff, 0xff, 0xff, 0xff, 0xff,
    0xff, 0xff, 0xff, 0xff, 0xff, 0xff, 0xff, 0xff,
    0xff, 0xff, 0x10, 0x1f, 0x90, 0x9, 0xf1, 0x1,
    0xf9, 0x0, 0x9f, 0x10, 0x1f, 0xff, 0xff, 0xf0,
    0x0, 0xf8, 0x0, 0x8f, 0x0, 0xf, 0x80, 0x8,
    0xf0, 0x0, 0xff, 0xff, 0xff, 0x10, 0x1f, 0x90,
    0x9, 0xf1, 0x1, 0xf9, 0x0, 0x9f, 0x10, 0x1f,
    0xff, 0xff, 0xff, 0xff, 0xff, 0xff, 0xff, 0xff,
    0xff, 0xff, 0xff, 0xff, 0xff, 0xff, 0xff, 0xff,
    0xff, 0xb8, 0x8f, 0xe8, 0x8b, 0xfb, 0x88, 0xfe,
    0x88, 0xbf, 0xff, 0xff, 0xff, 0xff, 0xf4, 0x0,
    0xcc, 0x0, 0x4f, 0x40, 0xc, 0xc0, 0x4, 0xff,
    0xff, 0xff, 0xff, 0xff, 0x40, 0xc, 0xc0, 0x4,
    0xf4, 0x0, 0xcc, 0x0, 0x4f, 0xff, 0xff, 0xff,
    0xff, 0xfb, 0x88, 0xfe, 0x88, 0xbf, 0xb8, 0x8f,
    0xe8, 0x8b, 0xff, 0xff, 0xff, 0xff, 0xff, 0xff,
    0xff, 0xff, 0xff, 0xff, 0xff, 0xff, 0xff, 0xff,
    0xff, 0xff, 0xff, 0xf1, 0x1, 0xf9, 0x0, 0x0,
    0x0, 0x0, 0x0, 0x9, 0xf1, 0x1, 0xff, 0xff,
    0xff, 0x0, 0xf, 0x80, 0x0, 0x0, 0x0, 0x0,
    0x0, 0x8f, 0x0, 0xf, 0xff, 0xff, 0xf1, 0x1,
    0xf9, 0x0, 0x0, 0x0, 0x0, 0x0, 0x9, 0xf1,
    0x1, 0xff, 0xff, 0xff, 0xff, 0xff, 0xff, 0xff,
    0xff, 0xff, 0xff, 0xff, 0xff, 0xff, 0xff, 0xff,
    0xdf, 0xff, 0xff, 0xff, 0xff, 0xff, 0xff, 0xff,
    0xff, 0xff, 0xff, 0xff, 0xff, 0xd3, 0xdf, 0xff,
    0xff, 0xff, 0xff, 0xff, 0xff, 0xff, 0xff, 0xff,
    0xff, 0xff, 0xd3,

    /* U+F124 "" */
    0x0, 0x0, 0x0, 0x0, 0x0, 0x0, 0x0, 0x0,
    0x0, 0x0, 0x0, 0x0, 0x0, 0x0, 0x0, 0x0,
    0x0, 0x0, 0x0, 0x0, 0x0, 0x0, 0x0, 0x3a,
    0xfc, 0x20, 0x0, 0x0, 0x0, 0x0, 0x0, 0x0,
    0x0, 0x0, 0x0, 0x4b, 0xff, 0xff, 0xc0, 0x0,
    0x0, 0x0, 0x0, 0x0, 0x0, 0x0, 0x0, 0x5c,
    0xff, 0xff, 0xff, 0xf0, 0x0, 0x0, 0x0, 0x0,
    0x0, 0x0, 0x0, 0x6e, 0xff, 0xff, 0xff, 0xff,
    0xa0, 0x0, 0x0, 0x0, 0x0, 0x0, 0x1, 0x8e,
    0xff, 0xff, 0xff, 0xff, 0xff, 0x30, 0x0, 0x0,
    0x0, 0x0, 0x2, 0x9f, 0xff, 0xff, 0xff, 0xff,
    0xff, 0xfb, 0x0, 0x0, 0x0, 0x0, 0x3, 0xaf,
    0xff, 0xff, 0xff, 0xff, 0xff, 0xff, 0xf4, 0x0,
    0x0, 0x0, 0x4, 0xcf, 0xff, 0xff, 0xff, 0xff,
    0xff, 0xff, 0xff, 0xc0, 0x0, 0x0, 0x6, 0xdf,
    0xff, 0xff, 0xff, 0xff, 0xff, 0xff, 0xff, 0xff,
    0x50, 0x0, 0x3, 0xef, 0xff, 0xff, 0xff, 0xff,
    0xff, 0xff, 0xff, 0xff, 0xfe, 0x0, 0x0, 0xd,
    0xff, 0xff, 0xff, 0xff, 0xff, 0xff, 0xff, 0xff,
    0xff, 0xf6, 0x0, 0x0, 0xf, 0xff, 0xff, 0xff,
    0xff, 0xff, 0xff, 0xff, 0xff, 0xff, 0xe0, 0x0,
    0x0, 0x9, 0xff, 0xff, 0xff, 0xff, 0xff, 0xff,
    0xff, 0xff, 0xff, 0x80, 0x0, 0x0, 0x0, 0x57,
    0x88, 0x88, 0x88, 0x8c, 0xff, 0xff, 0xff, 0xff,
    0x10, 0x0, 0x0, 0x0, 0x0, 0x0, 0x0, 0x0,
    0x8, 0xff, 0xff, 0xff, 0xf9, 0x0, 0x0, 0x0,
    0x0, 0x0, 0x0, 0x0, 0x0, 0x8, 0xff, 0xff,
    0xff, 0xf2, 0x0, 0x0, 0x0, 0x0, 0x0, 0x0,
    0x0, 0x0, 0x8, 0xff, 0xff, 0xff, 0xa0, 0x0,
    0x0, 0x0, 0x0, 0x0, 0x0, 0x0, 0x0, 0x8,
    0xff, 0xff, 0xff, 0x30, 0x0, 0x0, 0x0, 0x0,
    0x0, 0x0, 0x0, 0x0, 0x8, 0xff, 0xff, 0xfc,
    0x0, 0x0, 0x0, 0x0, 0x0, 0x0, 0x0, 0x0,
    0x0, 0x8, 0xff, 0xff, 0xf4, 0x0, 0x0, 0x0,
    0x0, 0x0, 0x0, 0x0, 0x0, 0x0, 0x8, 0xff,
    0xff, 0xd0, 0x0, 0x0, 0x0, 0x0, 0x0, 0x0,
    0x0, 0x0, 0x0, 0x7, 0xff, 0xff, 0x60, 0x0,
    0x0, 0x0, 0x0, 0x0, 0x0, 0x0, 0x0, 0x0,
    0x5, 0xff, 0xfe, 0x0, 0x0, 0x0, 0x0, 0x0,
    0x0, 0x0, 0x0, 0x0, 0x0, 0x0, 0x9f, 0xd3,
    0x0, 0x0, 0x0, 0x0, 0x0, 0x0, 0x0, 0x0,
    0x0, 0x0, 0x0, 0x0, 0x0, 0x0, 0x0, 0x0,
    0x0, 0x0,

    /* U+F15B "" */
    0xbf, 0xff, 0xff, 0xff, 0xff, 0x80, 0xe4, 0x0,
    0x0, 0xff, 0xff, 0xff, 0xff, 0xff, 0x80, 0xff,
    0x40, 0x0, 0xff, 0xff, 0xff, 0xff, 0xff, 0x80,
    0xff, 0xf4, 0x0, 0xff, 0xff, 0xff, 0xff, 0xff,
    0x80, 0xff, 0xff, 0x40, 0xff, 0xff, 0xff, 0xff,
    0xff, 0x80, 0xff, 0xff, 0xf4, 0xff, 0xff, 0xff,
    0xff, 0xff, 0x80, 0xff, 0xff, 0xfe, 0xff, 0xff,
    0xff, 0xff, 0xff, 0x80, 0x0, 0x0, 0x0, 0xff,
    0xff, 0xff, 0xff, 0xff, 0xf8, 0x88, 0x88, 0x88,
    0xff, 0xff, 0xff, 0xff, 0xff, 0xff, 0xff, 0xff,
    0xff, 0xff, 0xff, 0xff, 0xff, 0xff, 0xff, 0xff,
    0xff, 0xff, 0xff, 0xff, 0xff, 0xff, 0xff, 0xff,
    0xff, 0xff, 0xff, 0xff, 0xff, 0xff, 0xff, 0xff,
    0xff, 0xff, 0xff, 0xff, 0xff, 0xff, 0xff, 0xff,
    0xff, 0xff, 0xff, 0xff, 0xff, 0xff, 0xff, 0xff,
    0xff, 0xff, 0xff, 0xff, 0xff, 0xff, 0xff, 0xff,
    0xff, 0xff, 0xff, 0xff, 0xff, 0xff, 0xff, 0xff,
    0xff, 0xff, 0xff, 0xff, 0xff, 0xff, 0xff, 0xff,
    0xff, 0xff, 0xff, 0xff, 0xff, 0xff, 0xff, 0xff,
    0xff, 0xff, 0xff, 0xff, 0xff, 0xff, 0xff, 0xff,
    0xff, 0xff, 0xff, 0xff, 0xff, 0xff, 0xff, 0xff,
    0xff, 0xff, 0xff, 0xff, 0xff, 0xff, 0xff, 0xff,
    0xff, 0xff, 0xff, 0xff, 0xff, 0xff, 0xff, 0xff,
    0xff, 0xff, 0xff, 0xff, 0xff, 0xff, 0xff, 0xff,
    0xff, 0xff, 0xff, 0xff, 0xff, 0xff, 0xff, 0xff,
    0xff, 0xff, 0xff, 0xff, 0xff, 0xff, 0xff, 0xbf,
    0xff, 0xff, 0xff, 0xff, 0xff, 0xff, 0xff, 0xfb,

    /* U+F1EB "" */
    0x0, 0x0, 0x0, 0x0, 0x0, 0x0, 0x0, 0x0,
    0x0, 0x0, 0x0, 0x0, 0x0, 0x0, 0x0, 0x0,
    0x0, 0x0, 0x0, 0x0, 0x3, 0x56, 0x77, 0x65,
    0x30, 0x0, 0x0, 0x0, 0x0, 0x0, 0x0, 0x0,
    0x0, 0x2, 0x7c, 0xff, 0xff, 0xff, 0xff, 0xff,
    0xc7, 0x20, 0x0, 0x0, 0x0, 0x0, 0x0, 0x5,
    0xcf, 0xff, 0xff, 0xff, 0xff, 0xff, 0xff, 0xff,
    0xfc, 0x50, 0x0, 0x0, 0x0, 0x3, 0xdf, 0xff,
    0xff, 0xff, 0xff, 0xff, 0xff, 0xff, 0xff, 0xff,
    0xfd, 0x30, 0x0, 0x0, 0x8f, 0xff, 0xff, 0xff,
    0xc9, 0x65, 0x44, 0x56, 0x9c, 0xff, 0xff, 0xff,
    0xf8, 0x0, 0x1c, 0xff, 0xff, 0xfd, 0x61, 0x0,
    0x0, 0x0, 0x0, 0x0, 0x16, 0xdf, 0xff, 0xff,
    0xc1, 0xdf, 0xff, 0xfe, 0x50, 0x0, 0x0, 0x0,
    0x0, 0x0, 0x0, 0x0, 0x5, 0xef, 0xff, 0xfd,
    0x9f, 0xff, 0x90, 0x0, 0x0, 0x0, 0x0, 0x0,
    0x0, 0x0, 0x0, 0x0, 0x9, 0xff, 0xf9, 0x9,
    0xf6, 0x0, 0x0, 0x0, 0x48, 0xcd, 0xff, 0xdc,
    0x84, 0x0, 0x0, 0x0, 0x6f, 0x90, 0x0, 0x10,
    0x0, 0x0, 0x6e, 0xff, 0xff, 0xff, 0xff, 0xff,
    0xe6, 0x0, 0x0, 0x1, 0x0, 0x0, 0x0, 0x0,
    0x3d, 0xff, 0xff, 0xff, 0xff, 0xff, 0xff, 0xff,
    0xd3, 0x0, 0x0, 0x0, 0x0, 0x0, 0x5, 0xff,
    0xff, 0xff, 0xfe, 0xcc, 0xef, 0xff, 0xff, 0xff,
    0x50, 0x0, 0x0, 0x0, 0x0, 0x8, 0xff, 0xff,
    0xc5, 0x10, 0x0, 0x1, 0x5c, 0xff, 0xff, 0x80,
    0x0, 0x0, 0x0, 0x0, 0x0, 0xaf, 0xe4, 0x0,
    0x0, 0x0, 0x0, 0x0, 0x4e, 0xfa, 0x0, 0x0,
    0x0, 0x0, 0x0, 0x0, 0x6, 0x10, 0x0, 0x0,
    0x0, 0x0, 0x0, 0x1, 0x60, 0x0, 0x0, 0x0,
    0x0, 0x0, 0x0, 0x0, 0x0, 0x0, 0x0, 0x22,
    0x0, 0x0, 0x0, 0x0, 0x0, 0x0, 0x0, 0x0,
    0x0, 0x0, 0x0, 0x0, 0x0, 0x1d, 0xff, 0xc1,
    0x0, 0x0, 0x0, 0x0, 0x0, 0x0, 0x0, 0x0,
    0x0, 0x0, 0x0, 0x0, 0xbf, 0xff, 0xfb, 0x0,
    0x0, 0x0, 0x0, 0x0, 0x0, 0x0, 0x0, 0x0,
    0x0, 0x0, 0x0, 0xff, 0xff, 0xff, 0x0, 0x0,
    0x0, 0x0, 0x0, 0x0, 0x0, 0x0, 0x0, 0x0,
    0x0, 0x0, 0xdf, 0xff, 0xfd, 0x0, 0x0, 0x0,
    0x0, 0x0, 0x0, 0x0, 0x0, 0x0, 0x0, 0x0,
    0x0, 0x5f, 0xff, 0xf5, 0x0, 0x0, 0x0, 0x0,
    0x0, 0x0, 0x0, 0x0, 0x0, 0x0, 0x0, 0x0,
    0x4, 0xaa, 0x40, 0x0, 0x0, 0x0, 0x0, 0x0,
    0x0,

    /* U+F240 "" */
    0x1, 0x44, 0x44, 0x44, 0x44, 0x44, 0x44, 0x44,
    0x44, 0x44, 0x44, 0x44, 0x44, 0x30, 0x0, 0x6f,
    0xff, 0xff, 0xff, 0xff, 0xff, 0xff, 0xff, 0xff,
    0xff, 0xff, 0xff, 0xff, 0xfd, 0x0, 0xef, 0xff,
    0xff, 0xff, 0xff, 0xff, 0xff, 0xff, 0xff, 0xff,
    0xff, 0xff, 0xff, 0xff, 0x60, 0xff, 0xfb, 0xbb,
    0xbb, 0xbb, 0xbb, 0xbb, 0xbb, 0xbb, 0xbb, 0xbb,
    0xbb, 0xbd, 0xff, 0xa1, 0xff, 0xf0, 0x0, 0x0,
    0x0, 0x0, 0x0, 0x0, 0x0, 0x0, 0x0, 0x0,
    0x8, 0xff, 0xfe, 0xff, 0xf0, 0x8f, 0xff, 0xff,
    0xff, 0xff, 0xff, 0xff, 0xff, 0xff, 0xff, 0x8,
    0xff, 0xff, 0xff, 0xf0, 0x8f, 0xff, 0xff, 0xff,
    0xff, 0xff, 0xff, 0xff, 0xff, 0xff, 0x5, 0xbf,
    0xff, 0xff, 0xf0, 0x8f, 0xff, 0xff, 0xff, 0xff,
    0xff, 0xff, 0xff, 0xff, 0xff, 0x0, 0xf, 0xff,
    0xff, 0xf0, 0x8f, 0xff, 0xff, 0xff, 0xff, 0xff,
    0xff, 0xff, 0xff, 0xff, 0x0, 0xf, 0xff, 0xff,
    0xf0, 0x8f, 0xff, 0xff, 0xff, 0xff, 0xff, 0xff,
    0xff, 0xff, 0xff, 0x2, 0x4f, 0xff, 0xff, 0xf0,
    0x8f, 0xff, 0xff, 0xff, 0xff, 0xff, 0xff, 0xff,
    0xff, 0xff, 0x8, 0xff, 0xff, 0xff, 0xf0, 0x0,
    0x0, 0x0, 0x0, 0x0, 0x0, 0x0, 0x0, 0x0,
    0x0, 0x8, 0xff, 0xff, 0xff, 0xf4, 0x44, 0x44,
    0x44, 0x44, 0x44, 0x44, 0x44, 0x44, 0x44, 0x44,
    0x4a, 0xff, 0xd7, 0xff, 0xff, 0xff, 0xff, 0xff,
    0xff, 0xff, 0xff, 0xff, 0xff, 0xff, 0xff, 0xff,
    0xff, 0x70, 0xbf, 0xff, 0xff, 0xff, 0xff, 0xff,
    0xff, 0xff, 0xff, 0xff, 0xff, 0xff, 0xff, 0xff,
    0x30, 0x18, 0xbb, 0xbb, 0xbb, 0xbb, 0xbb, 0xbb,
    0xbb, 0xbb, 0xbb, 0xbb, 0xbb, 0xbb, 0xa4, 0x0,

    /* U+F241 "" */
    0x1, 0x44, 0x44, 0x44, 0x44, 0x44, 0x44, 0x44,
    0x44, 0x44, 0x44, 0x44, 0x44, 0x30, 0x0, 0x6f,
    0xff, 0xff, 0xff, 0xff, 0xff, 0xff, 0xff, 0xff,
    0xff, 0xff, 0xff, 0xff, 0xfd, 0x0, 0xef, 0xff,
    0xff, 0xff, 0xff, 0xff, 0xff, 0xff, 0xff, 0xff,
    0xff, 0xff, 0xff, 0xff, 0x60, 0xff, 0xfb, 0xbb,
    0xbb, 0xbb, 0xbb, 0xbb, 0xbb, 0xbb, 0xbb, 0xbb,
    0xbb, 0xbd, 0xff, 0xa1, 0xff, 0xf0, 0x0, 0x0,
    0x0, 0x0, 0x0, 0x0, 0x0, 0x0, 0x0, 0x0,
    0x8, 0xff, 0xfe, 0xff, 0xf0, 0xbf, 0xff, 0xff,
    0xff, 0xff, 0xff, 0xff, 0xf4, 0x0, 0x0, 0x8,
    0xff, 0xff, 0xff, 0xf0, 0xbf, 0xff, 0xff, 0xff,
    0xff, 0xff, 0xff, 0xf4, 0x0, 0x0, 0x5, 0xbf,
    0xff, 0xff, 0xf0, 0xbf, 0xff, 0xff, 0xff, 0xff,
    0xff, 0xff, 0xf4, 0x0, 0x0, 0x0, 0xf, 0xff,
    0xff, 0xf0, 0xbf, 0xff, 0xff, 0xff, 0xff, 0xff,
    0xff, 0xf4, 0x0, 0x0, 0x0, 0xf, 0xff, 0xff,
    0xf0, 0xbf, 0xff, 0xff, 0xff, 0xff, 0xff, 0xff,
    0xf4, 0x0, 0x0, 0x2, 0x4f, 0xff, 0xff, 0xf0,
    0xbf, 0xff, 0xff, 0xff, 0xff, 0xff, 0xff, 0xf4,
    0x0, 0x0, 0x8, 0xff, 0xff, 0xff, 0xf0, 0x0,
    0x0, 0x0, 0x0, 0x0, 0x0, 0x0, 0x0, 0x0,
    0x0, 0x8, 0xff, 0xff, 0xff, 0xf4, 0x44, 0x44,
    0x44, 0x44, 0x44, 0x44, 0x44, 0x44, 0x44, 0x44,
    0x4a, 0xff, 0xd7, 0xff, 0xff, 0xff, 0xff, 0xff,
    0xff, 0xff, 0xff, 0xff, 0xff, 0xff, 0xff, 0xff,
    0xff, 0x70, 0xbf, 0xff, 0xff, 0xff, 0xff, 0xff,
    0xff, 0xff, 0xff, 0xff, 0xff, 0xff, 0xff, 0xff,
    0x30, 0x18, 0xbb, 0xbb, 0xbb, 0xbb, 0xbb, 0xbb,
    0xbb, 0xbb, 0xbb, 0xbb, 0xbb, 0xbb, 0xa4, 0x0,

    /* U+F242 "" */
    0x1, 0x44, 0x44, 0x44, 0x44, 0x44, 0x44, 0x44,
    0x44, 0x44, 0x44, 0x44, 0x44, 0x30, 0x0, 0x6f,
    0xff, 0xff, 0xff, 0xff, 0xff, 0xff, 0xff, 0xff,
    0xff, 0xff, 0xff, 0xff, 0xfd, 0x0, 0xef, 0xff,
    0xff, 0xff, 0xff, 0xff, 0xff, 0xff, 0xff, 0xff,
    0xff, 0xff, 0xff, 0xff, 0x60, 0xff, 0xfb, 0xbb,
    0xbb, 0xbb, 0xbb, 0xbb, 0xbb, 0xbb, 0xbb, 0xbb,
    0xbb, 0xbd, 0xff, 0xa1, 0xff, 0xf0, 0x0, 0x0,
    0x0, 0x0, 0x0, 0x0, 0x0, 0x0, 0x0, 0x0,
    0x8, 0xff, 0xfe, 0xff, 0xf0, 0x8f, 0xff, 0xff,
    0xff, 0xff, 0xf0, 0x0, 0x0, 0x0, 0x0, 0x8,
    0xff, 0xff, 0xff, 0xf0, 0x8f, 0xff, 0xff, 0xff,
    0xff, 0xf0, 0x0, 0x0, 0x0, 0x0, 0x5, 0xbf,
    0xff, 0xff, 0xf0, 0x8f, 0xff, 0xff, 0xff, 0xff,
    0xf0, 0x0, 0x0, 0x0, 0x0, 0x0, 0xf, 0xff,
    0xff, 0xf0, 0x8f, 0xff, 0xff, 0xff, 0xff, 0xf0,
    0x0, 0x0, 0x0, 0x0, 0x0, 0xf, 0xff, 0xff,
    0xf0, 0x8f, 0xff, 0xff, 0xff, 0xff, 0xf0, 0x0,
    0x0, 0x0, 0x0, 0x2, 0x4f, 0xff, 0xff, 0xf0,
    0x8f, 0xff, 0xff, 0xff, 0xff, 0xf0, 0x0, 0x0,
    0x0, 0x0, 0x8, 0xff, 0xff, 0xff, 0xf0, 0x0,
    0x0, 0x0, 0x0, 0x0, 0x0, 0x0, 0x0, 0x0,
    0x0, 0x8, 0xff, 0xff, 0xff, 0xf4, 0x44, 0x44,
    0x44, 0x44, 0x44, 0x44, 0x44, 0x44, 0x44, 0x44,
    0x4a, 0xff, 0xd7, 0xff, 0xff, 0xff, 0xff, 0xff,
    0xff, 0xff, 0xff, 0xff, 0xff, 0xff, 0xff, 0xff,
    0xff, 0x70, 0xbf, 0xff, 0xff, 0xff, 0xff, 0xff,
    0xff, 0xff, 0xff, 0xff, 0xff, 0xff, 0xff, 0xff,
    0x30, 0x18, 0xbb, 0xbb, 0xbb, 0xbb, 0xbb, 0xbb,
    0xbb, 0xbb, 0xbb, 0xbb, 0xbb, 0xbb, 0xa4, 0x0,

    /* U+F243 "" */
    0x1, 0x44, 0x44, 0x44, 0x44, 0x44, 0x44, 0x44,
    0x44, 0x44, 0x44, 0x44, 0x44, 0x30, 0x0, 0x6f,
    0xff, 0xff, 0xff, 0xff, 0xff, 0xff, 0xff, 0xff,
    0xff, 0xff, 0xff, 0xff, 0xfd, 0x0, 0xef, 0xff,
    0xff, 0xff, 0xff, 0xff, 0xff, 0xff, 0xff, 0xff,
    0xff, 0xff, 0xff, 0xff, 0x60, 0xff, 0xfb, 0xbb,
    0xbb, 0xbb, 0xbb, 0xbb, 0xbb, 0xbb, 0xbb, 0xbb,
    0xbb, 0xbd, 0xff, 0xa1, 0xff, 0xf0, 0x0, 0x0,
    0x0, 0x0, 0x0, 0x0, 0x0, 0x0, 0x0, 0x0,
    0x8, 0xff, 0xfe, 0xff, 0xf0, 0xbf, 0xff, 0xff,
    0x40, 0x0, 0x0, 0x0, 0x0, 0x0, 0x0, 0x8,
    0xff, 0xff, 0xff, 0xf0, 0xbf, 0xff, 0xff, 0x40,
    0x0, 0x0, 0x0, 0x0, 0x0, 0x0, 0x5, 0xbf,
    0xff, 0xff, 0xf0, 0xbf, 0xff, 0xff, 0x40, 0x0,
    0x0, 0x0, 0x0, 0x0, 0x0, 0x0, 0xf, 0xff,
    0xff, 0xf0, 0xbf, 0xff, 0xff, 0x40, 0x0, 0x0,
    0x0, 0x0, 0x0, 0x0, 0x0, 0xf, 0xff, 0xff,
    0xf0, 0xbf, 0xff, 0xff, 0x40, 0x0, 0x0, 0x0,
    0x0, 0x0, 0x0, 0x2, 0x4f, 0xff, 0xff, 0xf0,
    0xbf, 0xff, 0xff, 0x40, 0x0, 0x0, 0x0, 0x0,
    0x0, 0x0, 0x8, 0xff, 0xff, 0xff, 0xf0, 0x0,
    0x0, 0x0, 0x0, 0x0, 0x0, 0x0, 0x0, 0x0,
    0x0, 0x8, 0xff, 0xff, 0xff, 0xf4, 0x44, 0x44,
    0x44, 0x44, 0x44, 0x44, 0x44, 0x44, 0x44, 0x44,
    0x4a, 0xff, 0xd7, 0xff, 0xff, 0xff, 0xff, 0xff,
    0xff, 0xff, 0xff, 0xff, 0xff, 0xff, 0xff, 0xff,
    0xff, 0x70, 0xbf, 0xff, 0xff, 0xff, 0xff, 0xff,
    0xff, 0xff, 0xff, 0xff, 0xff, 0xff, 0xff, 0xff,
    0x30, 0x18, 0xbb, 0xbb, 0xbb, 0xbb, 0xbb, 0xbb,
    0xbb, 0xbb, 0xbb, 0xbb, 0xbb, 0xbb, 0xa4, 0x0,

    /* U+F244 "" */
    0x1, 0x44, 0x44, 0x44, 0x44, 0x44, 0x44, 0x44,
    0x44, 0x44, 0x44, 0x44, 0x44, 0x30, 0x0, 0x6f,
    0xff, 0xff, 0xff, 0xff, 0xff, 0xff, 0xff, 0xff,
    0xff, 0xff, 0xff, 0xff, 0xfd, 0x0, 0xef, 0xff,
    0xff, 0xff, 0xff, 0xff, 0xff, 0xff, 0xff, 0xff,
    0xff, 0xff, 0xff, 0xff, 0x60, 0xff, 0xfb, 0xbb,
    0xbb, 0xbb, 0xbb, 0xbb, 0xbb, 0xbb, 0xbb, 0xbb,
    0xbb, 0xbd, 0xff, 0xa1, 0xff, 0xf0, 0x0, 0x0,
    0x0, 0x0, 0x0, 0x0, 0x0, 0x0, 0x0, 0x0,
    0x8, 0xff, 0xfe, 0xff, 0xf0, 0x0, 0x0, 0x0,
    0x0, 0x0, 0x0, 0x0, 0x0, 0x0, 0x0, 0x8,
    0xff, 0xff, 0xff, 0xf0, 0x0, 0x0, 0x0, 0x0,
    0x0, 0x0, 0x0, 0x0, 0x0, 0x0, 0x5, 0xbf,
    0xff, 0xff, 0xf0, 0x0, 0x0, 0x0, 0x0, 0x0,
    0x0, 0x0, 0x0, 0x0, 0x0, 0x0, 0xf, 0xff,
    0xff, 0xf0, 0x0, 0x0, 0x0, 0x0, 0x0, 0x0,
    0x0, 0x0, 0x0, 0x0, 0x0, 0xf, 0xff, 0xff,
    0xf0, 0x0, 0x0, 0x0, 0x0, 0x0, 0x0, 0x0,
    0x0, 0x0, 0x0, 0x2, 0x4f, 0xff, 0xff, 0xf0,
    0x0, 0x0, 0x0, 0x0, 0x0, 0x0, 0x0, 0x0,
    0x0, 0x0, 0x8, 0xff, 0xff, 0xff, 0xf0, 0x0,
    0x0, 0x0, 0x0, 0x0, 0x0, 0x0, 0x0, 0x0,
    0x0, 0x8, 0xff, 0xff, 0xff, 0xf4, 0x44, 0x44,
    0x44, 0x44, 0x44, 0x44, 0x44, 0x44, 0x44, 0x44,
    0x4a, 0xff, 0xd7, 0xff, 0xff, 0xff, 0xff, 0xff,
    0xff, 0xff, 0xff, 0xff, 0xff, 0xff, 0xff, 0xff,
    0xff, 0x70, 0xbf, 0xff, 0xff, 0xff, 0xff, 0xff,
    0xff, 0xff, 0xff, 0xff, 0xff, 0xff, 0xff, 0xff,
    0x30, 0x18, 0xbb, 0xbb, 0xbb, 0xbb, 0xbb, 0xbb,
    0xbb, 0xbb, 0xbb, 0xbb, 0xbb, 0xbb, 0xa4, 0x0,

    /* U+F287 "" */
    0x0, 0x0, 0x0, 0x0, 0x0, 0x0, 0x0, 0x0,
    0x1, 0x0, 0x0, 0x0, 0x0, 0x0, 0x0, 0x0,
    0x0, 0x0, 0x0, 0x0, 0x0, 0x0, 0x0, 0x2d,
    0xfe, 0x30, 0x0, 0x0, 0x0, 0x0, 0x0, 0x0,
    0x0, 0x0, 0x0, 0x0, 0x0, 0x27, 0x7d, 0xff,
    0xfd, 0x0, 0x0, 0x0, 0x0, 0x0, 0x0, 0x0,
    0x0, 0x0, 0x0, 0x0, 0x4f, 0xff, 0xff, 0xff,
    0xf0, 0x0, 0x0, 0x0, 0x0, 0x0, 0x0, 0x0,
    0x0, 0x0, 0x0, 0xe, 0xf5, 0x3a, 0xff, 0xfb,
    0x0, 0x0, 0x0, 0x0, 0x0, 0x0, 0x0, 0x0,
    0x0, 0x0, 0x7, 0xf6, 0x0, 0x9, 0xda, 0x0,
    0x0, 0x0, 0x0, 0x0, 0x0, 0x0, 0x2, 0x0,
    0x0, 0x0, 0xed, 0x0, 0x0, 0x0, 0x0, 0x0,
    0x0, 0x0, 0x0, 0x0, 0x0, 0x9f, 0xfe, 0x50,
    0x0, 0x6f, 0x60, 0x0, 0x0, 0x0, 0x0, 0x0,
    0x0, 0xa4, 0x0, 0x0, 0x8f, 0xff, 0xff, 0x30,
    0x1e, 0xe0, 0x0, 0x0, 0x0, 0x0, 0x0, 0x0,
    0xf, 0xfa, 0x10, 0xe, 0xff, 0xff, 0xfd, 0xbe,
    0xfe, 0xbb, 0xbb, 0xbb, 0xbb, 0xbb, 0xbb, 0xbb,
    0xff, 0xff, 0x60, 0xef, 0xff, 0xff, 0xff, 0xff,
    0xff, 0xff, 0xff, 0xff, 0xff, 0xff, 0xff, 0xff,
    0xff, 0xfb, 0xa, 0xff, 0xff, 0xf5, 0x0, 0x0,
    0x1c, 0xf3, 0x0, 0x0, 0x0, 0x0, 0x0, 0xff,
    0xd4, 0x0, 0x1c, 0xff, 0xf9, 0x0, 0x0, 0x0,
    0x2f, 0xa0, 0x0, 0x0, 0x0, 0x0, 0xe, 0x70,
    0x0, 0x0, 0x4, 0x63, 0x0, 0x0, 0x0, 0x0,
    0xbf, 0x20, 0x0, 0x0, 0x0, 0x0, 0x0, 0x0,
    0x0, 0x0, 0x0, 0x0, 0x0, 0x0, 0x0, 0x3,
    0xfb, 0x0, 0x8f, 0xff, 0xf5, 0x0, 0x0, 0x0,
    0x0, 0x0, 0x0, 0x0, 0x0, 0x0, 0x0, 0xa,
    0xf8, 0x4b, 0xff, 0xff, 0x60, 0x0, 0x0, 0x0,
    0x0, 0x0, 0x0, 0x0, 0x0, 0x0, 0x0, 0xb,
    0xff, 0xff, 0xff, 0xf6, 0x0, 0x0, 0x0, 0x0,
    0x0, 0x0, 0x0, 0x0, 0x0, 0x0, 0x0, 0x3,
    0x5c, 0xff, 0xff, 0x60, 0x0, 0x0, 0x0, 0x0,
    0x0, 0x0, 0x0, 0x0, 0x0, 0x0, 0x0, 0x0,
    0x9f, 0xff, 0xf5, 0x0, 0x0, 0x0, 0x0, 0x0,
    0x0, 0x0, 0x0, 0x0, 0x0, 0x0, 0x0, 0x0,
    0x11, 0x10, 0x0, 0x0, 0x0, 0x0,

    /* U+F293 "" */
    0x0, 0x0, 0x2, 0x8c, 0xef, 0xfe, 0xa6, 0x0,
    0x0, 0x0, 0x0, 0x9, 0xff, 0xff, 0xff, 0xff,
    0xfe, 0x30, 0x0, 0x0, 0xc, 0xff, 0xff, 0xf4,
    0xff, 0xff, 0xff, 0x40, 0x0, 0xa, 0xff, 0xff,
    0xff, 0x5, 0xff, 0xff, 0xfe, 0x10, 0x2, 0xff,
    0xff, 0xff, 0xf0, 0x5, 0xff, 0xff, 0xf8, 0x0,
    0x9f, 0xff, 0xff, 0xff, 0x0, 0x6, 0xff, 0xff,
    0xe0, 0xe, 0xff, 0xfc, 0xff, 0xf0, 0x16, 0x7,
    0xff, 0xff, 0x21, 0xff, 0xf8, 0x9, 0xff, 0x1,
    0xf6, 0x7, 0xff, 0xf5, 0x4f, 0xff, 0xd1, 0x9,
    0xf0, 0x1f, 0x70, 0x6f, 0xff, 0x86, 0xff, 0xff,
    0xd1, 0x7, 0x1, 0x70, 0x5f, 0xff, 0xf9, 0x7f,
    0xff, 0xff, 0xd1, 0x0, 0x0, 0x3f, 0xff, 0xff,
    0xa7, 0xff, 0xff, 0xff, 0xc1, 0x0, 0x2e, 0xff,
    0xff, 0xfb, 0x7f, 0xff, 0xff, 0xff, 0x30, 0x5,
    0xff, 0xff, 0xff, 0xb7, 0xff, 0xff, 0xff, 0x40,
    0x0, 0x6, 0xff, 0xff, 0xfa, 0x6f, 0xff, 0xff,
    0x40, 0x30, 0x3, 0x7, 0xff, 0xff, 0xa4, 0xff,
    0xff, 0x40, 0x4e, 0x1, 0xe2, 0x8, 0xff, 0xf8,
    0x2f, 0xff, 0x70, 0x4f, 0xf0, 0x1f, 0x90, 0x2f,
    0xff, 0x60, 0xef, 0xff, 0x7f, 0xff, 0x1, 0xb0,
    0x2e, 0xff, 0xf3, 0xa, 0xff, 0xff, 0xff, 0xf0,
    0x0, 0x2e, 0xff, 0xff, 0x0, 0x4f, 0xff, 0xff,
    0xff, 0x0, 0x2e, 0xff, 0xff, 0x90, 0x0, 0xbf,
    0xff, 0xff, 0xf0, 0x2e, 0xff, 0xff, 0xf2, 0x0,
    0x1, 0xdf, 0xff, 0xff, 0x3e, 0xff, 0xff, 0xf7,
    0x0, 0x0, 0x0, 0xaf, 0xff, 0xff, 0xff, 0xff,
    0xf7, 0x0, 0x0, 0x0, 0x0, 0x28, 0xce, 0xff,
    0xec, 0x82, 0x0, 0x0,

    /* U+F2ED "" */
    0x0, 0x0, 0x0, 0x1a, 0xcc, 0xcc, 0xca, 0x10,
    0x0, 0x0, 0x2, 0x44, 0x44, 0x49, 0xff, 0xff,
    0xff, 0xf9, 0x44, 0x44, 0x42, 0xff, 0xff, 0xff,
    0xff, 0xff, 0xff, 0xff, 0xff, 0xff, 0xff, 0xff,
    0xff, 0xff, 0xff, 0xff, 0xff, 0xff, 0xff, 0xff,
    0xff, 0xff, 0x9b, 0xbb, 0xbb, 0xbb, 0xbb, 0xbb,
    0xbb, 0xbb, 0xbb, 0xbb, 0x80, 0x0, 0x0, 0x0,
    0x0, 0x0, 0x0, 0x0, 0x0, 0x0, 0x0, 0x8,
    0xff, 0xff, 0xff, 0xff, 0xff, 0xff, 0xff, 0xff,
    0xf8, 0x0, 0x8f, 0xff, 0xff, 0xff, 0xff, 0xff,
    0xff, 0xff, 0xff, 0x80, 0x8, 0xff, 0xff, 0xff,
    0xff, 0xff, 0xff, 0xff, 0xff, 0xf8, 0x0, 0x8f,
    0xff, 0x66, 0xff, 0xd1, 0xdf, 0xf6, 0x6f, 0xff,
    0x80, 0x8, 0xff, 0xf4, 0x4f, 0xfc, 0xc, 0xff,
    0x44, 0xff, 0xf8, 0x0, 0x8f, 0xff, 0x44, 0xff,
    0xc0, 0xcf, 0xf4, 0x4f, 0xff, 0x80, 0x8, 0xff,
    0xf4, 0x4f, 0xfc, 0xc, 0xff, 0x44, 0xff, 0xf8,
    0x0, 0x8f, 0xff, 0x44, 0xff, 0xc0, 0xcf, 0xf4,
    0x4f, 0xff, 0x80, 0x8, 0xff, 0xf4, 0x4f, 0xfc,
    0xc, 0xff, 0x44, 0xff, 0xf8, 0x0, 0x8f, 0xff,
    0x44, 0xff, 0xc0, 0xcf, 0xf4, 0x4f, 0xff, 0x80,
    0x8, 0xff, 0xf4, 0x4f, 0xfc, 0xc, 0xff, 0x44,
    0xff, 0xf8, 0x0, 0x8f, 0xff, 0x44, 0xff, 0xc0,
    0xcf, 0xf4, 0x4f, 0xff, 0x80, 0x8, 0xff, 0xf4,
    0x4f, 0xfc, 0xc, 0xff, 0x44, 0xff, 0xf8, 0x0,
    0x8f, 0xff, 0x44, 0xff, 0xc0, 0xcf, 0xf4, 0x4f,
    0xff, 0x80, 0x8, 0xff, 0xf6, 0x6f, 0xfd, 0x1d,
    0xff, 0x66, 0xff, 0xf8, 0x0, 0x7f, 0xff, 0xff,
    0xff, 0xff, 0xff, 0xff, 0xff, 0xff, 0x70, 0x5,
    0xff, 0xff, 0xff, 0xff, 0xff, 0xff, 0xff, 0xff,
    0xf5, 0x0, 0x9, 0xff, 0xff, 0xff, 0xff, 0xff,
    0xff, 0xff, 0xf9, 0x0,

    /* U+F304 "" */
    0x0, 0x0, 0x0, 0x0, 0x0, 0x0, 0x0, 0x0,
    0x0, 0x6e, 0xe5, 0x0, 0x0, 0x0, 0x0, 0x0,
    0x0, 0x0, 0x0, 0x0, 0x0, 0x7f, 0xff, 0xf6,
    0x0, 0x0, 0x0, 0x0, 0x0, 0x0, 0x0, 0x0,
    0x0, 0x7f, 0xff, 0xff, 0xf6, 0x0, 0x0, 0x0,
    0x0, 0x0, 0x0, 0x0, 0x0, 0x1f, 0xff, 0xff,
    0xff, 0xf5, 0x0, 0x0, 0x0, 0x0, 0x0, 0x0,
    0x0, 0x50, 0x3f, 0xff, 0xff, 0xff, 0xe0, 0x0,
    0x0, 0x0, 0x0, 0x0, 0x0, 0x7f, 0xb0, 0x3f,
    0xff, 0xff, 0xfe, 0x0, 0x0, 0x0, 0x0, 0x0,
    0x0, 0x7f, 0xff, 0xb0, 0x3f, 0xff, 0xff, 0x60,
    0x0, 0x0, 0x0, 0x0, 0x0, 0x7f, 0xff, 0xff,
    0xb0, 0x3f, 0xff, 0x70, 0x0, 0x0, 0x0, 0x0,
    0x0, 0x7f, 0xff, 0xff, 0xff, 0xb0, 0x3f, 0x70,
    0x0, 0x0, 0x0, 0x0, 0x0, 0x7f, 0xff, 0xff,
    0xff, 0xff, 0xb0, 0x10, 0x0, 0x0, 0x0, 0x0,
    0x0, 0x7f, 0xff, 0xff, 0xff, 0xff, 0xff, 0x50,
    0x0, 0x0, 0x0, 0x0, 0x0, 0x7f, 0xff, 0xff,
    0xff, 0xff, 0xff, 0x70, 0x0, 0x0, 0x0, 0x0,
    0x0, 0x7f, 0xff, 0xff, 0xff, 0xff, 0xff, 0x70,
    0x0, 0x0, 0x0, 0x0, 0x0, 0x7f, 0xff, 0xff,
    0xff, 0xff, 0xff, 0x70, 0x0, 0x0, 0x0, 0x0,
    0x0, 0x7f, 0xff, 0xff, 0xff, 0xff, 0xff, 0x70,
    0x0, 0x0, 0x0, 0x0, 0x0, 0x7f, 0xff, 0xff,
    0xff, 0xff, 0xff, 0x70, 0x0, 0x0, 0x0, 0x0,
    0x0, 0x7f, 0xff, 0xff, 0xff, 0xff, 0xff, 0x70,
    0x0, 0x0, 0x0, 0x0, 0x0, 0x5f, 0xff, 0xff,
    0xff, 0xff, 0xff, 0x70, 0x0, 0x0, 0x0, 0x0,
    0x0, 0x8, 0xff, 0xff, 0xff, 0xff, 0xff, 0x70,
    0x0, 0x0, 0x0, 0x0, 0x0, 0x0, 0xaf, 0xff,
    0xff, 0xff, 0xff, 0x70, 0x0, 0x0, 0x0, 0x0,
    0x0, 0x0, 0xb, 0xff, 0xff, 0xff, 0xff, 0x70,
    0x0, 0x0, 0x0, 0x0, 0x0, 0x0, 0x0, 0xdf,
    0xff, 0xff, 0xff, 0x70, 0x0, 0x0, 0x0, 0x0,
    0x0, 0x0, 0x0, 0xf, 0xff, 0xff, 0xff, 0x70,
    0x0, 0x0, 0x0, 0x0, 0x0, 0x0, 0x0, 0x0,
    0xbf, 0xdb, 0xa8, 0x50, 0x0, 0x0, 0x0, 0x0,
    0x0, 0x0, 0x0, 0x0, 0x0, 0x0, 0x0, 0x0,
    0x0, 0x0, 0x0, 0x0, 0x0, 0x0, 0x0, 0x0,
    0x0,

    /* U+F55A "" */
    0x0, 0x0, 0x0, 0x2, 0xbf, 0xff, 0xff, 0xff,
    0xff, 0xff, 0xff, 0xff, 0xff, 0xfe, 0x80, 0x0,
    0x0, 0x0, 0x3e, 0xff, 0xff, 0xff, 0xff, 0xff,
    0xff, 0xff, 0xff, 0xff, 0xff, 0xf8, 0x0, 0x0,
    0x3, 0xef, 0xff, 0xff, 0xff, 0xff, 0xff, 0xff,
    0xff, 0xff, 0xff, 0xff, 0xfe, 0x0, 0x0, 0x3e,
    0xff, 0xff, 0xff, 0xff, 0xcf, 0xff, 0xff, 0xfc,
    0xff, 0xff, 0xff, 0xff, 0x0, 0x3, 0xef, 0xff,
    0xff, 0xff, 0xf7, 0x6, 0xff, 0xff, 0x60, 0x8f,
    0xff, 0xff, 0xff, 0x0, 0x3e, 0xff, 0xff, 0xff,
    0xff, 0xc0, 0x0, 0x6f, 0xf6, 0x0, 0xc, 0xff,
    0xff, 0xff, 0x3, 0xef, 0xff, 0xff, 0xff, 0xff,
    0xf6, 0x0, 0x6, 0x60, 0x0, 0x6f, 0xff, 0xff,
    0xff, 0x3f, 0xff, 0xff, 0xff, 0xff, 0xff, 0xff,
    0x60, 0x0, 0x0, 0x6, 0xff, 0xff, 0xff, 0xff,
    0xdf, 0xff, 0xff, 0xff, 0xff, 0xff, 0xff, 0xf6,
    0x0, 0x0, 0x6f, 0xff, 0xff, 0xff, 0xff, 0xdf,
    0xff, 0xff, 0xff, 0xff, 0xff, 0xff, 0xf6, 0x0,
    0x0, 0x6f, 0xff, 0xff, 0xff, 0xff, 0x3f, 0xff,
    0xff, 0xff, 0xff, 0xff, 0xff, 0x60, 0x0, 0x0,
    0x6, 0xff, 0xff, 0xff, 0xff, 0x3, 0xff, 0xff,
    0xff, 0xff, 0xff, 0xf6, 0x0, 0x6, 0x60, 0x0,
    0x6f, 0xff, 0xff, 0xff, 0x0, 0x3e, 0xff, 0xff,
    0xff, 0xff, 0xc0, 0x0, 0x6f, 0xf6, 0x0, 0xc,
    0xff, 0xff, 0xff, 0x0, 0x3, 0xef, 0xff, 0xff,
    0xff, 0xf8, 0x6, 0xff, 0xff, 0x60, 0x7f, 0xff,
    0xff, 0xff, 0x0, 0x0, 0x3e, 0xff, 0xff, 0xff,
    0xff, 0xcf, 0xff, 0xff, 0xfc, 0xff, 0xff, 0xff,
    0xff, 0x0, 0x0, 0x3, 0xef, 0xff, 0xff, 0xff,
    0xff, 0xff, 0xff, 0xff, 0xff, 0xff, 0xff, 0xfe,
    0x0, 0x0, 0x0, 0x3e, 0xff, 0xff, 0xff, 0xff,
    0xff, 0xff, 0xff, 0xff, 0xff, 0xff, 0xf8, 0x0,
    0x0, 0x0, 0x2, 0xbf, 0xff, 0xff, 0xff, 0xff,
    0xff, 0xff, 0xff, 0xff, 0xfe, 0x80,

    /* U+F7C2 "" */
    0x0, 0x0, 0x7, 0xff, 0xff, 0xff, 0xff, 0xfe,
    0x80, 0x0, 0x0, 0x7f, 0xff, 0xff, 0xff, 0xff,
    0xff, 0xf8, 0x0, 0x7, 0xff, 0xff, 0xff, 0xff,
    0xff, 0xff, 0xfe, 0x0, 0x7f, 0xf4, 0x8, 0xf0,
    0xe, 0x90, 0xf, 0xff, 0x7, 0xff, 0xf4, 0x8,
    0xf0, 0xe, 0x90, 0xf, 0xff, 0x7f, 0xff, 0xf4,
    0x8, 0xf0, 0xe, 0x90, 0xf, 0xff, 0xff, 0xff,
    0xf4, 0x8, 0xf0, 0xe, 0x90, 0xf, 0xff, 0xff,
    0xff, 0xfa, 0x8c, 0xf8, 0x8f, 0xc8, 0x8f, 0xff,
    0xff, 0xff, 0xff, 0xff, 0xff, 0xff, 0xff, 0xff,
    0xff, 0xff, 0xff, 0xff, 0xff, 0xff, 0xff, 0xff,
    0xff, 0xff, 0xff, 0xff, 0xff, 0xff, 0xff, 0xff,
    0xff, 0xff, 0xff, 0xff, 0xff, 0xff, 0xff, 0xff,
    0xff, 0xff, 0xff, 0xff, 0xff, 0xff, 0xff, 0xff,
    0xff, 0xff, 0xff, 0xff, 0xff, 0xff, 0xff, 0xff,
    0xff, 0xff, 0xff, 0xff, 0xff, 0xff, 0xff, 0xff,
    0xff, 0xff, 0xff, 0xff, 0xff, 0xff, 0xff, 0xff,
    0xff, 0xff, 0xff, 0xff, 0xff, 0xff, 0xff, 0xff,
    0xff, 0xff, 0xff, 0xff, 0xff, 0xff, 0xff, 0xff,
    0xff, 0xff, 0xff, 0xff, 0xff, 0xff, 0xff, 0xff,
    0xff, 0xff, 0xff, 0xff, 0xff, 0xff, 0xff, 0xff,
    0xff, 0xff, 0xff, 0xff, 0xff, 0xff, 0xff, 0xff,
    0xff, 0xff, 0xff, 0xff, 0xff, 0xff, 0xff, 0xff,
    0xff, 0xff, 0xff, 0xff, 0xff, 0xef, 0xff, 0xff,
    0xff, 0xff, 0xff, 0xff, 0xff, 0xfe, 0x8f, 0xff,
    0xff, 0xff, 0xff, 0xff, 0xff, 0xff, 0xf8, 0x8,
    0xef, 0xff, 0xff, 0xff, 0xff, 0xff, 0xfe, 0x80,

    /* U+F8A2 "" */
    0x0, 0x0, 0x0, 0x0, 0x0, 0x0, 0x0, 0x0,
    0x0, 0x0, 0x0, 0x2, 0x0, 0x0, 0x0, 0x0,
    0x0, 0x0, 0x0, 0x0, 0x0, 0x0, 0x0, 0x7,
    0xf1, 0x0, 0x0, 0x0, 0x0, 0x0, 0x0, 0x0,
    0x0, 0x0, 0x0, 0x7, 0xff, 0x10, 0x0, 0x0,
    0x3, 0x0, 0x0, 0x0, 0x0, 0x0, 0x0, 0x6,
    0xff, 0xf1, 0x0, 0x0, 0x1c, 0xf7, 0x0, 0x0,
    0x0, 0x0, 0x0, 0x0, 0xaf, 0xff, 0x10, 0x0,
    0x1d, 0xff, 0x90, 0x0, 0x0, 0x0, 0x0, 0x0,
    0xa, 0xff, 0xf1, 0x0, 0x2d, 0xff, 0xf9, 0x0,
    0x0, 0x0, 0x0, 0x0, 0x0, 0xaf, 0xff, 0x10,
    0x2e, 0xff, 0xff, 0xa2, 0x22, 0x22, 0x22, 0x22,
    0x22, 0x2b, 0xff, 0xf1, 0x3e, 0xff, 0xff, 0xff,
    0xff, 0xff, 0xff, 0xff, 0xff, 0xff, 0xff, 0xff,
    0x1d, 0xff, 0xff, 0xff, 0xff, 0xff, 0xff, 0xff,
    0xff, 0xff, 0xff, 0xff, 0xf1, 0x8f, 0xff, 0xff,
    0xff, 0xff, 0xff, 0xff, 0xff, 0xff, 0xff, 0xff,
    0xff, 0x0, 0x8f, 0xff, 0xff, 0xd9, 0x99, 0x99,
    0x99, 0x99, 0x99, 0x99, 0x99, 0x60, 0x0, 0x7f,
    0xff, 0xf9, 0x0, 0x0, 0x0, 0x0, 0x0, 0x0,
    0x0, 0x0, 0x0, 0x0, 0x6f, 0xff, 0x90, 0x0,
    0x0, 0x0, 0x0, 0x0, 0x0, 0x0, 0x0, 0x0,
    0x0, 0x5f, 0xf8, 0x0, 0x0, 0x0, 0x0, 0x0,
    0x0, 0x0, 0x0, 0x0, 0x0, 0x0, 0x4a, 0x20,
    0x0, 0x0, 0x0, 0x0, 0x0, 0x0, 0x0, 0x0
};


/*---------------------
 *  GLYPH DESCRIPTION
 *--------------------*/

static const lv_font_fmt_txt_glyph_dsc_t glyph_dsc[] = {
    {.bitmap_index = 0, .adv_w = 0, .box_w = 0, .box_h = 0, .ofs_x = 0, .ofs_y = 0} /* id = 0 reserved */,
    {.bitmap_index = 0, .adv_w = 106, .box_w = 0, .box_h = 0, .ofs_x = 0, .ofs_y = 0},
    {.bitmap_index = 0, .adv_w = 107, .box_w = 5, .box_h = 17, .ofs_x = 1, .ofs_y = 0},
    {.bitmap_index = 43, .adv_w = 159, .box_w = 8, .box_h = 7, .ofs_x = 1, .ofs_y = 10},
    {.bitmap_index = 71, .adv_w = 273, .box_w = 17, .box_h = 17, .ofs_x = 0, .ofs_y = 0},
    {.bitmap_index = 216, .adv_w = 242, .box_w = 15, .box_h = 23, .ofs_x = 0, .ofs_y = -3},
    {.bitmap_index = 389, .adv_w = 330, .box_w = 20, .box_h = 17, .ofs_x = 0, .ofs_y = 0},
    {.bitmap_index = 559, .adv_w = 271, .box_w = 17, .box_h = 18, .ofs_x = 0, .ofs_y = -1},
    {.bitmap_index = 712, .adv_w = 84, .box_w = 3, .box_h = 7, .ofs_x = 1, .ofs_y = 10},
    {.bitmap_index = 723, .adv_w = 133, .box_w = 6, .box_h = 23, .ofs_x = 2, .ofs_y = -5},
    {.bitmap_index = 792, .adv_w = 134, .box_w = 7, .box_h = 23, .ofs_x = 0, .ofs_y = -5},
    {.bitmap_index = 873, .adv_w = 160, .box_w = 10, .box_h = 10, .ofs_x = 0, .ofs_y = 8},
    {.bitmap_index = 923, .adv_w = 227, .box_w = 12, .box_h = 11, .ofs_x = 1, .ofs_y = 3},
    {.bitmap_index = 989, .adv_w = 94, .box_w = 4, .box_h = 8, .ofs_x = 1, .ofs_y = -4},
    {.bitmap_index = 1005, .adv_w = 148, .box_w = 7, .box_h = 3, .ofs_x = 1, .ofs_y = 5},
    {.bitmap_index = 1016, .adv_w = 94, .box_w = 5, .box_h = 4, .ofs_x = 0, .ofs_y = 0},
    {.bitmap_index = 1026, .adv_w = 142, .box_w = 11, .box_h = 23, .ofs_x = -1, .ofs_y = -2},
    {.bitmap_index = 1153, .adv_w = 258, .box_w = 15, .box_h = 17, .ofs_x = 1, .ofs_y = 0},
    {.bitmap_index = 1281, .adv_w = 146, .box_w = 7, .box_h = 17, .ofs_x = 0, .ofs_y = 0},
    {.bitmap_index = 1341, .adv_w = 223, .box_w = 14, .box_h = 17, .ofs_x = 0, .ofs_y = 0},
    {.bitmap_index = 1460, .adv_w = 223, .box_w = 13, .box_h = 17, .ofs_x = 0, .ofs_y = 0},
    {.bitmap_index = 1571, .adv_w = 261, .box_w = 17, .box_h = 17, .ofs_x = 0, .ofs_y = 0},
    {.bitmap_index = 1716, .adv_w = 224, .box_w = 14, .box_h = 17, .ofs_x = 0, .ofs_y = 0},
    {.bitmap_index = 1835, .adv_w = 241, .box_w = 14, .box_h = 17, .ofs_x = 1, .ofs_y = 0},
    {.bitmap_index = 1954, .adv_w = 233, .box_w = 14, .box_h = 17, .ofs_x = 0, .ofs_y = 0},
    {.bitmap_index = 2073, .adv_w = 250, .box_w = 15, .box_h = 17, .ofs_x = 0, .ofs_y = 0},
    {.bitmap_index = 2201, .adv_w = 241, .box_w = 14, .box_h = 17, .ofs_x = 0, .ofs_y = 0},
    {.bitmap_index = 2320, .adv_w = 94, .box_w = 5, .box_h = 13, .ofs_x = 0, .ofs_y = 0},
    {.bitmap_index = 2353, .adv_w = 94, .box_w = 5, .box_h = 17, .ofs_x = 0, .ofs_y = -4},
    {.bitmap_index = 2396, .adv_w = 227, .box_w = 12, .box_h = 13, .ofs_x = 1, .ofs_y = 2},
    {.bitmap_index = 2474, .adv_w = 227, .box_w = 12, .box_h = 9, .ofs_x = 1, .ofs_y = 4},
    {.bitmap_index = 2528, .adv_w = 227, .box_w = 12, .box_h = 13, .ofs_x = 1, .ofs_y = 2},
    {.bitmap_index = 2606, .adv_w = 223, .box_w = 13, .box_h = 17, .ofs_x = 0, .ofs_y = 0},
    {.bitmap_index = 2717, .adv_w = 397, .box_w = 23, .box_h = 22, .ofs_x = 1, .ofs_y = -5},
    {.bitmap_index = 2970, .adv_w = 288, .box_w = 20, .box_h = 17, .ofs_x = -1, .ofs_y = 0},
    {.bitmap_index = 3140, .adv_w = 292, .box_w = 16, .box_h = 17, .ofs_x = 2, .ofs_y = 0},
    {.bitmap_index = 3276, .adv_w = 276, .box_w = 16, .box_h = 17, .ofs_x = 1, .ofs_y = 0},
    {.bitmap_index = 3412, .adv_w = 317, .box_w = 17, .box_h = 17, .ofs_x = 2, .ofs_y = 0},
    {.bitmap_index = 3557, .adv_w = 257, .box_w = 13, .box_h = 17, .ofs_x = 2, .ofs_y = 0},
    {.bitmap_index = 3668, .adv_w = 245, .box_w = 13, .box_h = 17, .ofs_x = 2, .ofs_y = 0},
    {.bitmap_index = 3779, .adv_w = 296, .box_w = 16, .box_h = 17, .ofs_x = 1, .ofs_y = 0},
    {.bitmap_index = 3915, .adv_w = 311, .box_w = 16, .box_h = 17, .ofs_x = 2, .ofs_y = 0},
    {.bitmap_index = 4051, .adv_w = 122, .box_w = 4, .box_h = 17, .ofs_x = 2, .ofs_y = 0},
    {.bitmap_index = 4085, .adv_w = 202, .box_w = 12, .box_h = 17, .ofs_x = -1, .ofs_y = 0},
    {.bitmap_index = 4187, .adv_w = 280, .box_w = 16, .box_h = 17, .ofs_x = 2, .ofs_y = 0},
    {.bitmap_index = 4323, .adv_w = 230, .box_w = 13, .box_h = 17, .ofs_x = 2, .ofs_y = 0},
    {.bitmap_index = 4434, .adv_w = 367, .box_w = 19, .box_h = 17, .ofs_x = 2, .ofs_y = 0},
    {.bitmap_index = 4596, .adv_w = 311, .box_w = 16, .box_h = 17, .ofs_x = 2, .ofs_y = 0},
    {.bitmap_index = 4732, .adv_w = 323, .box_w = 19, .box_h = 17, .ofs_x = 1, .ofs_y = 0},
    {.bitmap_index = 4894, .adv_w = 279, .box_w = 15, .box_h = 17, .ofs_x = 2, .ofs_y = 0},
    {.bitmap_index = 5022, .adv_w = 323, .box_w = 19, .box_h = 21, .ofs_x = 1, .ofs_y = -4},
    {.bitmap_index = 5222, .adv_w = 281, .box_w = 15, .box_h = 17, .ofs_x = 2, .ofs_y = 0},
    {.bitmap_index = 5350, .adv_w = 242, .box_w = 15, .box_h = 17, .ofs_x = 0, .ofs_y = 0},
    {.bitmap_index = 5478, .adv_w = 231, .box_w = 15, .box_h = 17, .ofs_x = 0, .ofs_y = 0},
    {.bitmap_index = 5606, .adv_w = 303, .box_w = 15, .box_h = 17, .ofs_x = 2, .ofs_y = 0},
    {.bitmap_index = 5734, .adv_w = 280, .box_w = 19, .box_h = 17, .ofs_x = -1, .ofs_y = 0},
    {.bitmap_index = 5896, .adv_w = 439, .box_w = 27, .box_h = 17, .ofs_x = 0, .ofs_y = 0},
    {.bitmap_index = 6126, .adv_w = 266, .box_w = 17, .box_h = 17, .ofs_x = 0, .ofs_y = 0},
    {.bitmap_index = 6271, .adv_w = 254, .box_w = 18, .box_h = 17, .ofs_x = -1, .ofs_y = 0},
    {.bitmap_index = 6424, .adv_w = 255, .box_w = 16, .box_h = 17, .ofs_x = 0, .ofs_y = 0},
    {.bitmap_index = 6560, .adv_w = 134, .box_w = 6, .box_h = 23, .ofs_x = 2, .ofs_y = -5},
    {.bitmap_index = 6629, .adv_w = 142, .box_w = 11, .box_h = 23, .ofs_x = -1, .ofs_y = -2},
    {.bitmap_index = 6756, .adv_w = 134, .box_w = 7, .box_h = 23, .ofs_x = 0, .ofs_y = -5},
    {.bitmap_index = 6837, .adv_w = 227, .box_w = 12, .box_h = 10, .ofs_x = 1, .ofs_y = 3},
    {.bitmap_index = 6897, .adv_w = 192, .box_w = 12, .box_h = 2, .ofs_x = 0, .ofs_y = -2},
    {.bitmap_index = 6909, .adv_w = 230, .box_w = 8, .box_h = 4, .ofs_x = 2, .ofs_y = 15},
    {.bitmap_index = 6925, .adv_w = 233, .box_w = 12, .box_h = 13, .ofs_x = 1, .ofs_y = 0},
    {.bitmap_index = 7003, .adv_w = 263, .box_w = 15, .box_h = 18, .ofs_x = 1, .ofs_y = 0},
    {.bitmap_index = 7138, .adv_w = 223, .box_w = 14, .box_h = 13, .ofs_x = 0, .ofs_y = 0},
    {.bitmap_index = 7229, .adv_w = 264, .box_w = 15, .box_h = 18, .ofs_x = 0, .ofs_y = 0},
    {.bitmap_index = 7364, .adv_w = 239, .box_w = 15, .box_h = 13, .ofs_x = 0, .ofs_y = 0},
    {.bitmap_index = 7462, .adv_w = 142, .box_w = 10, .box_h = 18, .ofs_x = 0, .ofs_y = 0},
    {.bitmap_index = 7552, .adv_w = 266, .box_w = 15, .box_h = 18, .ofs_x = 0, .ofs_y = -5},
    {.bitmap_index = 7687, .adv_w = 263, .box_w = 14, .box_h = 18, .ofs_x = 1, .ofs_y = 0},
    {.bitmap_index = 7813, .adv_w = 111, .box_w = 5, .box_h = 19, .ofs_x = 1, .ofs_y = 0},
    {.bitmap_index = 7861, .adv_w = 113, .box_w = 9, .box_h = 24, .ofs_x = -3, .ofs_y = -5},
    {.bitmap_index = 7969, .adv_w = 244, .box_w = 15, .box_h = 18, .ofs_x = 1, .ofs_y = 0},
    {.bitmap_index = 8104, .adv_w = 111, .box_w = 4, .box_h = 18, .ofs_x = 1, .ofs_y = 0},
    {.bitmap_index = 8140, .adv_w = 404, .box_w = 23, .box_h = 13, .ofs_x = 1, .ofs_y = 0},
    {.bitmap_index = 8290, .adv_w = 263, .box_w = 14, .box_h = 13, .ofs_x = 1, .ofs_y = 0},
    {.bitmap_index = 8381, .adv_w = 248, .box_w = 15, .box_h = 13, .ofs_x = 0, .ofs_y = 0},
    {.bitmap_index = 8479, .adv_w = 263, .box_w = 15, .box_h = 18, .ofs_x = 1, .ofs_y = -5},
    {.bitmap_index = 8614, .adv_w = 263, .box_w = 15, .box_h = 18, .ofs_x = 0, .ofs_y = -5},
    {.bitmap_index = 8749, .adv_w = 161, .box_w = 9, .box_h = 13, .ofs_x = 1, .ofs_y = 0},
    {.bitmap_index = 8808, .adv_w = 198, .box_w = 12, .box_h = 13, .ofs_x = 0, .ofs_y = 0},
    {.bitmap_index = 8886, .adv_w = 163, .box_w = 10, .box_h = 16, .ofs_x = 0, .ofs_y = 0},
    {.bitmap_index = 8966, .adv_w = 262, .box_w = 14, .box_h = 13, .ofs_x = 1, .ofs_y = 0},
    {.bitmap_index = 9057, .adv_w = 222, .box_w = 15, .box_h = 13, .ofs_x = -1, .ofs_y = 0},
    {.bitmap_index = 9155, .adv_w = 353, .box_w = 22, .box_h = 13, .ofs_x = 0, .ofs_y = 0},
    {.bitmap_index = 9298, .adv_w = 220, .box_w = 14, .box_h = 13, .ofs_x = 0, .ofs_y = 0},
    {.bitmap_index = 9389, .adv_w = 222, .box_w = 15, .box_h = 18, .ofs_x = -1, .ofs_y = -5},
    {.bitmap_index = 9524, .adv_w = 204, .box_w = 12, .box_h = 13, .ofs_x = 0, .ofs_y = 0},
    {.bitmap_index = 9602, .adv_w = 142, .box_w = 8, .box_h = 23, .ofs_x = 1, .ofs_y = -5},
    {.bitmap_index = 9694, .adv_w = 116, .box_w = 4, .box_h = 23, .ofs_x = 2, .ofs_y = -5},
    {.bitmap_index = 9740, .adv_w = 142, .box_w = 8, .box_h = 23, .ofs_x = 0, .ofs_y = -5},
    {.bitmap_index = 9832, .adv_w = 227, .box_w = 12, .box_h = 5, .ofs_x = 1, .ofs_y = 6},
    {.bitmap_index = 9862, .adv_w = 106, .box_w = 0, .box_h = 0, .ofs_x = 0, .ofs_y = 0},
    {.bitmap_index = 9862, .adv_w = 107, .box_w = 5, .box_h = 17, .ofs_x = 1, .ofs_y = -4},
    {.bitmap_index = 9905, .adv_w = 223, .box_w = 14, .box_h = 19, .ofs_x = 0, .ofs_y = -3},
    {.bitmap_index = 10038, .adv_w = 252, .box_w = 16, .box_h = 17, .ofs_x = 0, .ofs_y = 0},
    {.bitmap_index = 10174, .adv_w = 269, .box_w = 17, .box_h = 16, .ofs_x = 0, .ofs_y = -1},
    {.bitmap_index = 10310, .adv_w = 277, .box_w = 19, .box_h = 17, .ofs_x = -1, .ofs_y = 0},
    {.bitmap_index = 10472, .adv_w = 116, .box_w = 4, .box_h = 23, .ofs_x = 2, .ofs_y = -5},
    {.bitmap_index = 10518, .adv_w = 196, .box_w = 12, .box_h = 20, .ofs_x = 0, .ofs_y = -3},
    {.bitmap_index = 10638, .adv_w = 230, .box_w = 8, .box_h = 3, .ofs_x = 3, .ofs_y = 15},
    {.bitmap_index = 10650, .adv_w = 305, .box_w = 17, .box_h = 19, .ofs_x = 1, .ofs_y = -1},
    {.bitmap_index = 10812, .adv_w = 157, .box_w = 9, .box_h = 8, .ofs_x = 0, .ofs_y = 10},
    {.bitmap_index = 10848, .adv_w = 205, .box_w = 12, .box_h = 10, .ofs_x = 1, .ofs_y = 2},
    {.bitmap_index = 10908, .adv_w = 227, .box_w = 12, .box_h = 8, .ofs_x = 1, .ofs_y = 2},
    {.bitmap_index = 10956, .adv_w = 305, .box_w = 17, .box_h = 19, .ofs_x = 1, .ofs_y = -1},
    {.bitmap_index = 11118, .adv_w = 230, .box_w = 9, .box_h = 2, .ofs_x = 3, .ofs_y = 15},
    {.bitmap_index = 11127, .adv_w = 161, .box_w = 10, .box_h = 8, .ofs_x = 0, .ofs_y = 9},
    {.bitmap_index = 11167, .adv_w = 227, .box_w = 12, .box_h = 15, .ofs_x = 1, .ofs_y = 0},
    {.bitmap_index = 11257, .adv_w = 165, .box_w = 10, .box_h = 10, .ofs_x = 0, .ofs_y = 8},
    {.bitmap_index = 11307, .adv_w = 165, .box_w = 10, .box_h = 10, .ofs_x = 0, .ofs_y = 8},
    {.bitmap_index = 11357, .adv_w = 230, .box_w = 7, .box_h = 4, .ofs_x = 5, .ofs_y = 15},
    {.bitmap_index = 11371, .adv_w = 263, .box_w = 14, .box_h = 18, .ofs_x = 1, .ofs_y = -5},
    {.bitmap_index = 11497, .adv_w = 256, .box_w = 14, .box_h = 21, .ofs_x = 0, .ofs_y = -3},
    {.bitmap_index = 11644, .adv_w = 109, .box_w = 5, .box_h = 5, .ofs_x = 1, .ofs_y = 5},
    {.bitmap_index = 11657, .adv_w = 230, .box_w = 6, .box_h = 6, .ofs_x = 4, .ofs_y = -5},
    {.bitmap_index = 11675, .adv_w = 165, .box_w = 8, .box_h = 10, .ofs_x = 1, .ofs_y = 8},
    {.bitmap_index = 11715, .adv_w = 162, .box_w = 10, .box_h = 8, .ofs_x = 0, .ofs_y = 10},
    {.bitmap_index = 11755, .adv_w = 205, .box_w = 12, .box_h = 10, .ofs_x = 0, .ofs_y = 2},
    {.bitmap_index = 11815, .adv_w = 399, .box_w = 24, .box_h = 17, .ofs_x = 1, .ofs_y = 0},
    {.bitmap_index = 12019, .adv_w = 399, .box_w = 23, .box_h = 17, .ofs_x = 1, .ofs_y = 0},
    {.bitmap_index = 12215, .adv_w = 399, .box_w = 25, .box_h = 17, .ofs_x = 0, .ofs_y = 0},
    {.bitmap_index = 12428, .adv_w = 223, .box_w = 13, .box_h = 17, .ofs_x = 1, .ofs_y = -4},
    {.bitmap_index = 12539, .adv_w = 288, .box_w = 20, .box_h = 22, .ofs_x = -1, .ofs_y = 0},
    {.bitmap_index = 12759, .adv_w = 288, .box_w = 20, .box_h = 22, .ofs_x = -1, .ofs_y = 0},
    {.bitmap_index = 12979, .adv_w = 288, .box_w = 20, .box_h = 22, .ofs_x = -1, .ofs_y = 0},
    {.bitmap_index = 13199, .adv_w = 288, .box_w = 20, .box_h = 22, .ofs_x = -1, .ofs_y = 0},
    {.bitmap_index = 13419, .adv_w = 288, .box_w = 20, .box_h = 21, .ofs_x = -1, .ofs_y = 0},
    {.bitmap_index = 13629, .adv_w = 288, .box_w = 20, .box_h = 24, .ofs_x = -1, .ofs_y = 0},
    {.bitmap_index = 13869, .adv_w = 408, .box_w = 26, .box_h = 17, .ofs_x = -1, .ofs_y = 0},
    {.bitmap_index = 14090, .adv_w = 276, .box_w = 16, .box_h = 22, .ofs_x = 1, .ofs_y = -5},
    {.bitmap_index = 14266, .adv_w = 257, .box_w = 13, .box_h = 22, .ofs_x = 2, .ofs_y = 0},
    {.bitmap_index = 14409, .adv_w = 257, .box_w = 13, .box_h = 22, .ofs_x = 2, .ofs_y = 0},
    {.bitmap_index = 14552, .adv_w = 257, .box_w = 13, .box_h = 22, .ofs_x = 2, .ofs_y = 0},
    {.bitmap_index = 14695, .adv_w = 257, .box_w = 13, .box_h = 21, .ofs_x = 2, .ofs_y = 0},
    {.bitmap_index = 14832, .adv_w = 122, .box_w = 7, .box_h = 22, .ofs_x = -1, .ofs_y = 0},
    {.bitmap_index = 14909, .adv_w = 122, .box_w = 8, .box_h = 22, .ofs_x = 1, .ofs_y = 0},
    {.bitmap_index = 14997, .adv_w = 122, .box_w = 10, .box_h = 22, .ofs_x = -1, .ofs_y = 0},
    {.bitmap_index = 15107, .adv_w = 122, .box_w = 8, .box_h = 21, .ofs_x = 0, .ofs_y = 0},
    {.bitmap_index = 15191, .adv_w = 321, .box_w = 20, .box_h = 17, .ofs_x = 0, .ofs_y = 0},
    {.bitmap_index = 15361, .adv_w = 311, .box_w = 16, .box_h = 22, .ofs_x = 2, .ofs_y = 0},
    {.bitmap_index = 15537, .adv_w = 323, .box_w = 19, .box_h = 22, .ofs_x = 1, .ofs_y = 0},
    {.bitmap_index = 15746, .adv_w = 323, .box_w = 19, .box_h = 22, .ofs_x = 1, .ofs_y = 0},
    {.bitmap_index = 15955, .adv_w = 323, .box_w = 19, .box_h = 22, .ofs_x = 1, .ofs_y = 0},
    {.bitmap_index = 16164, .adv_w = 323, .box_w = 19, .box_h = 22, .ofs_x = 1, .ofs_y = 0},
    {.bitmap_index = 16373, .adv_w = 323, .box_w = 19, .box_h = 22, .ofs_x = 1, .ofs_y = 0},
    {.bitmap_index = 16582, .adv_w = 227, .box_w = 10, .box_h = 11, .ofs_x = 2, .ofs_y = 3},
    {.bitmap_index = 16637, .adv_w = 323, .box_w = 19, .box_h = 21, .ofs_x = 1, .ofs_y = -2},
    {.bitmap_index = 16837, .adv_w = 303, .box_w = 15, .box_h = 22, .ofs_x = 2, .ofs_y = 0},
    {.bitmap_index = 17002, .adv_w = 303, .box_w = 15, .box_h = 22, .ofs_x = 2, .ofs_y = 0},
    {.bitmap_index = 17167, .adv_w = 303, .box_w = 15, .box_h = 22, .ofs_x = 2, .ofs_y = 0},
    {.bitmap_index = 17332, .adv_w = 303, .box_w = 15, .box_h = 22, .ofs_x = 2, .ofs_y = 0},
    {.bitmap_index = 17497, .adv_w = 254, .box_w = 18, .box_h = 22, .ofs_x = -1, .ofs_y = 0},
    {.bitmap_index = 17695, .adv_w = 279, .box_w = 15, .box_h = 17, .ofs_x = 2, .ofs_y = 0},
    {.bitmap_index = 17823, .adv_w = 263, .box_w = 15, .box_h = 18, .ofs_x = 1, .ofs_y = 0},
    {.bitmap_index = 17958, .adv_w = 233, .box_w = 12, .box_h = 18, .ofs_x = 1, .ofs_y = 0},
    {.bitmap_index = 18066, .adv_w = 233, .box_w = 12, .box_h = 18, .ofs_x = 1, .ofs_y = 0},
    {.bitmap_index = 18174, .adv_w = 233, .box_w = 12, .box_h = 18, .ofs_x = 1, .ofs_y = 0},
    {.bitmap_index = 18282, .adv_w = 233, .box_w = 12, .box_h = 18, .ofs_x = 1, .ofs_y = 0},
    {.bitmap_index = 18390, .adv_w = 233, .box_w = 12, .box_h = 18, .ofs_x = 1, .ofs_y = 0},
    {.bitmap_index = 18498, .adv_w = 233, .box_w = 12, .box_h = 21, .ofs_x = 1, .ofs_y = 0},
    {.bitmap_index = 18624, .adv_w = 381, .box_w = 22, .box_h = 13, .ofs_x = 1, .ofs_y = 0},
    {.bitmap_index = 18767, .adv_w = 223, .box_w = 14, .box_h = 19, .ofs_x = 0, .ofs_y = -6},
    {.bitmap_index = 18900, .adv_w = 239, .box_w = 15, .box_h = 18, .ofs_x = 0, .ofs_y = 0},
    {.bitmap_index = 19035, .adv_w = 239, .box_w = 15, .box_h = 18, .ofs_x = 0, .ofs_y = 0},
    {.bitmap_index = 19170, .adv_w = 239, .box_w = 15, .box_h = 18, .ofs_x = 0, .ofs_y = 0},
    {.bitmap_index = 19305, .adv_w = 239, .box_w = 15, .box_h = 18, .ofs_x = 0, .ofs_y = 0},
    {.bitmap_index = 19440, .adv_w = 111, .box_w = 8, .box_h = 18, .ofs_x = -2, .ofs_y = 0},
    {.bitmap_index = 19512, .adv_w = 111, .box_w = 8, .box_h = 18, .ofs_x = 1, .ofs_y = 0},
    {.bitmap_index = 19584, .adv_w = 111, .box_w = 9, .box_h = 18, .ofs_x = -1, .ofs_y = 0},
    {.bitmap_index = 19665, .adv_w = 111, .box_w = 7, .box_h = 18, .ofs_x = 0, .ofs_y = 0},
    {.bitmap_index = 19728, .adv_w = 233, .box_w = 14, .box_h = 19, .ofs_x = 0, .ofs_y = 0},
    {.bitmap_index = 19861, .adv_w = 263, .box_w = 14, .box_h = 18, .ofs_x = 1, .ofs_y = 0},
    {.bitmap_index = 19987, .adv_w = 248, .box_w = 15, .box_h = 18, .ofs_x = 0, .ofs_y = 0},
    {.bitmap_index = 20122, .adv_w = 248, .box_w = 15, .box_h = 18, .ofs_x = 0, .ofs_y = 0},
    {.bitmap_index = 20257, .adv_w = 248, .box_w = 15, .box_h = 18, .ofs_x = 0, .ofs_y = 0},
    {.bitmap_index = 20392, .adv_w = 248, .box_w = 15, .box_h = 18, .ofs_x = 0, .ofs_y = 0},
    {.bitmap_index = 20527, .adv_w = 248, .box_w = 15, .box_h = 18, .ofs_x = 0, .ofs_y = 0},
    {.bitmap_index = 20662, .adv_w = 227, .box_w = 12, .box_h = 13, .ofs_x = 1, .ofs_y = 2},
    {.bitmap_index = 20740, .adv_w = 248, .box_w = 15, .box_h = 17, .ofs_x = 0, .ofs_y = -2},
    {.bitmap_index = 20868, .adv_w = 262, .box_w = 14, .box_h = 18, .ofs_x = 1, .ofs_y = 0},
    {.bitmap_index = 20994, .adv_w = 262, .box_w = 14, .box_h = 18, .ofs_x = 1, .ofs_y = 0},
    {.bitmap_index = 21120, .adv_w = 262, .box_w = 14, .box_h = 18, .ofs_x = 1, .ofs_y = 0},
    {.bitmap_index = 21246, .adv_w = 262, .box_w = 14, .box_h = 18, .ofs_x = 1, .ofs_y = 0},
    {.bitmap_index = 21372, .adv_w = 222, .box_w = 15, .box_h = 23, .ofs_x = -1, .ofs_y = -5},
    {.bitmap_index = 21545, .adv_w = 263, .box_w = 15, .box_h = 23, .ofs_x = 1, .ofs_y = -5},
    {.bitmap_index = 21718, .adv_w = 222, .box_w = 15, .box_h = 23, .ofs_x = -1, .ofs_y = -5},
    {.bitmap_index = 21891, .adv_w = 288, .box_w = 20, .box_h = 22, .ofs_x = -1, .ofs_y = 0},
    {.bitmap_index = 22111, .adv_w = 233, .box_w = 12, .box_h = 18, .ofs_x = 1, .ofs_y = 0},
    {.bitmap_index = 22219, .adv_w = 223, .box_w = 14, .box_h = 18, .ofs_x = 0, .ofs_y = 0},
    {.bitmap_index = 22345, .adv_w = 264, .box_w = 19, .box_h = 19, .ofs_x = 0, .ofs_y = 0},
    {.bitmap_index = 22526, .adv_w = 111, .box_w = 8, .box_h = 23, .ofs_x = 1, .ofs_y = 0},
    {.bitmap_index = 22618, .adv_w = 111, .box_w = 9, .box_h = 19, .ofs_x = 1, .ofs_y = 0},
    {.bitmap_index = 22704, .adv_w = 263, .box_w = 14, .box_h = 18, .ofs_x = 1, .ofs_y = 0},
    {.bitmap_index = 22830, .adv_w = 323, .box_w = 19, .box_h = 22, .ofs_x = 1, .ofs_y = 0},
    {.bitmap_index = 23039, .adv_w = 248, .box_w = 15, .box_h = 18, .ofs_x = 0, .ofs_y = 0},
    {.bitmap_index = 23174, .adv_w = 161, .box_w = 10, .box_h = 18, .ofs_x = 1, .ofs_y = 0},
    {.bitmap_index = 23264, .adv_w = 198, .box_w = 12, .box_h = 18, .ofs_x = 0, .ofs_y = 0},
    {.bitmap_index = 23372, .adv_w = 163, .box_w = 10, .box_h = 19, .ofs_x = 0, .ofs_y = 0},
    {.bitmap_index = 23467, .adv_w = 303, .box_w = 15, .box_h = 22, .ofs_x = 2, .ofs_y = 0},
    {.bitmap_index = 23632, .adv_w = 262, .box_w = 14, .box_h = 18, .ofs_x = 1, .ofs_y = 0},
    {.bitmap_index = 23758, .adv_w = 204, .box_w = 12, .box_h = 18, .ofs_x = 0, .ofs_y = 0},
    {.bitmap_index = 23866, .adv_w = 242, .box_w = 15, .box_h = 23, .ofs_x = 0, .ofs_y = -6},
    {.bitmap_index = 24039, .adv_w = 198, .box_w = 12, .box_h = 19, .ofs_x = 0, .ofs_y = -6},
    {.bitmap_index = 24153, .adv_w = 231, .box_w = 15, .box_h = 23, .ofs_x = 0, .ofs_y = -6},
    {.bitmap_index = 24326, .adv_w = 163, .box_w = 10, .box_h = 22, .ofs_x = 0, .ofs_y = -6},
    {.bitmap_index = 24436, .adv_w = 129, .box_w = 6, .box_h = 6, .ofs_x = 1, .ofs_y = 4},
    {.bitmap_index = 24454, .adv_w = 384, .box_w = 24, .box_h = 25, .ofs_x = 0, .ofs_y = -3},
    {.bitmap_index = 24754, .adv_w = 384, .box_w = 24, .box_h = 18, .ofs_x = 0, .ofs_y = 0},
    {.bitmap_index = 24970, .adv_w = 384, .box_w = 24, .box_h = 22, .ofs_x = 0, .ofs_y = -2},
    {.bitmap_index = 25234, .adv_w = 384, .box_w = 24, .box_h = 18, .ofs_x = 0, .ofs_y = 0},
    {.bitmap_index = 25450, .adv_w = 264, .box_w = 17, .box_h = 18, .ofs_x = 0, .ofs_y = 0},
    {.bitmap_index = 25603, .adv_w = 384, .box_w = 24, .box_h = 24, .ofs_x = 0, .ofs_y = -3},
    {.bitmap_index = 25891, .adv_w = 384, .box_w = 24, .box_h = 24, .ofs_x = 0, .ofs_y = -3},
    {.bitmap_index = 26179, .adv_w = 432, .box_w = 27, .box_h = 22, .ofs_x = 0, .ofs_y = -2},
    {.bitmap_index = 26476, .adv_w = 384, .box_w = 24, .box_h = 24, .ofs_x = 0, .ofs_y = -3},
    {.bitmap_index = 26764, .adv_w = 432, .box_w = 27, .box_h = 18, .ofs_x = 0, .ofs_y = 0},
    {.bitmap_index = 27007, .adv_w = 384, .box_w = 24, .box_h = 26, .ofs_x = 0, .ofs_y = -4},
    {.bitmap_index = 27319, .adv_w = 192, .box_w = 12, .box_h = 19, .ofs_x = 0, .ofs_y = -1},
    {.bitmap_index = 27433, .adv_w = 288, .box_w = 18, .box_h = 19, .ofs_x = 0, .ofs_y = -1},
    {.bitmap_index = 27604, .adv_w = 432, .box_w = 27, .box_h = 24, .ofs_x = 0, .ofs_y = -3},
    {.bitmap_index = 27928, .adv_w = 384, .box_w = 24, .box_h = 18, .ofs_x = 0, .ofs_y = 0},
    {.bitmap_index = 28144, .adv_w = 264, .box_w = 17, .box_h = 24, .ofs_x = 0, .ofs_y = -3},
    {.bitmap_index = 28348, .adv_w = 336, .box_w = 15, .box_h = 22, .ofs_x = 3, .ofs_y = -2},
    {.bitmap_index = 28513, .adv_w = 336, .box_w = 21, .box_h = 26, .ofs_x = 0, .ofs_y = -4},
    {.bitmap_index = 28786, .adv_w = 336, .box_w = 21, .box_h = 22, .ofs_x = 0, .ofs_y = -2},
    {.bitmap_index = 29017, .adv_w = 336, .box_w = 21, .box_h = 22, .ofs_x = 0, .ofs_y = -2},
    {.bitmap_index = 29248, .adv_w = 336, .box_w = 15, .box_h = 22, .ofs_x = 3, .ofs_y = -2},
    {.bitmap_index = 29413, .adv_w = 336, .box_w = 23, .box_h = 22, .ofs_x = -1, .ofs_y = -2},
    {.bitmap_index = 29666, .adv_w = 240, .box_w = 13, .box_h = 22, .ofs_x = 1, .ofs_y = -2},
    {.bitmap_index = 29809, .adv_w = 240, .box_w = 13, .box_h = 22, .ofs_x = 1, .ofs_y = -2},
    {.bitmap_index = 29952, .adv_w = 336, .box_w = 21, .box_h = 22, .ofs_x = 0, .ofs_y = -2},
    {.bitmap_index = 30183, .adv_w = 336, .box_w = 21, .box_h = 6, .ofs_x = 0, .ofs_y = 6},
    {.bitmap_index = 30246, .adv_w = 432, .box_w = 27, .box_h = 18, .ofs_x = 0, .ofs_y = 0},
    {.bitmap_index = 30489, .adv_w = 480, .box_w = 31, .box_h = 24, .ofs_x = -1, .ofs_y = -3},
    {.bitmap_index = 30861, .adv_w = 432, .box_w = 29, .box_h = 24, .ofs_x = -1, .ofs_y = -3},
    {.bitmap_index = 31209, .adv_w = 384, .box_w = 24, .box_h = 22, .ofs_x = 0, .ofs_y = -2},
    {.bitmap_index = 31473, .adv_w = 336, .box_w = 21, .box_h = 14, .ofs_x = 0, .ofs_y = 2},
    {.bitmap_index = 31620, .adv_w = 336, .box_w = 21, .box_h = 14, .ofs_x = 0, .ofs_y = 2},
    {.bitmap_index = 31767, .adv_w = 480, .box_w = 31, .box_h = 19, .ofs_x = -1, .ofs_y = -1},
    {.bitmap_index = 32062, .adv_w = 384, .box_w = 24, .box_h = 18, .ofs_x = 0, .ofs_y = 0},
    {.bitmap_index = 32278, .adv_w = 384, .box_w = 24, .box_h = 24, .ofs_x = 0, .ofs_y = -3},
    {.bitmap_index = 32566, .adv_w = 384, .box_w = 25, .box_h = 25, .ofs_x = -1, .ofs_y = -3},
    {.bitmap_index = 32879, .adv_w = 336, .box_w = 22, .box_h = 22, .ofs_x = 0, .ofs_y = -2},
    {.bitmap_index = 33121, .adv_w = 336, .box_w = 21, .box_h = 24, .ofs_x = 0, .ofs_y = -3},
    {.bitmap_index = 33373, .adv_w = 336, .box_w = 21, .box_h = 22, .ofs_x = 0, .ofs_y = -2},
    {.bitmap_index = 33604, .adv_w = 336, .box_w = 21, .box_h = 20, .ofs_x = 0, .ofs_y = -1},
    {.bitmap_index = 33814, .adv_w = 384, .box_w = 24, .box_h = 18, .ofs_x = 0, .ofs_y = 0},
    {.bitmap_index = 34030, .adv_w = 240, .box_w = 17, .box_h = 24, .ofs_x = -1, .ofs_y = -3},
    {.bitmap_index = 34234, .adv_w = 336, .box_w = 21, .box_h = 24, .ofs_x = 0, .ofs_y = -3},
    {.bitmap_index = 34486, .adv_w = 336, .box_w = 21, .box_h = 24, .ofs_x = 0, .ofs_y = -3},
    {.bitmap_index = 34738, .adv_w = 432, .box_w = 27, .box_h = 18, .ofs_x = 0, .ofs_y = 0},
    {.bitmap_index = 34981, .adv_w = 384, .box_w = 26, .box_h = 26, .ofs_x = -1, .ofs_y = -4},
    {.bitmap_index = 35319, .adv_w = 288, .box_w = 18, .box_h = 24, .ofs_x = 0, .ofs_y = -3},
    {.bitmap_index = 35535, .adv_w = 480, .box_w = 30, .box_h = 23, .ofs_x = 0, .ofs_y = -2},
    {.bitmap_index = 35880, .adv_w = 480, .box_w = 30, .box_h = 16, .ofs_x = 0, .ofs_y = 1},
    {.bitmap_index = 36120, .adv_w = 480, .box_w = 30, .box_h = 16, .ofs_x = 0, .ofs_y = 1},
    {.bitmap_index = 36360, .adv_w = 480, .box_w = 30, .box_h = 16, .ofs_x = 0, .ofs_y = 1},
    {.bitmap_index = 36600, .adv_w = 480, .box_w = 30, .box_h = 16, .ofs_x = 0, .ofs_y = 1},
    {.bitmap_index = 36840, .adv_w = 480, .box_w = 30, .box_h = 16, .ofs_x = 0, .ofs_y = 1},
    {.bitmap_index = 37080, .adv_w = 480, .box_w = 31, .box_h = 20, .ofs_x = 0, .ofs_y = -1},
    {.bitmap_index = 37390, .adv_w = 336, .box_w = 19, .box_h = 24, .ofs_x = 1, .ofs_y = -3},
    {.bitmap_index = 37618, .adv_w = 336, .box_w = 21, .box_h = 24, .ofs_x = 0, .ofs_y = -3},
    {.bitmap_index = 37870, .adv_w = 384, .box_w = 25, .box_h = 25, .ofs_x = -1, .ofs_y = -4},
    {.bitmap_index = 38183, .adv_w = 480, .box_w = 30, .box_h = 18, .ofs_x = 0, .ofs_y = 0},
    {.bitmap_index = 38453, .adv_w = 288, .box_w = 18, .box_h = 24, .ofs_x = 0, .ofs_y = -3},
    {.bitmap_index = 38669, .adv_w = 386, .box_w = 25, .box_h = 16, .ofs_x = 0, .ofs_y = 1}
};

/*---------------------
 *  CHARACTER MAPPING
 *--------------------*/

static const uint16_t unicode_list_3[] = {
    0x0, 0x1, 0xb, 0xd, 0x38, 0x3c, 0x46, 0x4e,
    0x4f, 0x53, 0x5f, 0x63, 0x6e, 0x6f, 0x7c, 0x116,
    0x117, 0x118, 0x119, 0x1f20, 0xeeff, 0xef06, 0xef09, 0xef0a,
    0xef0b, 0xef0f, 0xef11, 0xef13, 0xef17, 0xef1a, 0xef1f, 0xef24,
    0xef25, 0xef26, 0xef3c, 0xef41, 0xef46, 0xef49, 0xef4a, 0xef4b,
    0xef4f, 0xef50, 0xef51, 0xef52, 0xef65, 0xef66, 0xef6c, 0xef6e,
    0xef6f, 0xef72, 0xef75, 0xef76, 0xef77, 0xef79, 0xef91, 0xef93,
    0xefc2, 0xefc3, 0xefc5, 0xefc7, 0xefde, 0xefe5, 0xefe8, 0xeff1,
    0xf01a, 0xf022, 0xf059, 0xf0e9, 0xf13e, 0xf13f, 0xf140, 0xf141,
    0xf142, 0xf185, 0xf191, 0xf1eb, 0xf202, 0xf458, 0xf6c0, 0xf7a0
};

/*Collect the unicode lists and glyph_id offsets*/
static const lv_font_fmt_txt_cmap_t cmaps[] =
{
    {
        .range_start = 32, .range_length = 95, .glyph_id_start = 1,
        .unicode_list = NULL, .glyph_id_ofs_list = NULL, .list_length = 0, .type = LV_FONT_FMT_TXT_CMAP_FORMAT0_TINY
    },
    {
        .range_start = 160, .range_length = 13, .glyph_id_start = 96,
        .unicode_list = NULL, .glyph_id_ofs_list = NULL, .list_length = 0, .type = LV_FONT_FMT_TXT_CMAP_FORMAT0_TINY
    },
    {
        .range_start = 174, .range_length = 82, .glyph_id_start = 109,
        .unicode_list = NULL, .glyph_id_ofs_list = NULL, .list_length = 0, .type = LV_FONT_FMT_TXT_CMAP_FORMAT0_TINY
    },
    {
        .range_start = 258, .range_length = 63393, .glyph_id_start = 191,
        .unicode_list = unicode_list_3, .glyph_id_ofs_list = NULL, .list_length = 80, .type = LV_FONT_FMT_TXT_CMAP_SPARSE_TINY
    }
};

/*-----------------
 *    KERNING
 *----------------*/


/*Map glyph_ids to kern left classes*/
static const uint8_t kern_left_class_mapping[] =
{
    0, 0, 1, 2, 0, 3, 4, 5,
    2, 6, 0, 7, 8, 9, 8, 9,
    10, 11, 0, 12, 13, 14, 15, 16,
    17, 18, 11, 19, 19, 0, 0, 0,
    20, 21, 0, 0, 0, 0, 0, 0,
    0, 0, 0, 0, 0, 0, 0, 0,
    0, 0, 0, 0, 0, 0, 0, 0,
    0, 0, 0, 0, 22, 23, 0, 0,
    24, 0, 0, 0, 0, 0, 0, 0,
    0, 0, 0, 0, 0, 0, 0, 0,
    0, 0, 0, 0, 0, 0, 0, 0,
    0, 0, 0, 0, 22, 0, 0, 8,
    0, 25, 26, 27, 28, 29, 0, 30,
    0, 21, 0, 31, 0, 21, 0, 32,
    8, 0, 0, 0, 33, 0, 8, 0,
    0, 0, 8, 0, 0, 0, 34, 0,
    0, 0, 0, 0, 0, 0, 0, 0,
    0, 0, 0, 0, 0, 0, 0, 0,
    0, 0, 0, 0, 0, 0, 0, 0,
    0, 0, 0, 0, 0, 0, 0, 0,
    0, 0, 0, 0, 0, 0, 0, 0,
    0, 0, 0, 0, 0, 0, 0, 0,
    0, 0, 0, 0, 0, 0, 8, 0,
    0, 0, 0, 0, 0, 0, 0, 0,
    0, 0, 0, 0, 0, 0, 0, 0,
    0, 0, 0, 0, 0, 0, 0, 0,
    0, 0, 8, 0, 0, 0, 0, 0,
    0, 0, 0, 0, 0, 0, 0, 0,
    0, 0, 0, 0, 0, 0, 0, 0,
    0, 0, 0, 0, 0, 0, 0, 0,
    0, 0, 0, 0, 0, 0, 0, 0,
    0, 0, 0, 0, 0, 0, 0, 0,
    0, 0, 0, 0, 0, 0, 0, 0,
    0, 0, 0, 0, 0, 0, 0
};

/*Map glyph_ids to kern right classes*/
static const uint8_t kern_right_class_mapping[] =
{
    0, 0, 1, 2, 0, 3, 4, 5,
    2, 0, 6, 7, 8, 9, 8, 9,
    10, 11, 12, 13, 14, 15, 16, 11,
    17, 18, 19, 20, 20, 0, 0, 0,
    21, 22, 0, 0, 0, 0, 0, 0,
    0, 0, 0, 0, 0, 0, 0, 0,
    0, 0, 0, 0, 0, 0, 0, 0,
    0, 0, 0, 0, 23, 24, 25, 0,
    26, 0, 0, 0, 0, 0, 0, 0,
    0, 0, 0, 0, 0, 0, 0, 0,
    0, 0, 0, 0, 0, 0, 0, 0,
    0, 0, 0, 0, 0, 0, 25, 8,
    0, 27, 28, 29, 30, 31, 0, 32,
    0, 22, 0, 8, 8, 22, 0, 33,
    8, 0, 0, 0, 34, 35, 8, 0,
    0, 0, 36, 0, 0, 0, 37, 0,
    0, 0, 0, 0, 0, 0, 0, 0,
    0, 0, 0, 0, 0, 0, 0, 0,
    0, 0, 0, 0, 0, 0, 0, 0,
    0, 0, 0, 0, 0, 0, 0, 0,
    0, 0, 0, 0, 0, 0, 0, 0,
    0, 0, 0, 0, 0, 0, 0, 0,
    0, 0, 0, 0, 0, 0, 8, 0,
    0, 0, 0, 0, 0, 0, 0, 0,
    0, 0, 0, 0, 0, 0, 0, 0,
    0, 0, 0, 0, 0, 0, 0, 0,
    0, 0, 8, 0, 0, 0, 0, 0,
    0, 0, 0, 0, 0, 0, 0, 0,
    0, 0, 0, 0, 0, 0, 0, 0,
    0, 0, 0, 0, 0, 0, 0, 0,
    0, 0, 0, 0, 0, 0, 0, 0,
    0, 0, 0, 0, 0, 0, 0, 0,
    0, 0, 0, 0, 0, 0, 0, 0,
    0, 0, 0, 0, 0, 0, 0
};

/*Kern values between classes*/
static const int8_t kern_class_values[] =
{
    0, 0, 0, 0, 0, 0, 3, 0,
    0, 0, 0, 4, 0, 0, 0, 0,
    2, 0, 0, 0, 0, 0, 0, 0,
    0, 0, 0, 0, 0, 0, 6, 0,
    0, 0, 0, 0, 0, 0, 17, 0,
    10, -8, 0, 8, 0, -21, -23, 2,
    17, 8, 6, -15, 2, 17, 0, 15,
    4, 12, -6, 0, 23, 4, -2, 0,
    -6, 0, -8, 8, 0, 8, 0, 15,
    0, -14, 0, -12, 0, 0, 0, 0,
    -8, 6, 8, 0, 0, -4, 0, -2,
    4, 0, -4, 0, -4, -2, -8, 0,
    0, -4, 0, -8, 0, 0, 0, 0,
    0, 0, -6, 0, 0, 0, -4, 0,
    -10, 0, -47, 0, -8, -19, 8, 12,
    0, 0, -8, 4, 4, 13, 8, -6,
    8, 0, 0, -21, 0, 0, -13, 0,
    0, 0, 10, 0, 0, 0, 0, -10,
    0, 0, 0, 0, -5, -17, 0, -15,
    -2, 0, -12, 0, 0, 13, 0, -12,
    -4, 0, 0, 0, -6, 0, 0, -3,
    -27, 0, 0, -31, -4, 12, -4, 0,
    0, 0, 0, 0, -17, 0, -19, 0,
    0, 0, 0, 0, 0, 0, 0, 0,
    0, 0, 13, 0, 4, 0, 0, -8,
    0, 0, 0, 0, 0, 0, 0, 0,
    15, 4, 0, 0, 0, 0, 0, 8,
    0, 0, 0, 0, 0, 0, 3, 8,
    4, 12, -4, 0, 8, -4, -13, -52,
    2, 10, 8, 0, -5, 0, 12, 0,
    12, 0, 12, 0, 0, 0, 0, -4,
    0, -5, 0, 2, 0, 0, 12, 0,
    13, 6, -31, 0, 0, -6, -13, 0,
    0, -4, 0, -3, 0, 2, -8, -6,
    -8, 2, 0, -4, 0, 0, 0, -15,
    2, 0, -25, 0, 0, 0, 4, 0,
    2, -10, 4, 0, 0, -33, -4, 0,
    0, -21, 4, -25, 0, 0, -13, -3,
    0, 36, -5, -6, 4, 4, -2, 0,
    -6, 4, 0, 0, -21, -8, 0, -36,
    0, 4, 0, -4, 0, -4, -12, 0,
    -25, 0, -52, 0, 4, 0, 23, -8,
    0, -13, 13, 0, -27, -36, -27, -8,
    12, 0, 0, -25, 0, 4, -10, 0,
    -6, 0, -8, 0, 8, 12, -46, -25,
    -25, -4, 0, 15, -8, 17, -25, 0,
    -17, -29, 0, 2, 0, 0, 0, 0,
    2, 2, -5, -8, 0, 0, 0, -4,
    0, 0, -2, 0, 0, 0, -8, 0,
    0, -8, 0, -8, 0, 0, 0, 0,
    -5, 0, 0, 0, 0, 0, -12, 0,
    0, 0, 4, -2, 0, 0, -2, 4,
    4, 0, 0, 0, 0, -6, 0, 0,
    0, 0, 0, 0, 0, 0, -2, 0,
    12, 0, -4, 0, 0, 0, 0, 0,
    0, 0, 0, 0, 0, -4, 0, -4,
    0, 0, 0, 0, 0, 0, 0, 0,
    -2, -2, 0, -4, -4, 0, 0, 0,
    0, 0, 0, 0, 0, 0, 0, 0,
    0, 0, 0, 0, -6, 0, 0, 0,
    0, 0, -12, -2, -12, 8, 0, -8,
    4, 8, 10, 0, -10, 0, -4, 0,
    0, -17, 4, -2, 3, -21, 4, 0,
    -19, 0, 8, 0, 6, 4, 4, -4,
    9, -12, 0, -8, 0, 4, 0, 0,
    0, -4, 0, 0, -4, 0, 0, 0,
    0, 0, -2, -2, 0, -2, -5, 0,
    0, 0, 0, 0, 0, -4, 0, 0,
    0, 0, 0, 0, 0, 0, -4, 0,
    0, 0, 0, 0, -2, 0, -8, 4,
    0, -4, 2, 4, 4, 0, 0, 0,
    0, 0, 0, -2, 0, 0, 0, 0,
    0, 0, 0, 0, 0, 0, 3, 0,
    4, 0, 8, -7, 0, 0, 0, 0,
    0, 12, -2, 0, -12, 0, 10, -19,
    -19, -15, -8, 4, 0, -3, -25, -7,
    0, -7, 0, -8, 6, -7, 0, 4,
    1, -12, -10, -19, -5, -8, 6, -4,
    3, -8, 10, -6, -23, 0, 0, 0,
    -4, 0, 0, 2, 0, 4, 0, 0,
    0, 0, 0, 0, 0, 0, 0, 0,
    0, -4, 0, 0, -12, 0, 0, 0,
    0, 0, 0, -4, 4, 0, 0, 0,
    0, -8, 0, 4, 0, 0, 0, 0,
    0, 0, 0, 19, 0, 0, 0, 0,
    0, 0, 2, 0, 0, 0, -4, 0,
    0, -8, 0, 4, 0, 0, 0, 0,
    -15, 0, 0, 0, 0, 0, 0, -2,
    0, 0, 0, -6, 0, 4, 0, -19,
    -12, 0, 0, 0, -6, -19, 0, 0,
    -4, 4, 0, -15, 0, -5, 0, 0,
    -7, -2, -4, 0, 0, -6, 0, 4,
    0, 0, 4, -40, 0, -6, 0, 0,
    0, 4, 0, 2, -8, -8, 0, -4,
    -4, -5, 0, 0, 0, 0, 0, 0,
    -12, 0, 0, -8, 4, -12, 0, 0,
    0, 0, 0, 0, 4, 0, 0, 0,
    -8, 0, 4, 0, 0, 0, 4, 0,
    -2, 0, 15, 0, 8, 0, 0, -6,
    0, 8, 0, 0, 0, 4, 0, 0,
    12, 0, 12, 0, 0, 0, 0, 8,
    0, 0, 0, 0, 0, 0, 0, -23,
    0, -4, 6, 12, -52, 0, 36, 4,
    -8, -8, 4, 4, -2, 0, -19, 0,
    0, 19, -23, -8, 0, -27, 15, 54,
    15, 0, 0, 0, 0, 12, -23, 0,
    -12, 3, 12, 0, -2, 8, -10, 0,
    0, -4, 0, 4, 48, -8, -3, 12,
    10, -10, 4, 0, 0, 4, 4, -6,
    -12, 0, -50, 12, 0, 6, -10, 6,
    -2, -4, 10, 0, 0, -24, 4, 0,
    0, 0, 0, 0, 0, 0, 0, 0,
    0, 15, 0, -8, 0, 0, 0, 0,
    0, 0, 0, 0, 0, 0, 0, -21,
    0, 6, 0, 0, 0, 0, -8, 0,
    0, 0, 0, 0, 0, 0, 0, 0,
    0, -8, -8, 6, -6, 8, 0, -2,
    -9, -2, -6, -6, 0, -4, -2, -2,
    3, -7, 0, -2, -17, -3, 0, 0,
    -3, 0, 0, 0, -3, 7, 0, 0,
    0, -2, 0, 0, -4, 0, -13, 0,
    8, -12, 0, 5, -13, 6, -4, -4,
    -12, -6, 2, -13, -8, -12, 0, -5,
    0, 6, 0, 6, -10, -12, 0, 0,
    0, -4, 0, -8, 4, -6, -8, 0,
    0, 0, 0, 0, 0, 2, 2, -4,
    0, 0, 0, -3, 0, 0, 0, -4,
    0, 0, 0, 0, 0, 0, 0, 0,
    -2, 0, 0, 0, 0, 0, 0, 0,
    0, 0, 0, -2, 6, 8, 0, 0,
    0, 8, 0, -10, -12, -12, -5, 12,
    0, 4, -4, 0, 10, -4, 0, -15,
    0, 0, 0, 19, 8, -4, -8, 0,
    0, 0, 0, 0, 0, 0, 0, 0,
    -15, 0, 0, 0, 0, 0, 0, 0,
    8, 0, 8, 0, 0, 0, 0, 6,
    0, 2, 4, 0, 0, 0, 0, 0,
    0, 0, 2, 0, 2, 0, 0, 0,
    0, 0, 2, 0, 0, 0, 0, 0,
    0, 0, 0, 0, 6, -4, 0, 3,
    0, 0, 0, 0, 2, 2, 0, 0,
    0, 0, -4, 0, 0, -21, 0, 4,
    0, 0, 0, 0, 0, 0, 0, 0,
    0, 0, 2, 0, 8, 8, 10, 0,
    0, 12, 0, -25, -21, 0, 17, 12,
    7, -15, 2, 15, 0, 13, 0, 8,
    4, 0, 21, 0, 0, 0, -7, 0,
    0, 0, 0, 0, 0, 0, 0, -23,
    0, 0, -5, 0, 0, 0, 0, 0,
    0, 0, 0, -2, 0, 0, 0, 0,
    0, 0, 0, 0, 8, 0, 0, -25,
    0, 0, 0, 0, 0, 0, 0, 0,
    0, 0, 0, 0, 0, 0, -15, 0,
    -23, -6, 0, -33, -15, 0, 15, -19,
    -17, 0, 0, -17, 0, -17, -17, 0,
    0, -52, -21, 0, -35, 4, 19, 0,
    -15, 4, -6, -19, 0, -23, -4, -35,
    -4, -8
};


/*Collect the kern class' data in one place*/
static const lv_font_fmt_txt_kern_classes_t kern_classes =
{
    .class_pair_values   = kern_class_values,
    .left_class_mapping  = kern_left_class_mapping,
    .right_class_mapping = kern_right_class_mapping,
    .left_class_cnt      = 34,
    .right_class_cnt     = 37,
};

/*--------------------
 *  ALL CUSTOM DATA
 *--------------------*/

#if LVGL_VERSION_MAJOR == 8
/*Store all the custom data of the font*/
static  lv_font_fmt_txt_glyph_cache_t cache;
#endif

#if LVGL_VERSION_MAJOR >= 8
static const lv_font_fmt_txt_dsc_t font_dsc = {
#else
static lv_font_fmt_txt_dsc_t font_dsc = {
#endif
    .glyph_bitmap = glyph_bitmap,
    .glyph_dsc = glyph_dsc,
    .cmaps = cmaps,
    .kern_dsc = &kern_classes,
    .kern_scale = 16,
    .cmap_num = 4,
    .bpp = 4,
    .kern_classes = 1,
    .bitmap_format = 0,
#if LVGL_VERSION_MAJOR == 8
    .cache = &cache
#endif
};



/*-----------------
 *  PUBLIC FONT
 *----------------*/

/*Initialize a public general font descriptor*/
#if LVGL_VERSION_MAJOR >= 8
const lv_font_t font_montserrat_semi_bold_24 = {
#else
lv_font_t font_montserrat_semi_bold_24 = {
#endif
    .get_glyph_dsc = lv_font_get_glyph_dsc_fmt_txt,    /*Function pointer to get glyph's data*/
    .get_glyph_bitmap = lv_font_get_bitmap_fmt_txt,    /*Function pointer to get glyph's bitmap*/
    .line_height = 30,          /*The maximum line height required by the font*/
    .base_line = 6,             /*Baseline measured from the bottom of the line*/
#if !(LVGL_VERSION_MAJOR == 6 && LVGL_VERSION_MINOR == 0)
    .subpx = LV_FONT_SUBPX_NONE,
#endif
#if LV_VERSION_CHECK(7, 4, 0) || LVGL_VERSION_MAJOR >= 8
    .underline_position = -2,
    .underline_thickness = 1,
#endif
    .dsc = &font_dsc,          /*The custom font data. Will be accessed by `get_glyph_bitmap/dsc` */
#if LV_VERSION_CHECK(8, 2, 0) || LVGL_VERSION_MAJOR >= 9
    .fallback = NULL,
#endif
    .user_data = NULL,
};



#endif /*#if FONT_MONTSERRAT_SEMI_BOLD_24*/

