$GP_LOG,Generated by MagicEarth Navigator during simulation on 11.08.2026 *3f
$MELog, World, from Dep to Dest *74
$GPGGA,080328.640,4831.4516,N,00744.2567,E,1,03,0.0,0.0,M,,,,0000*06
$GPRMC,080328.640,A,4831.4516,N,00744.2567,E,32.4,167.4,110826,,*34
$GPGGA,080328.673,4831.4513,N,00744.2568,E,1,03,0.0,0.0,M,,,,0000*0c
$GPRMC,080328.673,A,4831.4513,N,00744.2568,E,32.4,167.2,110826,,*38
$GPGGA,080328.691,4831.4511,N,00744.2569,E,1,03,0.0,0.0,M,,,,0000*03
$GPRMC,080328.691,A,4831.4511,N,00744.2569,E,32.4,167.0,110826,,*35
$GPGGA,080328.707,4831.4510,N,00744.2569,E,1,03,0.0,0.0,M,,,,0000*0c
$GPRMC,080328.707,A,4831.4510,N,00744.2569,E,32.4,166.9,110826,,*32
$GPGGA,080328.707,4831.4509,N,00744.2570,E,1,03,0.0,0.0,M,,,,0000*0c
$GPRMC,080328.707,A,4831.4509,N,00744.2570,E,32.4,166.8,110826,,*33
$GPGGA,080328.723,4831.4507,N,00744.2570,E,1,03,0.0,0.0,M,,,,0000*04
$GPRMC,080328.723,A,4831.4507,N,00744.2570,E,32.4,166.7,110826,,*34
$GPGGA,080328.739,4831.4505,N,00744.2571,E,1,03,0.0,0.0,M,,,,0000*0c
$GPRMC,080328.739,A,4831.4505,N,00744.2571,E,32.4,166.6,110826,,*3d
$GPGGA,080328.759,4831.4504,N,00744.2572,E,1,03,0.0,0.0,M,,,,0000*08
$GPRMC,080328.759,A,4831.4504,N,00744.2572,E,32.4,166.5,110826,,*3a
$GPGGA,080328.775,4831.4502,N,00744.2572,E,1,03,0.0,0.0,M,,,,0000*00
$GPRMC,080328.775,A,4831.4502,N,00744.2572,E,32.4,166.4,110826,,*33
$GPGGA,080328.792,4831.4500,N,00744.2573,E,1,03,0.0,0.0,M,,,,0000*0a
$GPRMC,080328.792,A,4831.4500,N,00744.2573,E,32.4,166.2,110826,,*3f
$GPGGA,080328.825,4831.4498,N,00744.2574,E,1,03,0.0,0.0,M,,,,0000*0e
$GPRMC,080328.825,A,4831.4498,N,00744.2574,E,32.4,166.1,110826,,*38
$GPGGA,080328.857,4831.4495,N,00744.2575,E,1,03,0.0,0.0,M,,,,0000*07
$GPRMC,080328.857,A,4831.4495,N,00744.2575,E,32.4,165.7,110826,,*34
$GPGGA,080328.889,4831.4492,N,00744.2576,E,1,03,0.0,0.0,M,,,,0000*00
$GPRMC,080328.889,A,4831.4492,N,00744.2576,E,32.4,165.2,110826,,*36
$GPGGA,080328.904,4831.4491,N,00744.2577,E,1,03,0.0,0.0,M,,,,0000*06
$GPRMC,080328.904,A,4831.4491,N,00744.2577,E,32.4,165.0,110826,,*32
$GPGGA,080328.913,4831.4489,N,00744.2578,E,1,03,0.0,0.0,M,,,,0000*06
$GPRMC,080328.913,A,4831.4489,N,00744.2578,E,32.4,164.8,110826,,*3b
$GPGGA,080328.941,4831.4487,N,00744.2578,E,1,03,0.0,0.0,M,,,,0000*0f
$GPRMC,080328.941,A,4831.4487,N,00744.2578,E,32.4,164.5,110826,,*3f
$GPGGA,080328.957,4831.4484,N,00744.2580,E,1,03,0.0,0.0,M,,,,0000*0c
$GPRMC,080328.957,A,4831.4484,N,00744.2580,E,32.4,164.0,110826,,*39
$GPGGA,080328.991,4831.4482,N,00744.2581,E,1,03,0.0,0.0,M,,,,0000*01
$GPRMC,080328.991,A,4831.4482,N,00744.2581,E,32.4,163.9,110826,,*3a
$GPGGA,080329.006,4831.4479,N,00744.2582,E,1,03,0.0,0.0,M,,,,0000*00
$GPRMC,080329.006,A,4831.4479,N,00744.2582,E,32.4,163.4,110826,,*36
$GPGGA,080329.041,4831.4478,N,00744.2583,E,1,03,0.0,0.0,M,,,,0000*03
$GPRMC,080329.041,A,4831.4478,N,00744.2583,E,32.4,163.2,110826,,*33
$GPGGA,080329.051,4831.4476,N,00744.2584,E,1,03,0.0,0.0,M,,,,0000*0b
$GPRMC,080329.051,A,4831.4476,N,00744.2584,E,32.4,162.9,110826,,*31
$GPGGA,080329.077,4831.4474,N,00744.2584,E,1,03,0.0,0.0,M,,,,0000*0d
$GPRMC,080329.077,A,4831.4474,N,00744.2584,E,32.4,162.7,110826,,*39
$GPGGA,080329.089,4831.4471,N,00744.2586,E,1,03,0.0,0.0,M,,,,0000*0b
$GPRMC,080329.089,A,4831.4471,N,00744.2586,E,32.4,162.3,110826,,*3b
$GPGGA,080329.108,4831.4469,N,00744.2586,E,1,03,0.0,0.0,M,,,,0000*0a
$GPRMC,080329.108,A,4831.4469,N,00744.2586,E,32.4,162.0,110826,,*39
$GPGGA,080329.140,4831.4468,N,00744.2587,E,1,03,0.0,0.0,M,,,,0000*06
$GPRMC,080329.140,A,4831.4468,N,00744.2587,E,32.4,161.8,110826,,*3e
$GPGGA,080329.172,4831.4465,N,00744.2589,E,1,03,0.0,0.0,M,,,,0000*04
$GPRMC,080329.172,A,4831.4465,N,00744.2589,E,32.4,161.1,110826,,*35
$GPGGA,080329.194,4831.4462,N,00744.2590,E,1,03,0.0,0.0,M,,,,0000*03
$GPRMC,080329.194,A,4831.4462,N,00744.2590,E,32.4,160.5,110826,,*37
$GPGGA,080329.224,4831.4461,N,00744.2591,E,1,03,0.0,0.0,M,,,,0000*09
$GPRMC,080329.224,A,4831.4461,N,00744.2591,E,32.4,160.1,110826,,*39
$GPGGA,080329.240,4831.4458,N,00744.2593,E,1,03,0.0,0.0,M,,,,0000*03
$GPRMC,080329.240,A,4831.4458,N,00744.2593,E,32.4,159.3,110826,,*3b
$GPGGA,080329.257,4831.4455,N,00744.2594,E,1,03,0.0,0.0,M,,,,0000*0f
$GPRMC,080329.257,A,4831.4455,N,00744.2594,E,32.4,158.6,110826,,*33
$GPGGA,080329.362,4831.4454,N,00744.2595,E,1,03,0.0,0.0,M,,,,0000*08
$GPRMC,080329.362,A,4831.4454,N,00744.2595,E,32.4,158.2,110826,,*30
$GPGGA,080329.396,4831.4444,N,00744.2601,E,1,03,0.0,0.0,M,,,,0000*0c
$GPRMC,080329.396,A,4831.4444,N,00744.2601,E,32.4,156.0,110826,,*38
$GPGGA,080329.412,4831.4441,N,00744.2604,E,1,03,0.0,0.0,M,,,,0000*07
$GPRMC,080329.412,A,4831.4441,N,00744.2604,E,32.4,155.8,110826,,*38
$GPGGA,080329.429,4831.4439,N,00744.2604,E,1,03,0.0,0.0,M,,,,0000*00
$GPRMC,080329.429,A,4831.4439,N,00744.2604,E,32.4,155.7,110826,,*30
$GPGGA,080329.440,4831.4438,N,00744.2605,E,1,03,0.0,0.0,M,,,,0000*0f
$GPRMC,080329.440,A,4831.4438,N,00744.2605,E,32.4,155.6,110826,,*3e
$GPGGA,080329.459,4831.4437,N,00744.2606,E,1,03,0.0,0.0,M,,,,0000*0b
$GPRMC,080329.459,A,4831.4437,N,00744.2606,E,32.4,155.5,110826,,*39
$GPGGA,080329.490,4831.4435,N,00744.2608,E,1,03,0.0,0.0,M,,,,0000*02
$GPRMC,080329.490,A,4831.4435,N,00744.2608,E,32.4,155.4,110826,,*31
$GPGGA,080329.508,4831.4432,N,00744.2610,E,1,03,0.0,0.0,M,,,,0000*0c
$GPRMC,080329.508,A,4831.4432,N,00744.2610,E,32.4,155.2,110826,,*39
$GPGGA,080329.522,4831.4430,N,00744.2611,E,1,03,0.0,0.0,M,,,,0000*07
$GPRMC,080329.522,A,4831.4430,N,00744.2611,E,32.4,155.1,110826,,*31
$GPGGA,080329.538,4831.4429,N,00744.2612,E,1,03,0.0,0.0,M,,,,0000*07
$GPRMC,080329.538,A,4831.4429,N,00744.2612,E,32.4,155.0,110826,,*30
$GPGGA,080329.558,4831.4428,N,00744.2613,E,1,03,0.0,0.0,M,,,,0000*01
$GPRMC,080329.558,A,4831.4428,N,00744.2613,E,32.4,154.9,110826,,*3e
$GPGGA,080329.570,4831.4427,N,00744.2614,E,1,03,0.0,0.0,M,,,,0000*03
$GPRMC,080329.570,A,4831.4427,N,00744.2614,E,32.4,154.8,110826,,*3d
$GPGGA,080329.588,4831.4425,N,00744.2615,E,1,03,0.0,0.0,M,,,,0000*07
$GPRMC,080329.588,A,4831.4425,N,00744.2615,E,32.4,154.7,110826,,*36
$GPGGA,080329.610,4831.4423,N,00744.2616,E,1,03,0.0,0.0,M,,,,0000*00
$GPRMC,080329.610,A,4831.4423,N,00744.2616,E,32.4,154.6,110826,,*30
$GPGGA,080329.625,4831.4421,N,00744.2618,E,1,03,0.0,0.0,M,,,,0000*0a
$GPRMC,080329.625,A,4831.4421,N,00744.2618,E,32.4,154.5,110826,,*39
$GPGGA,080329.658,4831.4420,N,00744.2619,E,1,03,0.0,0.0,M,,,,0000*00
$GPRMC,080329.658,A,4831.4420,N,00744.2619,E,32.4,154.4,110826,,*32
$GPGGA,080329.658,4831.4418,N,00744.2621,E,1,03,0.0,0.0,M,,,,0000*00
$GPRMC,080329.658,A,4831.4418,N,00744.2621,E,32.4,154.2,110826,,*34
$GPGGA,080329.674,4831.4417,N,00744.2621,E,1,03,0.0,0.0,M,,,,0000*01
$GPRMC,080329.674,A,4831.4417,N,00744.2621,E,32.4,154.2,110826,,*35
$GPGGA,080329.690,4831.4416,N,00744.2622,E,1,03,0.0,0.0,M,,,,0000*09
$GPRMC,080329.690,A,4831.4416,N,00744.2622,E,32.4,154.1,110826,,*3e
$GPGGA,080329.705,4831.4414,N,00744.2624,E,1,03,0.0,0.0,M,,,,0000*00
$GPRMC,080329.705,A,4831.4414,N,00744.2624,E,32.4,153.9,110826,,*38
$GPGGA,080329.721,4831.4412,N,00744.2625,E,1,03,0.0,0.0,M,,,,0000*01
$GPRMC,080329.721,A,4831.4412,N,00744.2625,E,32.4,153.7,110826,,*37
$GPGGA,080329.737,4831.4411,N,00744.2626,E,1,03,0.0,0.0,M,,,,0000*06
$GPRMC,080329.737,A,4831.4411,N,00744.2626,E,32.4,153.6,110826,,*31
$GPGGA,080329.768,4831.4410,N,00744.2627,E,1,03,0.0,0.0,M,,,,0000*0c
$GPRMC,080329.768,A,4831.4410,N,00744.2627,E,32.4,153.4,110826,,*39
$GPGGA,080329.784,4831.4407,N,00744.2629,E,1,03,0.0,0.0,M,,,,0000*06
$GPRMC,080329.784,A,4831.4407,N,00744.2629,E,32.4,153.0,110826,,*37
$GPGGA,080329.800,4831.4405,N,00744.2630,E,1,03,0.0,0.0,M,,,,0000*0f
$GPRMC,080329.800,A,4831.4405,N,00744.2630,E,32.4,152.8,110826,,*37
$GPGGA,080329.841,4831.4404,N,00744.2631,E,1,03,0.0,0.0,M,,,,0000*0a
$GPRMC,080329.841,A,4831.4404,N,00744.2631,E,32.4,152.6,110826,,*3c
$GPGGA,080329.859,4831.4400,N,00744.2634,E,1,03,0.0,0.0,M,,,,0000*02
$GPRMC,080329.859,A,4831.4400,N,00744.2634,E,32.4,152.1,110826,,*33
$GPGGA,080329.874,4831.4399,N,00744.2636,E,1,03,0.0,0.0,M,,,,0000*08
$GPRMC,080329.874,A,4831.4399,N,00744.2636,E,32.4,151.9,110826,,*32
$GPGGA,080329.890,4831.4397,N,00744.2637,E,1,03,0.0,0.0,M,,,,0000*0d
$GPRMC,080329.890,A,4831.4397,N,00744.2637,E,32.4,151.7,110826,,*39
$GPGGA,080329.906,4831.4396,N,00744.2638,E,1,03,0.0,0.0,M,,,,0000*0d
$GPRMC,080329.906,A,4831.4396,N,00744.2638,E,32.4,151.5,110826,,*3b
$GPGGA,080329.941,4831.4395,N,00744.2639,E,1,03,0.0,0.0,M,,,,0000*0c
$GPRMC,080329.941,A,4831.4395,N,00744.2639,E,32.4,151.4,110826,,*3b
$GPGGA,080329.956,4831.4392,N,00744.2641,E,1,03,0.0,0.0,M,,,,0000*02
$GPRMC,080329.956,A,4831.4392,N,00744.2641,E,32.4,150.9,110826,,*39
$GPGGA,080329.974,4831.4390,N,00744.2642,E,1,03,0.0,0.0,M,,,,0000*03
$GPRMC,080329.974,A,4831.4390,N,00744.2642,E,32.4,150.8,110826,,*39
$GPGGA,080330.006,4831.4388,N,00744.2644,E,1,03,0.0,0.0,M,,,,0000*08
$GPRMC,080330.006,A,4831.4388,N,00744.2644,E,32.4,150.5,110826,,*3f
$GPGGA,080330.043,4831.4386,N,00744.2646,E,1,03,0.0,0.0,M,,,,0000*05
$GPRMC,080330.043,A,4831.4386,N,00744.2646,E,32.4,150.2,110826,,*35
$GPGGA,080330.058,4831.4383,N,00744.2649,E,1,03,0.0,0.0,M,,,,0000*05
$GPRMC,080330.058,A,4831.4383,N,00744.2649,E,32.4,149.5,110826,,*3a
$GPGGA,080330.076,4831.4382,N,00744.2649,E,1,03,0.0,0.0,M,,,,0000*08
$GPRMC,080330.076,A,4831.4382,N,00744.2649,E,32.4,149.3,110826,,*31
$GPGGA,080330.092,4831.4380,N,00744.2652,E,1,03,0.0,0.0,M,,,,0000*0a
$GPRMC,080330.092,A,4831.4380,N,00744.2652,E,32.4,148.6,110826,,*37
$GPGGA,080330.108,4831.4379,N,00744.2653,E,1,03,0.0,0.0,M,,,,0000*0f
$GPRMC,080330.108,A,4831.4379,N,00744.2653,E,32.4,148.2,110826,,*36
$GPGGA,080330.125,4831.4377,N,00744.2655,E,1,03,0.0,0.0,M,,,,0000*08
$GPRMC,080330.125,A,4831.4377,N,00744.2655,E,32.4,147.6,110826,,*3a
$GPGGA,080330.142,4831.4376,N,00744.2656,E,1,03,0.0,0.0,M,,,,0000*0b
$GPRMC,080330.142,A,4831.4376,N,00744.2656,E,32.4,147.2,110826,,*3d
$GPGGA,080330.159,4831.4374,N,00744.2657,E,1,03,0.0,0.0,M,,,,0000*02
$GPRMC,080330.159,A,4831.4374,N,00744.2657,E,32.4,146.8,110826,,*3f
$GPGGA,080330.175,4831.4373,N,00744.2659,E,1,03,0.0,0.0,M,,,,0000*05
$GPRMC,080330.175,A,4831.4373,N,00744.2659,E,32.4,146.2,110826,,*32
$GPGGA,080330.190,4831.4371,N,00744.2660,E,1,03,0.0,0.0,M,,,,0000*06
$GPRMC,080330.190,A,4831.4371,N,00744.2660,E,32.4,145.8,110826,,*38
$GPGGA,080330.206,4831.4370,N,00744.2661,E,1,03,0.0,0.0,M,,,,0000*0a
$GPRMC,080330.206,A,4831.4370,N,00744.2661,E,32.4,145.4,110826,,*38
$GPGGA,080330.224,4831.4369,N,00744.2663,E,1,03,0.0,0.0,M,,,,0000*00
$GPRMC,080330.224,A,4831.4369,N,00744.2663,E,32.4,144.8,110826,,*3f
$GPGGA,080330.241,4831.4367,N,00744.2664,E,1,03,0.0,0.0,M,,,,0000*0a
$GPRMC,080330.241,A,4831.4367,N,00744.2664,E,32.4,144.7,110826,,*3a
$GPGGA,080330.376,4831.4366,N,00744.2666,E,1,03,0.0,0.0,M,,,,0000*0c
$GPRMC,080330.376,A,4831.4366,N,00744.2666,E,32.4,144.6,110826,,*3d
$GPGGA,080330.407,4831.4355,N,00744.2678,E,1,03,0.0,0.0,M,,,,0000*02
$GPRMC,080330.407,A,4831.4355,N,00744.2678,E,32.4,144.1,110826,,*34
$GPGGA,080330.427,4831.4352,N,00744.2681,E,1,03,0.0,0.0,M,,,,0000*01
$GPRMC,080330.427,A,4831.4352,N,00744.2681,E,32.4,143.8,110826,,*39
$GPGGA,080330.443,4831.4351,N,00744.2682,E,1,03,0.0,0.0,M,,,,0000*03
$GPRMC,080330.443,A,4831.4351,N,00744.2682,E,32.4,143.7,110826,,*34
$GPGGA,080330.459,4831.4349,N,00744.2684,E,1,03,0.0,0.0,M,,,,0000*07
$GPRMC,080330.459,A,4831.4349,N,00744.2684,E,32.4,143.5,110826,,*32
$GPGGA,080330.476,4831.4348,N,00744.2686,E,1,03,0.0,0.0,M,,,,0000*09
$GPRMC,080330.476,A,4831.4348,N,00744.2686,E,32.4,143.4,110826,,*3d
$GPGGA,080330.492,4831.4347,N,00744.2687,E,1,03,0.0,0.0,M,,,,0000*0d
$GPRMC,080330.492,A,4831.4347,N,00744.2687,E,32.4,143.3,110826,,*3e
$GPGGA,080330.508,4831.4345,N,00744.2689,E,1,03,0.0,0.0,M,,,,0000*03
$GPRMC,080330.508,A,4831.4345,N,00744.2689,E,32.4,143.1,110826,,*32
$GPGGA,080330.523,4831.4344,N,00744.2690,E,1,03,0.0,0.0,M,,,,0000*03
$GPRMC,080330.523,A,4831.4344,N,00744.2690,E,32.4,143.0,110826,,*33
$GPGGA,080330.548,4831.4343,N,00744.2692,E,1,03,0.0,0.0,M,,,,0000*0b
$GPRMC,080330.548,A,4831.4343,N,00744.2692,E,32.4,142.9,110826,,*33
$GPGGA,080330.562,4831.4341,N,00744.2694,E,1,03,0.0,0.0,M,,,,0000*07
$GPRMC,080330.562,A,4831.4341,N,00744.2694,E,32.4,142.7,110826,,*31
$GPGGA,080330.575,4831.4340,N,00744.2695,E,1,03,0.0,0.0,M,,,,0000*01
$GPRMC,080330.575,A,4831.4340,N,00744.2695,E,32.4,142.6,110826,,*36
$GPGGA,080330.607,4831.4339,N,00744.2697,E,1,03,0.0,0.0,M,,,,0000*0b
$GPRMC,080330.607,A,4831.4339,N,00744.2697,E,32.4,142.4,110826,,*3e
$GPGGA,080330.623,4831.4336,N,00744.2700,E,1,03,0.0,0.0,M,,,,0000*0d
$GPRMC,080330.623,A,4831.4336,N,00744.2700,E,32.4,142.2,110826,,*3e
$GPGGA,080330.639,4831.4335,N,00744.2701,E,1,03,0.0,0.0,M,,,,0000*04
$GPRMC,080330.639,A,4831.4335,N,00744.2701,E,32.4,142.1,110826,,*34
$GPGGA,080330.654,4831.4333,N,00744.2703,E,1,03,0.0,0.0,M,,,,0000*0b
$GPRMC,080330.654,A,4831.4333,N,00744.2703,E,32.4,141.9,110826,,*30
$GPGGA,080330.682,4831.4333,N,00744.2703,E,1,03,0.0,0.0,M,,,,0000*00
$GPRMC,080330.682,A,4831.4333,N,00744.2703,E,32.4,141.8,110826,,*3a
$GPGGA,080330.693,4831.4331,N,00744.2706,E,1,03,0.0,0.0,M,,,,0000*07
$GPRMC,080330.693,A,4831.4331,N,00744.2706,E,32.4,141.6,110826,,*33
$GPGGA,080330.708,4831.4329,N,00744.2707,E,1,03,0.0,0.0,M,,,,0000*0c
$GPRMC,080330.708,A,4831.4329,N,00744.2707,E,32.4,141.5,110826,,*3b
$GPGGA,080330.724,4831.4328,N,00744.2709,E,1,03,0.0,0.0,M,,,,0000*0d
$GPRMC,080330.724,A,4831.4328,N,00744.2709,E,32.4,141.3,110826,,*3c
$GPGGA,080330.740,4831.4327,N,00744.2711,E,1,03,0.0,0.0,M,,,,0000*09
$GPRMC,080330.740,A,4831.4327,N,00744.2711,E,32.4,141.0,110826,,*3b
$GPGGA,080330.776,4831.4326,N,00744.2712,E,1,03,0.0,0.0,M,,,,0000*0e
$GPRMC,080330.776,A,4831.4326,N,00744.2712,E,32.4,140.8,110826,,*35
$GPGGA,080330.792,4831.4323,N,00744.2716,E,1,03,0.0,0.0,M,,,,0000*05
$GPRMC,080330.792,A,4831.4323,N,00744.2716,E,32.4,140.1,110826,,*37
$GPGGA,080330.806,4831.4322,N,00744.2717,E,1,03,0.0,0.0,M,,,,0000*07
$GPRMC,080330.806,A,4831.4322,N,00744.2717,E,32.4,139.8,110826,,*32
$GPGGA,080330.824,4831.4321,N,00744.2719,E,1,03,0.0,0.0,M,,,,0000*0a
$GPRMC,080330.824,A,4831.4321,N,00744.2719,E,32.4,139.5,110826,,*32
$GPGGA,080330.840,4831.4319,N,00744.2721,E,1,03,0.0,0.0,M,,,,0000*08
$GPRMC,080330.840,A,4831.4319,N,00744.2721,E,32.4,139.1,110826,,*34
$GPGGA,080330.902,4831.4318,N,00744.2722,E,1,03,0.0,0.0,M,,,,0000*0d
$GPRMC,080330.902,A,4831.4318,N,00744.2722,E,32.4,138.8,110826,,*39
$GPGGA,080330.918,4831.4314,N,00744.2727,E,1,03,0.0,0.0,M,,,,0000*0f
$GPRMC,080330.918,A,4831.4314,N,00744.2727,E,32.4,137.7,110826,,*3b
$GPGGA,080330.930,4831.4313,N,00744.2730,E,1,03,0.0,0.0,M,,,,0000*04
$GPRMC,080330.930,A,4831.4313,N,00744.2730,E,32.4,137.3,110826,,*34
$GPGGA,080330.945,4831.4312,N,00744.2731,E,1,03,0.0,0.0,M,,,,0000*06
$GPRMC,080330.945,A,4831.4312,N,00744.2731,E,32.4,137.2,110826,,*37
$GPGGA,080330.961,4831.4310,N,00744.2733,E,1,03,0.0,0.0,M,,,,0000*00
$GPRMC,080330.961,A,4831.4310,N,00744.2733,E,32.4,137.1,110826,,*32
$GPGGA,080330.974,4831.4309,N,00744.2735,E,1,03,0.0,0.0,M,,,,0000*0a
$GPRMC,080330.974,A,4831.4309,N,00744.2735,E,32.4,137.1,110826,,*38
$GPGGA,080330.991,4831.4308,N,00744.2736,E,1,03,0.0,0.0,M,,,,0000*03
$GPRMC,080330.991,A,4831.4308,N,00744.2736,E,32.4,137.0,110826,,*30
$GPGGA,080331.009,4831.4307,N,00744.2738,E,1,03,0.0,0.0,M,,,,0000*0b
$GPRMC,080331.009,A,4831.4307,N,00744.2738,E,32.4,137.0,110826,,*38
$GPGGA,080331.026,4831.4305,N,00744.2740,E,1,03,0.0,0.0,M,,,,0000*0b
$GPRMC,080331.026,A,4831.4305,N,00744.2740,E,32.4,136.9,110826,,*30
$GPGGA,080331.042,4831.4304,N,00744.2742,E,1,03,0.0,0.0,M,,,,0000*0a
$GPRMC,080331.042,A,4831.4304,N,00744.2742,E,32.4,136.8,110826,,*30
$GPGGA,080331.060,4831.4303,N,00744.2744,E,1,03,0.0,0.0,M,,,,0000*0b
$GPRMC,080331.060,A,4831.4303,N,00744.2744,E,32.4,136.7,110826,,*3e
$GPGGA,080331.092,4831.4302,N,00744.2745,E,1,03,0.0,0.0,M,,,,0000*06
$GPRMC,080331.092,A,4831.4302,N,00744.2745,E,32.4,136.6,110826,,*32
$GPGGA,080331.108,4831.4299,N,00744.2749,E,1,03,0.0,0.0,M,,,,0000*0b
$GPRMC,080331.108,A,4831.4299,N,00744.2749,E,32.4,136.3,110826,,*3a
$GPGGA,080331.125,4831.4298,N,00744.2751,E,1,03,0.0,0.0,M,,,,0000*0c
$GPRMC,080331.125,A,4831.4298,N,00744.2751,E,32.4,136.2,110826,,*3c
$GPGGA,080331.141,4831.4297,N,00744.2752,E,1,03,0.0,0.0,M,,,,0000*02
$GPRMC,080331.141,A,4831.4297,N,00744.2752,E,32.4,136.1,110826,,*31
$GPGGA,080331.157,4831.4296,N,00744.2754,E,1,03,0.0,0.0,M,,,,0000*02
$GPRMC,080331.157,A,4831.4296,N,00744.2754,E,32.4,135.9,110826,,*3a
$GPGGA,080331.178,4831.4295,N,00744.2756,E,1,03,0.0,0.0,M,,,,0000*0e
$GPRMC,080331.178,A,4831.4295,N,00744.2756,E,32.4,135.8,110826,,*37
$GPGGA,080331.192,4831.4294,N,00744.2757,E,1,03,0.0,0.0,M,,,,0000*0a
$GPRMC,080331.192,A,4831.4294,N,00744.2757,E,32.4,135.7,110826,,*3c
$GPGGA,080331.208,4831.4292,N,00744.2760,E,1,03,0.0,0.0,M,,,,0000*08
$GPRMC,080331.208,A,4831.4292,N,00744.2760,E,32.4,135.5,110826,,*3c
$GPGGA,080331.222,4831.4291,N,00744.2761,E,1,03,0.0,0.0,M,,,,0000*02
$GPRMC,080331.222,A,4831.4291,N,00744.2761,E,32.4,135.4,110826,,*37
$GPGGA,080331.242,4831.4290,N,00744.2763,E,1,03,0.0,0.0,M,,,,0000*07
$GPRMC,080331.242,A,4831.4290,N,00744.2763,E,32.4,135.2,110826,,*34
$GPGGA,080331.362,4831.4289,N,00744.2765,E,1,03,0.0,0.0,M,,,,0000*0a
$GPRMC,080331.362,A,4831.4289,N,00744.2765,E,32.4,135.1,110826,,*3a
$GPGGA,080331.374,4831.4280,N,00744.2778,E,1,03,0.0,0.0,M,,,,0000*08
$GPRMC,080331.374,A,4831.4280,N,00744.2778,E,32.4,134.0,110826,,*38
$GPGGA,080331.398,4831.4279,N,00744.2780,E,1,03,0.0,0.0,M,,,,0000*0b
$GPRMC,080331.398,A,4831.4279,N,00744.2780,E,32.4,133.9,110826,,*35
$GPGGA,080331.413,4831.4278,N,00744.2781,E,1,03,0.0,0.0,M,,,,0000*0f
$GPRMC,080331.413,A,4831.4278,N,00744.2781,E,32.4,133.7,110826,,*3f
$GPGGA,080331.426,4831.4277,N,00744.2783,E,1,03,0.0,0.0,M,,,,0000*04
$GPRMC,080331.426,A,4831.4277,N,00744.2783,E,32.4,133.5,110826,,*36
$GPGGA,080331.442,4831.4276,N,00744.2785,E,1,03,0.0,0.0,M,,,,0000*01
$GPRMC,080331.442,A,4831.4276,N,00744.2785,E,32.4,133.2,110826,,*34
$GPGGA,080331.474,4831.4275,N,00744.2787,E,1,03,0.0,0.0,M,,,,0000*05
$GPRMC,080331.474,A,4831.4275,N,00744.2787,E,32.4,133.0,110826,,*32
$GPGGA,080331.493,4831.4273,N,00744.2789,E,1,03,0.0,0.0,M,,,,0000*04
$GPRMC,080331.493,A,4831.4273,N,00744.2789,E,32.4,132.6,110826,,*34
$GPGGA,080331.504,4831.4271,N,00744.2792,E,1,03,0.0,0.0,M,,,,0000*03
$GPRMC,080331.504,A,4831.4271,N,00744.2792,E,32.4,132.1,110826,,*34
$GPGGA,080331.522,4831.4270,N,00744.2794,E,1,03,0.0,0.0,M,,,,0000*00
$GPRMC,080331.522,A,4831.4270,N,00744.2794,E,32.4,131.9,110826,,*3c
$GPGGA,080331.544,4831.4269,N,00744.2796,E,1,03,0.0,0.0,M,,,,0000*0a
$GPRMC,080331.544,A,4831.4269,N,00744.2796,E,32.4,131.7,110826,,*38
$GPGGA,080331.560,4831.4268,N,00744.2798,E,1,03,0.0,0.0,M,,,,0000*03
$GPRMC,080331.560,A,4831.4268,N,00744.2798,E,32.4,131.3,110826,,*35
$GPGGA,080331.575,4831.4266,N,00744.2801,E,1,03,0.0,0.0,M,,,,0000*06
$GPRMC,080331.575,A,4831.4266,N,00744.2801,E,32.4,130.7,110826,,*35
$GPGGA,080331.592,4831.4266,N,00744.2802,E,1,03,0.0,0.0,M,,,,0000*0c
$GPRMC,080331.592,A,4831.4266,N,00744.2802,E,32.4,130.4,110826,,*3c
$GPGGA,080331.611,4831.4265,N,00744.2804,E,1,03,0.0,0.0,M,,,,0000*01
$GPRMC,080331.611,A,4831.4265,N,00744.2804,E,32.4,130.0,110826,,*35
$GPGGA,080331.625,4831.4263,N,00744.2807,E,1,03,0.0,0.0,M,,,,0000*03
$GPRMC,080331.625,A,4831.4263,N,00744.2807,E,32.4,129.8,110826,,*37
$GPGGA,080331.658,4831.4262,N,00744.2808,E,1,03,0.0,0.0,M,,,,0000*07
$GPRMC,080331.658,A,4831.4262,N,00744.2808,E,32.4,129.7,110826,,*3c
$GPGGA,080331.674,4831.4260,N,00744.2813,E,1,03,0.0,0.0,M,,,,0000*01
$GPRMC,080331.674,A,4831.4260,N,00744.2813,E,32.4,129.4,110826,,*39
$GPGGA,080331.689,4831.4259,N,00744.2814,E,1,03,0.0,0.0,M,,,,0000*0e
$GPRMC,080331.689,A,4831.4259,N,00744.2814,E,32.4,129.3,110826,,*31
$GPGGA,080331.710,4831.4259,N,00744.2816,E,1,03,0.0,0.0,M,,,,0000*0d
$GPRMC,080331.710,A,4831.4259,N,00744.2816,E,32.4,129.2,110826,,*33
$GPGGA,080331.725,4831.4257,N,00744.2819,E,1,03,0.0,0.0,M,,,,0000*0a
$GPRMC,080331.725,A,4831.4257,N,00744.2819,E,32.4,129.1,110826,,*37
$GPGGA,080331.741,4831.4256,N,00744.2820,E,1,03,0.0,0.0,M,,,,0000*03
$GPRMC,080331.741,A,4831.4256,N,00744.2820,E,32.4,128.9,110826,,*37
$GPGGA,080331.774,4831.4255,N,00744.2823,E,1,03,0.0,0.0,M,,,,0000*05
$GPRMC,080331.774,A,4831.4255,N,00744.2823,E,32.4,128.8,110826,,*30
$GPGGA,080331.790,4831.4253,N,00744.2826,E,1,03,0.0,0.0,M,,,,0000*0c
$GPRMC,080331.790,A,4831.4253,N,00744.2826,E,32.4,128.6,110826,,*37
$GPGGA,080331.806,4831.4252,N,00744.2828,E,1,03,0.0,0.0,M,,,,0000*03
$GPRMC,080331.806,A,4831.4252,N,00744.2828,E,32.4,128.4,110826,,*3a
$GPGGA,080331.826,4831.4251,N,00744.2831,E,1,03,0.0,0.0,M,,,,0000*0a
$GPRMC,080331.826,A,4831.4251,N,00744.2831,E,32.4,128.3,110826,,*34
$GPGGA,080331.842,4831.4250,N,00744.2832,E,1,03,0.0,0.0,M,,,,0000*0a
$GPRMC,080331.842,A,4831.4250,N,00744.2832,E,32.4,128.2,110826,,*35
$GPGGA,080331.857,4831.4249,N,00744.2835,E,1,03,0.0,0.0,M,,,,0000*01
$GPRMC,080331.857,A,4831.4249,N,00744.2835,E,32.4,128.0,110826,,*3c
$GPGGA,080331.874,4831.4248,N,00744.2836,E,1,03,0.0,0.0,M,,,,0000*02
$GPRMC,080331.874,A,4831.4248,N,00744.2836,E,32.4,127.9,110826,,*39
$GPGGA,080331.890,4831.4247,N,00744.2839,E,1,03,0.0,0.0,M,,,,0000*08
$GPRMC,080331.890,A,4831.4247,N,00744.2839,E,32.4,127.7,110826,,*3d
$GPGGA,080331.906,4831.4246,N,00744.2841,E,1,03,0.0,0.0,M,,,,0000*08
$GPRMC,080331.906,A,4831.4246,N,00744.2841,E,32.4,127.5,110826,,*3f
$GPGGA,080331.921,4831.4245,N,00744.2843,E,1,03,0.0,0.0,M,,,,0000*0c
$GPRMC,080331.921,A,4831.4245,N,00744.2843,E,32.4,127.3,110826,,*3d
$GPGGA,080331.948,4831.4244,N,00744.2844,E,1,03,0.0,0.0,M,,,,0000*05
$GPRMC,080331.948,A,4831.4244,N,00744.2844,E,32.4,127.1,110826,,*36
$GPGGA,080331.959,4831.4243,N,00744.2847,E,1,03,0.0,0.0,M,,,,0000*01
$GPRMC,080331.959,A,4831.4243,N,00744.2847,E,32.4,126.8,110826,,*3a
$GPGGA,080331.975,4831.4242,N,00744.2849,E,1,03,0.0,0.0,M,,,,0000*00
$GPRMC,080331.975,A,4831.4242,N,00744.2849,E,32.4,126.5,110826,,*36
$GPGGA,080331.990,4831.4241,N,00744.2851,E,1,03,0.0,0.0,M,,,,0000*01
$GPRMC,080331.990,A,4831.4241,N,00744.2851,E,32.4,126.2,110826,,*30
$GPGGA,080332.005,4831.4240,N,00744.2853,E,1,03,0.0,0.0,M,,,,0000*04
$GPRMC,080332.005,A,4831.4240,N,00744.2853,E,32.4,126.0,110826,,*37
$GPGGA,080332.022,4831.4239,N,00744.2855,E,1,03,0.0,0.0,M,,,,0000*09
$GPRMC,080332.022,A,4831.4239,N,00744.2855,E,32.4,125.8,110826,,*31
$GPGGA,080332.044,4831.4239,N,00744.2857,E,1,03,0.0,0.0,M,,,,0000*0b
$GPRMC,080332.044,A,4831.4239,N,00744.2857,E,32.4,125.5,110826,,*3e
$GPGGA,080332.058,4831.4238,N,00744.2859,E,1,03,0.0,0.0,M,,,,0000*09
$GPRMC,080332.058,A,4831.4238,N,00744.2859,E,32.4,125.3,110826,,*3a
$GPGGA,080332.075,4831.4237,N,00744.2861,E,1,03,0.0,0.0,M,,,,0000*02
$GPRMC,080332.075,A,4831.4237,N,00744.2861,E,32.4,125.0,110826,,*32
$GPGGA,080332.115,4831.4235,N,00744.2864,E,1,03,0.0,0.0,M,,,,0000*02
$GPRMC,080332.115,A,4831.4235,N,00744.2864,E,32.4,124.6,110826,,*35
$GPGGA,080332.132,4831.4234,N,00744.2867,E,1,03,0.0,0.0,M,,,,0000*05
$GPRMC,080332.132,A,4831.4234,N,00744.2867,E,32.4,124.2,110826,,*36
$GPGGA,080332.146,4831.4233,N,00744.2869,E,1,03,0.0,0.0,M,,,,0000*0f
$GPRMC,080332.146,A,4831.4233,N,00744.2869,E,32.4,124.0,110826,,*3e
$GPGGA,080332.159,4831.4232,N,00744.2872,E,1,03,0.0,0.0,M,,,,0000*0a
$GPRMC,080332.159,A,4831.4232,N,00744.2872,E,32.4,123.6,110826,,*3a
$GPGGA,080332.191,4831.4230,N,00744.2874,E,1,03,0.0,0.0,M,,,,0000*0a
$GPRMC,080332.191,A,4831.4230,N,00744.2874,E,32.4,123.3,110826,,*3f
$GPGGA,080332.223,4831.4229,N,00744.2878,E,1,03,0.0,0.0,M,,,,0000*04
$GPRMC,080332.223,A,4831.4229,N,00744.2878,E,32.4,122.9,110826,,*3a
$GPGGA,080332.239,4831.4227,N,00744.2883,E,1,03,0.0,0.0,M,,,,0000*05
$GPRMC,080332.239,A,4831.4227,N,00744.2883,E,32.4,122.0,110826,,*32
$GPGGA,080332.261,4831.4226,N,00744.2884,E,1,03,0.0,0.0,M,,,,0000*0e
$GPRMC,080332.261,A,4831.4226,N,00744.2884,E,32.4,121.6,110826,,*3c
$GPGGA,080332.382,4831.4225,N,00744.2887,E,1,03,0.0,0.0,M,,,,0000*02
$GPRMC,080332.382,A,4831.4225,N,00744.2887,E,32.4,120.9,110826,,*3e
$GPGGA,080332.392,4831.4220,N,00744.2903,E,1,03,0.0,0.0,M,,,,0000*0b
$GPRMC,080332.392,A,4831.4220,N,00744.2903,E,32.4,116.8,110826,,*33
$GPGGA,080332.424,4831.4219,N,00744.2905,E,1,03,0.0,0.0,M,,,,0000*0d
$GPRMC,080332.424,A,4831.4219,N,00744.2905,E,32.4,116.0,110826,,*3d
$GPGGA,080332.449,4831.4218,N,00744.2909,E,1,03,0.0,0.0,M,,,,0000*0b
$GPRMC,080332.449,A,4831.4218,N,00744.2909,E,32.4,115.3,110826,,*3b
$GPGGA,080332.461,4831.4217,N,00744.2912,E,1,03,0.0,0.0,M,,,,0000*04
$GPRMC,080332.461,A,4831.4217,N,00744.2912,E,32.4,115.2,110826,,*35
$GPGGA,080332.482,4831.4216,N,00744.2914,E,1,03,0.0,0.0,M,,,,0000*0e
$GPRMC,080332.482,A,4831.4216,N,00744.2914,E,32.4,115.2,110826,,*3f
$GPGGA,080332.492,4831.4215,N,00744.2917,E,1,03,0.0,0.0,M,,,,0000*0f
$GPRMC,080332.492,A,4831.4215,N,00744.2917,E,32.4,115.1,110826,,*3d
$GPGGA,080332.508,4831.4215,N,00744.2919,E,1,03,0.0,0.0,M,,,,0000*03
$GPRMC,080332.508,A,4831.4215,N,00744.2919,E,32.4,115.0,110826,,*30
$GPGGA,080332.525,4831.4214,N,00744.2921,E,1,03,0.0,0.0,M,,,,0000*06
$GPRMC,080332.525,A,4831.4214,N,00744.2921,E,32.4,114.9,110826,,*3d
$GPGGA,080332.551,4831.4213,N,00744.2924,E,1,03,0.0,0.0,M,,,,0000*07
$GPRMC,080332.551,A,4831.4213,N,00744.2924,E,32.4,114.8,110826,,*3d
$GPGGA,080332.565,4831.4213,N,00744.2926,E,1,03,0.0,0.0,M,,,,0000*02
$GPRMC,080332.565,A,4831.4213,N,00744.2926,E,32.4,114.7,110826,,*37
$GPGGA,080332.582,4831.4212,N,00744.2928,E,1,03,0.0,0.0,M,,,,0000*04
$GPRMC,080332.582,A,4831.4212,N,00744.2928,E,32.4,114.6,110826,,*30
$GPGGA,080332.600,4831.4211,N,00744.2930,E,1,03,0.0,0.0,M,,,,0000*07
$GPRMC,080332.600,A,4831.4211,N,00744.2930,E,32.4,114.5,110826,,*30
$GPGGA,080332.610,4831.4211,N,00744.2933,E,1,03,0.0,0.0,M,,,,0000*05
$GPRMC,080332.610,A,4831.4211,N,00744.2933,E,32.4,114.2,110826,,*35
$GPGGA,080332.626,4831.4210,N,00744.2935,E,1,03,0.0,0.0,M,,,,0000*07
$GPRMC,080332.626,A,4831.4210,N,00744.2935,E,32.4,114.1,110826,,*34
$GPGGA,080332.642,4831.4209,N,00744.2938,E,1,03,0.0,0.0,M,,,,0000*00
$GPRMC,080332.642,A,4831.4209,N,00744.2938,E,32.4,113.9,110826,,*3c
$GPGGA,080332.661,4831.4209,N,00744.2940,E,1,03,0.0,0.0,M,,,,0000*0e
$GPRMC,080332.661,A,4831.4209,N,00744.2940,E,32.4,113.7,110826,,*3c
$GPGGA,080332.677,4831.4208,N,00744.2942,E,1,03,0.0,0.0,M,,,,0000*0a
$GPRMC,080332.677,A,4831.4208,N,00744.2942,E,32.4,113.6,110826,,*39
$GPGGA,080332.693,4831.4207,N,00744.2945,E,1,03,0.0,0.0,M,,,,0000*08
$GPRMC,080332.693,A,4831.4207,N,00744.2945,E,32.4,113.4,110826,,*39
$GPGGA,080332.708,4831.4207,N,00744.2947,E,1,03,0.0,0.0,M,,,,0000*09
$GPRMC,080332.708,A,4831.4207,N,00744.2947,E,32.4,113.2,110826,,*3e
$GPGGA,080332.725,4831.4206,N,00744.2949,E,1,03,0.0,0.0,M,,,,0000*09
$GPRMC,080332.725,A,4831.4206,N,00744.2949,E,32.4,113.1,110826,,*3d
$GPGGA,080332.741,4831.4205,N,00744.2952,E,1,03,0.0,0.0,M,,,,0000*02
$GPRMC,080332.741,A,4831.4205,N,00744.2952,E,32.4,112.9,110826,,*3f
$GPGGA,080332.756,4831.4205,N,00744.2954,E,1,03,0.0,0.0,M,,,,0000*02
$GPRMC,080332.756,A,4831.4205,N,00744.2954,E,32.4,112.7,110826,,*31
$GPGGA,080332.777,4831.4204,N,00744.2956,E,1,03,0.0,0.0,M,,,,0000*02
$GPRMC,080332.777,A,4831.4204,N,00744.2956,E,32.4,112.6,110826,,*30
$GPGGA,080332.791,4831.4203,N,00744.2959,E,1,03,0.0,0.0,M,,,,0000*02
$GPRMC,080332.791,A,4831.4203,N,00744.2959,E,32.4,112.4,110826,,*32
$GPGGA,080332.811,4831.4203,N,00744.2961,E,1,03,0.0,0.0,M,,,,0000*0e
$GPRMC,080332.811,A,4831.4203,N,00744.2961,E,32.4,112.2,110826,,*38
$GPGGA,080332.842,4831.4202,N,00744.2964,E,1,03,0.0,0.0,M,,,,0000*0c
$GPRMC,080332.842,A,4831.4202,N,00744.2964,E,32.4,112.0,110826,,*38
$GPGGA,080332.858,4831.4201,N,00744.2969,E,1,03,0.0,0.0,M,,,,0000*09
$GPRMC,080332.858,A,4831.4201,N,00744.2969,E,32.4,111.7,110826,,*39
$GPGGA,080332.874,4831.4200,N,00744.2971,E,1,03,0.0,0.0,M,,,,0000*0f
$GPRMC,080332.874,A,4831.4200,N,00744.2971,E,32.4,111.5,110826,,*3d
$GPGGA,080332.897,4831.4199,N,00744.2973,E,1,03,0.0,0.0,M,,,,0000*03
$GPRMC,080332.897,A,4831.4199,N,00744.2973,E,32.4,111.3,110826,,*37
$GPGGA,080332.910,4831.4199,N,00744.2976,E,1,03,0.0,0.0,M,,,,0000*08
$GPRMC,080332.910,A,4831.4199,N,00744.2976,E,32.4,111.0,110826,,*3f
$GPGGA,080332.925,4831.4198,N,00744.2978,E,1,03,0.0,0.0,M,,,,0000*01
$GPRMC,080332.925,A,4831.4198,N,00744.2978,E,32.4,110.8,110826,,*3f
$GPGGA,080332.942,4831.4198,N,00744.2980,E,1,03,0.0,0.0,M,,,,0000*07
$GPRMC,080332.942,A,4831.4198,N,00744.2980,E,32.4,110.5,110826,,*34
$GPGGA,080332.958,4831.4197,N,00744.2983,E,1,03,0.0,0.0,M,,,,0000*00
$GPRMC,080332.958,A,4831.4197,N,00744.2983,E,32.4,110.1,110826,,*37
$GPGGA,080332.973,4831.4197,N,00744.2985,E,1,03,0.0,0.0,M,,,,0000*0f
$GPRMC,080332.973,A,4831.4197,N,00744.2985,E,32.4,109.8,110826,,*39
$GPGGA,080332.994,4831.4196,N,00744.2987,E,1,03,0.0,0.0,M,,,,0000*05
$GPRMC,080332.994,A,4831.4196,N,00744.2987,E,32.4,109.5,110826,,*3e
$GPGGA,080333.009,4831.4195,N,00744.2990,E,1,03,0.0,0.0,M,,,,0000*0c
$GPRMC,080333.009,A,4831.4195,N,00744.2990,E,32.4,109.1,110826,,*33
$GPGGA,080333.027,4831.4195,N,00744.2992,E,1,03,0.0,0.0,M,,,,0000*02
$GPRMC,080333.027,A,4831.4195,N,00744.2992,E,32.4,108.8,110826,,*35
$GPGGA,080333.042,4831.4194,N,00744.2995,E,1,03,0.0,0.0,M,,,,0000*07
$GPRMC,080333.042,A,4831.4194,N,00744.2995,E,32.4,108.3,110826,,*3b
$GPGGA,080333.075,4831.4194,N,00744.2997,E,1,03,0.0,0.0,M,,,,0000*01
$GPRMC,080333.075,A,4831.4194,N,00744.2997,E,32.4,108.1,110826,,*3f
$GPGGA,080333.091,4831.4193,N,00744.2999,E,1,03,0.0,0.0,M,,,,0000*02
$GPRMC,080333.091,A,4831.4193,N,00744.2999,E,32.4,107.8,110826,,*3a
$GPGGA,080333.110,4831.4192,N,00744.3003,E,1,03,0.0,0.0,M,,,,0000*00
$GPRMC,080333.110,A,4831.4192,N,00744.3003,E,32.4,107.5,110826,,*35
$GPGGA,080333.127,4831.4192,N,00744.3007,E,1,03,0.0,0.0,M,,,,0000*00
$GPRMC,080333.127,A,4831.4192,N,00744.3007,E,32.4,107.5,110826,,*35
$GPGGA,080333.143,4831.4191,N,00744.3010,E,1,03,0.0,0.0,M,,,,0000*07
$GPRMC,080333.143,A,4831.4191,N,00744.3010,E,32.4,107.5,110826,,*32
$GPGGA,080333.159,4831.4191,N,00744.3012,E,1,03,0.0,0.0,M,,,,0000*0e
$GPRMC,080333.159,A,4831.4191,N,00744.3012,E,32.4,107.5,110826,,*3b
$GPGGA,080333.193,4831.4190,N,00744.3015,E,1,03,0.0,0.0,M,,,,0000*0e
$GPRMC,080333.193,A,4831.4190,N,00744.3015,E,32.4,107.5,110826,,*3b
$GPGGA,080333.226,4831.4189,N,00744.3019,E,1,03,0.0,0.0,M,,,,0000*07
$GPRMC,080333.226,A,4831.4189,N,00744.3019,E,32.4,107.5,110826,,*32
$GPGGA,080333.240,4831.4188,N,00744.3024,E,1,03,0.0,0.0,M,,,,0000*08
$GPRMC,080333.240,A,4831.4188,N,00744.3024,E,32.4,107.5,110826,,*3d
$GPGGA,080333.259,4831.4188,N,00744.3026,E,1,03,0.0,0.0,M,,,,0000*02
$GPRMC,080333.259,A,4831.4188,N,00744.3026,E,32.4,107.5,110826,,*37
$GPGGA,080333.274,4831.4187,N,00744.3030,E,1,03,0.0,0.0,M,,,,0000*05
$GPRMC,080333.274,A,4831.4187,N,00744.3030,E,32.4,107.5,110826,,*30
$GPGGA,080333.387,4831.4186,N,00744.3032,E,1,03,0.0,0.0,M,,,,0000*0b
$GPRMC,080333.387,A,4831.4186,N,00744.3032,E,32.4,107.5,110826,,*3e
$GPGGA,080333.394,4831.4183,N,00744.3046,E,1,03,0.0,0.0,M,,,,0000*0f
$GPRMC,080333.394,A,4831.4183,N,00744.3046,E,32.4,107.5,110826,,*3a
$GPGGA,080333.424,4831.4183,N,00744.3048,E,1,03,0.0,0.0,M,,,,0000*0d
$GPRMC,080333.424,A,4831.4183,N,00744.3048,E,32.4,107.5,110826,,*38
$GPGGA,080333.441,4831.4182,N,00744.3051,E,1,03,0.0,0.0,M,,,,0000*07
$GPRMC,080333.441,A,4831.4182,N,00744.3051,E,32.4,107.5,110826,,*32
$GPGGA,080333.454,4831.4182,N,00744.3053,E,1,03,0.0,0.0,M,,,,0000*01
$GPRMC,080333.454,A,4831.4182,N,00744.3053,E,32.4,107.5,110826,,*34
$GPGGA,080333.473,4831.4181,N,00744.3056,E,1,03,0.0,0.0,M,,,,0000*02
$GPRMC,080333.473,A,4831.4181,N,00744.3056,E,32.4,107.5,110826,,*37
$GPGGA,080333.487,4831.4181,N,00744.3059,E,1,03,0.0,0.0,M,,,,0000*06
$GPRMC,080333.487,A,4831.4181,N,00744.3059,E,32.4,107.5,110826,,*33
$GPGGA,080333.506,4831.4180,N,00744.3061,E,1,03,0.0,0.0,M,,,,0000*04
$GPRMC,080333.506,A,4831.4180,N,00744.3061,E,32.4,107.5,110826,,*31
$GPGGA,080333.524,4831.4180,N,00744.3064,E,1,03,0.0,0.0,M,,,,0000*01
$GPRMC,080333.524,A,4831.4180,N,00744.3064,E,32.4,107.5,110826,,*34
$GPGGA,080333.532,4831.4179,N,00744.3066,E,1,03,0.0,0.0,M,,,,0000*02
$GPRMC,080333.532,A,4831.4179,N,00744.3066,E,32.4,107.5,110826,,*37
$GPGGA,080333.559,4831.4179,N,00744.3068,E,1,03,0.0,0.0,M,,,,0000*01
$GPRMC,080333.559,A,4831.4179,N,00744.3068,E,32.4,107.5,110826,,*34
$GPGGA,080333.575,4831.4178,N,00744.3073,E,1,03,0.0,0.0,M,,,,0000*04
$GPRMC,080333.575,A,4831.4178,N,00744.3073,E,32.4,107.5,110826,,*31
$GPGGA,080333.591,4831.4177,N,00744.3075,E,1,03,0.0,0.0,M,,,,0000*07
$GPRMC,080333.591,A,4831.4177,N,00744.3075,E,32.4,107.5,110826,,*32
$GPGGA,080333.609,4831.4177,N,00744.3078,E,1,03,0.0,0.0,M,,,,0000*08
$GPRMC,080333.609,A,4831.4177,N,00744.3078,E,32.4,107.5,110826,,*3d
$GPGGA,080333.624,4831.4176,N,00744.3080,E,1,03,0.0,0.0,M,,,,0000*01
$GPRMC,080333.624,A,4831.4176,N,00744.3080,E,32.4,107.5,110826,,*34
$GPGGA,080333.641,4831.4176,N,00744.3082,E,1,03,0.0,0.0,M,,,,0000*00
$GPRMC,080333.641,A,4831.4176,N,00744.3082,E,32.4,107.5,110826,,*35
$GPGGA,080333.670,4831.4175,N,00744.3084,E,1,03,0.0,0.0,M,,,,0000*07
$GPRMC,080333.670,A,4831.4175,N,00744.3084,E,32.4,107.5,110826,,*32
$GPGGA,080333.689,4831.4175,N,00744.3088,E,1,03,0.0,0.0,M,,,,0000*0d
$GPRMC,080333.689,A,4831.4175,N,00744.3088,E,32.4,107.5,110826,,*38
$GPGGA,080333.705,4831.4174,N,00744.3091,E,1,03,0.0,0.0,M,,,,0000*01
$GPRMC,080333.705,A,4831.4174,N,00744.3091,E,32.4,107.5,110826,,*34
$GPGGA,080333.723,4831.4174,N,00744.3093,E,1,03,0.0,0.0,M,,,,0000*07
$GPRMC,080333.723,A,4831.4174,N,00744.3093,E,32.4,107.5,110826,,*32
$GPGGA,080333.743,4831.4173,N,00744.3097,E,1,03,0.0,0.0,M,,,,0000*02
$GPRMC,080333.743,A,4831.4173,N,00744.3097,E,32.4,107.5,110826,,*37
$GPGGA,080333.776,4831.4172,N,00744.3100,E,1,03,0.0,0.0,M,,,,0000*0a
$GPRMC,080333.776,A,4831.4172,N,00744.3100,E,32.4,107.5,110826,,*3f
$GPGGA,080333.792,4831.4172,N,00744.3103,E,1,03,0.0,0.0,M,,,,0000*03
$GPRMC,080333.792,A,4831.4172,N,00744.3103,E,32.4,107.5,110826,,*36
$GPGGA,080333.808,4831.4171,N,00744.3107,E,1,03,0.0,0.0,M,,,,0000*08
$GPRMC,080333.808,A,4831.4171,N,00744.3107,E,32.4,107.5,110826,,*3d
$GPGGA,080333.829,4831.4170,N,00744.3109,E,1,03,0.0,0.0,M,,,,0000*04
$GPRMC,080333.829,A,4831.4170,N,00744.3109,E,32.4,107.5,110826,,*31
$GPGGA,080333.862,4831.4170,N,00744.3112,E,1,03,0.0,0.0,M,,,,0000*01
$GPRMC,080333.862,A,4831.4170,N,00744.3112,E,32.4,107.5,110826,,*34
$GPGGA,080333.893,4831.4169,N,00744.3118,E,1,03,0.0,0.0,M,,,,0000*0d
$GPRMC,080333.893,A,4831.4169,N,00744.3118,E,32.4,107.5,110826,,*38
$GPGGA,080333.925,4831.4168,N,00744.3122,E,1,03,0.0,0.0,M,,,,0000*09
$GPRMC,080333.925,A,4831.4168,N,00744.3122,E,32.4,107.5,110826,,*3c
$GPGGA,080333.943,4831.4167,N,00744.3125,E,1,03,0.0,0.0,M,,,,0000*01
$GPRMC,080333.943,A,4831.4167,N,00744.3125,E,32.4,107.5,110826,,*34
$GPGGA,080333.963,4831.4167,N,00744.3127,E,1,03,0.0,0.0,M,,,,0000*01
$GPRMC,080333.963,A,4831.4167,N,00744.3127,E,32.4,107.5,110826,,*34
$GPGGA,080333.974,4831.4165,N,00744.3132,E,1,03,0.0,0.0,M,,,,0000*01
$GPRMC,080333.974,A,4831.4165,N,00744.3132,E,32.4,107.5,110826,,*34
$GPGGA,080333.993,4831.4165,N,00744.3134,E,1,03,0.0,0.0,M,,,,0000*0e
$GPRMC,080333.993,A,4831.4165,N,00744.3134,E,32.4,107.7,110826,,*39
$GPGGA,080334.008,4831.4164,N,00744.3136,E,1,03,0.0,0.0,M,,,,0000*01
$GPRMC,080334.008,A,4831.4164,N,00744.3136,E,32.4,108.4,110826,,*3a
$GPGGA,080334.024,4831.4163,N,00744.3138,E,1,03,0.0,0.0,M,,,,0000*06
$GPRMC,080334.024,A,4831.4163,N,00744.3138,E,32.4,108.9,110826,,*30
$GPGGA,080334.040,4831.4163,N,00744.3139,E,1,03,0.0,0.0,M,,,,0000*05
$GPRMC,080334.040,A,4831.4163,N,00744.3139,E,32.4,109.3,110826,,*38
$GPGGA,080334.077,4831.4162,N,00744.3141,E,1,03,0.0,0.0,M,,,,0000*0f
$GPRMC,080334.077,A,4831.4162,N,00744.3141,E,32.4,109.8,110826,,*39
$GPGGA,080334.092,4831.4161,N,00744.3145,E,1,03,0.0,0.0,M,,,,0000*03
$GPRMC,080334.092,A,4831.4161,N,00744.3145,E,32.4,111.1,110826,,*35
$GPGGA,080334.108,4831.4160,N,00744.3146,E,1,03,0.0,0.0,M,,,,0000*03
$GPRMC,080334.108,A,4831.4160,N,00744.3146,E,32.4,111.6,110826,,*32
$GPGGA,080334.126,4831.4159,N,00744.3148,E,1,03,0.0,0.0,M,,,,0000*0b
$GPRMC,080334.126,A,4831.4159,N,00744.3148,E,32.4,112.4,110826,,*3b
$GPGGA,080334.142,4831.4158,N,00744.3150,E,1,03,0.0,0.0,M,,,,0000*01
$GPRMC,080334.142,A,4831.4158,N,00744.3150,E,32.4,112.9,110826,,*3c
$GPGGA,080334.166,4831.4158,N,00744.3152,E,1,03,0.0,0.0,M,,,,0000*05
$GPRMC,080334.166,A,4831.4158,N,00744.3152,E,32.4,113.8,110826,,*38
$GPGGA,080334.184,4831.4157,N,00744.3154,E,1,03,0.0,0.0,M,,,,0000*00
$GPRMC,080334.184,A,4831.4157,N,00744.3154,E,32.4,114.3,110826,,*31
$GPGGA,080334.200,4831.4156,N,00744.3155,E,1,03,0.0,0.0,M,,,,0000*0f
$GPRMC,080334.200,A,4831.4156,N,00744.3155,E,32.4,114.9,110826,,*34
$GPGGA,080334.211,4831.4155,N,00744.3157,E,1,03,0.0,0.0,M,,,,0000*0e
$GPRMC,080334.211,A,4831.4155,N,00744.3157,E,32.4,115.8,110826,,*35
$GPGGA,080334.227,4831.4155,N,00744.3159,E,1,03,0.0,0.0,M,,,,0000*05
$GPRMC,080334.227,A,4831.4155,N,00744.3159,E,32.4,116.4,110826,,*31
$GPGGA,080334.243,4831.4154,N,00744.3161,E,1,03,0.0,0.0,M,,,,0000*0d
$GPRMC,080334.243,A,4831.4154,N,00744.3161,E,32.4,117.3,110826,,*3f
$GPGGA,080334.261,4831.4153,N,00744.3163,E,1,03,0.0,0.0,M,,,,0000*08
$GPRMC,080334.261,A,4831.4153,N,00744.3163,E,32.4,117.9,110826,,*30
$GPGGA,080334.294,4831.4153,N,00744.3164,E,1,03,0.0,0.0,M,,,,0000*05
$GPRMC,080334.294,A,4831.4153,N,00744.3164,E,32.4,118.5,110826,,*3e
$GPGGA,080334.313,4831.4151,N,00744.3168,E,1,03,0.0,0.0,M,,,,0000*05
$GPRMC,080334.313,A,4831.4151,N,00744.3168,E,32.4,120.1,110826,,*31
$GPGGA,080334.327,4831.4150,N,00744.3170,E,1,03,0.0,0.0,M,,,,0000*0a
$GPRMC,080334.327,A,4831.4150,N,00744.3170,E,32.4,120.8,110826,,*37
$GPGGA,080334.343,4831.4150,N,00744.3171,E,1,03,0.0,0.0,M,,,,0000*09
$GPRMC,080334.343,A,4831.4150,N,00744.3171,E,32.4,121.8,110826,,*35
$GPGGA,080334.362,4831.4148,N,00744.3172,E,1,03,0.0,0.0,M,,,,0000*00
$GPRMC,080334.362,A,4831.4148,N,00744.3172,E,32.4,123.9,110826,,*3f
$GPGGA,080334.381,4831.4148,N,00744.3173,E,1,03,0.0,0.0,M,,,,0000*0c
$GPRMC,080334.381,A,4831.4148,N,00744.3173,E,32.4,125.4,110826,,*38
$GPGGA,080334.399,4831.4147,N,00744.3174,E,1,03,0.0,0.0,M,,,,0000*0d
$GPRMC,080334.399,A,4831.4147,N,00744.3174,E,32.4,126.8,110826,,*36
$GPGGA,080334.411,4831.4146,N,00744.3176,E,1,03,0.0,0.0,M,,,,0000*09
$GPRMC,080334.411,A,4831.4146,N,00744.3176,E,32.4,129.1,110826,,*34
$GPGGA,080334.427,4831.4145,N,00744.3177,E,1,03,0.0,0.0,M,,,,0000*0e
$GPRMC,080334.427,A,4831.4145,N,00744.3177,E,32.4,130.7,110826,,*3d
$GPGGA,080334.442,4831.4144,N,00744.3178,E,1,03,0.0,0.0,M,,,,0000*03
$GPRMC,080334.442,A,4831.4144,N,00744.3178,E,32.4,133.1,110826,,*35
$GPGGA,080334.458,4831.4143,N,00744.3179,E,1,03,0.0,0.0,M,,,,0000*0e
$GPRMC,080334.458,A,4831.4143,N,00744.3179,E,32.4,134.8,110826,,*36
$GPGGA,080334.477,4831.4142,N,00744.3180,E,1,03,0.0,0.0,M,,,,0000*04
$GPRMC,080334.477,A,4831.4142,N,00744.3180,E,32.4,136.5,110826,,*33
$GPGGA,080334.494,4831.4141,N,00744.3182,E,1,03,0.0,0.0,M,,,,0000*08
$GPRMC,080334.494,A,4831.4141,N,00744.3182,E,32.4,139.1,110826,,*34
$GPGGA,080334.517,4831.4140,N,00744.3182,E,1,03,0.0,0.0,M,,,,0000*03
$GPRMC,080334.517,A,4831.4140,N,00744.3182,E,32.4,140.8,110826,,*38
$GPGGA,080334.535,4831.4139,N,00744.3184,E,1,03,0.0,0.0,M,,,,0000*0b
$GPRMC,080334.535,A,4831.4139,N,00744.3184,E,32.4,143.5,110826,,*3e
$GPGGA,080334.557,4831.4138,N,00744.3185,E,1,03,0.0,0.0,M,,,,0000*0f
$GPRMC,080334.557,A,4831.4138,N,00744.3185,E,32.4,145.3,110826,,*3a
$GPGGA,080334.576,4831.4136,N,00744.3187,E,1,03,0.0,0.0,M,,,,0000*00
$GPRMC,080334.576,A,4831.4136,N,00744.3187,E,32.4,149.0,110826,,*3a
$GPGGA,080334.598,4831.4135,N,00744.3188,E,1,03,0.0,0.0,M,,,,0000*0c
$GPRMC,080334.598,A,4831.4135,N,00744.3188,E,32.4,151.8,110826,,*37
$GPGGA,080334.612,4831.4134,N,00744.3189,E,1,03,0.0,0.0,M,,,,0000*0d
$GPRMC,080334.612,A,4831.4134,N,00744.3189,E,32.4,153.6,110826,,*3a
$GPGGA,080334.631,4831.4134,N,00744.3190,E,1,03,0.0,0.0,M,,,,0000*04
$GPRMC,080334.631,A,4831.4134,N,00744.3190,E,32.4,155.5,110826,,*36
$GPGGA,080334.648,4831.4132,N,00744.3192,E,1,03,0.0,0.0,M,,,,0000*0e
$GPRMC,080334.648,A,4831.4132,N,00744.3192,E,32.4,158.2,110826,,*36
$GPGGA,080334.675,4831.4132,N,00744.3192,E,1,03,0.0,0.0,M,,,,0000*00
$GPRMC,080334.675,A,4831.4132,N,00744.3192,E,21.6,160.2,110826,,*33
$GPGGA,080334.709,4831.4130,N,00744.3193,E,1,03,0.0,0.0,M,,,,0000*09
$GPRMC,080334.709,A,4831.4130,N,00744.3193,E,21.6,164.7,110826,,*3b
$GPGGA,080334.755,4831.4129,N,00744.3194,E,1,03,0.0,0.0,M,,,,0000*0f
$GPRMC,080334.755,A,4831.4129,N,00744.3194,E,21.6,168.2,110826,,*34
$GPGGA,080334.810,4831.4127,N,00744.3193,E,1,03,0.0,0.0,M,,,,0000*08
$GPRMC,080334.810,A,4831.4127,N,00744.3193,E,21.6,173.5,110826,,*3e
$GPGGA,080334.869,4831.4123,N,00744.3193,E,1,03,0.0,0.0,M,,,,0000*02
$GPRMC,080334.869,A,4831.4123,N,00744.3193,E,21.6,183.5,110826,,*3b
$GPGGA,080334.905,4831.4120,N,00744.3193,E,1,03,0.0,0.0,M,,,,0000*0a
$GPRMC,080334.905,A,4831.4120,N,00744.3193,E,21.6,189.5,110826,,*39
$GPGGA,080334.923,4831.4118,N,00744.3192,E,1,03,0.0,0.0,M,,,,0000*04
$GPRMC,080334.923,A,4831.4118,N,00744.3192,E,21.6,193.3,110826,,*3a
$GPGGA,080334.938,4831.4117,N,00744.3192,E,1,03,0.0,0.0,M,,,,0000*01
$GPRMC,080334.938,A,4831.4117,N,00744.3192,E,21.6,194.7,110826,,*3c
$GPGGA,080334.944,4831.4116,N,00744.3192,E,1,03,0.0,0.0,M,,,,0000*0b
$GPRMC,080334.944,A,4831.4116,N,00744.3192,E,21.6,196.7,110826,,*34
$GPGGA,080334.961,4831.4115,N,00744.3192,E,1,03,0.0,0.0,M,,,,0000*0f
$GPRMC,080334.961,A,4831.4115,N,00744.3192,E,21.6,198.0,110826,,*39
$GPGGA,080334.992,4831.4115,N,00744.3192,E,1,03,0.0,0.0,M,,,,0000*03
$GPRMC,080334.992,A,4831.4115,N,00744.3192,E,21.6,198.4,110826,,*31
$GPGGA,080335.008,4831.4112,N,00744.3191,E,1,03,0.0,0.0,M,,,,0000*0c
$GPRMC,080335.008,A,4831.4112,N,00744.3191,E,21.6,198.4,110826,,*3e
$GPGGA,080335.024,4831.4111,N,00744.3190,E,1,03,0.0,0.0,M,,,,0000*00
$GPRMC,080335.024,A,4831.4111,N,00744.3190,E,21.6,198.4,110826,,*32
$GPGGA,080335.039,4831.4110,N,00744.3190,E,1,03,0.0,0.0,M,,,,0000*0d
$GPRMC,080335.039,A,4831.4110,N,00744.3190,E,21.6,198.4,110826,,*3f
$GPGGA,080335.077,4831.4110,N,00744.3189,E,1,03,0.0,0.0,M,,,,0000*0f
$GPRMC,080335.077,A,4831.4110,N,00744.3189,E,21.6,198.4,110826,,*3d
$GPGGA,080335.093,4831.4108,N,00744.3189,E,1,03,0.0,0.0,M,,,,0000*0c
$GPRMC,080335.093,A,4831.4108,N,00744.3189,E,21.6,198.4,110826,,*3e
$GPGGA,080335.109,4831.4107,N,00744.3188,E,1,03,0.0,0.0,M,,,,0000*00
$GPRMC,080335.109,A,4831.4107,N,00744.3188,E,21.6,198.4,110826,,*32
$GPGGA,080335.124,4831.4105,N,00744.3187,E,1,03,0.0,0.0,M,,,,0000*02
$GPRMC,080335.124,A,4831.4105,N,00744.3187,E,21.6,198.4,110826,,*30
$GPGGA,080335.139,4831.4104,N,00744.3186,E,1,03,0.0,0.0,M,,,,0000*0e
$GPRMC,080335.139,A,4831.4104,N,00744.3186,E,21.6,198.4,110826,,*3c
$GPGGA,080335.163,4831.4103,N,00744.3186,E,1,03,0.0,0.0,M,,,,0000*06
$GPRMC,080335.163,A,4831.4103,N,00744.3186,E,21.6,198.4,110826,,*34
$GPGGA,080335.243,4831.4101,N,00744.3185,E,1,03,0.0,0.0,M,,,,0000*06
$GPRMC,080335.243,A,4831.4101,N,00744.3185,E,21.6,198.4,110826,,*34
$GPGGA,080335.261,4831.4096,N,00744.3183,E,1,03,0.0,0.0,M,,,,0000*0f
$GPRMC,080335.261,A,4831.4096,N,00744.3183,E,21.6,198.4,110826,,*3d
$GPGGA,080335.293,4831.4095,N,00744.3182,E,1,03,0.0,0.0,M,,,,0000*00
$GPRMC,080335.293,A,4831.4095,N,00744.3182,E,21.6,198.4,110826,,*32
$GPGGA,080335.310,4831.4093,N,00744.3181,E,1,03,0.0,0.0,M,,,,0000*0f
$GPRMC,080335.310,A,4831.4093,N,00744.3181,E,21.6,198.4,110826,,*3d
$GPGGA,080335.391,4831.4092,N,00744.3180,E,1,03,0.0,0.0,M,,,,0000*06
$GPRMC,080335.391,A,4831.4092,N,00744.3180,E,21.6,198.4,110826,,*34
$GPGGA,080335.405,4831.4088,N,00744.3178,E,1,03,0.0,0.0,M,,,,0000*00
$GPRMC,080335.405,A,4831.4088,N,00744.3178,E,21.6,198.5,110826,,*33
$GPGGA,080335.416,4831.4086,N,00744.3178,E,1,03,0.0,0.0,M,,,,0000*0c
$GPRMC,080335.416,A,4831.4086,N,00744.3178,E,21.6,198.5,110826,,*3f
$GPGGA,080335.427,4831.4085,N,00744.3177,E,1,03,0.0,0.0,M,,,,0000*02
$GPRMC,080335.427,A,4831.4085,N,00744.3177,E,21.6,198.5,110826,,*31
$GPGGA,080335.443,4831.4084,N,00744.3177,E,1,03,0.0,0.0,M,,,,0000*01
$GPRMC,080335.443,A,4831.4084,N,00744.3177,E,21.6,198.5,110826,,*32
$GPGGA,080335.475,4831.4083,N,00744.3176,E,1,03,0.0,0.0,M,,,,0000*02
$GPRMC,080335.475,A,4831.4083,N,00744.3176,E,21.6,198.5,110826,,*31
$GPGGA,080335.507,4831.4081,N,00744.3175,E,1,03,0.0,0.0,M,,,,0000*07
$GPRMC,080335.507,A,4831.4081,N,00744.3175,E,21.6,198.5,110826,,*34
$GPGGA,080335.523,4831.4080,N,00744.3175,E,1,03,0.0,0.0,M,,,,0000*00
$GPRMC,080335.523,A,4831.4080,N,00744.3175,E,21.6,198.5,110826,,*33
$GPGGA,080335.546,4831.4079,N,00744.3174,E,1,03,0.0,0.0,M,,,,0000*04
$GPRMC,080335.546,A,4831.4079,N,00744.3174,E,21.6,198.5,110826,,*37
$GPGGA,080335.562,4831.4077,N,00744.3173,E,1,03,0.0,0.0,M,,,,0000*0b
$GPRMC,080335.562,A,4831.4077,N,00744.3173,E,21.6,198.5,110826,,*38
$GPGGA,080335.576,4831.4076,N,00744.3172,E,1,03,0.0,0.0,M,,,,0000*0e
$GPRMC,080335.576,A,4831.4076,N,00744.3172,E,21.6,198.5,110826,,*3d
$GPGGA,080335.611,4831.4075,N,00744.3172,E,1,03,0.0,0.0,M,,,,0000*0f
$GPRMC,080335.611,A,4831.4075,N,00744.3172,E,21.6,198.5,110826,,*3c
$GPGGA,080335.627,4831.4073,N,00744.3171,E,1,03,0.0,0.0,M,,,,0000*0f
$GPRMC,080335.627,A,4831.4073,N,00744.3171,E,21.6,198.5,110826,,*3c
$GPGGA,080335.643,4831.4071,N,00744.3170,E,1,03,0.0,0.0,M,,,,0000*0e
$GPRMC,080335.643,A,4831.4071,N,00744.3170,E,21.6,198.5,110826,,*3d
$GPGGA,080335.659,4831.4070,N,00744.3170,E,1,03,0.0,0.0,M,,,,0000*04
$GPRMC,080335.659,A,4831.4070,N,00744.3170,E,21.6,198.5,110826,,*37
$GPGGA,080335.674,4831.4069,N,00744.3169,E,1,03,0.0,0.0,M,,,,0000*0b
$GPRMC,080335.674,A,4831.4069,N,00744.3169,E,21.6,198.5,110826,,*38
$GPGGA,080335.690,4831.4069,N,00744.3169,E,1,03,0.0,0.0,M,,,,0000*01
$GPRMC,080335.690,A,4831.4069,N,00744.3169,E,21.6,198.5,110826,,*32
$GPGGA,080335.706,4831.4067,N,00744.3168,E,1,03,0.0,0.0,M,,,,0000*00
$GPRMC,080335.706,A,4831.4067,N,00744.3168,E,21.6,198.5,110826,,*33
$GPGGA,080335.738,4831.4066,N,00744.3168,E,1,03,0.0,0.0,M,,,,0000*0c
$GPRMC,080335.738,A,4831.4066,N,00744.3168,E,21.6,198.5,110826,,*3f
$GPGGA,080335.778,4831.4064,N,00744.3167,E,1,03,0.0,0.0,M,,,,0000*05
$GPRMC,080335.778,A,4831.4064,N,00744.3167,E,21.6,198.5,110826,,*36
$GPGGA,080335.795,4831.4062,N,00744.3165,E,1,03,0.0,0.0,M,,,,0000*02
$GPRMC,080335.795,A,4831.4062,N,00744.3165,E,21.6,198.5,110826,,*31
$GPGGA,080335.827,4831.4061,N,00744.3165,E,1,03,0.0,0.0,M,,,,0000*07
$GPRMC,080335.827,A,4831.4061,N,00744.3165,E,21.6,198.5,110826,,*34
$GPGGA,080335.843,4831.4059,N,00744.3164,E,1,03,0.0,0.0,M,,,,0000*0f
$GPRMC,080335.843,A,4831.4059,N,00744.3164,E,21.6,198.5,110826,,*3c
$GPGGA,080335.904,4831.4058,N,00744.3163,E,1,03,0.0,0.0,M,,,,0000*0b
$GPRMC,080335.904,A,4831.4058,N,00744.3163,E,21.6,198.5,110826,,*38
$GPGGA,080335.927,4831.4054,N,00744.3161,E,1,03,0.0,0.0,M,,,,0000*04
$GPRMC,080335.927,A,4831.4054,N,00744.3161,E,21.6,198.5,110826,,*37
$GPGGA,080335.958,4831.4052,N,00744.3160,E,1,03,0.0,0.0,M,,,,0000*0b
$GPRMC,080335.958,A,4831.4052,N,00744.3160,E,21.6,198.5,110826,,*38
$GPGGA,080335.974,4831.4050,N,00744.3159,E,1,03,0.0,0.0,M,,,,0000*0d
$GPRMC,080335.974,A,4831.4050,N,00744.3159,E,21.6,198.5,110826,,*3e
$GPGGA,080335.995,4831.4049,N,00744.3159,E,1,03,0.0,0.0,M,,,,0000*0a
$GPRMC,080335.995,A,4831.4049,N,00744.3159,E,21.6,198.5,110826,,*39
$GPGGA,080336.027,4831.4048,N,00744.3158,E,1,03,0.0,0.0,M,,,,0000*09
$GPRMC,080336.027,A,4831.4048,N,00744.3158,E,21.6,198.5,110826,,*3a
$GPGGA,080336.041,4831.4046,N,00744.3157,E,1,03,0.0,0.0,M,,,,0000*08
$GPRMC,080336.041,A,4831.4046,N,00744.3157,E,21.6,198.5,110826,,*3b
$GPGGA,080336.075,4831.4045,N,00744.3157,E,1,03,0.0,0.0,M,,,,0000*0c
$GPRMC,080336.075,A,4831.4045,N,00744.3157,E,21.6,198.5,110826,,*3f
$GPGGA,080336.092,4831.4044,N,00744.3156,E,1,03,0.0,0.0,M,,,,0000*05
$GPRMC,080336.092,A,4831.4044,N,00744.3156,E,21.6,198.5,110826,,*36
$GPGGA,080336.115,4831.4042,N,00744.3155,E,1,03,0.0,0.0,M,,,,0000*0e
$GPRMC,080336.115,A,4831.4042,N,00744.3155,E,21.6,198.5,110826,,*3d
$GPGGA,080336.126,4831.4040,N,00744.3154,E,1,03,0.0,0.0,M,,,,0000*0d
$GPRMC,080336.126,A,4831.4040,N,00744.3154,E,21.6,198.5,110826,,*3e
$GPGGA,080336.159,4831.4039,N,00744.3154,E,1,03,0.0,0.0,M,,,,0000*0b
$GPRMC,080336.159,A,4831.4039,N,00744.3154,E,21.6,198.5,110826,,*38
$GPGGA,080336.175,4831.4038,N,00744.3153,E,1,03,0.0,0.0,M,,,,0000*03
$GPRMC,080336.175,A,4831.4038,N,00744.3153,E,21.6,198.5,110826,,*30
$GPGGA,080336.192,4831.4037,N,00744.3153,E,1,03,0.0,0.0,M,,,,0000*05
$GPRMC,080336.192,A,4831.4037,N,00744.3153,E,21.6,198.5,110826,,*36
$GPGGA,080336.272,4831.4035,N,00744.3152,E,1,03,0.0,0.0,M,,,,0000*0b
$GPRMC,080336.272,A,4831.4035,N,00744.3152,E,21.6,198.5,110826,,*38
$GPGGA,080336.282,4831.4031,N,00744.3150,E,1,03,0.0,0.0,M,,,,0000*02
$GPRMC,080336.282,A,4831.4031,N,00744.3150,E,21.6,198.5,110826,,*31
$GPGGA,080336.298,4831.4029,N,00744.3149,E,1,03,0.0,0.0,M,,,,0000*08
$GPRMC,080336.298,A,4831.4029,N,00744.3149,E,21.6,198.5,110826,,*3b
$GPGGA,080336.310,4831.4029,N,00744.3148,E,1,03,0.0,0.0,M,,,,0000*08
$GPRMC,080336.310,A,4831.4029,N,00744.3148,E,21.6,198.5,110826,,*3b
$GPGGA,080336.328,4831.4028,N,00744.3148,E,1,03,0.0,0.0,M,,,,0000*02
$GPRMC,080336.328,A,4831.4028,N,00744.3148,E,21.6,198.5,110826,,*31
$GPGGA,080336.342,4831.4027,N,00744.3148,E,1,03,0.0,0.0,M,,,,0000*01
$GPRMC,080336.342,A,4831.4027,N,00744.3148,E,21.6,198.5,110826,,*32
$GPGGA,080336.359,4831.4025,N,00744.3147,E,1,03,0.0,0.0,M,,,,0000*06
$GPRMC,080336.359,A,4831.4025,N,00744.3147,E,21.6,198.5,110826,,*35
$GPGGA,080336.375,4831.4024,N,00744.3146,E,1,03,0.0,0.0,M,,,,0000*08
$GPRMC,080336.375,A,4831.4024,N,00744.3146,E,21.6,198.5,110826,,*3b
$GPGGA,080336.391,4831.4024,N,00744.3146,E,1,03,0.0,0.0,M,,,,0000*02
$GPRMC,080336.391,A,4831.4024,N,00744.3146,E,21.6,198.5,110826,,*31
$GPGGA,080336.410,4831.4022,N,00744.3145,E,1,03,0.0,0.0,M,,,,0000*09
$GPRMC,080336.410,A,4831.4022,N,00744.3145,E,21.6,198.5,110826,,*3a
$GPGGA,080336.427,4831.4021,N,00744.3145,E,1,03,0.0,0.0,M,,,,0000*0e
$GPRMC,080336.427,A,4831.4021,N,00744.3145,E,21.6,198.5,110826,,*3d
$GPGGA,080336.444,4831.4020,N,00744.3144,E,1,03,0.0,0.0,M,,,,0000*0b
$GPRMC,080336.444,A,4831.4020,N,00744.3144,E,21.6,198.5,110826,,*38
$GPGGA,080336.460,4831.4019,N,00744.3144,E,1,03,0.0,0.0,M,,,,0000*07
$GPRMC,080336.460,A,4831.4019,N,00744.3144,E,21.6,198.5,110826,,*34
$GPGGA,080336.476,4831.4018,N,00744.3143,E,1,03,0.0,0.0,M,,,,0000*06
$GPRMC,080336.476,A,4831.4018,N,00744.3143,E,21.6,198.5,110826,,*35
$GPGGA,080336.492,4831.4017,N,00744.3143,E,1,03,0.0,0.0,M,,,,0000*03
$GPRMC,080336.492,A,4831.4017,N,00744.3143,E,21.6,198.5,110826,,*30
$GPGGA,080336.508,4831.4016,N,00744.3142,E,1,03,0.0,0.0,M,,,,0000*01
$GPRMC,080336.508,A,4831.4016,N,00744.3142,E,21.6,198.5,110826,,*32
$GPGGA,080336.523,4831.4015,N,00744.3142,E,1,03,0.0,0.0,M,,,,0000*0b
$GPRMC,080336.523,A,4831.4015,N,00744.3142,E,21.6,198.5,110826,,*38
$GPGGA,080336.546,4831.4014,N,00744.3141,E,1,03,0.0,0.0,M,,,,0000*0a
$GPRMC,080336.546,A,4831.4014,N,00744.3141,E,21.6,198.5,110826,,*39
$GPGGA,080336.561,4831.4013,N,00744.3140,E,1,03,0.0,0.0,M,,,,0000*09
$GPRMC,080336.561,A,4831.4013,N,00744.3140,E,21.6,198.5,110826,,*3a
$GPGGA,080336.577,4831.4011,N,00744.3140,E,1,03,0.0,0.0,M,,,,0000*0c
$GPRMC,080336.577,A,4831.4011,N,00744.3140,E,21.6,198.5,110826,,*3f
$GPGGA,080336.609,4831.4010,N,00744.3139,E,1,03,0.0,0.0,M,,,,0000*09
$GPRMC,080336.609,A,4831.4010,N,00744.3139,E,21.6,198.4,110826,,*3b
$GPGGA,080336.618,4831.4009,N,00744.3139,E,1,03,0.0,0.0,M,,,,0000*01
$GPRMC,080336.618,A,4831.4009,N,00744.3139,E,21.6,198.4,110826,,*33
$GPGGA,080336.634,4831.4008,N,00744.3138,E,1,03,0.0,0.0,M,,,,0000*0f
$GPRMC,080336.634,A,4831.4008,N,00744.3138,E,21.6,198.4,110826,,*3d
$GPGGA,080336.648,4831.4007,N,00744.3138,E,1,03,0.0,0.0,M,,,,0000*0b
$GPRMC,080336.648,A,4831.4007,N,00744.3138,E,21.6,198.4,110826,,*39
$GPGGA,080336.694,4831.4006,N,00744.3137,E,1,03,0.0,0.0,M,,,,0000*04
$GPRMC,080336.694,A,4831.4006,N,00744.3137,E,21.6,198.4,110826,,*36
$GPGGA,080336.725,4831.4003,N,00744.3135,E,1,03,0.0,0.0,M,,,,0000*08
$GPRMC,080336.725,A,4831.4003,N,00744.3135,E,21.6,198.4,110826,,*3a
$GPGGA,080336.742,4831.4002,N,00744.3135,E,1,03,0.0,0.0,M,,,,0000*08
$GPRMC,080336.742,A,4831.4002,N,00744.3135,E,21.6,198.4,110826,,*3a
$GPGGA,080336.762,4831.4000,N,00744.3134,E,1,03,0.0,0.0,M,,,,0000*09
$GPRMC,080336.762,A,4831.4000,N,00744.3134,E,21.6,198.4,110826,,*3b
$GPGGA,080336.794,4831.3998,N,00744.3133,E,1,03,0.0,0.0,M,,,,0000*08
$GPRMC,080336.794,A,4831.3998,N,00744.3133,E,21.6,198.4,110826,,*3a
$GPGGA,080336.826,4831.3996,N,00744.3132,E,1,03,0.0,0.0,M,,,,0000*01
$GPRMC,080336.826,A,4831.3996,N,00744.3132,E,21.6,198.4,110826,,*33
$GPGGA,080336.845,4831.3995,N,00744.3132,E,1,03,0.0,0.0,M,,,,0000*07
$GPRMC,080336.845,A,4831.3995,N,00744.3132,E,21.6,198.4,110826,,*35
$GPGGA,080336.861,4831.3993,N,00744.3131,E,1,03,0.0,0.0,M,,,,0000*04
$GPRMC,080336.861,A,4831.3993,N,00744.3131,E,21.6,198.4,110826,,*36
$GPGGA,080336.881,4831.3992,N,00744.3130,E,1,03,0.0,0.0,M,,,,0000*0a
$GPRMC,080336.881,A,4831.3992,N,00744.3130,E,21.6,198.4,110826,,*38
$GPGGA,080336.911,4831.3991,N,00744.3130,E,1,03,0.0,0.0,M,,,,0000*01
$GPRMC,080336.911,A,4831.3991,N,00744.3130,E,21.6,198.4,110826,,*33
$GPGGA,080336.942,4831.3989,N,00744.3129,E,1,03,0.0,0.0,M,,,,0000*06
$GPRMC,080336.942,A,4831.3989,N,00744.3129,E,21.6,198.4,110826,,*34
$GPGGA,080336.960,4831.3988,N,00744.3128,E,1,03,0.0,0.0,M,,,,0000*06
$GPRMC,080336.960,A,4831.3988,N,00744.3128,E,21.6,198.4,110826,,*34
$GPGGA,080336.978,4831.3987,N,00744.3127,E,1,03,0.0,0.0,M,,,,0000*0f
$GPRMC,080336.978,A,4831.3987,N,00744.3127,E,21.6,198.4,110826,,*3d
$GPGGA,080337.011,4831.3984,N,00744.3126,E,1,03,0.0,0.0,M,,,,0000*0a
$GPRMC,080337.011,A,4831.3984,N,00744.3126,E,21.6,198.3,110826,,*3f
$GPGGA,080337.045,4831.3983,N,00744.3125,E,1,03,0.0,0.0,M,,,,0000*0f
$GPRMC,080337.045,A,4831.3983,N,00744.3125,E,21.6,198.3,110826,,*3a
$GPGGA,080337.060,4831.3980,N,00744.3124,E,1,03,0.0,0.0,M,,,,0000*0a
$GPRMC,080337.060,A,4831.3980,N,00744.3124,E,21.6,198.3,110826,,*3f
$GPGGA,080337.080,4831.3979,N,00744.3124,E,1,03,0.0,0.0,M,,,,0000*02
$GPRMC,080337.080,A,4831.3979,N,00744.3124,E,21.6,198.3,110826,,*37
$GPGGA,080337.111,4831.3978,N,00744.3123,E,1,03,0.0,0.0,M,,,,0000*0d
$GPRMC,080337.111,A,4831.3978,N,00744.3123,E,21.6,198.3,110826,,*38
$GPGGA,080337.128,4831.3976,N,00744.3122,E,1,03,0.0,0.0,M,,,,0000*08
$GPRMC,080337.128,A,4831.3976,N,00744.3122,E,21.6,198.3,110826,,*3d
$GPGGA,080337.160,4831.3975,N,00744.3122,E,1,03,0.0,0.0,M,,,,0000*07
$GPRMC,080337.160,A,4831.3975,N,00744.3122,E,21.6,198.3,110826,,*32
$GPGGA,080337.176,4831.3974,N,00744.3121,E,1,03,0.0,0.0,M,,,,0000*02
$GPRMC,080337.176,A,4831.3974,N,00744.3121,E,21.6,198.3,110826,,*37
$GPGGA,080337.196,4831.3973,N,00744.3121,E,1,03,0.0,0.0,M,,,,0000*0b
$GPRMC,080337.196,A,4831.3973,N,00744.3121,E,21.6,198.2,110826,,*3f
$GPGGA,080337.212,4831.3971,N,00744.3120,E,1,03,0.0,0.0,M,,,,0000*07
$GPRMC,080337.212,A,4831.3971,N,00744.3120,E,21.6,198.2,110826,,*33
$GPGGA,080337.243,4831.3969,N,00744.3119,E,1,03,0.0,0.0,M,,,,0000*00
$GPRMC,080337.243,A,4831.3969,N,00744.3119,E,21.6,198.2,110826,,*34
$GPGGA,080337.259,4831.3968,N,00744.3118,E,1,03,0.0,0.0,M,,,,0000*0b
$GPRMC,080337.259,A,4831.3968,N,00744.3118,E,21.6,198.2,110826,,*3f
$GPGGA,080337.276,4831.3968,N,00744.3118,E,1,03,0.0,0.0,M,,,,0000*06
$GPRMC,080337.276,A,4831.3968,N,00744.3118,E,21.6,198.2,110826,,*32
$GPGGA,080337.290,4831.3965,N,00744.3117,E,1,03,0.0,0.0,M,,,,0000*0c
$GPRMC,080337.290,A,4831.3965,N,00744.3117,E,21.6,198.2,110826,,*38
$GPGGA,080337.310,4831.3964,N,00744.3116,E,1,03,0.0,0.0,M,,,,0000*05
$GPRMC,080337.310,A,4831.3964,N,00744.3116,E,21.6,198.2,110826,,*31
$GPGGA,080337.328,4831.3963,N,00744.3116,E,1,03,0.0,0.0,M,,,,0000*09
$GPRMC,080337.328,A,4831.3963,N,00744.3116,E,21.6,198.2,110826,,*3d
$GPGGA,080337.344,4831.3962,N,00744.3115,E,1,03,0.0,0.0,M,,,,0000*01
$GPRMC,080337.344,A,4831.3962,N,00744.3115,E,21.6,198.2,110826,,*35
$GPGGA,080337.377,4831.3961,N,00744.3115,E,1,03,0.0,0.0,M,,,,0000*02
$GPRMC,080337.377,A,4831.3961,N,00744.3115,E,21.6,198.1,110826,,*35
$GPGGA,080337.393,4831.3959,N,00744.3114,E,1,03,0.0,0.0,M,,,,0000*02
$GPRMC,080337.393,A,4831.3959,N,00744.3114,E,21.6,198.1,110826,,*35
$GPGGA,080337.412,4831.3958,N,00744.3113,E,1,03,0.0,0.0,M,,,,0000*0a
$GPRMC,080337.412,A,4831.3958,N,00744.3113,E,21.6,198.1,110826,,*3d
$GPGGA,080337.446,4831.3957,N,00744.3113,E,1,03,0.0,0.0,M,,,,0000*04
$GPRMC,080337.446,A,4831.3957,N,00744.3113,E,21.6,198.1,110826,,*33
$GPGGA,080337.459,4831.3954,N,00744.3111,E,1,03,0.0,0.0,M,,,,0000*0b
$GPRMC,080337.459,A,4831.3954,N,00744.3111,E,21.6,198.1,110826,,*3c
$GPGGA,080337.475,4831.3953,N,00744.3111,E,1,03,0.0,0.0,M,,,,0000*02
$GPRMC,080337.475,A,4831.3953,N,00744.3111,E,21.6,198.1,110826,,*35
$GPGGA,080337.494,4831.3952,N,00744.3111,E,1,03,0.0,0.0,M,,,,0000*0c
$GPRMC,080337.494,A,4831.3952,N,00744.3111,E,21.6,198.1,110826,,*3b
$GPGGA,080337.529,4831.3951,N,00744.3110,E,1,03,0.0,0.0,M,,,,0000*09
$GPRMC,080337.529,A,4831.3951,N,00744.3110,E,21.6,198.1,110826,,*3e
$GPGGA,080337.552,4831.3949,N,00744.3109,E,1,03,0.0,0.0,M,,,,0000*04
$GPRMC,080337.552,A,4831.3949,N,00744.3109,E,21.6,198.0,110826,,*32
$GPGGA,080337.560,4831.3948,N,00744.3108,E,1,03,0.0,0.0,M,,,,0000*05
$GPRMC,080337.560,A,4831.3948,N,00744.3108,E,21.6,198.0,110826,,*33
$GPGGA,080337.576,4831.3947,N,00744.3108,E,1,03,0.0,0.0,M,,,,0000*0d
$GPRMC,080337.576,A,4831.3947,N,00744.3108,E,21.6,198.0,110826,,*3b
$GPGGA,080337.592,4831.3946,N,00744.3107,E,1,03,0.0,0.0,M,,,,0000*09
$GPRMC,080337.592,A,4831.3946,N,00744.3107,E,21.6,198.0,110826,,*3f
$GPGGA,080337.608,4831.3945,N,00744.3107,E,1,03,0.0,0.0,M,,,,0000*0a
$GPRMC,080337.608,A,4831.3945,N,00744.3107,E,21.6,198.0,110826,,*3c
$GPGGA,080337.629,4831.3944,N,00744.3106,E,1,03,0.0,0.0,M,,,,0000*09
$GPRMC,080337.629,A,4831.3944,N,00744.3106,E,21.6,197.9,110826,,*39
$GPGGA,080337.645,4831.3942,N,00744.3106,E,1,03,0.0,0.0,M,,,,0000*05
$GPRMC,080337.645,A,4831.3942,N,00744.3106,E,21.6,197.9,110826,,*35
$GPGGA,080337.676,4831.3942,N,00744.3105,E,1,03,0.0,0.0,M,,,,0000*06
$GPRMC,080337.676,A,4831.3942,N,00744.3105,E,21.6,197.9,110826,,*36
$GPGGA,080337.695,4831.3941,N,00744.3105,E,1,03,0.0,0.0,M,,,,0000*08
$GPRMC,080337.695,A,4831.3941,N,00744.3105,E,21.6,197.9,110826,,*38
$GPGGA,080337.712,4831.3939,N,00744.3104,E,1,03,0.0,0.0,M,,,,0000*08
$GPRMC,080337.712,A,4831.3939,N,00744.3104,E,21.6,197.9,110826,,*38
$GPGGA,080337.727,4831.3937,N,00744.3103,E,1,03,0.0,0.0,M,,,,0000*07
$GPRMC,080337.727,A,4831.3937,N,00744.3103,E,21.6,197.8,110826,,*36
$GPGGA,080337.741,4831.3936,N,00744.3102,E,1,03,0.0,0.0,M,,,,0000*07
$GPRMC,080337.741,A,4831.3936,N,00744.3102,E,21.6,197.8,110826,,*36
$GPGGA,080337.760,4831.3935,N,00744.3102,E,1,03,0.0,0.0,M,,,,0000*07
$GPRMC,080337.760,A,4831.3935,N,00744.3102,E,21.6,197.8,110826,,*36
$GPGGA,080337.776,4831.3934,N,00744.3102,E,1,03,0.0,0.0,M,,,,0000*01
$GPRMC,080337.776,A,4831.3934,N,00744.3102,E,21.6,197.8,110826,,*30
$GPGGA,080337.811,4831.3933,N,00744.3101,E,1,03,0.0,0.0,M,,,,0000*0b
$GPRMC,080337.811,A,4831.3933,N,00744.3101,E,21.6,197.8,110826,,*3a
$GPGGA,080337.845,4831.3931,N,00744.3100,E,1,03,0.0,0.0,M,,,,0000*09
$GPRMC,080337.845,A,4831.3931,N,00744.3100,E,21.6,197.8,110826,,*38
$GPGGA,080337.877,4831.3929,N,00744.3099,E,1,03,0.0,0.0,M,,,,0000*00
$GPRMC,080337.877,A,4831.3929,N,00744.3099,E,21.6,197.8,110826,,*31
$GPGGA,080337.893,4831.3927,N,00744.3098,E,1,03,0.0,0.0,M,,,,0000*05
$GPRMC,080337.893,A,4831.3927,N,00744.3098,E,21.6,197.8,110826,,*34
$GPGGA,080337.910,4831.3926,N,00744.3098,E,1,03,0.0,0.0,M,,,,0000*0e
$GPRMC,080337.910,A,4831.3926,N,00744.3098,E,21.6,197.8,110826,,*3f
$GPGGA,080337.928,4831.3926,N,00744.3097,E,1,03,0.0,0.0,M,,,,0000*0a
$GPRMC,080337.928,A,4831.3926,N,00744.3097,E,21.6,197.8,110826,,*3b
$GPGGA,080337.961,4831.3923,N,00744.3096,E,1,03,0.0,0.0,M,,,,0000*03
$GPRMC,080337.961,A,4831.3923,N,00744.3096,E,21.6,197.8,110826,,*32
$GPGGA,080337.976,4831.3921,N,00744.3095,E,1,03,0.0,0.0,M,,,,0000*04
$GPRMC,080337.976,A,4831.3921,N,00744.3095,E,21.6,197.8,110826,,*35
$GPGGA,080337.994,4831.3920,N,00744.3095,E,1,03,0.0,0.0,M,,,,0000*09
$GPRMC,080337.994,A,4831.3920,N,00744.3095,E,21.6,197.8,110826,,*38
$GPGGA,080338.010,4831.3919,N,00744.3094,E,1,03,0.0,0.0,M,,,,0000*08
$GPRMC,080338.010,A,4831.3919,N,00744.3094,E,21.6,197.8,110826,,*39
$GPGGA,080338.028,4831.3918,N,00744.3094,E,1,03,0.0,0.0,M,,,,0000*02
$GPRMC,080338.028,A,4831.3918,N,00744.3094,E,21.6,197.8,110826,,*33
$GPGGA,080338.062,4831.3917,N,00744.3093,E,1,03,0.0,0.0,M,,,,0000*04
$GPRMC,080338.062,A,4831.3917,N,00744.3093,E,21.6,197.8,110826,,*35
$GPGGA,080338.093,4831.3915,N,00744.3092,E,1,03,0.0,0.0,M,,,,0000*09
$GPRMC,080338.093,A,4831.3915,N,00744.3092,E,21.6,197.8,110826,,*38
$GPGGA,080338.109,4831.3912,N,00744.3091,E,1,03,0.0,0.0,M,,,,0000*0f
$GPRMC,080338.109,A,4831.3912,N,00744.3091,E,21.6,197.8,110826,,*3e
$GPGGA,080338.129,4831.3911,N,00744.3091,E,1,03,0.0,0.0,M,,,,0000*0e
$GPRMC,080338.129,A,4831.3911,N,00744.3091,E,21.6,197.8,110826,,*3f
$GPGGA,080338.161,4831.3910,N,00744.3090,E,1,03,0.0,0.0,M,,,,0000*02
$GPRMC,080338.161,A,4831.3910,N,00744.3090,E,21.6,197.8,110826,,*33
$GPGGA,080338.178,4831.3909,N,00744.3089,E,1,03,0.0,0.0,M,,,,0000*0a
$GPRMC,080338.178,A,4831.3909,N,00744.3089,E,21.6,197.8,110826,,*3b
$GPGGA,080338.194,4831.3907,N,00744.3088,E,1,03,0.0,0.0,M,,,,0000*07
$GPRMC,080338.194,A,4831.3907,N,00744.3088,E,21.6,197.8,110826,,*36
$GPGGA,080338.226,4831.3906,N,00744.3088,E,1,03,0.0,0.0,M,,,,0000*0c
$GPRMC,080338.226,A,4831.3906,N,00744.3088,E,21.6,197.8,110826,,*3d
$GPGGA,080338.245,4831.3904,N,00744.3087,E,1,03,0.0,0.0,M,,,,0000*04
$GPRMC,080338.245,A,4831.3904,N,00744.3087,E,21.6,197.8,110826,,*35
$GPGGA,080338.260,4831.3903,N,00744.3086,E,1,03,0.0,0.0,M,,,,0000*05
$GPRMC,080338.260,A,4831.3903,N,00744.3086,E,21.6,197.8,110826,,*34
$GPGGA,080338.294,4831.3902,N,00744.3086,E,1,03,0.0,0.0,M,,,,0000*0f
$GPRMC,080338.294,A,4831.3902,N,00744.3086,E,21.6,197.8,110826,,*3e
$GPGGA,080338.310,4831.3900,N,00744.3085,E,1,03,0.0,0.0,M,,,,0000*03
$GPRMC,080338.310,A,4831.3900,N,00744.3085,E,21.6,197.8,110826,,*32
$GPGGA,080338.326,4831.3899,N,00744.3084,E,1,03,0.0,0.0,M,,,,0000*06
$GPRMC,080338.326,A,4831.3899,N,00744.3084,E,21.6,197.8,110826,,*37
$GPGGA,080338.357,4831.3897,N,00744.3084,E,1,03,0.0,0.0,M,,,,0000*0e
$GPRMC,080338.357,A,4831.3897,N,00744.3084,E,21.6,197.8,110826,,*3f
$GPGGA,080338.376,4831.3896,N,00744.3083,E,1,03,0.0,0.0,M,,,,0000*0b
$GPRMC,080338.376,A,4831.3896,N,00744.3083,E,21.6,197.8,110826,,*3a
$GPGGA,080338.395,4831.3894,N,00744.3082,E,1,03,0.0,0.0,M,,,,0000*05
$GPRMC,080338.395,A,4831.3894,N,00744.3082,E,21.6,197.8,110826,,*34
$GPGGA,080338.427,4831.3893,N,00744.3082,E,1,03,0.0,0.0,M,,,,0000*0c
$GPRMC,080338.427,A,4831.3893,N,00744.3082,E,21.6,197.8,110826,,*3d
$GPGGA,080338.457,4831.3891,N,00744.3081,E,1,03,0.0,0.0,M,,,,0000*0a
$GPRMC,080338.457,A,4831.3891,N,00744.3081,E,21.6,197.8,110826,,*3b
$GPGGA,080338.478,4831.3890,N,00744.3080,E,1,03,0.0,0.0,M,,,,0000*07
$GPRMC,080338.478,A,4831.3890,N,00744.3080,E,21.6,197.8,110826,,*36
$GPGGA,080338.493,4831.3888,N,00744.3079,E,1,03,0.0,0.0,M,,,,0000*0d
$GPRMC,080338.493,A,4831.3888,N,00744.3079,E,21.6,197.8,110826,,*3c
$GPGGA,080338.511,4831.3887,N,00744.3079,E,1,03,0.0,0.0,M,,,,0000*09
$GPRMC,080338.511,A,4831.3887,N,00744.3079,E,21.6,197.8,110826,,*38
$GPGGA,080338.551,4831.3885,N,00744.3078,E,1,03,0.0,0.0,M,,,,0000*0e
$GPRMC,080338.551,A,4831.3885,N,00744.3078,E,21.6,197.8,110826,,*3f
$GPGGA,080338.563,4831.3884,N,00744.3077,E,1,03,0.0,0.0,M,,,,0000*01
$GPRMC,080338.563,A,4831.3884,N,00744.3077,E,21.6,197.8,110826,,*30
$GPGGA,080338.576,4831.3882,N,00744.3076,E,1,03,0.0,0.0,M,,,,0000*02
$GPRMC,080338.576,A,4831.3882,N,00744.3076,E,21.6,197.8,110826,,*33
$GPGGA,080338.613,4831.3881,N,00744.3076,E,1,03,0.0,0.0,M,,,,0000*01
$GPRMC,080338.613,A,4831.3881,N,00744.3076,E,21.6,197.8,110826,,*30
$GPGGA,080338.629,4831.3879,N,00744.3075,E,1,03,0.0,0.0,M,,,,0000*0c
$GPRMC,080338.629,A,4831.3879,N,00744.3075,E,21.6,197.8,110826,,*3d
$GPGGA,080338.645,4831.3878,N,00744.3074,E,1,03,0.0,0.0,M,,,,0000*06
$GPRMC,080338.645,A,4831.3878,N,00744.3074,E,21.6,197.8,110826,,*37
$GPGGA,080338.666,4831.3877,N,00744.3074,E,1,03,0.0,0.0,M,,,,0000*08
$GPRMC,080338.666,A,4831.3877,N,00744.3074,E,21.6,197.8,110826,,*39
$GPGGA,080338.680,4831.3876,N,00744.3073,E,1,03,0.0,0.0,M,,,,0000*06
$GPRMC,080338.680,A,4831.3876,N,00744.3073,E,21.6,197.8,110826,,*37
$GPGGA,080338.695,4831.3875,N,00744.3073,E,1,03,0.0,0.0,M,,,,0000*01
$GPRMC,080338.695,A,4831.3875,N,00744.3073,E,21.6,197.8,110826,,*30
$GPGGA,080338.712,4831.3874,N,00744.3072,E,1,03,0.0,0.0,M,,,,0000*0f
$GPRMC,080338.712,A,4831.3874,N,00744.3072,E,21.6,197.8,110826,,*3e
$GPGGA,080338.728,4831.3873,N,00744.3072,E,1,03,0.0,0.0,M,,,,0000*01
$GPRMC,080338.728,A,4831.3873,N,00744.3072,E,21.6,197.8,110826,,*30
$GPGGA,080338.744,4831.3872,N,00744.3071,E,1,03,0.0,0.0,M,,,,0000*09
$GPRMC,080338.744,A,4831.3872,N,00744.3071,E,21.6,197.8,110826,,*38
$GPGGA,080338.764,4831.3870,N,00744.3071,E,1,03,0.0,0.0,M,,,,0000*09
$GPRMC,080338.764,A,4831.3870,N,00744.3071,E,21.6,197.8,110826,,*38
$GPGGA,080338.779,4831.3869,N,00744.3070,E,1,03,0.0,0.0,M,,,,0000*0c
$GPRMC,080338.779,A,4831.3869,N,00744.3070,E,21.6,197.8,110826,,*3d
$GPGGA,080338.798,4831.3868,N,00744.3070,E,1,03,0.0,0.0,M,,,,0000*02
$GPRMC,080338.798,A,4831.3868,N,00744.3070,E,21.6,197.8,110826,,*33
$GPGGA,080338.814,4831.3868,N,00744.3069,E,1,03,0.0,0.0,M,,,,0000*01
$GPRMC,080338.814,A,4831.3868,N,00744.3069,E,21.6,197.8,110826,,*30
$GPGGA,080338.845,4831.3866,N,00744.3069,E,1,03,0.0,0.0,M,,,,0000*0b
$GPRMC,080338.845,A,4831.3866,N,00744.3069,E,21.6,197.8,110826,,*3a
$GPGGA,080338.877,4831.3864,N,00744.3068,E,1,03,0.0,0.0,M,,,,0000*09
$GPRMC,080338.877,A,4831.3864,N,00744.3068,E,21.6,197.8,110826,,*38
$GPGGA,080338.895,4831.3863,N,00744.3067,E,1,03,0.0,0.0,M,,,,0000*0d
$GPRMC,080338.895,A,4831.3863,N,00744.3067,E,21.6,197.8,110826,,*3c
$GPGGA,080338.910,4831.3862,N,00744.3066,E,1,03,0.0,0.0,M,,,,0000*01
$GPRMC,080338.910,A,4831.3862,N,00744.3066,E,21.6,197.8,110826,,*30
$GPGGA,080338.929,4831.3860,N,00744.3066,E,1,03,0.0,0.0,M,,,,0000*09
$GPRMC,080338.929,A,4831.3860,N,00744.3066,E,21.6,197.8,110826,,*38
$GPGGA,080338.961,4831.3858,N,00744.3065,E,1,03,0.0,0.0,M,,,,0000*0d
$GPRMC,080338.961,A,4831.3858,N,00744.3065,E,21.6,197.8,110826,,*3c
$GPGGA,080338.992,4831.3857,N,00744.3064,E,1,03,0.0,0.0,M,,,,0000*0f
$GPRMC,080338.992,A,4831.3857,N,00744.3064,E,21.6,197.8,110826,,*3e
$GPGGA,080339.028,4831.3854,N,00744.3063,E,1,03,0.0,0.0,M,,,,0000*02
$GPRMC,080339.028,A,4831.3854,N,00744.3063,E,21.6,197.8,110826,,*33
$GPGGA,080339.053,4831.3852,N,00744.3062,E,1,03,0.0,0.0,M,,,,0000*09
$GPRMC,080339.053,A,4831.3852,N,00744.3062,E,21.6,197.8,110826,,*38
$GPGGA,080339.078,4831.3851,N,00744.3061,E,1,03,0.0,0.0,M,,,,0000*00
$GPRMC,080339.078,A,4831.3851,N,00744.3061,E,21.6,197.8,110826,,*31
$GPGGA,080339.110,4831.3849,N,00744.3060,E,1,03,0.0,0.0,M,,,,0000*07
$GPRMC,080339.110,A,4831.3849,N,00744.3060,E,21.6,197.8,110826,,*36
$GPGGA,080339.125,4831.3848,N,00744.3060,E,1,03,0.0,0.0,M,,,,0000*00
$GPRMC,080339.125,A,4831.3848,N,00744.3060,E,21.6,197.8,110826,,*31
$GPGGA,080339.163,4831.3847,N,00744.3059,E,1,03,0.0,0.0,M,,,,0000*07
$GPRMC,080339.163,A,4831.3847,N,00744.3059,E,21.6,197.8,110826,,*36
$GPGGA,080339.163,4831.3844,N,00744.3058,E,1,03,0.0,0.0,M,,,,0000*05
$GPRMC,080339.163,A,4831.3844,N,00744.3058,E,21.6,197.8,110826,,*34
$GPGGA,080339.197,4831.3843,N,00744.3058,E,1,03,0.0,0.0,M,,,,0000*09
$GPRMC,080339.197,A,4831.3843,N,00744.3058,E,21.6,197.8,110826,,*38
$GPGGA,080339.227,4831.3842,N,00744.3057,E,1,03,0.0,0.0,M,,,,0000*0f
$GPRMC,080339.227,A,4831.3842,N,00744.3057,E,21.6,197.8,110826,,*3e
$GPGGA,080339.244,4831.3839,N,00744.3056,E,1,03,0.0,0.0,M,,,,0000*07
$GPRMC,080339.244,A,4831.3839,N,00744.3056,E,21.6,197.8,110826,,*36
$GPGGA,080339.263,4831.3838,N,00744.3055,E,1,03,0.0,0.0,M,,,,0000*00
$GPRMC,080339.263,A,4831.3838,N,00744.3055,E,21.6,197.8,110826,,*31
$GPGGA,080339.295,4831.3837,N,00744.3055,E,1,03,0.0,0.0,M,,,,0000*06
$GPRMC,080339.295,A,4831.3837,N,00744.3055,E,21.6,197.8,110826,,*37
$GPGGA,080339.312,4831.3836,N,00744.3054,E,1,03,0.0,0.0,M,,,,0000*08
$GPRMC,080339.312,A,4831.3836,N,00744.3054,E,21.6,197.8,110826,,*39
$GPGGA,080339.344,4831.3834,N,00744.3053,E,1,03,0.0,0.0,M,,,,0000*0e
$GPRMC,080339.344,A,4831.3834,N,00744.3053,E,21.6,197.8,110826,,*3f
$GPGGA,080339.378,4831.3831,N,00744.3052,E,1,03,0.0,0.0,M,,,,0000*05
$GPRMC,080339.378,A,4831.3831,N,00744.3052,E,21.6,197.8,110826,,*34
$GPGGA,080339.378,4831.3831,N,00744.3051,E,1,03,0.0,0.0,M,,,,0000*06
$GPRMC,080339.378,A,4831.3831,N,00744.3051,E,21.6,197.8,110826,,*37
$GPGGA,080339.410,4831.3830,N,00744.3051,E,1,03,0.0,0.0,M,,,,0000*0e
$GPRMC,080339.410,A,4831.3830,N,00744.3051,E,21.6,197.8,110826,,*3f
$GPGGA,080339.427,4831.3827,N,00744.3050,E,1,03,0.0,0.0,M,,,,0000*0d
$GPRMC,080339.427,A,4831.3827,N,00744.3050,E,21.6,197.8,110826,,*3c
$GPGGA,080339.447,4831.3826,N,00744.3049,E,1,03,0.0,0.0,M,,,,0000*02
$GPRMC,080339.447,A,4831.3826,N,00744.3049,E,21.6,197.8,110826,,*33
$GPGGA,080339.477,4831.3825,N,00744.3049,E,1,03,0.0,0.0,M,,,,0000*02
$GPRMC,080339.477,A,4831.3825,N,00744.3049,E,21.6,197.8,110826,,*33
$GPGGA,080339.512,4831.3823,N,00744.3048,E,1,03,0.0,0.0,M,,,,0000*07
$GPRMC,080339.512,A,4831.3823,N,00744.3048,E,21.6,197.8,110826,,*36
$GPGGA,080339.530,4831.3821,N,00744.3047,E,1,03,0.0,0.0,M,,,,0000*0a
$GPRMC,080339.530,A,4831.3821,N,00744.3047,E,21.6,197.8,110826,,*3b
$GPGGA,080339.552,4831.3820,N,00744.3046,E,1,03,0.0,0.0,M,,,,0000*0e
$GPRMC,080339.552,A,4831.3820,N,00744.3046,E,21.6,197.8,110826,,*3f
$GPGGA,080339.563,4831.3819,N,00744.3046,E,1,03,0.0,0.0,M,,,,0000*06
$GPRMC,080339.563,A,4831.3819,N,00744.3046,E,21.6,197.8,110826,,*37
$GPGGA,080339.595,4831.3818,N,00744.3045,E,1,03,0.0,0.0,M,,,,0000*0d
$GPRMC,080339.595,A,4831.3818,N,00744.3045,E,21.6,197.8,110826,,*3c
$GPGGA,080339.630,4831.3815,N,00744.3044,E,1,03,0.0,0.0,M,,,,0000*0d
$GPRMC,080339.630,A,4831.3815,N,00744.3044,E,21.6,197.8,110826,,*3c
$GPGGA,080339.663,4831.3813,N,00744.3043,E,1,03,0.0,0.0,M,,,,0000*0a
$GPRMC,080339.663,A,4831.3813,N,00744.3043,E,21.6,197.8,110826,,*3b
$GPGGA,080339.697,4831.3811,N,00744.3042,E,1,03,0.0,0.0,M,,,,0000*02
$GPRMC,080339.697,A,4831.3811,N,00744.3042,E,21.6,197.8,110826,,*33
$GPGGA,080339.728,4831.3809,N,00744.3041,E,1,03,0.0,0.0,M,,,,0000*0d
$GPRMC,080339.728,A,4831.3809,N,00744.3041,E,21.6,197.8,110826,,*3c
$GPGGA,080339.747,4831.3807,N,00744.3040,E,1,03,0.0,0.0,M,,,,0000*0b
$GPRMC,080339.747,A,4831.3807,N,00744.3040,E,21.6,197.8,110826,,*3a
$GPGGA,080339.765,4831.3806,N,00744.3039,E,1,03,0.0,0.0,M,,,,0000*04
$GPRMC,080339.765,A,4831.3806,N,00744.3039,E,21.6,197.8,110826,,*35
$GPGGA,080339.795,4831.3805,N,00744.3039,E,1,03,0.0,0.0,M,,,,0000*08
$GPRMC,080339.795,A,4831.3805,N,00744.3039,E,21.6,197.8,110826,,*39
$GPGGA,080339.795,4831.3804,N,00744.3038,E,1,03,0.0,0.0,M,,,,0000*08
$GPRMC,080339.795,A,4831.3804,N,00744.3038,E,21.6,197.8,110826,,*39
$GPGGA,080339.828,4831.3802,N,00744.3038,E,1,03,0.0,0.0,M,,,,0000*07
$GPRMC,080339.828,A,4831.3802,N,00744.3038,E,21.6,197.8,110826,,*36
$GPGGA,080339.843,4831.3801,N,00744.3037,E,1,03,0.0,0.0,M,,,,0000*06
$GPRMC,080339.843,A,4831.3801,N,00744.3037,E,21.6,197.8,110826,,*37
$GPGGA,080339.854,4831.3800,N,00744.3037,E,1,03,0.0,0.0,M,,,,0000*01
$GPRMC,080339.854,A,4831.3800,N,00744.3037,E,21.6,197.8,110826,,*30
$GPGGA,080339.863,4831.3799,N,00744.3036,E,1,03,0.0,0.0,M,,,,0000*0b
$GPRMC,080339.863,A,4831.3799,N,00744.3036,E,21.6,197.8,110826,,*3a
$GPGGA,080339.880,4831.3798,N,00744.3036,E,1,03,0.0,0.0,M,,,,0000*07
$GPRMC,080339.880,A,4831.3798,N,00744.3036,E,21.6,197.8,110826,,*36
$GPGGA,080339.910,4831.3797,N,00744.3035,E,1,03,0.0,0.0,M,,,,0000*03
$GPRMC,080339.910,A,4831.3797,N,00744.3035,E,21.6,197.8,110826,,*32
$GPGGA,080339.945,4831.3795,N,00744.3034,E,1,03,0.0,0.0,M,,,,0000*00
$GPRMC,080339.945,A,4831.3795,N,00744.3034,E,21.6,197.8,110826,,*31
$GPGGA,080339.961,4831.3794,N,00744.3034,E,1,03,0.0,0.0,M,,,,0000*07
$GPRMC,080339.961,A,4831.3794,N,00744.3034,E,21.6,197.8,110826,,*36
$GPGGA,080339.992,4831.3792,N,00744.3033,E,1,03,0.0,0.0,M,,,,0000*0a
$GPRMC,080339.992,A,4831.3792,N,00744.3033,E,21.6,197.8,110826,,*3b
$GPGGA,080340.012,4831.3790,N,00744.3032,E,1,03,0.0,0.0,M,,,,0000*06
$GPRMC,080340.012,A,4831.3790,N,00744.3032,E,21.6,197.8,110826,,*37
$GPGGA,080340.045,4831.3789,N,00744.3031,E,1,03,0.0,0.0,M,,,,0000*0f
$GPRMC,080340.045,A,4831.3789,N,00744.3031,E,21.6,197.8,110826,,*3e
$GPGGA,080340.050,4831.3787,N,00744.3030,E,1,03,0.0,0.0,M,,,,0000*04
$GPRMC,080340.050,A,4831.3787,N,00744.3030,E,21.6,197.8,110826,,*35
$GPGGA,080340.064,4831.3786,N,00744.3030,E,1,03,0.0,0.0,M,,,,0000*02
$GPRMC,080340.064,A,4831.3786,N,00744.3030,E,21.6,197.8,110826,,*33
$GPGGA,080340.080,4831.3785,N,00744.3030,E,1,03,0.0,0.0,M,,,,0000*0b
$GPRMC,080340.080,A,4831.3785,N,00744.3030,E,21.6,197.8,110826,,*3a
$GPGGA,080340.111,4831.3784,N,00744.3029,E,1,03,0.0,0.0,M,,,,0000*0b
$GPRMC,080340.111,A,4831.3784,N,00744.3029,E,21.6,197.8,110826,,*3a
$GPGGA,080340.130,4831.3782,N,00744.3028,E,1,03,0.0,0.0,M,,,,0000*0f
$GPRMC,080340.130,A,4831.3782,N,00744.3028,E,21.6,197.8,110826,,*3e
$GPGGA,080340.162,4831.3781,N,00744.3027,E,1,03,0.0,0.0,M,,,,0000*04
$GPRMC,080340.162,A,4831.3781,N,00744.3027,E,21.6,197.8,110826,,*35
$GPGGA,080340.162,4831.3779,N,00744.3027,E,1,03,0.0,0.0,M,,,,0000*03
$GPRMC,080340.162,A,4831.3779,N,00744.3027,E,21.6,197.8,110826,,*32
$GPGGA,080340.178,4831.3779,N,00744.3026,E,1,03,0.0,0.0,M,,,,0000*09
$GPRMC,080340.178,A,4831.3779,N,00744.3026,E,21.6,197.8,110826,,*38
$GPGGA,080340.194,4831.3778,N,00744.3026,E,1,03,0.0,0.0,M,,,,0000*0a
$GPRMC,080340.194,A,4831.3778,N,00744.3026,E,21.6,197.8,110826,,*3b
$GPGGA,080340.230,4831.3777,N,00744.3025,E,1,03,0.0,0.0,M,,,,0000*0b
$GPRMC,080340.230,A,4831.3777,N,00744.3025,E,21.6,197.8,110826,,*3a
$GPGGA,080340.230,4831.3775,N,00744.3025,E,1,03,0.0,0.0,M,,,,0000*09
$GPRMC,080340.230,A,4831.3775,N,00744.3025,E,21.6,197.8,110826,,*38
$GPGGA,080340.246,4831.3774,N,00744.3024,E,1,03,0.0,0.0,M,,,,0000*08
$GPRMC,080340.246,A,4831.3774,N,00744.3024,E,21.6,197.8,110826,,*39
$GPGGA,080340.262,4831.3773,N,00744.3024,E,1,03,0.0,0.0,M,,,,0000*09
$GPRMC,080340.262,A,4831.3773,N,00744.3024,E,21.6,197.8,110826,,*38
$GPGGA,080340.298,4831.3773,N,00744.3023,E,1,03,0.0,0.0,M,,,,0000*0b
$GPRMC,080340.298,A,4831.3773,N,00744.3023,E,21.6,197.8,110826,,*3a
$GPGGA,080340.327,4831.3770,N,00744.3022,E,1,03,0.0,0.0,M,,,,0000*0c
$GPRMC,080340.327,A,4831.3770,N,00744.3022,E,21.6,197.8,110826,,*3d
$GPGGA,080340.363,4831.3768,N,00744.3021,E,1,03,0.0,0.0,M,,,,0000*06
$GPRMC,080340.363,A,4831.3768,N,00744.3021,E,21.6,197.8,110826,,*37
$GPGGA,080340.378,4831.3766,N,00744.3020,E,1,03,0.0,0.0,M,,,,0000*03
$GPRMC,080340.378,A,4831.3766,N,00744.3020,E,21.6,197.8,110826,,*32
$GPGGA,080340.397,4831.3765,N,00744.3020,E,1,03,0.0,0.0,M,,,,0000*01
$GPRMC,080340.397,A,4831.3765,N,00744.3020,E,21.6,197.8,110826,,*30
$GPGGA,080340.427,4831.3764,N,00744.3019,E,1,03,0.0,0.0,M,,,,0000*06
$GPRMC,080340.427,A,4831.3764,N,00744.3019,E,21.6,197.8,110826,,*37
$GPGGA,080340.446,4831.3762,N,00744.3018,E,1,03,0.0,0.0,M,,,,0000*06
$GPRMC,080340.446,A,4831.3762,N,00744.3018,E,21.6,197.8,110826,,*37
$GPGGA,080340.478,4831.3760,N,00744.3017,E,1,03,0.0,0.0,M,,,,0000*06
$GPRMC,080340.478,A,4831.3760,N,00744.3017,E,21.6,197.8,110826,,*37
$GPGGA,080340.516,4831.3758,N,00744.3016,E,1,03,0.0,0.0,M,,,,0000*05
$GPRMC,080340.516,A,4831.3758,N,00744.3016,E,21.6,197.8,110826,,*34
$GPGGA,080340.547,4831.3756,N,00744.3015,E,1,03,0.0,0.0,M,,,,0000*0c
$GPRMC,080340.547,A,4831.3756,N,00744.3015,E,21.6,197.8,110826,,*3d
$GPGGA,080340.563,4831.3754,N,00744.3014,E,1,03,0.0,0.0,M,,,,0000*09
$GPRMC,080340.563,A,4831.3754,N,00744.3014,E,21.6,197.8,110826,,*38
$GPGGA,080340.594,4831.3753,N,00744.3014,E,1,03,0.0,0.0,M,,,,0000*06
$GPRMC,080340.594,A,4831.3753,N,00744.3014,E,21.6,197.8,110826,,*37
$GPGGA,080340.610,4831.3751,N,00744.3013,E,1,03,0.0,0.0,M,,,,0000*0c
$GPRMC,080340.610,A,4831.3751,N,00744.3013,E,21.6,197.8,110826,,*3d
$GPGGA,080340.646,4831.3750,N,00744.3012,E,1,03,0.0,0.0,M,,,,0000*0f
$GPRMC,080340.646,A,4831.3750,N,00744.3012,E,21.6,197.8,110826,,*3e
$GPGGA,080340.661,4831.3748,N,00744.3012,E,1,03,0.0,0.0,M,,,,0000*03
$GPRMC,080340.661,A,4831.3748,N,00744.3012,E,21.6,197.8,110826,,*32
$GPGGA,080340.679,4831.3747,N,00744.3011,E,1,03,0.0,0.0,M,,,,0000*06
$GPRMC,080340.679,A,4831.3747,N,00744.3011,E,21.6,197.8,110826,,*37
$GPGGA,080340.711,4831.3745,N,00744.3010,E,1,03,0.0,0.0,M,,,,0000*0a
$GPRMC,080340.711,A,4831.3745,N,00744.3010,E,21.6,197.8,110826,,*3b
$GPGGA,080340.731,4831.3743,N,00744.3009,E,1,03,0.0,0.0,M,,,,0000*06
$GPRMC,080340.731,A,4831.3743,N,00744.3009,E,21.6,197.8,110826,,*37
$GPGGA,080340.745,4831.3742,N,00744.3009,E,1,03,0.0,0.0,M,,,,0000*04
$GPRMC,080340.745,A,4831.3742,N,00744.3009,E,21.6,197.8,110826,,*35
$GPGGA,080340.762,4831.3741,N,00744.3008,E,1,03,0.0,0.0,M,,,,0000*03
$GPRMC,080340.762,A,4831.3741,N,00744.3008,E,21.6,197.8,110826,,*32
$GPGGA,080340.779,4831.3740,N,00744.3008,E,1,03,0.0,0.0,M,,,,0000*08
$GPRMC,080340.779,A,4831.3740,N,00744.3008,E,21.6,197.8,110826,,*39
$GPGGA,080340.811,4831.3739,N,00744.3007,E,1,03,0.0,0.0,M,,,,0000*08
$GPRMC,080340.811,A,4831.3739,N,00744.3007,E,21.6,197.8,110826,,*39
$GPGGA,080340.827,4831.3737,N,00744.3006,E,1,03,0.0,0.0,M,,,,0000*02
$GPRMC,080340.827,A,4831.3737,N,00744.3006,E,21.6,197.8,110826,,*33
$GPGGA,080340.846,4831.3736,N,00744.3006,E,1,03,0.0,0.0,M,,,,0000*04
$GPRMC,080340.846,A,4831.3736,N,00744.3006,E,21.6,197.8,110826,,*35
$GPGGA,080340.903,4831.3735,N,00744.3005,E,1,03,0.0,0.0,M,,,,0000*04
$GPRMC,080340.903,A,4831.3735,N,00744.3005,E,21.6,197.8,110826,,*35
$GPGGA,080340.928,4831.3731,N,00744.3003,E,1,03,0.0,0.0,M,,,,0000*0f
$GPRMC,080340.928,A,4831.3731,N,00744.3003,E,21.6,197.8,110826,,*3e
$GPGGA,080340.946,4831.3730,N,00744.3003,E,1,03,0.0,0.0,M,,,,0000*06
$GPRMC,080340.946,A,4831.3730,N,00744.3003,E,21.6,197.8,110826,,*37
$GPGGA,080340.963,4831.3728,N,00744.3002,E,1,03,0.0,0.0,M,,,,0000*09
$GPRMC,080340.963,A,4831.3728,N,00744.3002,E,21.6,197.8,110826,,*38
$GPGGA,080340.977,4831.3727,N,00744.3001,E,1,03,0.0,0.0,M,,,,0000*00
$GPRMC,080340.977,A,4831.3727,N,00744.3001,E,21.6,197.8,110826,,*31
$GPGGA,080341.012,4831.3726,N,00744.3001,E,1,03,0.0,0.0,M,,,,0000*0a
$GPRMC,080341.012,A,4831.3726,N,00744.3001,E,21.6,197.8,110826,,*3b
$GPGGA,080341.044,4831.3724,N,00744.3000,E,1,03,0.0,0.0,M,,,,0000*0a
$GPRMC,080341.044,A,4831.3724,N,00744.3000,E,21.6,197.8,110826,,*3b
$GPGGA,080341.060,4831.3723,N,00744.2999,E,1,03,0.0,0.0,M,,,,0000*03
$GPRMC,080341.060,A,4831.3723,N,00744.2999,E,21.6,197.8,110826,,*32
$GPGGA,080341.076,4831.3721,N,00744.2998,E,1,03,0.0,0.0,M,,,,0000*07
$GPRMC,080341.076,A,4831.3721,N,00744.2998,E,21.6,197.8,110826,,*36
$GPGGA,080341.099,4831.3720,N,00744.2998,E,1,03,0.0,0.0,M,,,,0000*07
$GPRMC,080341.099,A,4831.3720,N,00744.2998,E,21.6,197.8,110826,,*36
$GPGGA,080341.129,4831.3719,N,00744.2997,E,1,03,0.0,0.0,M,,,,0000*08
$GPRMC,080341.129,A,4831.3719,N,00744.2997,E,21.6,197.8,110826,,*39
$GPGGA,080341.142,4831.3717,N,00744.2997,E,1,03,0.0,0.0,M,,,,0000*0b
$GPRMC,080341.142,A,4831.3717,N,00744.2997,E,21.6,197.8,110826,,*3a
$GPGGA,080341.157,4831.3715,N,00744.2996,E,1,03,0.0,0.0,M,,,,0000*0c
$GPRMC,080341.157,A,4831.3715,N,00744.2996,E,21.6,197.8,110826,,*3d
$GPGGA,080341.173,4831.3715,N,00744.2995,E,1,03,0.0,0.0,M,,,,0000*09
$GPRMC,080341.173,A,4831.3715,N,00744.2995,E,21.6,197.8,110826,,*38
$GPGGA,080341.195,4831.3714,N,00744.2995,E,1,03,0.0,0.0,M,,,,0000*00
$GPRMC,080341.195,A,4831.3714,N,00744.2995,E,21.6,197.8,110826,,*31
$GPGGA,080341.230,4831.3712,N,00744.2994,E,1,03,0.0,0.0,M,,,,0000*0b
$GPRMC,080341.230,A,4831.3712,N,00744.2994,E,21.6,197.8,110826,,*3a
$GPGGA,080341.262,4831.3710,N,00744.2993,E,1,03,0.0,0.0,M,,,,0000*09
$GPRMC,080341.262,A,4831.3710,N,00744.2993,E,21.6,197.8,110826,,*38
$GPGGA,080341.277,4831.3708,N,00744.2992,E,1,03,0.0,0.0,M,,,,0000*05
$GPRMC,080341.277,A,4831.3708,N,00744.2992,E,21.6,197.8,110826,,*34
$GPGGA,080341.293,4831.3707,N,00744.2992,E,1,03,0.0,0.0,M,,,,0000*00
$GPRMC,080341.293,A,4831.3707,N,00744.2992,E,21.6,197.8,110826,,*31
$GPGGA,080341.325,4831.3705,N,00744.2991,E,1,03,0.0,0.0,M,,,,0000*0d
$GPRMC,080341.325,A,4831.3705,N,00744.2991,E,21.6,197.8,110826,,*3c
$GPGGA,080341.341,4831.3704,N,00744.2990,E,1,03,0.0,0.0,M,,,,0000*0f
$GPRMC,080341.341,A,4831.3704,N,00744.2990,E,21.6,197.8,110826,,*3e
$GPGGA,080341.362,4831.3704,N,00744.2990,E,1,03,0.0,0.0,M,,,,0000*0e
$GPRMC,080341.362,A,4831.3704,N,00744.2990,E,21.6,197.8,110826,,*3f
$GPGGA,080341.379,4831.3702,N,00744.2989,E,1,03,0.0,0.0,M,,,,0000*0a
$GPRMC,080341.379,A,4831.3702,N,00744.2989,E,21.6,197.8,110826,,*3b
$GPGGA,080341.397,4831.3701,N,00744.2989,E,1,03,0.0,0.0,M,,,,0000*09
$GPRMC,080341.397,A,4831.3701,N,00744.2989,E,21.6,197.8,110826,,*38
$GPGGA,080341.413,4831.3699,N,00744.2988,E,1,03,0.0,0.0,M,,,,0000*03
$GPRMC,080341.413,A,4831.3699,N,00744.2988,E,21.6,197.8,110826,,*32
$GPGGA,080341.447,4831.3698,N,00744.2987,E,1,03,0.0,0.0,M,,,,0000*0c
$GPRMC,080341.447,A,4831.3698,N,00744.2987,E,21.6,197.8,110826,,*3d
$GPGGA,080341.463,4831.3697,N,00744.2987,E,1,03,0.0,0.0,M,,,,0000*05
$GPRMC,080341.463,A,4831.3697,N,00744.2987,E,21.6,197.8,110826,,*34
$GPGGA,080341.494,4831.3695,N,00744.2986,E,1,03,0.0,0.0,M,,,,0000*0e
$GPRMC,080341.494,A,4831.3695,N,00744.2986,E,21.6,197.8,110826,,*3f
$GPGGA,080341.513,4831.3694,N,00744.2985,E,1,03,0.0,0.0,M,,,,0000*02
$GPRMC,080341.513,A,4831.3694,N,00744.2985,E,21.6,197.8,110826,,*33
$GPGGA,080341.542,4831.3692,N,00744.2984,E,1,03,0.0,0.0,M,,,,0000*01
$GPRMC,080341.542,A,4831.3692,N,00744.2984,E,21.6,197.8,110826,,*30
$GPGGA,080341.560,4831.3689,N,00744.2983,E,1,03,0.0,0.0,M,,,,0000*0c
$GPRMC,080341.560,A,4831.3689,N,00744.2983,E,21.6,197.8,110826,,*3d
$GPGGA,080341.595,4831.3688,N,00744.2983,E,1,03,0.0,0.0,M,,,,0000*07
$GPRMC,080341.595,A,4831.3688,N,00744.2983,E,21.6,197.8,110826,,*36
$GPGGA,080341.613,4831.3687,N,00744.2982,E,1,03,0.0,0.0,M,,,,0000*04
$GPRMC,080341.613,A,4831.3687,N,00744.2982,E,21.6,197.8,110826,,*35
$GPGGA,080341.629,4831.3685,N,00744.2981,E,1,03,0.0,0.0,M,,,,0000*0c
$GPRMC,080341.629,A,4831.3685,N,00744.2981,E,21.6,197.8,110826,,*3d
$GPGGA,080341.661,4831.3684,N,00744.2980,E,1,03,0.0,0.0,M,,,,0000*00
$GPRMC,080341.661,A,4831.3684,N,00744.2980,E,21.6,197.8,110826,,*31
$GPGGA,080341.677,4831.3682,N,00744.2980,E,1,03,0.0,0.0,M,,,,0000*01
$GPRMC,080341.677,A,4831.3682,N,00744.2980,E,21.6,197.8,110826,,*30
$GPGGA,080341.711,4831.3681,N,00744.2979,E,1,03,0.0,0.0,M,,,,0000*05
$GPRMC,080341.711,A,4831.3681,N,00744.2979,E,21.6,197.8,110826,,*34
$GPGGA,080341.730,4831.3680,N,00744.2978,E,1,03,0.0,0.0,M,,,,0000*06
$GPRMC,080341.730,A,4831.3680,N,00744.2978,E,21.6,197.8,110826,,*37
$GPGGA,080341.762,4831.3678,N,00744.2977,E,1,03,0.0,0.0,M,,,,0000*09
$GPRMC,080341.762,A,4831.3678,N,00744.2977,E,21.6,197.8,110826,,*38
$GPGGA,080341.781,4831.3675,N,00744.2976,E,1,03,0.0,0.0,M,,,,0000*08
$GPRMC,080341.781,A,4831.3675,N,00744.2976,E,21.6,197.8,110826,,*39
$GPGGA,080341.795,4831.3674,N,00744.2976,E,1,03,0.0,0.0,M,,,,0000*0c
$GPRMC,080341.795,A,4831.3674,N,00744.2976,E,21.6,197.8,110826,,*3d
$GPGGA,080341.830,4831.3673,N,00744.2975,E,1,03,0.0,0.0,M,,,,0000*08
$GPRMC,080341.830,A,4831.3673,N,00744.2975,E,21.6,197.8,110826,,*39
$GPGGA,080341.862,4831.3671,N,00744.2974,E,1,03,0.0,0.0,M,,,,0000*0c
$GPRMC,080341.862,A,4831.3671,N,00744.2974,E,21.6,197.8,110826,,*3d
$GPGGA,080341.894,4831.3669,N,00744.2973,E,1,03,0.0,0.0,M,,,,0000*0b
$GPRMC,080341.894,A,4831.3669,N,00744.2973,E,21.6,197.8,110826,,*3a
$GPGGA,080341.914,4831.3667,N,00744.2972,E,1,03,0.0,0.0,M,,,,0000*0d
$GPRMC,080341.914,A,4831.3667,N,00744.2972,E,21.6,197.8,110826,,*3c
$GPGGA,080341.946,4831.3666,N,00744.2972,E,1,03,0.0,0.0,M,,,,0000*0b
$GPRMC,080341.946,A,4831.3666,N,00744.2972,E,21.6,197.8,110826,,*3a
$GPGGA,080341.978,4831.3663,N,00744.2971,E,1,03,0.0,0.0,M,,,,0000*00
$GPRMC,080341.978,A,4831.3663,N,00744.2971,E,21.6,197.8,110826,,*31
$GPGGA,080341.997,4831.3662,N,00744.2970,E,1,03,0.0,0.0,M,,,,0000*01
$GPRMC,080341.997,A,4831.3662,N,00744.2970,E,21.6,197.8,110826,,*30
$GPGGA,080342.014,4831.3660,N,00744.2969,E,1,03,0.0,0.0,M,,,,0000*0a
$GPRMC,080342.014,A,4831.3660,N,00744.2969,E,21.6,197.8,110826,,*3b
$GPGGA,080342.030,4831.3659,N,00744.2969,E,1,03,0.0,0.0,M,,,,0000*06
$GPRMC,080342.030,A,4831.3659,N,00744.2969,E,21.6,197.8,110826,,*37
$GPGGA,080342.053,4831.3658,N,00744.2968,E,1,03,0.0,0.0,M,,,,0000*03
$GPRMC,080342.053,A,4831.3658,N,00744.2968,E,21.6,197.8,110826,,*32
$GPGGA,080342.071,4831.3657,N,00744.2967,E,1,03,0.0,0.0,M,,,,0000*03
$GPRMC,080342.071,A,4831.3657,N,00744.2967,E,21.6,197.8,110826,,*32
$GPGGA,080342.083,4831.3656,N,00744.2967,E,1,03,0.0,0.0,M,,,,0000*0f
$GPRMC,080342.083,A,4831.3656,N,00744.2967,E,21.6,197.8,110826,,*3e
$GPGGA,080342.094,4831.3655,N,00744.2967,E,1,03,0.0,0.0,M,,,,0000*0a
$GPRMC,080342.094,A,4831.3655,N,00744.2967,E,21.6,197.8,110826,,*3b
$GPGGA,080342.111,4831.3654,N,00744.2966,E,1,03,0.0,0.0,M,,,,0000*06
$GPRMC,080342.111,A,4831.3654,N,00744.2966,E,21.6,197.8,110826,,*37
$GPGGA,080342.126,4831.3653,N,00744.2965,E,1,03,0.0,0.0,M,,,,0000*06
$GPRMC,080342.126,A,4831.3653,N,00744.2965,E,21.6,197.8,110826,,*37
$GPGGA,080342.141,4831.3652,N,00744.2965,E,1,03,0.0,0.0,M,,,,0000*06
$GPRMC,080342.141,A,4831.3652,N,00744.2965,E,21.6,197.8,110826,,*37
$GPGGA,080342.162,4831.3651,N,00744.2965,E,1,03,0.0,0.0,M,,,,0000*04
$GPRMC,080342.162,A,4831.3651,N,00744.2965,E,21.6,197.8,110826,,*35
$GPGGA,080342.193,4831.3650,N,00744.2964,E,1,03,0.0,0.0,M,,,,0000*0a
$GPRMC,080342.193,A,4831.3650,N,00744.2964,E,21.6,197.8,110826,,*3b
$GPGGA,080342.212,4831.3647,N,00744.2963,E,1,03,0.0,0.0,M,,,,0000*01
$GPRMC,080342.212,A,4831.3647,N,00744.2963,E,21.6,197.8,110826,,*30
$GPGGA,080342.246,4831.3646,N,00744.2962,E,1,03,0.0,0.0,M,,,,0000*00
$GPRMC,080342.246,A,4831.3646,N,00744.2962,E,21.6,197.8,110826,,*31
$GPGGA,080342.264,4831.3645,N,00744.2961,E,1,03,0.0,0.0,M,,,,0000*00
$GPRMC,080342.264,A,4831.3645,N,00744.2961,E,21.6,197.8,110826,,*31
$GPGGA,080342.280,4831.3643,N,00744.2961,E,1,03,0.0,0.0,M,,,,0000*0c
$GPRMC,080342.280,A,4831.3643,N,00744.2961,E,21.6,197.8,110826,,*3d
$GPGGA,080342.302,4831.3642,N,00744.2960,E,1,03,0.0,0.0,M,,,,0000*07
$GPRMC,080342.302,A,4831.3642,N,00744.2960,E,21.6,197.8,110826,,*36
$GPGGA,080342.318,4831.3641,N,00744.2960,E,1,03,0.0,0.0,M,,,,0000*0f
$GPRMC,080342.318,A,4831.3641,N,00744.2960,E,21.6,197.8,110826,,*3e
$GPGGA,080342.329,4831.3640,N,00744.2959,E,1,03,0.0,0.0,M,,,,0000*06
$GPRMC,080342.329,A,4831.3640,N,00744.2959,E,21.6,197.8,110826,,*37
$GPGGA,080342.347,4831.3639,N,00744.2959,E,1,03,0.0,0.0,M,,,,0000*00
$GPRMC,080342.347,A,4831.3639,N,00744.2959,E,21.6,197.8,110826,,*31
$GPGGA,080342.363,4831.3638,N,00744.2958,E,1,03,0.0,0.0,M,,,,0000*06
$GPRMC,080342.363,A,4831.3638,N,00744.2958,E,21.6,197.8,110826,,*37
$GPGGA,080342.379,4831.3636,N,00744.2957,E,1,03,0.0,0.0,M,,,,0000*0c
$GPRMC,080342.379,A,4831.3636,N,00744.2957,E,21.6,197.8,110826,,*3d
$GPGGA,080342.395,4831.3636,N,00744.2957,E,1,03,0.0,0.0,M,,,,0000*0e
$GPRMC,080342.395,A,4831.3636,N,00744.2957,E,21.6,197.8,110826,,*3f
$GPGGA,080342.411,4831.3635,N,00744.2957,E,1,03,0.0,0.0,M,,,,0000*06
$GPRMC,080342.411,A,4831.3635,N,00744.2957,E,21.6,197.8,110826,,*37
$GPGGA,080342.447,4831.3634,N,00744.2956,E,1,03,0.0,0.0,M,,,,0000*05
$GPRMC,080342.447,A,4831.3634,N,00744.2956,E,21.6,197.8,110826,,*34
$GPGGA,080342.479,4831.3631,N,00744.2955,E,1,03,0.0,0.0,M,,,,0000*0e
$GPRMC,080342.479,A,4831.3631,N,00744.2955,E,21.6,197.8,110826,,*3f
$GPGGA,080342.480,4831.3630,N,00744.2954,E,1,03,0.0,0.0,M,,,,0000*08
$GPRMC,080342.480,A,4831.3630,N,00744.2954,E,21.6,197.8,110826,,*39
$GPGGA,080342.498,4831.3629,N,00744.2954,E,1,03,0.0,0.0,M,,,,0000*09
$GPRMC,080342.498,A,4831.3629,N,00744.2954,E,21.6,197.8,110826,,*38
$GPGGA,080342.514,4831.3628,N,00744.2953,E,1,03,0.0,0.0,M,,,,0000*0a
$GPRMC,080342.514,A,4831.3628,N,00744.2953,E,21.6,197.8,110826,,*3b
$GPGGA,080342.530,4831.3627,N,00744.2953,E,1,03,0.0,0.0,M,,,,0000*03
$GPRMC,080342.530,A,4831.3627,N,00744.2953,E,21.6,197.8,110826,,*32
$GPGGA,080342.546,4831.3626,N,00744.2952,E,1,03,0.0,0.0,M,,,,0000*02
$GPRMC,080342.546,A,4831.3626,N,00744.2952,E,21.6,197.8,110826,,*33
$GPGGA,080342.566,4831.3625,N,00744.2952,E,1,03,0.0,0.0,M,,,,0000*03
$GPRMC,080342.566,A,4831.3625,N,00744.2952,E,21.6,197.8,110826,,*32
$GPGGA,080342.597,4831.3624,N,00744.2951,E,1,03,0.0,0.0,M,,,,0000*0f
$GPRMC,080342.597,A,4831.3624,N,00744.2951,E,21.6,197.8,110826,,*3e
$GPGGA,080342.610,4831.3621,N,00744.2950,E,1,03,0.0,0.0,M,,,,0000*07
$GPRMC,080342.610,A,4831.3621,N,00744.2950,E,21.6,197.8,110826,,*36
$GPGGA,080342.646,4831.3620,N,00744.2950,E,1,03,0.0,0.0,M,,,,0000*05
$GPRMC,080342.646,A,4831.3620,N,00744.2950,E,21.6,197.8,110826,,*34
$GPGGA,080342.662,4831.3619,N,00744.2949,E,1,03,0.0,0.0,M,,,,0000*01
$GPRMC,080342.662,A,4831.3619,N,00744.2949,E,21.6,197.8,110826,,*30
$GPGGA,080342.681,4831.3617,N,00744.2948,E,1,03,0.0,0.0,M,,,,0000*03
$GPRMC,080342.681,A,4831.3617,N,00744.2948,E,21.6,197.8,110826,,*32
$GPGGA,080342.714,4831.3616,N,00744.2948,E,1,03,0.0,0.0,M,,,,0000*0f
$GPRMC,080342.714,A,4831.3616,N,00744.2948,E,21.6,197.8,110826,,*3e
$GPGGA,080342.744,4831.3614,N,00744.2947,E,1,03,0.0,0.0,M,,,,0000*07
$GPRMC,080342.744,A,4831.3614,N,00744.2947,E,21.6,197.8,110826,,*36
$GPGGA,080342.761,4831.3613,N,00744.2946,E,1,03,0.0,0.0,M,,,,0000*06
$GPRMC,080342.761,A,4831.3613,N,00744.2946,E,21.6,197.8,110826,,*37
$GPGGA,080342.781,4831.3612,N,00744.2946,E,1,03,0.0,0.0,M,,,,0000*09
$GPRMC,080342.781,A,4831.3612,N,00744.2946,E,21.6,197.8,110826,,*38
$GPGGA,080342.870,4831.3609,N,00744.2944,E,1,03,0.0,0.0,M,,,,0000*00
$GPRMC,080342.870,A,4831.3609,N,00744.2944,E,21.6,197.8,110826,,*31
$GPGGA,080342.885,4831.3604,N,00744.2942,E,1,03,0.0,0.0,M,,,,0000*01
$GPRMC,080342.885,A,4831.3604,N,00744.2942,E,21.6,197.8,110826,,*30
$GPGGA,080342.896,4831.3603,N,00744.2941,E,1,03,0.0,0.0,M,,,,0000*07
$GPRMC,080342.896,A,4831.3603,N,00744.2941,E,21.6,197.8,110826,,*36
$GPGGA,080342.930,4831.3602,N,00744.2941,E,1,03,0.0,0.0,M,,,,0000*0b
$GPRMC,080342.930,A,4831.3602,N,00744.2941,E,21.6,197.8,110826,,*3a
$GPGGA,080342.962,4831.3600,N,00744.2940,E,1,03,0.0,0.0,M,,,,0000*0f
$GPRMC,080342.962,A,4831.3600,N,00744.2940,E,21.6,197.8,110826,,*3e
$GPGGA,080342.977,4831.3599,N,00744.2939,E,1,03,0.0,0.0,M,,,,0000*06
$GPRMC,080342.977,A,4831.3599,N,00744.2939,E,21.6,197.8,110826,,*37
$GPGGA,080342.994,4831.3598,N,00744.2939,E,1,03,0.0,0.0,M,,,,0000*0a
$GPRMC,080342.994,A,4831.3598,N,00744.2939,E,21.6,197.8,110826,,*3b
$GPGGA,080343.014,4831.3596,N,00744.2938,E,1,03,0.0,0.0,M,,,,0000*05
$GPRMC,080343.014,A,4831.3596,N,00744.2938,E,21.6,197.8,110826,,*34
$GPGGA,080343.038,4831.3594,N,00744.2937,E,1,03,0.0,0.0,M,,,,0000*06
$GPRMC,080343.038,A,4831.3594,N,00744.2937,E,21.6,197.8,110826,,*37
$GPGGA,080343.053,4831.3593,N,00744.2937,E,1,03,0.0,0.0,M,,,,0000*0c
$GPRMC,080343.053,A,4831.3593,N,00744.2937,E,21.6,197.8,110826,,*3d
$GPGGA,080343.075,4831.3593,N,00744.2936,E,1,03,0.0,0.0,M,,,,0000*09
$GPRMC,080343.075,A,4831.3593,N,00744.2936,E,21.6,197.8,110826,,*38
$GPGGA,080343.094,4831.3591,N,00744.2936,E,1,03,0.0,0.0,M,,,,0000*04
$GPRMC,080343.094,A,4831.3591,N,00744.2936,E,21.6,197.8,110826,,*35
$GPGGA,080343.104,4831.3590,N,00744.2935,E,1,03,0.0,0.0,M,,,,0000*0e
$GPRMC,080343.104,A,4831.3590,N,00744.2935,E,21.6,197.8,110826,,*3f
$GPGGA,080343.121,4831.3589,N,00744.2935,E,1,03,0.0,0.0,M,,,,0000*01
$GPRMC,080343.121,A,4831.3589,N,00744.2935,E,21.6,197.8,110826,,*30
$GPGGA,080343.129,4831.3588,N,00744.2934,E,1,03,0.0,0.0,M,,,,0000*09
$GPRMC,080343.129,A,4831.3588,N,00744.2934,E,21.6,197.8,110826,,*38
$GPGGA,080343.147,4831.3587,N,00744.2934,E,1,03,0.0,0.0,M,,,,0000*0e
$GPRMC,080343.147,A,4831.3587,N,00744.2934,E,21.6,197.8,110826,,*3f
$GPGGA,080343.160,4831.3586,N,00744.2933,E,1,03,0.0,0.0,M,,,,0000*0d
$GPRMC,080343.160,A,4831.3586,N,00744.2933,E,21.6,197.8,110826,,*3c
$GPGGA,080343.195,4831.3585,N,00744.2933,E,1,03,0.0,0.0,M,,,,0000*04
$GPRMC,080343.195,A,4831.3585,N,00744.2933,E,21.6,197.8,110826,,*35
$GPGGA,080343.214,4831.3584,N,00744.2932,E,1,03,0.0,0.0,M,,,,0000*0e
$GPRMC,080343.214,A,4831.3584,N,00744.2932,E,21.6,197.8,110826,,*3f
$GPGGA,080343.245,4831.3582,N,00744.2931,E,1,03,0.0,0.0,M,,,,0000*0f
$GPRMC,080343.245,A,4831.3582,N,00744.2931,E,21.6,197.8,110826,,*3e
$GPGGA,080343.261,4831.3580,N,00744.2930,E,1,03,0.0,0.0,M,,,,0000*0a
$GPRMC,080343.261,A,4831.3580,N,00744.2930,E,21.6,197.8,110826,,*3b
$GPGGA,080343.277,4831.3578,N,00744.2929,E,1,03,0.0,0.0,M,,,,0000*02
$GPRMC,080343.277,A,4831.3578,N,00744.2929,E,21.6,197.8,110826,,*33
$GPGGA,080343.295,4831.3577,N,00744.2929,E,1,03,0.0,0.0,M,,,,0000*01
$GPRMC,080343.295,A,4831.3577,N,00744.2929,E,21.6,197.8,110826,,*30
$GPGGA,080343.314,4831.3577,N,00744.2929,E,1,03,0.0,0.0,M,,,,0000*09
$GPRMC,080343.314,A,4831.3577,N,00744.2929,E,21.6,197.8,110826,,*38
$GPGGA,080343.347,4831.3575,N,00744.2928,E,1,03,0.0,0.0,M,,,,0000*0c
$GPRMC,080343.347,A,4831.3575,N,00744.2928,E,21.6,197.8,110826,,*3d
$GPGGA,080343.471,4831.3573,N,00744.2927,E,1,03,0.0,0.0,M,,,,0000*07
$GPRMC,080343.471,A,4831.3573,N,00744.2927,E,21.6,197.8,110826,,*36
$GPGGA,080343.483,4831.3566,N,00744.2923,E,1,03,0.0,0.0,M,,,,0000*0a
$GPRMC,080343.483,A,4831.3566,N,00744.2923,E,21.6,197.8,110826,,*3b
$GPGGA,080343.506,4831.3564,N,00744.2923,E,1,03,0.0,0.0,M,,,,0000*04
$GPRMC,080343.506,A,4831.3564,N,00744.2923,E,21.6,197.8,110826,,*35
$GPGGA,080343.515,4831.3563,N,00744.2922,E,1,03,0.0,0.0,M,,,,0000*00
$GPRMC,080343.515,A,4831.3563,N,00744.2922,E,21.6,197.8,110826,,*31
$GPGGA,080343.529,4831.3562,N,00744.2921,E,1,03,0.0,0.0,M,,,,0000*0d
$GPRMC,080343.529,A,4831.3562,N,00744.2921,E,21.6,197.8,110826,,*3c
$GPGGA,080343.547,4831.3561,N,00744.2921,E,1,03,0.0,0.0,M,,,,0000*06
$GPRMC,080343.547,A,4831.3561,N,00744.2921,E,21.6,197.8,110826,,*37
$GPGGA,080343.562,4831.3560,N,00744.2921,E,1,03,0.0,0.0,M,,,,0000*00
$GPRMC,080343.562,A,4831.3560,N,00744.2921,E,21.6,197.8,110826,,*31
$GPGGA,080343.578,4831.3559,N,00744.2920,E,1,03,0.0,0.0,M,,,,0000*00
$GPRMC,080343.578,A,4831.3559,N,00744.2920,E,21.6,197.8,110826,,*31
$GPGGA,080343.598,4831.3558,N,00744.2919,E,1,03,0.0,0.0,M,,,,0000*05
$GPRMC,080343.598,A,4831.3558,N,00744.2919,E,21.6,197.8,110826,,*34
$GPGGA,080343.631,4831.3557,N,00744.2919,E,1,03,0.0,0.0,M,,,,0000*0a
$GPRMC,080343.631,A,4831.3557,N,00744.2919,E,21.6,197.8,110826,,*3b
$GPGGA,080343.647,4831.3556,N,00744.2918,E,1,03,0.0,0.0,M,,,,0000*0b
$GPRMC,080343.647,A,4831.3556,N,00744.2918,E,21.6,197.8,110826,,*3a
$GPGGA,080343.679,4831.3554,N,00744.2918,E,1,03,0.0,0.0,M,,,,0000*04
$GPRMC,080343.679,A,4831.3554,N,00744.2918,E,21.6,197.8,110826,,*35
$GPGGA,080343.699,4831.3552,N,00744.2917,E,1,03,0.0,0.0,M,,,,0000*03
$GPRMC,080343.699,A,4831.3552,N,00744.2917,E,21.6,197.8,110826,,*32
$GPGGA,080343.728,4831.3550,N,00744.2916,E,1,03,0.0,0.0,M,,,,0000*0b
$GPRMC,080343.728,A,4831.3550,N,00744.2916,E,21.6,197.8,110826,,*3a
$GPGGA,080343.744,4831.3548,N,00744.2915,E,1,03,0.0,0.0,M,,,,0000*0b
$GPRMC,080343.744,A,4831.3548,N,00744.2915,E,21.6,197.8,110826,,*3a
$GPGGA,080343.780,4831.3547,N,00744.2914,E,1,03,0.0,0.0,M,,,,0000*0d
$GPRMC,080343.780,A,4831.3547,N,00744.2914,E,21.6,197.8,110826,,*3c
$GPGGA,080343.798,4831.3545,N,00744.2913,E,1,03,0.0,0.0,M,,,,0000*01
$GPRMC,080343.798,A,4831.3545,N,00744.2913,E,21.6,197.8,110826,,*30
$GPGGA,080343.824,4831.3544,N,00744.2913,E,1,03,0.0,0.0,M,,,,0000*08
$GPRMC,080343.824,A,4831.3544,N,00744.2913,E,21.6,197.8,110826,,*39
$GPGGA,080343.837,4831.3543,N,00744.2912,E,1,03,0.0,0.0,M,,,,0000*0c
$GPRMC,080343.837,A,4831.3543,N,00744.2912,E,21.6,197.8,110826,,*3d
$GPGGA,080343.858,4831.3542,N,00744.2912,E,1,03,0.0,0.0,M,,,,0000*04
$GPRMC,080343.858,A,4831.3542,N,00744.2912,E,21.6,197.8,110826,,*35
$GPGGA,080343.873,4831.3541,N,00744.2911,E,1,03,0.0,0.0,M,,,,0000*0d
$GPRMC,080343.873,A,4831.3541,N,00744.2911,E,21.6,197.8,110826,,*3c
$GPGGA,080343.887,4831.3540,N,00744.2911,E,1,03,0.0,0.0,M,,,,0000*07
$GPRMC,080343.887,A,4831.3540,N,00744.2911,E,21.6,197.8,110826,,*36
$GPGGA,080343.907,4831.3539,N,00744.2910,E,1,03,0.0,0.0,M,,,,0000*01
$GPRMC,080343.907,A,4831.3539,N,00744.2910,E,21.6,197.8,110826,,*30
$GPGGA,080343.928,4831.3537,N,00744.2910,E,1,03,0.0,0.0,M,,,,0000*02
$GPRMC,080343.928,A,4831.3537,N,00744.2910,E,21.6,197.8,110826,,*33
$GPGGA,080343.944,4831.3536,N,00744.2909,E,1,03,0.0,0.0,M,,,,0000*01
$GPRMC,080343.944,A,4831.3536,N,00744.2909,E,21.6,197.8,110826,,*30
$GPGGA,080343.948,4831.3535,N,00744.2908,E,1,03,0.0,0.0,M,,,,0000*0f
$GPRMC,080343.948,A,4831.3535,N,00744.2908,E,21.6,197.8,110826,,*3e
$GPGGA,080343.974,4831.3534,N,00744.2908,E,1,03,0.0,0.0,M,,,,0000*01
$GPRMC,080343.974,A,4831.3534,N,00744.2908,E,21.6,197.8,110826,,*30
$GPGGA,080343.980,4831.3533,N,00744.2908,E,1,03,0.0,0.0,M,,,,0000*0d
$GPRMC,080343.980,A,4831.3533,N,00744.2908,E,21.6,197.8,110826,,*3c
$GPGGA,080344.004,4831.3532,N,00744.2907,E,1,03,0.0,0.0,M,,,,0000*01
$GPRMC,080344.004,A,4831.3532,N,00744.2907,E,21.6,197.8,110826,,*30
$GPGGA,080344.025,4831.3531,N,00744.2906,E,1,03,0.0,0.0,M,,,,0000*00
$GPRMC,080344.025,A,4831.3531,N,00744.2906,E,21.6,197.8,110826,,*31
$GPGGA,080344.042,4831.3530,N,00744.2906,E,1,03,0.0,0.0,M,,,,0000*00
$GPRMC,080344.042,A,4831.3530,N,00744.2906,E,21.6,197.9,110826,,*30
$GPGGA,080344.054,4831.3529,N,00744.2905,E,1,03,0.0,0.0,M,,,,0000*0c
$GPRMC,080344.054,A,4831.3529,N,00744.2905,E,21.6,197.9,110826,,*3c
$GPGGA,080344.073,4831.3528,N,00744.2905,E,1,03,0.0,0.0,M,,,,0000*08
$GPRMC,080344.073,A,4831.3528,N,00744.2905,E,21.6,197.9,110826,,*38
$GPGGA,080344.090,4831.3527,N,00744.2904,E,1,03,0.0,0.0,M,,,,0000*0b
$GPRMC,080344.090,A,4831.3527,N,00744.2904,E,21.6,197.9,110826,,*3b
$GPGGA,080344.102,4831.3525,N,00744.2904,E,1,03,0.0,0.0,M,,,,0000*03
$GPRMC,080344.102,A,4831.3525,N,00744.2904,E,21.6,197.9,110826,,*33
$GPGGA,080344.124,4831.3525,N,00744.2903,E,1,03,0.0,0.0,M,,,,0000*00
$GPRMC,080344.124,A,4831.3525,N,00744.2903,E,21.6,197.9,110826,,*30
$GPGGA,080344.140,4831.3524,N,00744.2903,E,1,03,0.0,0.0,M,,,,0000*03
$GPRMC,080344.140,A,4831.3524,N,00744.2903,E,21.6,197.9,110826,,*33
$GPGGA,080344.159,4831.3522,N,00744.2902,E,1,03,0.0,0.0,M,,,,0000*0c
$GPRMC,080344.159,A,4831.3522,N,00744.2902,E,21.6,197.9,110826,,*3c
$GPGGA,080344.175,4831.3521,N,00744.2902,E,1,03,0.0,0.0,M,,,,0000*01
$GPRMC,080344.175,A,4831.3521,N,00744.2902,E,21.6,197.9,110826,,*31
$GPGGA,080344.193,4831.3520,N,00744.2901,E,1,03,0.0,0.0,M,,,,0000*0b
$GPRMC,080344.193,A,4831.3520,N,00744.2901,E,21.6,197.9,110826,,*3b
$GPGGA,080344.207,4831.3519,N,00744.2901,E,1,03,0.0,0.0,M,,,,0000*0f
$GPRMC,080344.207,A,4831.3519,N,00744.2901,E,21.6,197.9,110826,,*3f
$GPGGA,080344.223,4831.3518,N,00744.2900,E,1,03,0.0,0.0,M,,,,0000*09
$GPRMC,080344.223,A,4831.3518,N,00744.2900,E,21.6,197.9,110826,,*39
$GPGGA,080344.241,4831.3517,N,00744.2899,E,1,03,0.0,0.0,M,,,,0000*03
$GPRMC,080344.241,A,4831.3517,N,00744.2899,E,21.6,197.9,110826,,*33
$GPGGA,080344.258,4831.3516,N,00744.2899,E,1,03,0.0,0.0,M,,,,0000*0a
$GPRMC,080344.258,A,4831.3516,N,00744.2899,E,21.6,197.9,110826,,*3a
$GPGGA,080344.273,4831.3515,N,00744.2899,E,1,03,0.0,0.0,M,,,,0000*00
$GPRMC,080344.273,A,4831.3515,N,00744.2899,E,21.6,198.0,110826,,*36
$GPGGA,080344.291,4831.3514,N,00744.2898,E,1,03,0.0,0.0,M,,,,0000*0c
$GPRMC,080344.291,A,4831.3514,N,00744.2898,E,21.6,198.0,110826,,*3a
$GPGGA,080344.304,4831.3513,N,00744.2897,E,1,03,0.0,0.0,M,,,,0000*09
$GPRMC,080344.304,A,4831.3513,N,00744.2897,E,21.6,198.0,110826,,*3f
$GPGGA,080344.324,4831.3511,N,00744.2897,E,1,03,0.0,0.0,M,,,,0000*09
$GPRMC,080344.324,A,4831.3511,N,00744.2897,E,21.6,198.0,110826,,*3f
$GPGGA,080344.344,4831.3510,N,00744.2896,E,1,03,0.0,0.0,M,,,,0000*0f
$GPRMC,080344.344,A,4831.3510,N,00744.2896,E,21.6,198.0,110826,,*39
$GPGGA,080344.361,4831.3509,N,00744.2895,E,1,03,0.0,0.0,M,,,,0000*03
$GPRMC,080344.361,A,4831.3509,N,00744.2895,E,21.6,198.0,110826,,*35
$GPGGA,080344.485,4831.3507,N,00744.2895,E,1,03,0.0,0.0,M,,,,0000*00
$GPRMC,080344.485,A,4831.3507,N,00744.2895,E,21.6,198.0,110826,,*36
$GPGGA,080344.502,4831.3499,N,00744.2891,E,1,03,0.0,0.0,M,,,,0000*0c
$GPRMC,080344.502,A,4831.3499,N,00744.2891,E,21.6,198.1,110826,,*3b
$GPGGA,080344.519,4831.3499,N,00744.2890,E,1,03,0.0,0.0,M,,,,0000*07
$GPRMC,080344.519,A,4831.3499,N,00744.2890,E,21.6,198.1,110826,,*30
$GPGGA,080344.529,4831.3498,N,00744.2890,E,1,03,0.0,0.0,M,,,,0000*05
$GPRMC,080344.529,A,4831.3498,N,00744.2890,E,21.6,198.2,110826,,*31
$GPGGA,080344.554,4831.3496,N,00744.2889,E,1,03,0.0,0.0,M,,,,0000*09
$GPRMC,080344.554,A,4831.3496,N,00744.2889,E,21.6,198.2,110826,,*3d
$GPGGA,080344.565,4831.3495,N,00744.2889,E,1,03,0.0,0.0,M,,,,0000*08
$GPRMC,080344.565,A,4831.3495,N,00744.2889,E,21.6,198.2,110826,,*3c
$GPGGA,080344.577,4831.3494,N,00744.2888,E,1,03,0.0,0.0,M,,,,0000*0b
$GPRMC,080344.577,A,4831.3494,N,00744.2888,E,21.6,198.2,110826,,*3f
$GPGGA,080344.602,4831.3494,N,00744.2888,E,1,03,0.0,0.0,M,,,,0000*0a
$GPRMC,080344.602,A,4831.3494,N,00744.2888,E,21.6,198.2,110826,,*3e
$GPGGA,080344.614,4831.3492,N,00744.2887,E,1,03,0.0,0.0,M,,,,0000*04
$GPRMC,080344.614,A,4831.3492,N,00744.2887,E,21.6,198.2,110826,,*30
$GPGGA,080344.647,4831.3491,N,00744.2887,E,1,03,0.0,0.0,M,,,,0000*01
$GPRMC,080344.647,A,4831.3491,N,00744.2887,E,21.6,198.2,110826,,*35
$GPGGA,080344.663,4831.3489,N,00744.2886,E,1,03,0.0,0.0,M,,,,0000*0f
$GPRMC,080344.663,A,4831.3489,N,00744.2886,E,21.6,198.3,110826,,*3a
$GPGGA,080344.683,4831.3488,N,00744.2885,E,1,03,0.0,0.0,M,,,,0000*03
$GPRMC,080344.683,A,4831.3488,N,00744.2885,E,21.6,198.3,110826,,*36
$GPGGA,080344.698,4831.3487,N,00744.2885,E,1,03,0.0,0.0,M,,,,0000*06
$GPRMC,080344.698,A,4831.3487,N,00744.2885,E,21.6,198.3,110826,,*33
$GPGGA,080344.730,4831.3486,N,00744.2884,E,1,03,0.0,0.0,M,,,,0000*05
$GPRMC,080344.730,A,4831.3486,N,00744.2884,E,21.6,198.3,110826,,*30
$GPGGA,080344.746,4831.3484,N,00744.2883,E,1,03,0.0,0.0,M,,,,0000*01
$GPRMC,080344.746,A,4831.3484,N,00744.2883,E,21.6,198.3,110826,,*34
$GPGGA,080344.762,4831.3483,N,00744.2883,E,1,03,0.0,0.0,M,,,,0000*00
$GPRMC,080344.762,A,4831.3483,N,00744.2883,E,21.6,198.4,110826,,*32
$GPGGA,080344.780,4831.3482,N,00744.2882,E,1,03,0.0,0.0,M,,,,0000*0c
$GPRMC,080344.780,A,4831.3482,N,00744.2882,E,21.6,198.4,110826,,*3e
$GPGGA,080344.801,4831.3480,N,00744.2881,E,1,03,0.0,0.0,M,,,,0000*0b
$GPRMC,080344.801,A,4831.3480,N,00744.2881,E,21.6,198.4,110826,,*39
$GPGGA,080344.816,4831.3479,N,00744.2881,E,1,03,0.0,0.0,M,,,,0000*0b
$GPRMC,080344.816,A,4831.3479,N,00744.2881,E,21.6,198.4,110826,,*39
$GPGGA,080344.832,4831.3478,N,00744.2880,E,1,03,0.0,0.0,M,,,,0000*0d
$GPRMC,080344.832,A,4831.3478,N,00744.2880,E,21.6,198.4,110826,,*3f
$GPGGA,080344.846,4831.3477,N,00744.2880,E,1,03,0.0,0.0,M,,,,0000*01
$GPRMC,080344.846,A,4831.3477,N,00744.2880,E,21.6,198.4,110826,,*33
$GPGGA,080344.880,4831.3476,N,00744.2879,E,1,03,0.0,0.0,M,,,,0000*0c
$GPRMC,080344.880,A,4831.3476,N,00744.2879,E,21.6,198.5,110826,,*3f
$GPGGA,080344.895,4831.3475,N,00744.2879,E,1,03,0.0,0.0,M,,,,0000*0b
$GPRMC,080344.895,A,4831.3475,N,00744.2879,E,21.6,198.5,110826,,*38
$GPGGA,080344.914,4831.3474,N,00744.2878,E,1,03,0.0,0.0,M,,,,0000*03
$GPRMC,080344.914,A,4831.3474,N,00744.2878,E,21.6,198.5,110826,,*30
$GPGGA,080344.948,4831.3472,N,00744.2877,E,1,03,0.0,0.0,M,,,,0000*03
$GPRMC,080344.948,A,4831.3472,N,00744.2877,E,21.6,198.6,110826,,*33
$GPGGA,080344.965,4831.3470,N,00744.2876,E,1,03,0.0,0.0,M,,,,0000*0f
$GPRMC,080344.965,A,4831.3470,N,00744.2876,E,21.6,198.6,110826,,*3f
$GPGGA,080345.013,4831.3469,N,00744.2875,E,1,03,0.0,0.0,M,,,,0000*0d
$GPRMC,080345.013,A,4831.3469,N,00744.2875,E,21.6,198.7,110826,,*3c
$GPGGA,080345.031,4831.3467,N,00744.2874,E,1,03,0.0,0.0,M,,,,0000*02
$GPRMC,080345.031,A,4831.3467,N,00744.2874,E,21.6,198.7,110826,,*33
$GPGGA,080345.063,4831.3464,N,00744.2873,E,1,03,0.0,0.0,M,,,,0000*01
$GPRMC,080345.063,A,4831.3464,N,00744.2873,E,21.6,198.8,110826,,*3f
$GPGGA,080345.079,4831.3462,N,00744.2872,E,1,03,0.0,0.0,M,,,,0000*0d
$GPRMC,080345.079,A,4831.3462,N,00744.2872,E,21.6,198.8,110826,,*33
$GPGGA,080345.114,4831.3461,N,00744.2872,E,1,03,0.0,0.0,M,,,,0000*04
$GPRMC,080345.114,A,4831.3461,N,00744.2872,E,21.6,198.9,110826,,*3b
$GPGGA,080345.132,4831.3459,N,00744.2871,E,1,03,0.0,0.0,M,,,,0000*08
$GPRMC,080345.132,A,4831.3459,N,00744.2871,E,21.6,198.9,110826,,*37
$GPGGA,080345.148,4831.3458,N,00744.2870,E,1,03,0.0,0.0,M,,,,0000*05
$GPRMC,080345.148,A,4831.3458,N,00744.2870,E,21.6,198.9,110826,,*3a
$GPGGA,080345.180,4831.3457,N,00744.2869,E,1,03,0.0,0.0,M,,,,0000*06
$GPRMC,080345.180,A,4831.3457,N,00744.2869,E,21.6,198.9,110826,,*39
$GPGGA,080345.180,4831.3456,N,00744.2869,E,1,03,0.0,0.0,M,,,,0000*07
$GPRMC,080345.180,A,4831.3456,N,00744.2869,E,21.6,198.9,110826,,*38
$GPGGA,080345.188,4831.3455,N,00744.2868,E,1,03,0.0,0.0,M,,,,0000*0d
$GPRMC,080345.188,A,4831.3455,N,00744.2868,E,21.6,198.9,110826,,*32
$GPGGA,080345.215,4831.3454,N,00744.2868,E,1,03,0.0,0.0,M,,,,0000*0b
$GPRMC,080345.215,A,4831.3454,N,00744.2868,E,21.6,198.9,110826,,*34
$GPGGA,080345.248,4831.3453,N,00744.2867,E,1,03,0.0,0.0,M,,,,0000*0b
$GPRMC,080345.248,A,4831.3453,N,00744.2867,E,21.6,198.9,110826,,*34
$GPGGA,080345.264,4831.3450,N,00744.2866,E,1,03,0.0,0.0,M,,,,0000*07
$GPRMC,080345.264,A,4831.3450,N,00744.2866,E,21.6,198.9,110826,,*38
$GPGGA,080345.296,4831.3449,N,00744.2865,E,1,03,0.0,0.0,M,,,,0000*01
$GPRMC,080345.296,A,4831.3449,N,00744.2865,E,21.6,198.9,110826,,*3e
$GPGGA,080345.331,4831.3447,N,00744.2864,E,1,03,0.0,0.0,M,,,,0000*02
$GPRMC,080345.331,A,4831.3447,N,00744.2864,E,21.6,198.9,110826,,*3d
$GPGGA,080345.348,4831.3445,N,00744.2863,E,1,03,0.0,0.0,M,,,,0000*09
$GPRMC,080345.348,A,4831.3445,N,00744.2863,E,21.6,198.9,110826,,*36
$GPGGA,080345.364,4831.3444,N,00744.2863,E,1,03,0.0,0.0,M,,,,0000*06
$GPRMC,080345.364,A,4831.3444,N,00744.2863,E,21.6,198.9,110826,,*39
$GPGGA,080345.465,4831.3443,N,00744.2862,E,1,03,0.0,0.0,M,,,,0000*06
$GPRMC,080345.465,A,4831.3443,N,00744.2862,E,21.6,198.9,110826,,*39
$GPGGA,080345.481,4831.3436,N,00744.2859,E,1,03,0.0,0.0,M,,,,0000*06
$GPRMC,080345.481,A,4831.3436,N,00744.2859,E,21.6,198.9,110826,,*39
$GPGGA,080345.497,4831.3435,N,00744.2858,E,1,03,0.0,0.0,M,,,,0000*03
$GPRMC,080345.497,A,4831.3435,N,00744.2858,E,21.6,198.9,110826,,*3c
$GPGGA,080345.531,4831.3434,N,00744.2858,E,1,03,0.0,0.0,M,,,,0000*0f
$GPRMC,080345.531,A,4831.3434,N,00744.2858,E,21.6,198.9,110826,,*30
$GPGGA,080345.556,4831.3432,N,00744.2857,E,1,03,0.0,0.0,M,,,,0000*07
$GPRMC,080345.556,A,4831.3432,N,00744.2857,E,21.6,198.9,110826,,*38
$GPGGA,080345.565,4831.3431,N,00744.2856,E,1,03,0.0,0.0,M,,,,0000*05
$GPRMC,080345.565,A,4831.3431,N,00744.2856,E,21.6,198.9,110826,,*3a
$GPGGA,080345.581,4831.3430,N,00744.2855,E,1,03,0.0,0.0,M,,,,0000*0d
$GPRMC,080345.581,A,4831.3430,N,00744.2855,E,21.6,198.9,110826,,*32
$GPGGA,080345.597,4831.3429,N,00744.2855,E,1,03,0.0,0.0,M,,,,0000*02
$GPRMC,080345.597,A,4831.3429,N,00744.2855,E,21.6,198.9,110826,,*3d
$GPGGA,080345.636,4831.3428,N,00744.2854,E,1,03,0.0,0.0,M,,,,0000*0a
$GPRMC,080345.636,A,4831.3428,N,00744.2854,E,21.6,198.9,110826,,*35
$GPGGA,080345.649,4831.3425,N,00744.2853,E,1,03,0.0,0.0,M,,,,0000*08
$GPRMC,080345.649,A,4831.3425,N,00744.2853,E,21.6,198.9,110826,,*37
$GPGGA,080345.681,4831.3424,N,00744.2853,E,1,03,0.0,0.0,M,,,,0000*0d
$GPRMC,080345.681,A,4831.3424,N,00744.2853,E,21.6,198.9,110826,,*32
$GPGGA,080345.697,4831.3423,N,00744.2852,E,1,03,0.0,0.0,M,,,,0000*0c
$GPRMC,080345.697,A,4831.3423,N,00744.2852,E,21.6,198.9,110826,,*33
$GPGGA,080345.713,4831.3421,N,00744.2851,E,1,03,0.0,0.0,M,,,,0000*00
$GPRMC,080345.713,A,4831.3421,N,00744.2851,E,21.6,198.9,110826,,*3f
$GPGGA,080345.747,4831.3420,N,00744.2851,E,1,03,0.0,0.0,M,,,,0000*00
$GPRMC,080345.747,A,4831.3420,N,00744.2851,E,21.6,198.9,110826,,*3f
$GPGGA,080345.765,4831.3419,N,00744.2850,E,1,03,0.0,0.0,M,,,,0000*0b
$GPRMC,080345.765,A,4831.3419,N,00744.2850,E,21.6,198.9,110826,,*34
$GPGGA,080345.781,4831.3418,N,00744.2849,E,1,03,0.0,0.0,M,,,,0000*08
$GPRMC,080345.781,A,4831.3418,N,00744.2849,E,21.6,198.9,110826,,*37
$GPGGA,080345.797,4831.3417,N,00744.2849,E,1,03,0.0,0.0,M,,,,0000*00
$GPRMC,080345.797,A,4831.3417,N,00744.2849,E,21.6,198.9,110826,,*3f
$GPGGA,080345.833,4831.3415,N,00744.2848,E,1,03,0.0,0.0,M,,,,0000*02
$GPRMC,080345.833,A,4831.3415,N,00744.2848,E,21.6,198.9,110826,,*3d
$GPGGA,080345.849,4831.3413,N,00744.2847,E,1,03,0.0,0.0,M,,,,0000*06
$GPRMC,080345.849,A,4831.3413,N,00744.2847,E,21.6,198.9,110826,,*39
$GPGGA,080345.887,4831.3412,N,00744.2846,E,1,03,0.0,0.0,M,,,,0000*04
$GPRMC,080345.887,A,4831.3412,N,00744.2846,E,21.6,198.9,110826,,*3b
$GPGGA,080345.906,4831.3410,N,00744.2845,E,1,03,0.0,0.0,M,,,,0000*0d
$GPRMC,080345.906,A,4831.3410,N,00744.2845,E,21.6,198.9,110826,,*32
$GPGGA,080345.917,4831.3409,N,00744.2844,E,1,03,0.0,0.0,M,,,,0000*04
$GPRMC,080345.917,A,4831.3409,N,00744.2844,E,21.6,198.9,110826,,*3b
$GPGGA,080345.929,4831.3408,N,00744.2844,E,1,03,0.0,0.0,M,,,,0000*08
$GPRMC,080345.929,A,4831.3408,N,00744.2844,E,21.6,198.9,110826,,*37
$GPGGA,080345.964,4831.3407,N,00744.2844,E,1,03,0.0,0.0,M,,,,0000*0e
$GPRMC,080345.964,A,4831.3407,N,00744.2844,E,21.6,198.9,110826,,*31
$GPGGA,080345.982,4831.3405,N,00744.2843,E,1,03,0.0,0.0,M,,,,0000*03
$GPRMC,080345.982,A,4831.3405,N,00744.2843,E,21.6,198.9,110826,,*3c
$GPGGA,080345.998,4831.3405,N,00744.2842,E,1,03,0.0,0.0,M,,,,0000*09
$GPRMC,080345.998,A,4831.3405,N,00744.2842,E,21.6,198.9,110826,,*36
$GPGGA,080346.014,4831.3403,N,00744.2842,E,1,03,0.0,0.0,M,,,,0000*01
$GPRMC,080346.014,A,4831.3403,N,00744.2842,E,21.6,198.9,110826,,*3e
$GPGGA,080346.029,4831.3401,N,00744.2841,E,1,03,0.0,0.0,M,,,,0000*0e
$GPRMC,080346.029,A,4831.3401,N,00744.2841,E,21.6,198.9,110826,,*31
$GPGGA,080346.058,4831.3400,N,00744.2840,E,1,03,0.0,0.0,M,,,,0000*08
$GPRMC,080346.058,A,4831.3400,N,00744.2840,E,21.6,198.9,110826,,*37
$GPGGA,080346.081,4831.3398,N,00744.2839,E,1,03,0.0,0.0,M,,,,0000*04
$GPRMC,080346.081,A,4831.3398,N,00744.2839,E,21.6,198.9,110826,,*3b
$GPGGA,080346.115,4831.3397,N,00744.2838,E,1,03,0.0,0.0,M,,,,0000*06
$GPRMC,080346.115,A,4831.3397,N,00744.2838,E,21.6,198.9,110826,,*39
$GPGGA,080346.131,4831.3395,N,00744.2837,E,1,03,0.0,0.0,M,,,,0000*0d
$GPRMC,080346.131,A,4831.3395,N,00744.2837,E,21.6,198.9,110826,,*32
$GPGGA,080346.164,4831.3394,N,00744.2837,E,1,03,0.0,0.0,M,,,,0000*0c
$GPRMC,080346.164,A,4831.3394,N,00744.2837,E,21.6,198.9,110826,,*33
$GPGGA,080346.199,4831.3391,N,00744.2836,E,1,03,0.0,0.0,M,,,,0000*0a
$GPRMC,080346.199,A,4831.3391,N,00744.2836,E,21.6,198.9,110826,,*35
$GPGGA,080346.215,4831.3390,N,00744.2835,E,1,03,0.0,0.0,M,,,,0000*0f
$GPRMC,080346.215,A,4831.3390,N,00744.2835,E,21.6,198.9,110826,,*30
$GPGGA,080346.230,4831.3389,N,00744.2834,E,1,03,0.0,0.0,M,,,,0000*01
$GPRMC,080346.230,A,4831.3389,N,00744.2834,E,21.6,198.9,110826,,*3e
$GPGGA,080346.246,4831.3387,N,00744.2833,E,1,03,0.0,0.0,M,,,,0000*09
$GPRMC,080346.246,A,4831.3387,N,00744.2833,E,21.6,198.9,110826,,*36
$GPGGA,080346.257,4831.3386,N,00744.2833,E,1,03,0.0,0.0,M,,,,0000*08
$GPRMC,080346.257,A,4831.3386,N,00744.2833,E,21.6,198.9,110826,,*37
$GPGGA,080346.298,4831.3385,N,00744.2832,E,1,03,0.0,0.0,M,,,,0000*09
$GPRMC,080346.298,A,4831.3385,N,00744.2832,E,21.6,198.9,110826,,*36
$GPGGA,080346.315,4831.3385,N,00744.2832,E,1,03,0.0,0.0,M,,,,0000*0d
$GPRMC,080346.315,A,4831.3385,N,00744.2832,E,21.6,198.9,110826,,*32
$GPGGA,080346.347,4831.3382,N,00744.2831,E,1,03,0.0,0.0,M,,,,0000*0e
$GPRMC,080346.347,A,4831.3382,N,00744.2831,E,21.6,198.9,110826,,*31
$GPGGA,080346.363,4831.3380,N,00744.2829,E,1,03,0.0,0.0,M,,,,0000*03
$GPRMC,080346.363,A,4831.3380,N,00744.2829,E,21.6,198.9,110826,,*3c
$GPGGA,080346.397,4831.3379,N,00744.2829,E,1,03,0.0,0.0,M,,,,0000*0e
$GPRMC,080346.397,A,4831.3379,N,00744.2829,E,21.6,198.9,110826,,*31
$GPGGA,080346.415,4831.3378,N,00744.2828,E,1,03,0.0,0.0,M,,,,0000*03
$GPRMC,080346.415,A,4831.3378,N,00744.2828,E,21.6,198.9,110826,,*3c
$GPGGA,080346.447,4831.3375,N,00744.2827,E,1,03,0.0,0.0,M,,,,0000*06
$GPRMC,080346.447,A,4831.3375,N,00744.2827,E,21.6,198.9,110826,,*39
$GPGGA,080346.462,4831.3373,N,00744.2826,E,1,03,0.0,0.0,M,,,,0000*06
$GPRMC,080346.462,A,4831.3373,N,00744.2826,E,21.6,198.9,110826,,*39
$GPGGA,080346.478,4831.3372,N,00744.2826,E,1,03,0.0,0.0,M,,,,0000*0c
$GPRMC,080346.478,A,4831.3372,N,00744.2826,E,21.6,198.9,110826,,*33
$GPGGA,080346.514,4831.3371,N,00744.2825,E,1,03,0.0,0.0,M,,,,0000*07
$GPRMC,080346.514,A,4831.3371,N,00744.2825,E,21.6,198.9,110826,,*38
$GPGGA,080346.531,4831.3370,N,00744.2824,E,1,03,0.0,0.0,M,,,,0000*00
$GPRMC,080346.531,A,4831.3370,N,00744.2824,E,21.6,198.9,110826,,*3f
$GPGGA,080346.556,4831.3368,N,00744.2824,E,1,03,0.0,0.0,M,,,,0000*08
$GPRMC,080346.556,A,4831.3368,N,00744.2824,E,21.6,198.9,110826,,*37
$GPGGA,080346.564,4831.3367,N,00744.2823,E,1,03,0.0,0.0,M,,,,0000*01
$GPRMC,080346.564,A,4831.3367,N,00744.2823,E,21.6,198.9,110826,,*3e
$GPGGA,080346.580,4831.3366,N,00744.2822,E,1,03,0.0,0.0,M,,,,0000*0b
$GPRMC,080346.580,A,4831.3366,N,00744.2822,E,21.6,198.9,110826,,*34
$GPGGA,080346.614,4831.3365,N,00744.2822,E,1,03,0.0,0.0,M,,,,0000*06
$GPRMC,080346.614,A,4831.3365,N,00744.2822,E,21.6,198.9,110826,,*39
$GPGGA,080346.632,4831.3364,N,00744.2821,E,1,03,0.0,0.0,M,,,,0000*00
$GPRMC,080346.632,A,4831.3364,N,00744.2821,E,21.6,198.9,110826,,*3f
$GPGGA,080346.663,4831.3361,N,00744.2820,E,1,03,0.0,0.0,M,,,,0000*00
$GPRMC,080346.663,A,4831.3361,N,00744.2820,E,21.6,198.9,110826,,*3f
$GPGGA,080346.679,4831.3361,N,00744.2820,E,1,03,0.0,0.0,M,,,,0000*0b
$GPRMC,080346.679,A,4831.3361,N,00744.2820,E,21.6,198.9,110826,,*34
$GPGGA,080346.696,4831.3359,N,00744.2819,E,1,03,0.0,0.0,M,,,,0000*0b
$GPRMC,080346.696,A,4831.3359,N,00744.2819,E,21.6,198.9,110826,,*34
$GPGGA,080346.716,4831.3357,N,00744.2818,E,1,03,0.0,0.0,M,,,,0000*0d
$GPRMC,080346.716,A,4831.3357,N,00744.2818,E,21.6,198.9,110826,,*32
$GPGGA,080346.748,4831.3356,N,00744.2817,E,1,03,0.0,0.0,M,,,,0000*08
$GPRMC,080346.748,A,4831.3356,N,00744.2817,E,21.6,198.9,110826,,*37
$GPGGA,080346.766,4831.3354,N,00744.2816,E,1,03,0.0,0.0,M,,,,0000*07
$GPRMC,080346.766,A,4831.3354,N,00744.2816,E,21.6,198.9,110826,,*38
$GPGGA,080346.782,4831.3353,N,00744.2816,E,1,03,0.0,0.0,M,,,,0000*0a
$GPRMC,080346.782,A,4831.3353,N,00744.2816,E,21.6,198.9,110826,,*35
$GPGGA,080346.799,4831.3352,N,00744.2815,E,1,03,0.0,0.0,M,,,,0000*02
$GPRMC,080346.799,A,4831.3352,N,00744.2815,E,21.6,198.9,110826,,*3d
$GPGGA,080346.831,4831.3351,N,00744.2815,E,1,03,0.0,0.0,M,,,,0000*0c
$GPRMC,080346.831,A,4831.3351,N,00744.2815,E,21.6,198.9,110826,,*33
$GPGGA,080346.849,4831.3350,N,00744.2814,E,1,03,0.0,0.0,M,,,,0000*03
$GPRMC,080346.849,A,4831.3350,N,00744.2814,E,21.6,198.9,110826,,*3c
$GPGGA,080346.866,4831.3349,N,00744.2813,E,1,03,0.0,0.0,M,,,,0000*01
$GPRMC,080346.866,A,4831.3349,N,00744.2813,E,21.6,198.9,110826,,*3e
$GPGGA,080346.880,4831.3346,N,00744.2812,E,1,03,0.0,0.0,M,,,,0000*07
$GPRMC,080346.880,A,4831.3346,N,00744.2812,E,21.6,198.9,110826,,*38
$GPGGA,080346.899,4831.3346,N,00744.2812,E,1,03,0.0,0.0,M,,,,0000*0f
$GPRMC,080346.899,A,4831.3346,N,00744.2812,E,21.6,198.9,110826,,*30
$GPGGA,080346.933,4831.3345,N,00744.2811,E,1,03,0.0,0.0,M,,,,0000*0e
$GPRMC,080346.933,A,4831.3345,N,00744.2811,E,21.6,198.9,110826,,*31
$GPGGA,080346.963,4831.3342,N,00744.2810,E,1,03,0.0,0.0,M,,,,0000*0d
$GPRMC,080346.963,A,4831.3342,N,00744.2810,E,21.6,198.9,110826,,*32
$GPGGA,080346.981,4831.3341,N,00744.2809,E,1,03,0.0,0.0,M,,,,0000*0a
$GPRMC,080346.981,A,4831.3341,N,00744.2809,E,21.6,198.9,110826,,*35
$GPGGA,080347.012,4831.3339,N,00744.2809,E,1,03,0.0,0.0,M,,,,0000*07
$GPRMC,080347.012,A,4831.3339,N,00744.2809,E,21.6,198.9,110826,,*38
$GPGGA,080347.028,4831.3337,N,00744.2807,E,1,03,0.0,0.0,M,,,,0000*0e
$GPRMC,080347.028,A,4831.3337,N,00744.2807,E,21.6,198.9,110826,,*31
$GPGGA,080347.060,4831.3336,N,00744.2807,E,1,03,0.0,0.0,M,,,,0000*03
$GPRMC,080347.060,A,4831.3336,N,00744.2807,E,21.6,198.9,110826,,*3c
$GPGGA,080347.074,4831.3335,N,00744.2806,E,1,03,0.0,0.0,M,,,,0000*04
$GPRMC,080347.074,A,4831.3335,N,00744.2806,E,21.6,198.9,110826,,*3b
$GPGGA,080347.083,4831.3334,N,00744.2806,E,1,03,0.0,0.0,M,,,,0000*0d
$GPRMC,080347.083,A,4831.3334,N,00744.2806,E,21.6,198.9,110826,,*32
$GPGGA,080347.100,4831.3332,N,00744.2805,E,1,03,0.0,0.0,M,,,,0000*02
$GPRMC,080347.100,A,4831.3332,N,00744.2805,E,21.6,198.9,110826,,*3d
$GPGGA,080347.116,4831.3331,N,00744.2805,E,1,03,0.0,0.0,M,,,,0000*06
$GPRMC,080347.116,A,4831.3331,N,00744.2805,E,21.6,198.9,110826,,*39
$GPGGA,080347.149,4831.3331,N,00744.2804,E,1,03,0.0,0.0,M,,,,0000*0d
$GPRMC,080347.149,A,4831.3331,N,00744.2804,E,21.6,198.9,110826,,*32
$GPGGA,080347.181,4831.3328,N,00744.2803,E,1,03,0.0,0.0,M,,,,0000*06
$GPRMC,080347.181,A,4831.3328,N,00744.2803,E,21.6,198.9,110826,,*39
$GPGGA,080347.198,4831.3327,N,00744.2802,E,1,03,0.0,0.0,M,,,,0000*00
$GPRMC,080347.198,A,4831.3327,N,00744.2802,E,21.6,198.9,110826,,*3f
$GPGGA,080347.216,4831.3326,N,00744.2802,E,1,03,0.0,0.0,M,,,,0000*04
$GPRMC,080347.216,A,4831.3326,N,00744.2802,E,21.6,198.9,110826,,*3b
$GPGGA,080347.232,4831.3324,N,00744.2801,E,1,03,0.0,0.0,M,,,,0000*03
$GPRMC,080347.232,A,4831.3324,N,00744.2801,E,21.6,198.9,110826,,*3c
$GPGGA,080347.264,4831.3323,N,00744.2800,E,1,03,0.0,0.0,M,,,,0000*06
$GPRMC,080347.264,A,4831.3323,N,00744.2800,E,21.6,198.9,110826,,*39
$GPGGA,080347.280,4831.3322,N,00744.2800,E,1,03,0.0,0.0,M,,,,0000*0d
$GPRMC,080347.280,A,4831.3322,N,00744.2800,E,21.6,198.9,110826,,*32
$GPGGA,080347.296,4831.3320,N,00744.2798,E,1,03,0.0,0.0,M,,,,0000*06
$GPRMC,080347.296,A,4831.3320,N,00744.2798,E,21.6,198.9,110826,,*39
$GPGGA,080347.312,4831.3319,N,00744.2798,E,1,03,0.0,0.0,M,,,,0000*01
$GPRMC,080347.312,A,4831.3319,N,00744.2798,E,21.6,198.9,110826,,*3e
$GPGGA,080347.347,4831.3318,N,00744.2797,E,1,03,0.0,0.0,M,,,,0000*0f
$GPRMC,080347.347,A,4831.3318,N,00744.2797,E,21.6,198.9,110826,,*30
$GPGGA,080347.364,4831.3316,N,00744.2796,E,1,03,0.0,0.0,M,,,,0000*01
$GPRMC,080347.364,A,4831.3316,N,00744.2796,E,21.6,199.0,110826,,*36
$GPGGA,080347.382,4831.3315,N,00744.2796,E,1,03,0.0,0.0,M,,,,0000*0a
$GPRMC,080347.382,A,4831.3315,N,00744.2796,E,21.6,199.0,110826,,*3d
$GPGGA,080347.519,4831.3313,N,00744.2795,E,1,03,0.0,0.0,M,,,,0000*0b
$GPRMC,080347.519,A,4831.3313,N,00744.2795,E,21.6,199.0,110826,,*3c
$GPGGA,080347.527,4831.3305,N,00744.2791,E,1,03,0.0,0.0,M,,,,0000*05
$GPRMC,080347.527,A,4831.3305,N,00744.2791,E,21.6,199.0,110826,,*32
$GPGGA,080347.546,4831.3304,N,00744.2790,E,1,03,0.0,0.0,M,,,,0000*02
$GPRMC,080347.546,A,4831.3304,N,00744.2790,E,21.6,199.0,110826,,*35
$GPGGA,080347.572,4831.3303,N,00744.2790,E,1,03,0.0,0.0,M,,,,0000*02
$GPRMC,080347.572,A,4831.3303,N,00744.2790,E,21.6,199.0,110826,,*35
$GPGGA,080347.593,4831.3302,N,00744.2789,E,1,03,0.0,0.0,M,,,,0000*04
$GPRMC,080347.593,A,4831.3302,N,00744.2789,E,21.6,199.0,110826,,*33
$GPGGA,080347.607,4831.3301,N,00744.2788,E,1,03,0.0,0.0,M,,,,0000*08
$GPRMC,080347.607,A,4831.3301,N,00744.2788,E,21.6,199.0,110826,,*3f
$GPGGA,080347.619,4831.3300,N,00744.2788,E,1,03,0.0,0.0,M,,,,0000*06
$GPRMC,080347.619,A,4831.3300,N,00744.2788,E,21.6,199.0,110826,,*31
$GPGGA,080347.631,4831.3298,N,00744.2787,E,1,03,0.0,0.0,M,,,,0000*03
$GPRMC,080347.631,A,4831.3298,N,00744.2787,E,21.6,199.0,110826,,*34
$GPGGA,080347.647,4831.3297,N,00744.2787,E,1,03,0.0,0.0,M,,,,0000*0d
$GPRMC,080347.647,A,4831.3297,N,00744.2787,E,21.6,199.0,110826,,*3a
$GPGGA,080347.663,4831.3297,N,00744.2786,E,1,03,0.0,0.0,M,,,,0000*0a
$GPRMC,080347.663,A,4831.3297,N,00744.2786,E,21.6,199.0,110826,,*3d
$GPGGA,080347.679,4831.3295,N,00744.2786,E,1,03,0.0,0.0,M,,,,0000*03
$GPRMC,080347.679,A,4831.3295,N,00744.2786,E,21.6,199.0,110826,,*34
$GPGGA,080347.716,4831.3294,N,00744.2785,E,1,03,0.0,0.0,M,,,,0000*09
$GPRMC,080347.716,A,4831.3294,N,00744.2785,E,21.6,199.0,110826,,*3e
$GPGGA,080347.748,4831.3292,N,00744.2784,E,1,03,0.0,0.0,M,,,,0000*05
$GPRMC,080347.748,A,4831.3292,N,00744.2784,E,21.6,199.0,110826,,*32
$GPGGA,080347.785,4831.3290,N,00744.2783,E,1,03,0.0,0.0,M,,,,0000*01
$GPRMC,080347.785,A,4831.3290,N,00744.2783,E,21.6,199.1,110826,,*37
$GPGGA,080347.798,4831.3287,N,00744.2782,E,1,03,0.0,0.0,M,,,,0000*0a
$GPRMC,080347.798,A,4831.3287,N,00744.2782,E,21.6,199.1,110826,,*3c
$GPGGA,080347.833,4831.3287,N,00744.2781,E,1,03,0.0,0.0,M,,,,0000*07
$GPRMC,080347.833,A,4831.3287,N,00744.2781,E,21.6,199.1,110826,,*31
$GPGGA,080347.849,4831.3286,N,00744.2781,E,1,03,0.0,0.0,M,,,,0000*0b
$GPRMC,080347.849,A,4831.3286,N,00744.2781,E,21.6,199.1,110826,,*3d
$GPGGA,080347.880,4831.3283,N,00744.2779,E,1,03,0.0,0.0,M,,,,0000*0c
$GPRMC,080347.880,A,4831.3283,N,00744.2779,E,21.6,199.1,110826,,*3a
$GPGGA,080347.898,4831.3283,N,00744.2779,E,1,03,0.0,0.0,M,,,,0000*05
$GPRMC,080347.898,A,4831.3283,N,00744.2779,E,21.6,199.1,110826,,*33
$GPGGA,080347.912,4831.3281,N,00744.2778,E,1,03,0.0,0.0,M,,,,0000*05
$GPRMC,080347.912,A,4831.3281,N,00744.2778,E,21.6,199.1,110826,,*33
$GPGGA,080347.926,4831.3279,N,00744.2777,E,1,03,0.0,0.0,M,,,,0000*0a
$GPRMC,080347.926,A,4831.3279,N,00744.2777,E,21.6,199.1,110826,,*3c
$GPGGA,080347.964,4831.3278,N,00744.2777,E,1,03,0.0,0.0,M,,,,0000*0d
$GPRMC,080347.964,A,4831.3278,N,00744.2777,E,21.6,199.2,110826,,*38
$GPGGA,080347.983,4831.3277,N,00744.2776,E,1,03,0.0,0.0,M,,,,0000*0a
$GPRMC,080347.983,A,4831.3277,N,00744.2776,E,21.6,199.2,110826,,*3f
$GPGGA,080347.983,4831.3276,N,00744.2776,E,1,03,0.0,0.0,M,,,,0000*0b
$GPRMC,080347.983,A,4831.3276,N,00744.2776,E,21.6,199.2,110826,,*3e
$GPGGA,080347.999,4831.3276,N,00744.2775,E,1,03,0.0,0.0,M,,,,0000*03
$GPRMC,080347.999,A,4831.3276,N,00744.2775,E,21.6,199.2,110826,,*36
$GPGGA,080348.017,4831.3275,N,00744.2775,E,1,03,0.0,0.0,M,,,,0000*00
$GPRMC,080348.017,A,4831.3275,N,00744.2775,E,21.6,199.2,110826,,*35
$GPGGA,080348.032,4831.3273,N,00744.2774,E,1,03,0.0,0.0,M,,,,0000*00
$GPRMC,080348.032,A,4831.3273,N,00744.2774,E,21.6,199.8,110826,,*3f
$GPGGA,080348.048,4831.3272,N,00744.2773,E,1,03,0.0,0.0,M,,,,0000*0b
$GPRMC,080348.048,A,4831.3272,N,00744.2773,E,21.6,200.2,110826,,*3d
$GPGGA,080348.064,4831.3272,N,00744.2772,E,1,03,0.0,0.0,M,,,,0000*04
$GPRMC,080348.064,A,4831.3272,N,00744.2772,E,21.6,200.6,110826,,*36
$GPGGA,080348.097,4831.3271,N,00744.2771,E,1,03,0.0,0.0,M,,,,0000*08
$GPRMC,080348.097,A,4831.3271,N,00744.2771,E,21.6,200.9,110826,,*35
$GPGGA,080348.114,4831.3269,N,00744.2770,E,1,03,0.0,0.0,M,,,,0000*0a
$GPRMC,080348.114,A,4831.3269,N,00744.2770,E,21.6,201.7,110826,,*38
$GPGGA,080348.149,4831.3269,N,00744.2769,E,1,03,0.0,0.0,M,,,,0000*0a
$GPRMC,080348.149,A,4831.3269,N,00744.2769,E,21.6,202.0,110826,,*3c
$GPGGA,080348.165,4831.3268,N,00744.2768,E,1,03,0.0,0.0,M,,,,0000*04
$GPRMC,080348.165,A,4831.3268,N,00744.2768,E,21.6,202.5,110826,,*37
$GPGGA,080348.180,4831.3267,N,00744.2767,E,1,03,0.0,0.0,M,,,,0000*0f
$GPRMC,080348.180,A,4831.3267,N,00744.2767,E,21.6,202.9,110826,,*30
$GPGGA,080348.196,4831.3266,N,00744.2766,E,1,03,0.0,0.0,M,,,,0000*08
$GPRMC,080348.196,A,4831.3266,N,00744.2766,E,21.6,203.4,110826,,*3b
$GPGGA,080348.211,4831.3265,N,00744.2765,E,1,03,0.0,0.0,M,,,,0000*04
$GPRMC,080348.211,A,4831.3265,N,00744.2765,E,21.6,204.1,110826,,*35
$GPGGA,080348.232,4831.3264,N,00744.2764,E,1,03,0.0,0.0,M,,,,0000*05
$GPRMC,080348.232,A,4831.3264,N,00744.2764,E,21.6,204.5,110826,,*30
$GPGGA,080348.266,4831.3263,N,00744.2763,E,1,03,0.0,0.0,M,,,,0000*04
$GPRMC,080348.266,A,4831.3263,N,00744.2763,E,21.6,205.0,110826,,*35
$GPGGA,080348.298,4831.3261,N,00744.2762,E,1,03,0.0,0.0,M,,,,0000*06
$GPRMC,080348.298,A,4831.3261,N,00744.2762,E,21.6,205.9,110826,,*3e
$GPGGA,080348.313,4831.3261,N,00744.2761,E,1,03,0.0,0.0,M,,,,0000*07
$GPRMC,080348.313,A,4831.3261,N,00744.2761,E,21.6,206.3,110826,,*36
$GPGGA,080348.331,4831.3260,N,00744.2760,E,1,03,0.0,0.0,M,,,,0000*07
$GPRMC,080348.331,A,4831.3260,N,00744.2760,E,21.6,206.7,110826,,*32
$GPGGA,080348.366,4831.3258,N,00744.2759,E,1,03,0.0,0.0,M,,,,0000*04
$GPRMC,080348.366,A,4831.3258,N,00744.2759,E,21.6,207.7,110826,,*30
$GPGGA,080348.382,4831.3258,N,00744.2758,E,1,03,0.0,0.0,M,,,,0000*0f
$GPRMC,080348.382,A,4831.3258,N,00744.2758,E,21.6,208.1,110826,,*32
$GPGGA,080348.516,4831.3256,N,00744.2756,E,1,03,0.0,0.0,M,,,,0000*04
$GPRMC,080348.516,A,4831.3256,N,00744.2756,E,21.6,209.1,110826,,*38
$GPGGA,080348.616,4831.3250,N,00744.2750,E,1,03,0.0,0.0,M,,,,0000*07
$GPRMC,080348.616,A,4831.3250,N,00744.2750,E,21.6,213.5,110826,,*34
$GPGGA,080348.641,4831.3246,N,00744.2744,E,1,03,0.0,0.0,M,,,,0000*07
$GPRMC,080348.641,A,4831.3246,N,00744.2744,E,21.6,219.7,110826,,*3c
$GPGGA,080348.654,4831.3246,N,00744.2743,E,1,03,0.0,0.0,M,,,,0000*04
$GPRMC,080348.654,A,4831.3246,N,00744.2743,E,21.6,221.1,110826,,*32
$GPGGA,080348.665,4831.3245,N,00744.2742,E,1,03,0.0,0.0,M,,,,0000*04
$GPRMC,080348.665,A,4831.3245,N,00744.2742,E,21.6,222.1,110826,,*31
$GPGGA,080348.683,4831.3245,N,00744.2741,E,1,03,0.0,0.0,M,,,,0000*0f
$GPRMC,080348.683,A,4831.3245,N,00744.2741,E,21.6,223.0,110826,,*3a
$GPGGA,080348.698,4831.3244,N,00744.2740,E,1,03,0.0,0.0,M,,,,0000*05
$GPRMC,080348.698,A,4831.3244,N,00744.2740,E,21.6,224.5,110826,,*32
$GPGGA,080348.714,4831.3244,N,00744.2739,E,1,03,0.0,0.0,M,,,,0000*0e
$GPRMC,080348.714,A,4831.3244,N,00744.2739,E,21.6,225.5,110826,,*38
$GPGGA,080348.730,4831.3243,N,00744.2738,E,1,03,0.0,0.0,M,,,,0000*0e
$GPRMC,080348.730,A,4831.3243,N,00744.2738,E,21.6,226.5,110826,,*3b
$GPGGA,080348.753,4831.3242,N,00744.2737,E,1,03,0.0,0.0,M,,,,0000*05
$GPRMC,080348.753,A,4831.3242,N,00744.2737,E,21.6,228.0,110826,,*3b
$GPGGA,080348.767,4831.3242,N,00744.2736,E,1,03,0.0,0.0,M,,,,0000*03
$GPRMC,080348.767,A,4831.3242,N,00744.2736,E,21.6,229.0,110826,,*3c
$GPGGA,080348.783,4831.3241,N,00744.2735,E,1,03,0.0,0.0,M,,,,0000*09
$GPRMC,080348.783,A,4831.3241,N,00744.2735,E,21.6,230.0,110826,,*3e
$GPGGA,080348.798,4831.3241,N,00744.2734,E,1,03,0.0,0.0,M,,,,0000*02
$GPRMC,080348.798,A,4831.3241,N,00744.2734,E,21.6,231.6,110826,,*32
$GPGGA,080348.821,4831.3240,N,00744.2733,E,1,03,0.0,0.0,M,,,,0000*09
$GPRMC,080348.821,A,4831.3240,N,00744.2733,E,21.6,232.6,110826,,*3a
$GPGGA,080348.841,4831.3240,N,00744.2732,E,1,03,0.0,0.0,M,,,,0000*0e
$GPRMC,080348.841,A,4831.3240,N,00744.2732,E,21.6,233.6,110826,,*3c
$GPGGA,080348.865,4831.3239,N,00744.2731,E,1,03,0.0,0.0,M,,,,0000*05
$GPRMC,080348.865,A,4831.3239,N,00744.2731,E,21.6,235.2,110826,,*35
$GPGGA,080348.890,4831.3238,N,00744.2728,E,1,03,0.0,0.0,M,,,,0000*06
$GPRMC,080348.890,A,4831.3238,N,00744.2728,E,21.6,237.8,110826,,*3e
$GPGGA,080348.909,4831.3237,N,00744.2728,E,1,03,0.0,0.0,M,,,,0000*08
$GPRMC,080348.909,A,4831.3237,N,00744.2728,E,21.6,238.9,110826,,*3e
$GPGGA,080348.926,4831.3237,N,00744.2727,E,1,03,0.0,0.0,M,,,,0000*0a
$GPRMC,080348.926,A,4831.3237,N,00744.2727,E,21.6,240.0,110826,,*3a
$GPGGA,080348.943,4831.3236,N,00744.2725,E,1,03,0.0,0.0,M,,,,0000*0a
$GPRMC,080348.943,A,4831.3236,N,00744.2725,E,21.6,241.6,110826,,*3d
$GPGGA,080348.965,4831.3236,N,00744.2725,E,1,03,0.0,0.0,M,,,,0000*0e
$GPRMC,080348.965,A,4831.3236,N,00744.2725,E,21.6,242.6,110826,,*3a
$GPGGA,080348.984,4831.3235,N,00744.2723,E,1,03,0.0,0.0,M,,,,0000*04
$GPRMC,080348.984,A,4831.3235,N,00744.2723,E,21.6,244.7,110826,,*37
$GPGGA,080349.010,4831.3234,N,00744.2722,E,1,03,0.0,0.0,M,,,,0000*01
$GPRMC,080349.010,A,4831.3234,N,00744.2722,E,21.6,246.3,110826,,*34
$GPGGA,080349.030,4831.3234,N,00744.2720,E,1,03,0.0,0.0,M,,,,0000*01
$GPRMC,080349.030,A,4831.3234,N,00744.2720,E,21.6,248.7,110826,,*3e
$GPGGA,080349.094,4831.3233,N,00744.2718,E,1,03,0.0,0.0,M,,,,0000*03
$GPRMC,080349.094,A,4831.3233,N,00744.2718,E,21.6,251.8,110826,,*3b
$GPGGA,080349.094,4831.3233,N,00744.2714,E,1,03,0.0,0.0,M,,,,0000*0f
$GPRMC,080349.094,A,4831.3233,N,00744.2714,E,21.6,257.8,110826,,*31
$GPGGA,080349.178,4831.3233,N,00744.2713,E,1,03,0.0,0.0,M,,,,0000*0b
$GPRMC,080349.178,A,4831.3233,N,00744.2713,E,21.6,259.7,110826,,*34
$GPGGA,080349.252,4831.3233,N,00744.2707,E,1,03,0.0,0.0,M,,,,0000*05
$GPRMC,080349.252,A,4831.3233,N,00744.2707,E,21.6,268.5,110826,,*3a
$GPGGA,080349.292,4831.3232,N,00744.2699,E,1,03,0.0,0.0,M,,,,0000*0e
$GPRMC,080349.292,A,4831.3232,N,00744.2699,E,21.6,277.4,110826,,*3e
$GPGGA,080349.372,4831.3232,N,00744.2696,E,1,03,0.0,0.0,M,,,,0000*0e
$GPRMC,080349.372,A,4831.3232,N,00744.2696,E,21.6,280.6,110826,,*34
$GPGGA,080349.390,4831.3233,N,00744.2689,E,1,03,0.0,0.0,M,,,,0000*0d
$GPRMC,080349.390,A,4831.3233,N,00744.2689,E,21.6,281.4,110826,,*34
$GPGGA,080349.508,4831.3233,N,00744.2686,E,1,03,0.0,0.0,M,,,,0000*05
$GPRMC,080349.508,A,4831.3233,N,00744.2686,E,21.6,281.2,110826,,*3a
$GPGGA,080349.534,4831.3235,N,00744.2675,E,1,03,0.0,0.0,M,,,,0000*00
$GPRMC,080349.534,A,4831.3235,N,00744.2675,E,21.6,280.6,110826,,*3a
$GPGGA,080349.550,4831.3235,N,00744.2672,E,1,03,0.0,0.0,M,,,,0000*05
$GPRMC,080349.550,A,4831.3235,N,00744.2672,E,21.6,280.4,110826,,*3d
$GPGGA,080349.571,4831.3235,N,00744.2669,E,1,03,0.0,0.0,M,,,,0000*0c
$GPRMC,080349.571,A,4831.3235,N,00744.2669,E,21.6,280.2,110826,,*32
$GPGGA,080349.587,4831.3236,N,00744.2668,E,1,03,0.0,0.0,M,,,,0000*07
$GPRMC,080349.587,A,4831.3236,N,00744.2668,E,21.6,280.1,110826,,*3a
$GPGGA,080349.601,4831.3236,N,00744.2667,E,1,03,0.0,0.0,M,,,,0000*05
$GPRMC,080349.601,A,4831.3236,N,00744.2667,E,21.6,280.0,110826,,*39
$GPGGA,080349.633,4831.3236,N,00744.2664,E,1,03,0.0,0.0,M,,,,0000*07
$GPRMC,080349.633,A,4831.3236,N,00744.2664,E,21.6,279.8,110826,,*35
$GPGGA,080349.649,4831.3236,N,00744.2663,E,1,03,0.0,0.0,M,,,,0000*0d
$GPRMC,080349.649,A,4831.3236,N,00744.2663,E,21.6,279.6,110826,,*31
$GPGGA,080349.668,4831.3236,N,00744.2661,E,1,03,0.0,0.0,M,,,,0000*0c
$GPRMC,080349.668,A,4831.3236,N,00744.2661,E,21.6,279.4,110826,,*32
$GPGGA,080349.700,4831.3237,N,00744.2658,E,1,03,0.0,0.0,M,,,,0000*08
$GPRMC,080349.700,A,4831.3237,N,00744.2658,E,21.6,279.1,110826,,*33
$GPGGA,080349.733,4831.3237,N,00744.2654,E,1,03,0.0,0.0,M,,,,0000*04
$GPRMC,080349.733,A,4831.3237,N,00744.2654,E,21.6,278.7,110826,,*38
$GPGGA,080349.749,4831.3237,N,00744.2653,E,1,03,0.0,0.0,M,,,,0000*0e
$GPRMC,080349.749,A,4831.3237,N,00744.2653,E,21.6,278.5,110826,,*30
$GPGGA,080349.765,4831.3237,N,00744.2651,E,1,03,0.0,0.0,M,,,,0000*02
$GPRMC,080349.765,A,4831.3237,N,00744.2651,E,21.6,278.3,110826,,*3a
$GPGGA,080349.781,4831.3237,N,00744.2649,E,1,03,0.0,0.0,M,,,,0000*01
$GPRMC,080349.781,A,4831.3237,N,00744.2649,E,21.6,278.1,110826,,*3b
$GPGGA,080349.802,4831.3238,N,00744.2647,E,1,03,0.0,0.0,M,,,,0000*04
$GPRMC,080349.802,A,4831.3238,N,00744.2647,E,21.6,277.7,110826,,*37
$GPGGA,080349.831,4831.3238,N,00744.2644,E,1,03,0.0,0.0,M,,,,0000*07
$GPRMC,080349.831,A,4831.3238,N,00744.2644,E,21.6,277.5,110826,,*36
$GPGGA,080349.850,4831.3238,N,00744.2641,E,1,03,0.0,0.0,M,,,,0000*05
$GPRMC,080349.850,A,4831.3238,N,00744.2641,E,21.6,277.0,110826,,*31
$GPGGA,080349.882,4831.3238,N,00744.2639,E,1,03,0.0,0.0,M,,,,0000*05
$GPRMC,080349.882,A,4831.3238,N,00744.2639,E,21.6,276.9,110826,,*39
$GPGGA,080349.916,4831.3239,N,00744.2636,E,1,03,0.0,0.0,M,,,,0000*07
$GPRMC,080349.916,A,4831.3239,N,00744.2636,E,21.6,276.8,110826,,*3a
$GPGGA,080349.932,4831.3239,N,00744.2634,E,1,03,0.0,0.0,M,,,,0000*03
$GPRMC,080349.932,A,4831.3239,N,00744.2634,E,21.6,276.7,110826,,*31
$GPGGA,080349.950,4831.3239,N,00744.2631,E,1,03,0.0,0.0,M,,,,0000*02
$GPRMC,080349.950,A,4831.3239,N,00744.2631,E,21.6,276.7,110826,,*30
$GPGGA,080349.982,4831.3239,N,00744.2629,E,1,03,0.0,0.0,M,,,,0000*04
$GPRMC,080349.982,A,4831.3239,N,00744.2629,E,21.6,276.6,110826,,*37
$GPGGA,080350.019,4831.3239,N,00744.2626,E,1,03,0.0,0.0,M,,,,0000*08
$GPRMC,080350.019,A,4831.3239,N,00744.2626,E,21.6,276.5,110826,,*38
$GPGGA,080350.034,4831.3240,N,00744.2622,E,1,03,0.0,0.0,M,,,,0000*0d
$GPRMC,080350.034,A,4831.3240,N,00744.2622,E,21.6,276.4,110826,,*3c
$GPGGA,080350.051,4831.3240,N,00744.2621,E,1,03,0.0,0.0,M,,,,0000*0d
$GPRMC,080350.051,A,4831.3240,N,00744.2621,E,21.6,276.3,110826,,*3b
$GPGGA,080350.066,4831.3240,N,00744.2618,E,1,03,0.0,0.0,M,,,,0000*03
$GPRMC,080350.066,A,4831.3240,N,00744.2618,E,21.6,276.3,110826,,*35
$GPGGA,080350.098,4831.3240,N,00744.2617,E,1,03,0.0,0.0,M,,,,0000*0d
$GPRMC,080350.098,A,4831.3240,N,00744.2617,E,21.6,276.2,110826,,*3a
$GPGGA,080350.117,4831.3240,N,00744.2616,E,1,03,0.0,0.0,M,,,,0000*0a
$GPRMC,080350.117,A,4831.3240,N,00744.2616,E,21.6,276.2,110826,,*3d
$GPGGA,080350.134,4831.3240,N,00744.2614,E,1,03,0.0,0.0,M,,,,0000*09
$GPRMC,080350.134,A,4831.3240,N,00744.2614,E,21.6,276.1,110826,,*3d
$GPGGA,080350.167,4831.3241,N,00744.2611,E,1,03,0.0,0.0,M,,,,0000*0b
$GPRMC,080350.167,A,4831.3241,N,00744.2611,E,21.6,276.0,110826,,*3e
$GPGGA,080350.183,4831.3241,N,00744.2609,E,1,03,0.0,0.0,M,,,,0000*08
$GPRMC,080350.183,A,4831.3241,N,00744.2609,E,21.6,275.9,110826,,*37
$GPGGA,080350.199,4831.3241,N,00744.2607,E,1,03,0.0,0.0,M,,,,0000*0d
$GPRMC,080350.199,A,4831.3241,N,00744.2607,E,21.6,275.8,110826,,*33
$GPGGA,080350.232,4831.3241,N,00744.2603,E,1,03,0.0,0.0,M,,,,0000*0b
$GPRMC,080350.232,A,4831.3241,N,00744.2603,E,21.6,275.7,110826,,*3a
$GPGGA,080350.249,4831.3241,N,00744.2600,E,1,03,0.0,0.0,M,,,,0000*04
$GPRMC,080350.249,A,4831.3241,N,00744.2600,E,21.6,275.5,110826,,*37
$GPGGA,080350.274,4831.3241,N,00744.2599,E,1,03,0.0,0.0,M,,,,0000*09
$GPRMC,080350.274,A,4831.3241,N,00744.2599,E,21.6,275.4,110826,,*3b
$GPGGA,080350.284,4831.3241,N,00744.2597,E,1,03,0.0,0.0,M,,,,0000*08
$GPRMC,080350.284,A,4831.3241,N,00744.2597,E,21.6,275.3,110826,,*3d
$GPGGA,080350.301,4831.3241,N,00744.2595,E,1,03,0.0,0.0,M,,,,0000*06
$GPRMC,080350.301,A,4831.3241,N,00744.2595,E,21.6,275.2,110826,,*32
$GPGGA,080350.314,4831.3242,N,00744.2593,E,1,03,0.0,0.0,M,,,,0000*07
$GPRMC,080350.314,A,4831.3242,N,00744.2593,E,21.6,275.1,110826,,*30
$GPGGA,080350.346,4831.3242,N,00744.2592,E,1,03,0.0,0.0,M,,,,0000*01
$GPRMC,080350.346,A,4831.3242,N,00744.2592,E,21.6,275.0,110826,,*37
$GPGGA,080350.384,4831.3242,N,00744.2589,E,1,03,0.0,0.0,M,,,,0000*05
$GPRMC,080350.384,A,4831.3242,N,00744.2589,E,21.6,274.8,110826,,*3a
$GPGGA,080350.416,4831.3242,N,00744.2585,E,1,03,0.0,0.0,M,,,,0000*05
$GPRMC,080350.416,A,4831.3242,N,00744.2585,E,21.6,274.6,110826,,*34
$GPGGA,080350.450,4831.3242,N,00744.2582,E,1,03,0.0,0.0,M,,,,0000*00
$GPRMC,080350.450,A,4831.3242,N,00744.2582,E,21.6,274.4,110826,,*33
$GPGGA,080350.468,4831.3242,N,00744.2580,E,1,03,0.0,0.0,M,,,,0000*09
$GPRMC,080350.468,A,4831.3242,N,00744.2580,E,21.6,274.3,110826,,*3d
$GPGGA,080350.499,4831.3243,N,00744.2576,E,1,03,0.0,0.0,M,,,,0000*0f
$GPRMC,080350.499,A,4831.3243,N,00744.2576,E,21.6,274.2,110826,,*3a
$GPGGA,080350.515,4831.3243,N,00744.2575,E,1,03,0.0,0.0,M,,,,0000*09
$GPRMC,080350.515,A,4831.3243,N,00744.2575,E,21.6,274.2,110826,,*3c
$GPGGA,080350.542,4831.3243,N,00744.2572,E,1,03,0.0,0.0,M,,,,0000*0c
$GPRMC,080350.542,A,4831.3243,N,00744.2572,E,21.6,274.1,110826,,*3a
$GPGGA,080350.557,4831.3243,N,00744.2569,E,1,03,0.0,0.0,M,,,,0000*02
$GPRMC,080350.557,A,4831.3243,N,00744.2569,E,21.6,274.0,110826,,*35
$GPGGA,080350.579,4831.3243,N,00744.2568,E,1,03,0.0,0.0,M,,,,0000*0f
$GPRMC,080350.579,A,4831.3243,N,00744.2568,E,21.6,273.9,110826,,*36
$GPGGA,080350.591,4831.3243,N,00744.2566,E,1,03,0.0,0.0,M,,,,0000*07
$GPRMC,080350.591,A,4831.3243,N,00744.2566,E,21.6,273.8,110826,,*3f
$GPGGA,080350.606,4831.3243,N,00744.2564,E,1,03,0.0,0.0,M,,,,0000*08
$GPRMC,080350.606,A,4831.3243,N,00744.2564,E,21.6,273.7,110826,,*3f
$GPGGA,080350.624,4831.3243,N,00744.2563,E,1,03,0.0,0.0,M,,,,0000*0f
$GPRMC,080350.624,A,4831.3243,N,00744.2563,E,21.6,273.7,110826,,*38
$GPGGA,080350.632,4831.3243,N,00744.2561,E,1,03,0.0,0.0,M,,,,0000*0a
$GPRMC,080350.632,A,4831.3243,N,00744.2561,E,21.6,273.6,110826,,*3c
$GPGGA,080350.648,4831.3243,N,00744.2559,E,1,03,0.0,0.0,M,,,,0000*0c
$GPRMC,080350.648,A,4831.3243,N,00744.2559,E,21.6,273.5,110826,,*39
$GPGGA,080350.667,4831.3243,N,00744.2558,E,1,03,0.0,0.0,M,,,,0000*00
$GPRMC,080350.667,A,4831.3243,N,00744.2558,E,21.6,273.4,110826,,*34
$GPGGA,080350.683,4831.3243,N,00744.2556,E,1,03,0.0,0.0,M,,,,0000*04
$GPRMC,080350.683,A,4831.3243,N,00744.2556,E,21.6,273.3,110826,,*37
$GPGGA,080350.700,4831.3243,N,00744.2554,E,1,03,0.0,0.0,M,,,,0000*0c
$GPRMC,080350.700,A,4831.3243,N,00744.2554,E,21.6,273.2,110826,,*3e
$GPGGA,080350.732,4831.3243,N,00744.2552,E,1,03,0.0,0.0,M,,,,0000*0b
$GPRMC,080350.732,A,4831.3243,N,00744.2552,E,21.6,273.1,110826,,*3a
$GPGGA,080350.751,4831.3243,N,00744.2551,E,1,03,0.0,0.0,M,,,,0000*0d
$GPRMC,080350.751,A,4831.3243,N,00744.2551,E,21.6,273.0,110826,,*3d
$GPGGA,080350.766,4831.3243,N,00744.2549,E,1,03,0.0,0.0,M,,,,0000*00
$GPRMC,080350.766,A,4831.3243,N,00744.2549,E,21.6,273.0,110826,,*30
$GPGGA,080350.782,4831.3243,N,00744.2547,E,1,03,0.0,0.0,M,,,,0000*04
$GPRMC,080350.782,A,4831.3243,N,00744.2547,E,21.6,272.8,110826,,*3d
$GPGGA,080350.816,4831.3243,N,00744.2544,E,1,03,0.0,0.0,M,,,,0000*05
$GPRMC,080350.816,A,4831.3243,N,00744.2544,E,21.6,272.7,110826,,*33
$GPGGA,080350.832,4831.3243,N,00744.2542,E,1,03,0.0,0.0,M,,,,0000*05
$GPRMC,080350.832,A,4831.3243,N,00744.2542,E,21.6,272.5,110826,,*31
$GPGGA,080350.865,4831.3243,N,00744.2539,E,1,03,0.0,0.0,M,,,,0000*0b
$GPRMC,080350.865,A,4831.3243,N,00744.2539,E,21.6,272.4,110826,,*3e
$GPGGA,080350.938,4831.3243,N,00744.2536,E,1,03,0.0,0.0,M,,,,0000*0d
$GPRMC,080350.938,A,4831.3243,N,00744.2536,E,21.6,272.1,110826,,*3d
$GPGGA,080350.951,4831.3244,N,00744.2529,E,1,03,0.0,0.0,M,,,,0000*0b
$GPRMC,080350.951,A,4831.3244,N,00744.2529,E,21.6,271.7,110826,,*3e
$GPGGA,080350.983,4831.3244,N,00744.2527,E,1,03,0.0,0.0,M,,,,0000*0a
$GPRMC,080350.983,A,4831.3244,N,00744.2527,E,21.6,271.6,110826,,*3e
$GPGGA,080350.999,4831.3244,N,00744.2525,E,1,03,0.0,0.0,M,,,,0000*03
$GPRMC,080350.999,A,4831.3244,N,00744.2525,E,21.6,271.5,110826,,*34
$GPGGA,080351.017,4831.3244,N,00744.2523,E,1,03,0.0,0.0,M,,,,0000*0b
$GPRMC,080351.017,A,4831.3244,N,00744.2523,E,21.6,271.3,110826,,*3a
$GPGGA,080351.033,4831.3244,N,00744.2520,E,1,03,0.0,0.0,M,,,,0000*0e
$GPRMC,080351.033,A,4831.3244,N,00744.2520,E,21.6,271.1,110826,,*3d
$GPGGA,080351.065,4831.3244,N,00744.2518,E,1,03,0.0,0.0,M,,,,0000*06
$GPRMC,080351.065,A,4831.3244,N,00744.2518,E,21.6,270.9,110826,,*3c
$GPGGA,080351.082,4831.3244,N,00744.2515,E,1,03,0.0,0.0,M,,,,0000*02
$GPRMC,080351.082,A,4831.3244,N,00744.2515,E,21.6,270.6,110826,,*37
$GPGGA,080351.098,4831.3244,N,00744.2514,E,1,03,0.0,0.0,M,,,,0000*08
$GPRMC,080351.098,A,4831.3244,N,00744.2514,E,21.6,270.5,110826,,*3e
$GPGGA,080351.112,4831.3244,N,00744.2512,E,1,03,0.0,0.0,M,,,,0000*0d
$GPRMC,080351.112,A,4831.3244,N,00744.2512,E,21.6,270.3,110826,,*3d
$GPGGA,080351.133,4831.3244,N,00744.2510,E,1,03,0.0,0.0,M,,,,0000*0c
$GPRMC,080351.133,A,4831.3244,N,00744.2510,E,21.6,270.2,110826,,*3d
$GPGGA,080351.169,4831.3243,N,00744.2508,E,1,03,0.0,0.0,M,,,,0000*0d
$GPRMC,080351.169,A,4831.3243,N,00744.2508,E,21.6,270.0,110826,,*3e
$GPGGA,080351.184,4831.3243,N,00744.2507,E,1,03,0.0,0.0,M,,,,0000*01
$GPRMC,080351.184,A,4831.3243,N,00744.2507,E,21.6,269.8,110826,,*32
$GPGGA,080351.200,4831.3243,N,00744.2505,E,1,03,0.0,0.0,M,,,,0000*0c
$GPRMC,080351.200,A,4831.3243,N,00744.2505,E,21.6,269.7,110826,,*30
$GPGGA,080351.232,4831.3243,N,00744.2502,E,1,03,0.0,0.0,M,,,,0000*0a
$GPRMC,080351.232,A,4831.3243,N,00744.2502,E,21.6,269.4,110826,,*35
$GPGGA,080351.248,4831.3243,N,00744.2498,E,1,03,0.0,0.0,M,,,,0000*05
$GPRMC,080351.248,A,4831.3243,N,00744.2498,E,21.6,269.1,110826,,*3f
$GPGGA,080351.264,4831.3243,N,00744.2497,E,1,03,0.0,0.0,M,,,,0000*04
$GPRMC,080351.264,A,4831.3243,N,00744.2497,E,21.6,269.0,110826,,*3f
$GPGGA,080351.299,4831.3243,N,00744.2495,E,1,03,0.0,0.0,M,,,,0000*04
$GPRMC,080351.299,A,4831.3243,N,00744.2495,E,21.6,268.8,110826,,*36
$GPGGA,080351.317,4831.3243,N,00744.2492,E,1,03,0.0,0.0,M,,,,0000*04
$GPRMC,080351.317,A,4831.3243,N,00744.2492,E,21.6,268.5,110826,,*3b
$GPGGA,080351.333,4831.3243,N,00744.2489,E,1,03,0.0,0.0,M,,,,0000*08
$GPRMC,080351.333,A,4831.3243,N,00744.2489,E,21.6,268.3,110826,,*31
$GPGGA,080351.349,4831.3243,N,00744.2488,E,1,03,0.0,0.0,M,,,,0000*04
$GPRMC,080351.349,A,4831.3243,N,00744.2488,E,21.6,268.2,110826,,*3c
$GPGGA,080351.368,4831.3243,N,00744.2487,E,1,03,0.0,0.0,M,,,,0000*08
$GPRMC,080351.368,A,4831.3243,N,00744.2487,E,21.6,268.1,110826,,*33
$GPGGA,080351.401,4831.3243,N,00744.2484,E,1,03,0.0,0.0,M,,,,0000*03
$GPRMC,080351.401,A,4831.3243,N,00744.2484,E,21.6,267.9,110826,,*3f
$GPGGA,080351.423,4831.3243,N,00744.2481,E,1,03,0.0,0.0,M,,,,0000*06
$GPRMC,080351.423,A,4831.3243,N,00744.2481,E,21.6,267.6,110826,,*35
$GPGGA,080351.446,4831.3243,N,00744.2479,E,1,03,0.0,0.0,M,,,,0000*02
$GPRMC,080351.446,A,4831.3243,N,00744.2479,E,21.6,267.5,110826,,*32
$GPGGA,080351.466,4831.3243,N,00744.2478,E,1,03,0.0,0.0,M,,,,0000*01
$GPRMC,080351.466,A,4831.3243,N,00744.2478,E,21.6,267.3,110826,,*37
$GPGGA,080351.487,4831.3243,N,00744.2474,E,1,03,0.0,0.0,M,,,,0000*02
$GPRMC,080351.487,A,4831.3243,N,00744.2474,E,21.6,267.0,110826,,*37
$GPGGA,080351.503,4831.3243,N,00744.2473,E,1,03,0.0,0.0,M,,,,0000*08
$GPRMC,080351.503,A,4831.3243,N,00744.2473,E,21.6,266.9,110826,,*35
$GPGGA,080351.517,4831.3243,N,00744.2471,E,1,03,0.0,0.0,M,,,,0000*0f
$GPRMC,080351.517,A,4831.3243,N,00744.2471,E,21.6,266.7,110826,,*3c
$GPGGA,080351.534,4831.3243,N,00744.2469,E,1,03,0.0,0.0,M,,,,0000*07
$GPRMC,080351.534,A,4831.3243,N,00744.2469,E,21.6,266.5,110826,,*36
$GPGGA,080351.558,4831.3243,N,00744.2468,E,1,03,0.0,0.0,M,,,,0000*0c
$GPRMC,080351.558,A,4831.3243,N,00744.2468,E,21.6,266.2,110826,,*3a
$GPGGA,080351.584,4831.3242,N,00744.2466,E,1,03,0.0,0.0,M,,,,0000*02
$GPRMC,080351.584,A,4831.3242,N,00744.2466,E,21.6,265.9,110826,,*3c
$GPGGA,080351.601,4831.3242,N,00744.2462,E,1,03,0.0,0.0,M,,,,0000*08
$GPRMC,080351.601,A,4831.3242,N,00744.2462,E,21.6,265.3,110826,,*3c
$GPGGA,080351.618,4831.3242,N,00744.2461,E,1,03,0.0,0.0,M,,,,0000*03
$GPRMC,080351.618,A,4831.3242,N,00744.2461,E,21.6,265.0,110826,,*34
$GPGGA,080351.650,4831.3242,N,00744.2459,E,1,03,0.0,0.0,M,,,,0000*04
$GPRMC,080351.650,A,4831.3242,N,00744.2459,E,21.6,264.8,110826,,*3a
$GPGGA,080351.666,4831.3242,N,00744.2457,E,1,03,0.0,0.0,M,,,,0000*0f
$GPRMC,080351.666,A,4831.3242,N,00744.2457,E,21.6,264.3,110826,,*3a
$GPGGA,080351.684,4831.3242,N,00744.2456,E,1,03,0.0,0.0,M,,,,0000*02
$GPRMC,080351.684,A,4831.3242,N,00744.2456,E,21.6,264.1,110826,,*35
$GPGGA,080351.717,4831.3241,N,00744.2452,E,1,03,0.0,0.0,M,,,,0000*0e
$GPRMC,080351.717,A,4831.3241,N,00744.2452,E,21.6,263.4,110826,,*3b
$GPGGA,080351.750,4831.3241,N,00744.2449,E,1,03,0.0,0.0,M,,,,0000*07
$GPRMC,080351.750,A,4831.3241,N,00744.2449,E,21.6,262.8,110826,,*3f
$GPGGA,080351.766,4831.3241,N,00744.2447,E,1,03,0.0,0.0,M,,,,0000*0c
$GPRMC,080351.766,A,4831.3241,N,00744.2447,E,21.6,262.4,110826,,*38
$GPGGA,080351.785,4831.3241,N,00744.2446,E,1,03,0.0,0.0,M,,,,0000*00
$GPRMC,080351.785,A,4831.3241,N,00744.2446,E,21.6,262.2,110826,,*32
$GPGGA,080351.817,4831.3241,N,00744.2442,E,1,03,0.0,0.0,M,,,,0000*00
$GPRMC,080351.817,A,4831.3241,N,00744.2442,E,21.6,261.5,110826,,*36
$GPGGA,080351.851,4831.3240,N,00744.2439,E,1,03,0.0,0.0,M,,,,0000*0f
$GPRMC,080351.851,A,4831.3240,N,00744.2439,E,21.6,261.1,110826,,*3d
$GPGGA,080351.867,4831.3240,N,00744.2437,E,1,03,0.0,0.0,M,,,,0000*04
$GPRMC,080351.867,A,4831.3240,N,00744.2437,E,21.6,261.0,110826,,*37
$GPGGA,080351.883,4831.3240,N,00744.2434,E,1,03,0.0,0.0,M,,,,0000*0d
$GPRMC,080351.883,A,4831.3240,N,00744.2434,E,21.6,260.9,110826,,*36
$GPGGA,080351.899,4831.3240,N,00744.2432,E,1,03,0.0,0.0,M,,,,0000*00
$GPRMC,080351.899,A,4831.3240,N,00744.2432,E,21.6,260.8,110826,,*3a
$GPGGA,080351.916,4831.3239,N,00744.2431,E,1,03,0.0,0.0,M,,,,0000*0b
$GPRMC,080351.916,A,4831.3239,N,00744.2431,E,21.6,260.8,110826,,*31
$GPGGA,080351.951,4831.3239,N,00744.2429,E,1,03,0.0,0.0,M,,,,0000*01
$GPRMC,080351.951,A,4831.3239,N,00744.2429,E,21.6,260.7,110826,,*34
$GPGGA,080351.982,4831.3239,N,00744.2425,E,1,03,0.0,0.0,M,,,,0000*03
$GPRMC,080351.982,A,4831.3239,N,00744.2425,E,21.6,260.6,110826,,*37
$GPGGA,080352.010,4831.3238,N,00744.2422,E,1,03,0.0,0.0,M,,,,0000*04
$GPRMC,080352.010,A,4831.3238,N,00744.2422,E,21.6,260.5,110826,,*33
$GPGGA,080352.039,4831.3238,N,00744.2419,E,1,03,0.0,0.0,M,,,,0000*07
$GPRMC,080352.039,A,4831.3238,N,00744.2419,E,21.6,260.4,110826,,*31
$GPGGA,080352.051,4831.3238,N,00744.2417,E,1,03,0.0,0.0,M,,,,0000*07
$GPRMC,080352.051,A,4831.3238,N,00744.2417,E,21.6,260.3,110826,,*36
$GPGGA,080352.067,4831.3238,N,00744.2415,E,1,03,0.0,0.0,M,,,,0000*00
$GPRMC,080352.067,A,4831.3238,N,00744.2415,E,21.6,260.2,110826,,*30
$GPGGA,080352.099,4831.3237,N,00744.2414,E,1,03,0.0,0.0,M,,,,0000*0f
$GPRMC,080352.099,A,4831.3237,N,00744.2414,E,21.6,260.1,110826,,*3c
$GPGGA,080352.117,4831.3237,N,00744.2410,E,1,03,0.0,0.0,M,,,,0000*0c
$GPRMC,080352.117,A,4831.3237,N,00744.2410,E,21.6,259.9,110826,,*3d
$GPGGA,080352.134,4831.3237,N,00744.2409,E,1,03,0.0,0.0,M,,,,0000*05
$GPRMC,080352.134,A,4831.3237,N,00744.2409,E,21.6,259.8,110826,,*35
$GPGGA,080352.151,4831.3237,N,00744.2407,E,1,03,0.0,0.0,M,,,,0000*08
$GPRMC,080352.151,A,4831.3237,N,00744.2407,E,21.6,259.7,110826,,*37
$GPGGA,080352.183,4831.3236,N,00744.2405,E,1,03,0.0,0.0,M,,,,0000*04
$GPRMC,080352.183,A,4831.3236,N,00744.2405,E,21.6,259.5,110826,,*39
$GPGGA,080352.199,4831.3236,N,00744.2402,E,1,03,0.0,0.0,M,,,,0000*08
$GPRMC,080352.199,A,4831.3236,N,00744.2402,E,21.6,259.4,110826,,*34
$GPGGA,080352.236,4831.3236,N,00744.2400,E,1,03,0.0,0.0,M,,,,0000*0c
$GPRMC,080352.236,A,4831.3236,N,00744.2400,E,21.6,259.2,110826,,*36
$GPGGA,080352.268,4831.3235,N,00744.2397,E,1,03,0.0,0.0,M,,,,0000*0d
$GPRMC,080352.268,A,4831.3235,N,00744.2397,E,21.6,259.0,110826,,*35
$GPGGA,080352.301,4831.3235,N,00744.2394,E,1,03,0.0,0.0,M,,,,0000*00
$GPRMC,080352.301,A,4831.3235,N,00744.2394,E,21.6,258.7,110826,,*3e
$GPGGA,080352.301,4831.3235,N,00744.2392,E,1,03,0.0,0.0,M,,,,0000*06
$GPRMC,080352.301,A,4831.3235,N,00744.2392,E,21.6,258.5,110826,,*3a
$GPGGA,080352.317,4831.3234,N,00744.2390,E,1,03,0.0,0.0,M,,,,0000*02
$GPRMC,080352.317,A,4831.3234,N,00744.2390,E,21.6,258.4,110826,,*3f
$GPGGA,080352.332,4831.3234,N,00744.2389,E,1,03,0.0,0.0,M,,,,0000*0d
$GPRMC,080352.332,A,4831.3234,N,00744.2389,E,21.6,258.3,110826,,*37
$GPGGA,080352.351,4831.3234,N,00744.2387,E,1,03,0.0,0.0,M,,,,0000*06
$GPRMC,080352.351,A,4831.3234,N,00744.2387,E,21.6,258.2,110826,,*3d
$GPGGA,080352.367,4831.3234,N,00744.2385,E,1,03,0.0,0.0,M,,,,0000*01
$GPRMC,080352.367,A,4831.3234,N,00744.2385,E,21.6,258.1,110826,,*39
$GPGGA,080352.384,4831.3233,N,00744.2383,E,1,03,0.0,0.0,M,,,,0000*0d
$GPRMC,080352.384,A,4831.3233,N,00744.2383,E,21.6,258.0,110826,,*34
$GPGGA,080352.416,4831.3233,N,00744.2382,E,1,03,0.0,0.0,M,,,,0000*00
$GPRMC,080352.416,A,4831.3233,N,00744.2382,E,21.6,257.9,110826,,*3f
$GPGGA,080352.533,4831.3233,N,00744.2379,E,1,03,0.0,0.0,M,,,,0000*02
$GPRMC,080352.533,A,4831.3233,N,00744.2379,E,21.6,257.7,110826,,*33
$GPGGA,080352.562,4831.3231,N,00744.2367,E,1,03,0.0,0.0,M,,,,0000*0b
$GPRMC,080352.562,A,4831.3231,N,00744.2367,E,21.6,257.0,110826,,*3d
$GPGGA,080352.585,4831.3231,N,00744.2366,E,1,03,0.0,0.0,M,,,,0000*03
$GPRMC,080352.585,A,4831.3231,N,00744.2366,E,21.6,256.9,110826,,*3d
$GPGGA,080352.601,4831.3230,N,00744.2362,E,1,03,0.0,0.0,M,,,,0000*09
$GPRMC,080352.601,A,4831.3230,N,00744.2362,E,21.6,256.6,110826,,*38
$GPGGA,080352.617,4831.3230,N,00744.2360,E,1,03,0.0,0.0,M,,,,0000*0c
$GPRMC,080352.617,A,4831.3230,N,00744.2360,E,21.6,256.5,110826,,*3e
$GPGGA,080352.648,4831.3229,N,00744.2359,E,1,03,0.0,0.0,M,,,,0000*04
$GPRMC,080352.648,A,4831.3229,N,00744.2359,E,21.6,256.3,110826,,*30
$GPGGA,080352.664,4831.3229,N,00744.2356,E,1,03,0.0,0.0,M,,,,0000*05
$GPRMC,080352.664,A,4831.3229,N,00744.2356,E,21.6,256.1,110826,,*33
$GPGGA,080352.686,4831.3229,N,00744.2356,E,1,03,0.0,0.0,M,,,,0000*09
$GPRMC,080352.686,A,4831.3229,N,00744.2356,E,21.6,256.1,110826,,*3f
$GPGGA,080352.716,4831.3228,N,00744.2352,E,1,03,0.0,0.0,M,,,,0000*04
$GPRMC,080352.716,A,4831.3228,N,00744.2352,E,21.6,255.8,110826,,*38
$GPGGA,080352.734,4831.3228,N,00744.2350,E,1,03,0.0,0.0,M,,,,0000*06
$GPRMC,080352.734,A,4831.3228,N,00744.2350,E,21.6,255.6,110826,,*34
$GPGGA,080352.750,4831.3228,N,00744.2349,E,1,03,0.0,0.0,M,,,,0000*0c
$GPRMC,080352.750,A,4831.3228,N,00744.2349,E,21.6,255.5,110826,,*3d
$GPGGA,080352.766,4831.3227,N,00744.2347,E,1,03,0.0,0.0,M,,,,0000*08
$GPRMC,080352.766,A,4831.3227,N,00744.2347,E,21.6,255.3,110826,,*3f
$GPGGA,080352.786,4831.3227,N,00744.2345,E,1,03,0.0,0.0,M,,,,0000*04
$GPRMC,080352.786,A,4831.3227,N,00744.2345,E,21.6,255.1,110826,,*31
$GPGGA,080352.802,4831.3227,N,00744.2342,E,1,03,0.0,0.0,M,,,,0000*00
$GPRMC,080352.802,A,4831.3227,N,00744.2342,E,21.6,254.8,110826,,*3d
$GPGGA,080352.818,4831.3226,N,00744.2340,E,1,03,0.0,0.0,M,,,,0000*08
$GPRMC,080352.818,A,4831.3226,N,00744.2340,E,21.6,254.6,110826,,*3b
$GPGGA,080352.833,4831.3226,N,00744.2339,E,1,03,0.0,0.0,M,,,,0000*0f
$GPRMC,080352.833,A,4831.3226,N,00744.2339,E,21.6,254.4,110826,,*3e
$GPGGA,080352.849,4831.3226,N,00744.2338,E,1,03,0.0,0.0,M,,,,0000*03
$GPRMC,080352.849,A,4831.3226,N,00744.2338,E,21.6,254.3,110826,,*35
$GPGGA,080352.865,4831.3225,N,00744.2336,E,1,03,0.0,0.0,M,,,,0000*00
$GPRMC,080352.865,A,4831.3225,N,00744.2336,E,21.6,254.1,110826,,*34
$GPGGA,080352.888,4831.3225,N,00744.2334,E,1,03,0.0,0.0,M,,,,0000*01
$GPRMC,080352.888,A,4831.3225,N,00744.2334,E,21.6,254.0,110826,,*34
$GPGGA,080352.904,4831.3225,N,00744.2333,E,1,03,0.0,0.0,M,,,,0000*03
$GPRMC,080352.904,A,4831.3225,N,00744.2333,E,21.6,254.0,110826,,*36
$GPGGA,080352.918,4831.3224,N,00744.2331,E,1,03,0.0,0.0,M,,,,0000*0d
$GPRMC,080352.918,A,4831.3224,N,00744.2331,E,21.6,253.9,110826,,*36
$GPGGA,080352.950,4831.3224,N,00744.2329,E,1,03,0.0,0.0,M,,,,0000*08
$GPRMC,080352.950,A,4831.3224,N,00744.2329,E,21.6,253.7,110826,,*3d
$GPGGA,080352.983,4831.3223,N,00744.2326,E,1,03,0.0,0.0,M,,,,0000*0e
$GPRMC,080352.983,A,4831.3223,N,00744.2326,E,21.6,253.5,110826,,*39
$GPGGA,080352.999,4831.3223,N,00744.2325,E,1,03,0.0,0.0,M,,,,0000*06
$GPRMC,080352.999,A,4831.3223,N,00744.2325,E,21.6,253.4,110826,,*30
$GPGGA,080353.018,4831.3223,N,00744.2322,E,1,03,0.0,0.0,M,,,,0000*00
$GPRMC,080353.018,A,4831.3223,N,00744.2322,E,21.6,253.3,110826,,*31
$GPGGA,080353.035,4831.3222,N,00744.2320,E,1,03,0.0,0.0,M,,,,0000*0c
$GPRMC,080353.035,A,4831.3222,N,00744.2320,E,21.6,253.1,110826,,*3f
$GPGGA,080353.049,4831.3222,N,00744.2318,E,1,03,0.0,0.0,M,,,,0000*0c
$GPRMC,080353.049,A,4831.3222,N,00744.2318,E,21.6,253.0,110826,,*3e
$GPGGA,080353.064,4831.3221,N,00744.2316,E,1,03,0.0,0.0,M,,,,0000*0e
$GPRMC,080353.064,A,4831.3221,N,00744.2316,E,21.6,252.9,110826,,*34
$GPGGA,080353.102,4831.3221,N,00744.2315,E,1,03,0.0,0.0,M,,,,0000*0c
$GPRMC,080353.102,A,4831.3221,N,00744.2315,E,21.6,252.8,110826,,*37
$GPGGA,080353.177,4831.3220,N,00744.2311,E,1,03,0.0,0.0,M,,,,0000*0b
$GPRMC,080353.177,A,4831.3220,N,00744.2311,E,21.6,252.5,110826,,*3d
$GPGGA,080353.196,4831.3219,N,00744.2305,E,1,03,0.0,0.0,M,,,,0000*0b
$GPRMC,080353.196,A,4831.3219,N,00744.2305,E,21.6,252.1,110826,,*39
$GPGGA,080353.206,4831.3219,N,00744.2303,E,1,03,0.0,0.0,M,,,,0000*07
$GPRMC,080353.206,A,4831.3219,N,00744.2303,E,21.6,252.1,110826,,*35
$GPGGA,080353.224,4831.3218,N,00744.2302,E,1,03,0.0,0.0,M,,,,0000*07
$GPRMC,080353.224,A,4831.3218,N,00744.2302,E,21.6,252.0,110826,,*34
$GPGGA,080353.237,4831.3218,N,00744.2300,E,1,03,0.0,0.0,M,,,,0000*07
$GPRMC,080353.237,A,4831.3218,N,00744.2300,E,21.6,251.9,110826,,*3e
$GPGGA,080353.250,4831.3218,N,00744.2298,E,1,03,0.0,0.0,M,,,,0000*06
$GPRMC,080353.250,A,4831.3218,N,00744.2298,E,21.6,251.7,110826,,*31
$GPGGA,080353.284,4831.3217,N,00744.2297,E,1,03,0.0,0.0,M,,,,0000*0f
$GPRMC,080353.284,A,4831.3217,N,00744.2297,E,21.6,251.6,110826,,*39
$GPGGA,080353.318,4831.3217,N,00744.2295,E,1,03,0.0,0.0,M,,,,0000*09
$GPRMC,080353.318,A,4831.3217,N,00744.2295,E,21.6,251.4,110826,,*3d
$GPGGA,080353.333,4831.3216,N,00744.2292,E,1,03,0.0,0.0,M,,,,0000*06
$GPRMC,080353.333,A,4831.3216,N,00744.2292,E,21.6,251.2,110826,,*34
$GPGGA,080353.352,4831.3216,N,00744.2290,E,1,03,0.0,0.0,M,,,,0000*03
$GPRMC,080353.352,A,4831.3216,N,00744.2290,E,21.6,251.0,110826,,*33
$GPGGA,080353.367,4831.3215,N,00744.2287,E,1,03,0.0,0.0,M,,,,0000*00
$GPRMC,080353.367,A,4831.3215,N,00744.2287,E,21.6,250.6,110826,,*37
$GPGGA,080353.383,4831.3215,N,00744.2285,E,1,03,0.0,0.0,M,,,,0000*08
$GPRMC,080353.383,A,4831.3215,N,00744.2285,E,21.6,250.4,110826,,*3d
$GPGGA,080353.414,4831.3214,N,00744.2284,E,1,03,0.0,0.0,M,,,,0000*01
$GPRMC,080353.414,A,4831.3214,N,00744.2284,E,21.6,250.2,110826,,*32
$GPGGA,080353.430,4831.3214,N,00744.2283,E,1,03,0.0,0.0,M,,,,0000*00
$GPRMC,080353.430,A,4831.3214,N,00744.2283,E,21.6,250.0,110826,,*31
$GPGGA,080353.446,4831.3213,N,00744.2279,E,1,03,0.0,0.0,M,,,,0000*03
$GPRMC,080353.446,A,4831.3213,N,00744.2279,E,21.6,249.6,110826,,*3c
$GPGGA,080353.462,4831.3213,N,00744.2278,E,1,03,0.0,0.0,M,,,,0000*04
$GPRMC,080353.462,A,4831.3213,N,00744.2278,E,21.6,249.4,110826,,*39
$GPGGA,080353.477,4831.3212,N,00744.2277,E,1,03,0.0,0.0,M,,,,0000*0e
$GPRMC,080353.477,A,4831.3212,N,00744.2277,E,21.6,249.2,110826,,*35
$GPGGA,080353.495,4831.3212,N,00744.2275,E,1,03,0.0,0.0,M,,,,0000*00
$GPRMC,080353.495,A,4831.3212,N,00744.2275,E,21.6,248.9,110826,,*31
$GPGGA,080353.522,4831.3211,N,00744.2273,E,1,03,0.0,0.0,M,,,,0000*08
$GPRMC,080353.522,A,4831.3211,N,00744.2273,E,21.6,248.7,110826,,*37
$GPGGA,080353.534,4831.3211,N,00744.2271,E,1,03,0.0,0.0,M,,,,0000*0d
$GPRMC,080353.534,A,4831.3211,N,00744.2271,E,21.6,248.3,110826,,*36
$GPGGA,080353.575,4831.3211,N,00744.2270,E,1,03,0.0,0.0,M,,,,0000*09
$GPRMC,080353.575,A,4831.3211,N,00744.2270,E,21.6,248.1,110826,,*30
$GPGGA,080353.589,4831.3210,N,00744.2267,E,1,03,0.0,0.0,M,,,,0000*0d
$GPRMC,080353.589,A,4831.3210,N,00744.2267,E,21.6,247.8,110826,,*32
$GPGGA,080353.602,4831.3209,N,00744.2265,E,1,03,0.0,0.0,M,,,,0000*07
$GPRMC,080353.602,A,4831.3209,N,00744.2265,E,21.6,247.7,110826,,*37
$GPGGA,080353.617,4831.3209,N,00744.2263,E,1,03,0.0,0.0,M,,,,0000*05
$GPRMC,080353.617,A,4831.3209,N,00744.2263,E,21.6,247.6,110826,,*34
$GPGGA,080353.690,4831.3208,N,00744.2262,E,1,03,0.0,0.0,M,,,,0000*0a
$GPRMC,080353.690,A,4831.3208,N,00744.2262,E,21.6,247.6,110826,,*3b
$GPGGA,080353.709,4831.3206,N,00744.2255,E,1,03,0.0,0.0,M,,,,0000*01
$GPRMC,080353.709,A,4831.3206,N,00744.2255,E,21.6,247.3,110826,,*35
$GPGGA,080353.720,4831.3206,N,00744.2254,E,1,03,0.0,0.0,M,,,,0000*0b
$GPRMC,080353.720,A,4831.3206,N,00744.2254,E,21.6,247.2,110826,,*3e
$GPGGA,080353.736,4831.3206,N,00744.2253,E,1,03,0.0,0.0,M,,,,0000*0b
$GPRMC,080353.736,A,4831.3206,N,00744.2253,E,21.6,247.1,110826,,*3d
$GPGGA,080353.767,4831.3205,N,00744.2251,E,1,03,0.0,0.0,M,,,,0000*0e
$GPRMC,080353.767,A,4831.3205,N,00744.2251,E,21.6,247.1,110826,,*38
$GPGGA,080353.785,4831.3205,N,00744.2249,E,1,03,0.0,0.0,M,,,,0000*0b
$GPRMC,080353.785,A,4831.3205,N,00744.2249,E,21.6,247.0,110826,,*3c
$GPGGA,080353.801,4831.3204,N,00744.2246,E,1,03,0.0,0.0,M,,,,0000*06
$GPRMC,080353.801,A,4831.3204,N,00744.2246,E,21.6,246.8,110826,,*38
$GPGGA,080353.835,4831.3203,N,00744.2245,E,1,03,0.0,0.0,M,,,,0000*05
$GPRMC,080353.835,A,4831.3203,N,00744.2245,E,21.6,246.8,110826,,*3b
$GPGGA,080353.868,4831.3202,N,00744.2241,E,1,03,0.0,0.0,M,,,,0000*08
$GPRMC,080353.868,A,4831.3202,N,00744.2241,E,21.6,246.6,110826,,*38
$GPGGA,080353.868,4831.3202,N,00744.2240,E,1,03,0.0,0.0,M,,,,0000*09
$GPRMC,080353.868,A,4831.3202,N,00744.2240,E,21.6,246.6,110826,,*39
$GPGGA,080353.899,4831.3201,N,00744.2238,E,1,03,0.0,0.0,M,,,,0000*0b
$GPRMC,080353.899,A,4831.3201,N,00744.2238,E,21.6,246.4,110826,,*39
$GPGGA,080353.915,4831.3201,N,00744.2235,E,1,03,0.0,0.0,M,,,,0000*03
$GPRMC,080353.915,A,4831.3201,N,00744.2235,E,21.6,246.3,110826,,*36
$GPGGA,080353.950,4831.3200,N,00744.2234,E,1,03,0.0,0.0,M,,,,0000*02
$GPRMC,080353.950,A,4831.3200,N,00744.2234,E,21.6,246.2,110826,,*36
$GPGGA,080353.966,4831.3200,N,00744.2232,E,1,03,0.0,0.0,M,,,,0000*01
$GPRMC,080353.966,A,4831.3200,N,00744.2232,E,21.6,246.1,110826,,*36
$GPGGA,080354.001,4831.3199,N,00744.2229,E,1,03,0.0,0.0,M,,,,0000*07
$GPRMC,080354.001,A,4831.3199,N,00744.2229,E,21.6,245.8,110826,,*3a
$GPGGA,080354.033,4831.3198,N,00744.2226,E,1,03,0.0,0.0,M,,,,0000*08
$GPRMC,080354.033,A,4831.3198,N,00744.2226,E,21.6,245.4,110826,,*39
$GPGGA,080354.050,4831.3197,N,00744.2223,E,1,03,0.0,0.0,M,,,,0000*07
$GPRMC,080354.050,A,4831.3197,N,00744.2223,E,21.6,245.1,110826,,*33
$GPGGA,080354.085,4831.3196,N,00744.2221,E,1,03,0.0,0.0,M,,,,0000*0c
$GPRMC,080354.085,A,4831.3196,N,00744.2221,E,21.6,244.9,110826,,*31
$GPGGA,080354.116,4831.3195,N,00744.2218,E,1,03,0.0,0.0,M,,,,0000*0e
$GPRMC,080354.116,A,4831.3195,N,00744.2218,E,21.6,244.5,110826,,*3f
$GPGGA,080354.201,4831.3194,N,00744.2215,E,1,03,0.0,0.0,M,,,,0000*07
$GPRMC,080354.201,A,4831.3194,N,00744.2215,E,21.6,244.2,110826,,*31
$GPGGA,080354.229,4831.3192,N,00744.2208,E,1,03,0.0,0.0,M,,,,0000*07
$GPRMC,080354.229,A,4831.3192,N,00744.2208,E,21.6,243.5,110826,,*31
$GPGGA,080354.243,4831.3191,N,00744.2206,E,1,03,0.0,0.0,M,,,,0000*06
$GPRMC,080354.243,A,4831.3191,N,00744.2206,E,21.6,243.4,110826,,*31
$GPGGA,080354.261,4831.3191,N,00744.2205,E,1,03,0.0,0.0,M,,,,0000*05
$GPRMC,080354.261,A,4831.3191,N,00744.2205,E,21.6,243.3,110826,,*35
$GPGGA,080354.276,4831.3190,N,00744.2203,E,1,03,0.0,0.0,M,,,,0000*04
$GPRMC,080354.276,A,4831.3190,N,00744.2203,E,21.6,243.2,110826,,*35
$GPGGA,080354.290,4831.3190,N,00744.2202,E,1,03,0.0,0.0,M,,,,0000*0d
$GPRMC,080354.290,A,4831.3190,N,00744.2202,E,21.6,243.1,110826,,*3f
$GPGGA,080354.305,4831.3189,N,00744.2200,E,1,03,0.0,0.0,M,,,,0000*0a
$GPRMC,080354.305,A,4831.3189,N,00744.2200,E,21.6,242.9,110826,,*31
$GPGGA,080354.319,4831.3189,N,00744.2199,E,1,03,0.0,0.0,M,,,,0000*04
$GPRMC,080354.319,A,4831.3189,N,00744.2199,E,21.6,242.9,110826,,*3f
$GPGGA,080354.334,4831.3188,N,00744.2197,E,1,03,0.0,0.0,M,,,,0000*04
$GPRMC,080354.334,A,4831.3188,N,00744.2197,E,21.6,242.7,110826,,*31
$GPGGA,080354.369,4831.3187,N,00744.2195,E,1,03,0.0,0.0,M,,,,0000*01
$GPRMC,080354.369,A,4831.3187,N,00744.2195,E,21.6,242.6,110826,,*35
$GPGGA,080354.402,4831.3186,N,00744.2192,E,1,03,0.0,0.0,M,,,,0000*0d
$GPRMC,080354.402,A,4831.3186,N,00744.2192,E,21.6,242.4,110826,,*3b
$GPGGA,080354.433,4831.3186,N,00744.2190,E,1,03,0.0,0.0,M,,,,0000*0d
$GPRMC,080354.433,A,4831.3186,N,00744.2190,E,21.6,242.2,110826,,*3d
$GPGGA,080354.543,4831.3184,N,00744.2186,E,1,03,0.0,0.0,M,,,,0000*0e
$GPRMC,080354.543,A,4831.3184,N,00744.2186,E,21.6,241.9,110826,,*36
$GPGGA,080354.555,4831.3181,N,00744.2178,E,1,03,0.0,0.0,M,,,,0000*0d
$GPRMC,080354.555,A,4831.3181,N,00744.2178,E,21.6,240.8,110826,,*35
$GPGGA,080354.586,4831.3180,N,00744.2176,E,1,03,0.0,0.0,M,,,,0000*0c
$GPRMC,080354.586,A,4831.3180,N,00744.2176,E,21.6,240.6,110826,,*3a
$GPGGA,080354.614,4831.3179,N,00744.2173,E,1,03,0.0,0.0,M,,,,0000*07
$GPRMC,080354.614,A,4831.3179,N,00744.2173,E,21.6,240.2,110826,,*35
$GPGGA,080354.625,4831.3179,N,00744.2172,E,1,03,0.0,0.0,M,,,,0000*04
$GPRMC,080354.625,A,4831.3179,N,00744.2172,E,21.6,240.0,110826,,*34
$GPGGA,080354.702,4831.3178,N,00744.2170,E,1,03,0.0,0.0,M,,,,0000*03
$GPRMC,080354.702,A,4831.3178,N,00744.2170,E,21.6,239.7,110826,,*3a
$GPGGA,080354.726,4831.3175,N,00744.2163,E,1,03,0.0,0.0,M,,,,0000*0a
$GPRMC,080354.726,A,4831.3175,N,00744.2163,E,21.6,238.2,110826,,*37
$GPGGA,080354.740,4831.3175,N,00744.2162,E,1,03,0.0,0.0,M,,,,0000*0b
$GPRMC,080354.740,A,4831.3175,N,00744.2162,E,21.6,238.0,110826,,*34
$GPGGA,080354.752,4831.3174,N,00744.2160,E,1,03,0.0,0.0,M,,,,0000*0b
$GPRMC,080354.752,A,4831.3174,N,00744.2160,E,21.6,237.8,110826,,*33
$GPGGA,080354.770,4831.3173,N,00744.2159,E,1,03,0.0,0.0,M,,,,0000*06
$GPRMC,080354.770,A,4831.3173,N,00744.2159,E,21.6,237.5,110826,,*33
$GPGGA,080354.802,4831.3173,N,00744.2157,E,1,03,0.0,0.0,M,,,,0000*02
$GPRMC,080354.802,A,4831.3173,N,00744.2157,E,21.6,237.4,110826,,*36
$GPGGA,080354.818,4831.3172,N,00744.2156,E,1,03,0.0,0.0,M,,,,0000*09
$GPRMC,080354.818,A,4831.3172,N,00744.2156,E,21.6,237.2,110826,,*3b
$GPGGA,080354.839,4831.3171,N,00744.2154,E,1,03,0.0,0.0,M,,,,0000*0b
$GPRMC,080354.839,A,4831.3171,N,00744.2154,E,21.6,237.1,110826,,*3a
$GPGGA,080354.855,4831.3171,N,00744.2153,E,1,03,0.0,0.0,M,,,,0000*06
$GPRMC,080354.855,A,4831.3171,N,00744.2153,E,21.6,237.0,110826,,*36
$GPGGA,080354.870,4831.3170,N,00744.2151,E,1,03,0.0,0.0,M,,,,0000*02
$GPRMC,080354.870,A,4831.3170,N,00744.2151,E,21.6,236.9,110826,,*3a
$GPGGA,080354.887,4831.3169,N,00744.2148,E,1,03,0.0,0.0,M,,,,0000*0a
$GPRMC,080354.887,A,4831.3169,N,00744.2148,E,21.6,236.6,110826,,*3d
$GPGGA,080354.902,4831.3168,N,00744.2147,E,1,03,0.0,0.0,M,,,,0000*08
$GPRMC,080354.902,A,4831.3168,N,00744.2147,E,21.6,236.5,110826,,*3c
$GPGGA,080354.936,4831.3168,N,00744.2146,E,1,03,0.0,0.0,M,,,,0000*0e
$GPRMC,080354.936,A,4831.3168,N,00744.2146,E,21.6,236.4,110826,,*3b
$GPGGA,080354.952,4831.3167,N,00744.2144,E,1,03,0.0,0.0,M,,,,0000*01
$GPRMC,080354.952,A,4831.3167,N,00744.2144,E,21.6,236.2,110826,,*32
$GPGGA,080354.967,4831.3166,N,00744.2143,E,1,03,0.0,0.0,M,,,,0000*01
$GPRMC,080354.967,A,4831.3166,N,00744.2143,E,21.6,236.1,110826,,*31
$GPGGA,080354.980,4831.3166,N,00744.2142,E,1,03,0.0,0.0,M,,,,0000*09
$GPRMC,080354.980,A,4831.3166,N,00744.2142,E,21.6,236.0,110826,,*38
$GPGGA,080354.996,4831.3165,N,00744.2140,E,1,03,0.0,0.0,M,,,,0000*0f
$GPRMC,080354.996,A,4831.3165,N,00744.2140,E,21.6,235.8,110826,,*35
$GPGGA,080355.009,4831.3164,N,00744.2138,E,1,03,0.0,0.0,M,,,,0000*0f
$GPRMC,080355.009,A,4831.3164,N,00744.2138,E,21.6,235.6,110826,,*3b
$GPGGA,080355.026,4831.3164,N,00744.2137,E,1,03,0.0,0.0,M,,,,0000*0d
$GPRMC,080355.026,A,4831.3164,N,00744.2137,E,21.6,235.5,110826,,*3a
$GPGGA,080355.035,4831.3163,N,00744.2136,E,1,03,0.0,0.0,M,,,,0000*09
$GPRMC,080355.035,A,4831.3163,N,00744.2136,E,21.6,235.3,110826,,*38
$GPGGA,080355.051,4831.3163,N,00744.2135,E,1,03,0.0,0.0,M,,,,0000*08
$GPRMC,080355.051,A,4831.3163,N,00744.2135,E,21.6,235.2,110826,,*38
$GPGGA,080355.067,4831.3162,N,00744.2134,E,1,03,0.0,0.0,M,,,,0000*0d
$GPRMC,080355.067,A,4831.3162,N,00744.2134,E,21.6,235.0,110826,,*3f
$GPGGA,080355.083,4831.3161,N,00744.2132,E,1,03,0.0,0.0,M,,,,0000*02
$GPRMC,080355.083,A,4831.3161,N,00744.2132,E,21.6,234.8,110826,,*39
$GPGGA,080355.100,4831.3161,N,00744.2131,E,1,03,0.0,0.0,M,,,,0000*0b
$GPRMC,080355.100,A,4831.3161,N,00744.2131,E,21.6,234.6,110826,,*3e
$GPGGA,080355.136,4831.3160,N,00744.2130,E,1,03,0.0,0.0,M,,,,0000*0e
$GPRMC,080355.136,A,4831.3160,N,00744.2130,E,21.6,234.4,110826,,*39
$GPGGA,080355.152,4831.3159,N,00744.2127,E,1,03,0.0,0.0,M,,,,0000*00
$GPRMC,080355.152,A,4831.3159,N,00744.2127,E,21.6,234.0,110826,,*33
$GPGGA,080355.184,4831.3158,N,00744.2125,E,1,03,0.0,0.0,M,,,,0000*08
$GPRMC,080355.184,A,4831.3158,N,00744.2125,E,21.6,233.7,110826,,*3b
$GPGGA,080355.203,4831.3157,N,00744.2124,E,1,03,0.0,0.0,M,,,,0000*0a
$GPRMC,080355.203,A,4831.3157,N,00744.2124,E,21.6,233.4,110826,,*3a
$GPGGA,080355.221,4831.3156,N,00744.2121,E,1,03,0.0,0.0,M,,,,0000*0e
$GPRMC,080355.221,A,4831.3156,N,00744.2121,E,21.6,232.9,110826,,*32
$GPGGA,080355.236,4831.3155,N,00744.2120,E,1,03,0.0,0.0,M,,,,0000*0a
$GPRMC,080355.236,A,4831.3155,N,00744.2120,E,21.6,232.7,110826,,*38
$GPGGA,080355.268,4831.3155,N,00744.2119,E,1,03,0.0,0.0,M,,,,0000*0b
$GPRMC,080355.268,A,4831.3155,N,00744.2119,E,21.6,232.5,110826,,*3b
$GPGGA,080355.284,4831.3153,N,00744.2116,E,1,03,0.0,0.0,M,,,,0000*00
$GPRMC,080355.284,A,4831.3153,N,00744.2116,E,21.6,232.0,110826,,*35
$GPGGA,080355.301,4831.3152,N,00744.2115,E,1,03,0.0,0.0,M,,,,0000*0e
$GPRMC,080355.301,A,4831.3152,N,00744.2115,E,21.6,231.9,110826,,*31
$GPGGA,080355.317,4831.3152,N,00744.2113,E,1,03,0.0,0.0,M,,,,0000*0f
$GPRMC,080355.317,A,4831.3152,N,00744.2113,E,21.6,231.7,110826,,*3e
$GPGGA,080355.352,4831.3151,N,00744.2112,E,1,03,0.0,0.0,M,,,,0000*0c
$GPRMC,080355.352,A,4831.3151,N,00744.2112,E,21.6,231.6,110826,,*3c
$GPGGA,080355.374,4831.3149,N,00744.2109,E,1,03,0.0,0.0,M,,,,0000*0b
$GPRMC,080355.374,A,4831.3149,N,00744.2109,E,21.6,231.4,110826,,*39
$GPGGA,080355.389,4831.3149,N,00744.2108,E,1,03,0.0,0.0,M,,,,0000*08
$GPRMC,080355.389,A,4831.3149,N,00744.2108,E,21.6,231.3,110826,,*3d
$GPGGA,080355.400,4831.3148,N,00744.2106,E,1,03,0.0,0.0,M,,,,0000*01
$GPRMC,080355.400,A,4831.3148,N,00744.2106,E,21.6,231.2,110826,,*35
$GPGGA,080355.412,4831.3147,N,00744.2105,E,1,03,0.0,0.0,M,,,,0000*0e
$GPRMC,080355.412,A,4831.3147,N,00744.2105,E,21.6,231.1,110826,,*39
$GPGGA,080355.437,4831.3147,N,00744.2105,E,1,03,0.0,0.0,M,,,,0000*09
$GPRMC,080355.437,A,4831.3147,N,00744.2105,E,21.6,231.0,110826,,*3f
$GPGGA,080355.548,4831.3146,N,00744.2102,E,1,03,0.0,0.0,M,,,,0000*06
$GPRMC,080355.548,A,4831.3146,N,00744.2102,E,21.6,230.8,110826,,*39
$GPGGA,080355.583,4831.3141,N,00744.2093,E,1,03,0.0,0.0,M,,,,0000*0f
$GPRMC,080355.583,A,4831.3141,N,00744.2093,E,21.6,229.9,110826,,*39
$GPGGA,080355.594,4831.3140,N,00744.2092,E,1,03,0.0,0.0,M,,,,0000*09
$GPRMC,080355.594,A,4831.3140,N,00744.2092,E,21.6,229.8,110826,,*3e
$GPGGA,080355.607,4831.3139,N,00744.2091,E,1,03,0.0,0.0,M,,,,0000*0d
$GPRMC,080355.607,A,4831.3139,N,00744.2091,E,21.6,229.6,110826,,*34
$GPGGA,080355.620,4831.3139,N,00744.2090,E,1,03,0.0,0.0,M,,,,0000*09
$GPRMC,080355.620,A,4831.3139,N,00744.2090,E,21.6,229.5,110826,,*33
$GPGGA,080355.637,4831.3138,N,00744.2089,E,1,03,0.0,0.0,M,,,,0000*06
$GPRMC,080355.637,A,4831.3138,N,00744.2089,E,21.6,229.3,110826,,*3a
$GPGGA,080355.654,4831.3137,N,00744.2087,E,1,03,0.0,0.0,M,,,,0000*02
$GPRMC,080355.654,A,4831.3137,N,00744.2087,E,21.6,229.0,110826,,*3d
$GPGGA,080355.668,4831.3137,N,00744.2086,E,1,03,0.0,0.0,M,,,,0000*0c
$GPRMC,080355.668,A,4831.3137,N,00744.2086,E,21.6,228.9,110826,,*3b
$GPGGA,080355.701,4831.3136,N,00744.2085,E,1,03,0.0,0.0,M,,,,0000*00
$GPRMC,080355.701,A,4831.3136,N,00744.2085,E,21.6,228.7,110826,,*39
$GPGGA,080355.717,4831.3135,N,00744.2083,E,1,03,0.0,0.0,M,,,,0000*02
$GPRMC,080355.717,A,4831.3135,N,00744.2083,E,21.6,228.4,110826,,*38
$GPGGA,080355.733,4831.3134,N,00744.2082,E,1,03,0.0,0.0,M,,,,0000*04
$GPRMC,080355.733,A,4831.3134,N,00744.2082,E,21.6,228.2,110826,,*38
$GPGGA,080355.753,4831.3133,N,00744.2081,E,1,03,0.0,0.0,M,,,,0000*06
$GPRMC,080355.753,A,4831.3133,N,00744.2081,E,21.6,227.9,110826,,*3e
$GPGGA,080355.786,4831.3132,N,00744.2078,E,1,03,0.0,0.0,M,,,,0000*09
$GPRMC,080355.786,A,4831.3132,N,00744.2078,E,21.6,227.4,110826,,*3c
$GPGGA,080355.819,4831.3130,N,00744.2076,E,1,03,0.0,0.0,M,,,,0000*0c
$GPRMC,080355.819,A,4831.3130,N,00744.2076,E,21.6,226.9,110826,,*35
$GPGGA,080355.853,4831.3129,N,00744.2073,E,1,03,0.0,0.0,M,,,,0000*0f
$GPRMC,080355.853,A,4831.3129,N,00744.2073,E,21.6,226.4,110826,,*3b
$GPGGA,080355.869,4831.3128,N,00744.2072,E,1,03,0.0,0.0,M,,,,0000*06
$GPRMC,080355.869,A,4831.3128,N,00744.2072,E,21.6,226.2,110826,,*34
$GPGGA,080355.932,4831.3126,N,00744.2070,E,1,03,0.0,0.0,M,,,,0000*05
$GPRMC,080355.932,A,4831.3126,N,00744.2070,E,21.6,225.6,110826,,*30
$GPGGA,080355.934,4831.3124,N,00744.2066,E,1,03,0.0,0.0,M,,,,0000*06
$GPRMC,080355.934,A,4831.3124,N,00744.2066,E,21.6,224.9,110826,,*3d
$GPGGA,080355.957,4831.3123,N,00744.2065,E,1,03,0.0,0.0,M,,,,0000*07
$GPRMC,080355.957,A,4831.3123,N,00744.2065,E,21.6,224.9,110826,,*3c
$GPGGA,080355.969,4831.3123,N,00744.2064,E,1,03,0.0,0.0,M,,,,0000*0b
$GPRMC,080355.969,A,4831.3123,N,00744.2064,E,21.6,224.9,110826,,*30
$GPGGA,080356.002,4831.3122,N,00744.2062,E,1,03,0.0,0.0,M,,,,0000*0b
$GPRMC,080356.002,A,4831.3122,N,00744.2062,E,21.6,224.9,110826,,*30
$GPGGA,080356.018,4831.3121,N,00744.2061,E,1,03,0.0,0.0,M,,,,0000*00
$GPRMC,080356.018,A,4831.3121,N,00744.2061,E,21.6,224.8,110826,,*3a
$GPGGA,080356.050,4831.3119,N,00744.2059,E,1,03,0.0,0.0,M,,,,0000*0c
$GPRMC,080356.050,A,4831.3119,N,00744.2059,E,21.6,224.6,110826,,*38
$GPGGA,080356.087,4831.3118,N,00744.2056,E,1,03,0.0,0.0,M,,,,0000*08
$GPRMC,080356.087,A,4831.3118,N,00744.2056,E,21.6,224.4,110826,,*3e
$GPGGA,080356.118,4831.3116,N,00744.2054,E,1,03,0.0,0.0,M,,,,0000*03
$GPRMC,080356.118,A,4831.3116,N,00744.2054,E,21.6,224.2,110826,,*33
$GPGGA,080356.136,4831.3115,N,00744.2053,E,1,03,0.0,0.0,M,,,,0000*0b
$GPRMC,080356.136,A,4831.3115,N,00744.2053,E,21.6,224.1,110826,,*38
$GPGGA,080356.210,4831.3113,N,00744.2050,E,1,03,0.0,0.0,M,,,,0000*09
$GPRMC,080356.210,A,4831.3113,N,00744.2050,E,21.6,223.9,110826,,*35
$GPGGA,080356.221,4831.3110,N,00744.2046,E,1,03,0.0,0.0,M,,,,0000*0f
$GPRMC,080356.221,A,4831.3110,N,00744.2046,E,21.6,223.6,110826,,*3c
$GPGGA,080356.236,4831.3109,N,00744.2045,E,1,03,0.0,0.0,M,,,,0000*02
$GPRMC,080356.236,A,4831.3109,N,00744.2045,E,21.6,223.5,110826,,*32
$GPGGA,080356.268,4831.3108,N,00744.2044,E,1,03,0.0,0.0,M,,,,0000*09
$GPRMC,080356.268,A,4831.3108,N,00744.2044,E,21.6,223.4,110826,,*38
$GPGGA,080356.284,4831.3108,N,00744.2043,E,1,03,0.0,0.0,M,,,,0000*0c
$GPRMC,080356.284,A,4831.3108,N,00744.2043,E,21.6,223.3,110826,,*3a
$GPGGA,080356.304,4831.3107,N,00744.2042,E,1,03,0.0,0.0,M,,,,0000*0b
$GPRMC,080356.304,A,4831.3107,N,00744.2042,E,21.6,223.2,110826,,*3c
$GPGGA,080356.335,4831.3105,N,00744.2039,E,1,03,0.0,0.0,M,,,,0000*07
$GPRMC,080356.335,A,4831.3105,N,00744.2039,E,21.6,223.0,110826,,*32
$GPGGA,080356.353,4831.3104,N,00744.2037,E,1,03,0.0,0.0,M,,,,0000*08
$GPRMC,080356.353,A,4831.3104,N,00744.2037,E,21.6,222.8,110826,,*34
$GPGGA,080356.384,4831.3103,N,00744.2036,E,1,03,0.0,0.0,M,,,,0000*04
$GPRMC,080356.384,A,4831.3103,N,00744.2036,E,21.6,222.7,110826,,*37
$GPGGA,080356.400,4831.3102,N,00744.2034,E,1,03,0.0,0.0,M,,,,0000*0c
$GPRMC,080356.400,A,4831.3102,N,00744.2034,E,21.6,222.6,110826,,*3e
$GPGGA,080356.418,4831.3101,N,00744.2033,E,1,03,0.0,0.0,M,,,,0000*01
$GPRMC,080356.418,A,4831.3101,N,00744.2033,E,21.6,222.5,110826,,*30
$GPGGA,080356.453,4831.3100,N,00744.2031,E,1,03,0.0,0.0,M,,,,0000*0d
$GPRMC,080356.453,A,4831.3100,N,00744.2031,E,21.6,222.3,110826,,*3a
$GPGGA,080356.561,4831.3099,N,00744.2030,E,1,03,0.0,0.0,M,,,,0000*0d
$GPRMC,080356.561,A,4831.3099,N,00744.2030,E,21.6,222.2,110826,,*3b
$GPGGA,080356.602,4831.3092,N,00744.2022,E,1,03,0.0,0.0,M,,,,0000*03
$GPRMC,080356.602,A,4831.3092,N,00744.2022,E,21.6,221.2,110826,,*36
$GPGGA,080356.627,4831.3090,N,00744.2019,E,1,03,0.0,0.0,M,,,,0000*0e
$GPRMC,080356.627,A,4831.3090,N,00744.2019,E,21.6,220.6,110826,,*3e
$GPGGA,080356.639,4831.3089,N,00744.2018,E,1,03,0.0,0.0,M,,,,0000*08
$GPRMC,080356.639,A,4831.3089,N,00744.2018,E,21.6,220.5,110826,,*3b
$GPGGA,080356.651,4831.3088,N,00744.2017,E,1,03,0.0,0.0,M,,,,0000*08
$GPRMC,080356.651,A,4831.3088,N,00744.2017,E,21.6,220.3,110826,,*3d
$GPGGA,080356.667,4831.3088,N,00744.2016,E,1,03,0.0,0.0,M,,,,0000*0c
$GPRMC,080356.667,A,4831.3088,N,00744.2016,E,21.6,220.1,110826,,*3b
$GPGGA,080356.702,4831.3087,N,00744.2014,E,1,03,0.0,0.0,M,,,,0000*03
$GPRMC,080356.702,A,4831.3087,N,00744.2014,E,21.6,219.9,110826,,*36
$GPGGA,080356.721,4831.3085,N,00744.2013,E,1,03,0.0,0.0,M,,,,0000*07
$GPRMC,080356.721,A,4831.3085,N,00744.2013,E,21.6,219.6,110826,,*3d
$GPGGA,080356.737,4831.3084,N,00744.2011,E,1,03,0.0,0.0,M,,,,0000*03
$GPRMC,080356.737,A,4831.3084,N,00744.2011,E,21.6,219.3,110826,,*3c
$GPGGA,080356.769,4831.3083,N,00744.2010,E,1,03,0.0,0.0,M,,,,0000*0e
$GPRMC,080356.769,A,4831.3083,N,00744.2010,E,21.6,219.0,110826,,*32
$GPGGA,080356.787,4831.3082,N,00744.2009,E,1,03,0.0,0.0,M,,,,0000*07
$GPRMC,080356.787,A,4831.3082,N,00744.2009,E,21.6,218.8,110826,,*32
$GPGGA,080356.819,4831.3080,N,00744.2007,E,1,03,0.0,0.0,M,,,,0000*03
$GPRMC,080356.819,A,4831.3080,N,00744.2007,E,21.6,218.5,110826,,*3b
$GPGGA,080356.853,4831.3079,N,00744.2005,E,1,03,0.0,0.0,M,,,,0000*09
$GPRMC,080356.853,A,4831.3079,N,00744.2005,E,21.6,218.4,110826,,*30
$GPGGA,080356.870,4831.3077,N,00744.2003,E,1,03,0.0,0.0,M,,,,0000*00
$GPRMC,080356.870,A,4831.3077,N,00744.2003,E,21.6,218.1,110826,,*3c
$GPGGA,080356.903,4831.3076,N,00744.2002,E,1,03,0.0,0.0,M,,,,0000*05
$GPRMC,080356.903,A,4831.3076,N,00744.2002,E,21.6,218.1,110826,,*39
$GPGGA,080356.919,4831.3075,N,00744.2001,E,1,03,0.0,0.0,M,,,,0000*0e
$GPRMC,080356.919,A,4831.3075,N,00744.2001,E,21.6,217.9,110826,,*35
$GPGGA,080356.940,4831.3073,N,00744.1999,E,1,03,0.0,0.0,M,,,,0000*0f
$GPRMC,080356.940,A,4831.3073,N,00744.1999,E,21.6,217.8,110826,,*35
$GPGGA,080356.959,4831.3072,N,00744.1997,E,1,03,0.0,0.0,M,,,,0000*08
$GPRMC,080356.959,A,4831.3072,N,00744.1997,E,21.6,217.6,110826,,*3c
$GPGGA,080356.973,4831.3072,N,00744.1997,E,1,03,0.0,0.0,M,,,,0000*00
$GPRMC,080356.973,A,4831.3072,N,00744.1997,E,21.6,217.6,110826,,*34
$GPGGA,080357.003,4831.3071,N,00744.1996,E,1,03,0.0,0.0,M,,,,0000*0d
$GPRMC,080357.003,A,4831.3071,N,00744.1996,E,21.6,217.5,110826,,*3a
$GPGGA,080357.019,4831.3069,N,00744.1993,E,1,03,0.0,0.0,M,,,,0000*0a
$GPRMC,080357.019,A,4831.3069,N,00744.1993,E,21.6,217.2,110826,,*3a
$GPGGA,080357.034,4831.3068,N,00744.1992,E,1,03,0.0,0.0,M,,,,0000*05
$GPRMC,080357.034,A,4831.3068,N,00744.1992,E,21.6,217.1,110826,,*36
$GPGGA,080357.051,4831.3067,N,00744.1991,E,1,03,0.0,0.0,M,,,,0000*0a
$GPRMC,080357.051,A,4831.3067,N,00744.1991,E,21.6,216.9,110826,,*30
$GPGGA,080357.067,4831.3066,N,00744.1990,E,1,03,0.0,0.0,M,,,,0000*0f
$GPRMC,080357.067,A,4831.3066,N,00744.1990,E,21.6,216.8,110826,,*34
$GPGGA,080357.103,4831.3065,N,00744.1990,E,1,03,0.0,0.0,M,,,,0000*0f
$GPRMC,080357.103,A,4831.3065,N,00744.1990,E,21.6,216.7,110826,,*3b
$GPGGA,080357.135,4831.3063,N,00744.1987,E,1,03,0.0,0.0,M,,,,0000*0a
$GPRMC,080357.135,A,4831.3063,N,00744.1987,E,21.6,216.3,110826,,*3a
$GPGGA,080357.151,4831.3062,N,00744.1985,E,1,03,0.0,0.0,M,,,,0000*0b
$GPRMC,080357.151,A,4831.3062,N,00744.1985,E,21.6,216.0,110826,,*38
$GPGGA,080357.187,4831.3061,N,00744.1985,E,1,03,0.0,0.0,M,,,,0000*03
$GPRMC,080357.187,A,4831.3061,N,00744.1985,E,21.6,215.9,110826,,*3a
$GPGGA,080357.203,4831.3059,N,00744.1982,E,1,03,0.0,0.0,M,,,,0000*00
$GPRMC,080357.203,A,4831.3059,N,00744.1982,E,21.6,215.5,110826,,*35
$GPGGA,080357.219,4831.3058,N,00744.1981,E,1,03,0.0,0.0,M,,,,0000*09
$GPRMC,080357.219,A,4831.3058,N,00744.1981,E,21.6,215.3,110826,,*3a
$GPGGA,080357.251,4831.3057,N,00744.1980,E,1,03,0.0,0.0,M,,,,0000*0b
$GPRMC,080357.251,A,4831.3057,N,00744.1980,E,21.6,215.2,110826,,*39
$GPGGA,080357.268,4831.3056,N,00744.1980,E,1,03,0.0,0.0,M,,,,0000*00
$GPRMC,080357.268,A,4831.3056,N,00744.1980,E,21.6,215.0,110826,,*30
$GPGGA,080357.288,4831.3054,N,00744.1977,E,1,03,0.0,0.0,M,,,,0000*04
$GPRMC,080357.288,A,4831.3054,N,00744.1977,E,21.6,214.6,110826,,*33
$GPGGA,080357.319,4831.3053,N,00744.1977,E,1,03,0.0,0.0,M,,,,0000*0a
$GPRMC,080357.319,A,4831.3053,N,00744.1977,E,21.6,214.4,110826,,*3f
$GPGGA,080357.351,4831.3051,N,00744.1975,E,1,03,0.0,0.0,M,,,,0000*06
$GPRMC,080357.351,A,4831.3051,N,00744.1975,E,21.6,214.1,110826,,*36
$GPGGA,080357.368,4831.3050,N,00744.1973,E,1,03,0.0,0.0,M,,,,0000*0b
$GPRMC,080357.368,A,4831.3050,N,00744.1973,E,21.6,214.0,110826,,*3a
$GPGGA,080357.380,4831.3049,N,00744.1973,E,1,03,0.0,0.0,M,,,,0000*05
$GPRMC,080357.380,A,4831.3049,N,00744.1973,E,21.6,214.0,110826,,*34
$GPGGA,080357.396,4831.3048,N,00744.1971,E,1,03,0.0,0.0,M,,,,0000*01
$GPRMC,080357.396,A,4831.3048,N,00744.1971,E,21.6,213.9,110826,,*3e
$GPGGA,080357.437,4831.3047,N,00744.1970,E,1,03,0.0,0.0,M,,,,0000*03
$GPRMC,080357.437,A,4831.3047,N,00744.1970,E,21.6,213.8,110826,,*3d
$GPGGA,080357.453,4831.3046,N,00744.1969,E,1,03,0.0,0.0,M,,,,0000*08
$GPRMC,080357.453,A,4831.3046,N,00744.1969,E,21.6,213.7,110826,,*39
$GPGGA,080357.468,4831.3045,N,00744.1968,E,1,03,0.0,0.0,M,,,,0000*02
$GPRMC,080357.468,A,4831.3045,N,00744.1968,E,21.6,213.6,110826,,*32
$GPGGA,080357.504,4831.3043,N,00744.1966,E,1,03,0.0,0.0,M,,,,0000*01
$GPRMC,080357.504,A,4831.3043,N,00744.1966,E,21.6,213.3,110826,,*34
$GPGGA,080357.536,4831.3041,N,00744.1965,E,1,03,0.0,0.0,M,,,,0000*01
$GPRMC,080357.536,A,4831.3041,N,00744.1965,E,21.6,213.1,110826,,*36
$GPGGA,080357.552,4831.3040,N,00744.1964,E,1,03,0.0,0.0,M,,,,0000*03
$GPRMC,080357.552,A,4831.3040,N,00744.1964,E,21.6,213.0,110826,,*35
$GPGGA,080357.581,4831.3039,N,00744.1963,E,1,03,0.0,0.0,M,,,,0000*04
$GPRMC,080357.581,A,4831.3039,N,00744.1963,E,21.6,212.8,110826,,*3b
$GPGGA,080357.587,4831.3037,N,00744.1961,E,1,03,0.0,0.0,M,,,,0000*0e
$GPRMC,080357.587,A,4831.3037,N,00744.1961,E,21.6,212.6,110826,,*3f
$GPGGA,080357.616,4831.3036,N,00744.1960,E,1,03,0.0,0.0,M,,,,0000*05
$GPRMC,080357.616,A,4831.3036,N,00744.1960,E,21.6,212.4,110826,,*36
$GPGGA,080357.633,4831.3035,N,00744.1959,E,1,03,0.0,0.0,M,,,,0000*0b
$GPRMC,080357.633,A,4831.3035,N,00744.1959,E,21.6,212.3,110826,,*3f
$GPGGA,080357.649,4831.3034,N,00744.1959,E,1,03,0.0,0.0,M,,,,0000*07
$GPRMC,080357.649,A,4831.3034,N,00744.1959,E,21.6,212.2,110826,,*32
$GPGGA,080357.669,4831.3033,N,00744.1957,E,1,03,0.0,0.0,M,,,,0000*0c
$GPRMC,080357.669,A,4831.3033,N,00744.1957,E,21.6,212.1,110826,,*3a
$GPGGA,080357.772,4831.3031,N,00744.1956,E,1,03,0.0,0.0,M,,,,0000*04
$GPRMC,080357.772,A,4831.3031,N,00744.1956,E,21.6,211.8,110826,,*38
$GPGGA,080357.787,4831.3025,N,00744.1950,E,1,03,0.0,0.0,M,,,,0000*0d
$GPRMC,080357.787,A,4831.3025,N,00744.1950,E,21.6,210.9,110826,,*31
$GPGGA,080357.819,4831.3025,N,00744.1950,E,1,03,0.0,0.0,M,,,,0000*05
$GPRMC,080357.819,A,4831.3025,N,00744.1950,E,21.6,210.8,110826,,*38
$GPGGA,080357.835,4831.3023,N,00744.1949,E,1,03,0.0,0.0,M,,,,0000*05
$GPRMC,080357.835,A,4831.3023,N,00744.1949,E,21.6,210.5,110826,,*35
$GPGGA,080357.853,4831.3022,N,00744.1948,E,1,03,0.0,0.0,M,,,,0000*05
$GPRMC,080357.853,A,4831.3022,N,00744.1948,E,21.6,210.3,110826,,*33
$GPGGA,080357.885,4831.3020,N,00744.1946,E,1,03,0.0,0.0,M,,,,0000*02
$GPRMC,080357.885,A,4831.3020,N,00744.1946,E,21.6,209.9,110826,,*36
$GPGGA,080357.901,4831.3020,N,00744.1945,E,1,03,0.0,0.0,M,,,,0000*0c
$GPRMC,080357.901,A,4831.3020,N,00744.1945,E,21.6,209.8,110826,,*39
$GPGGA,080357.917,4831.3019,N,00744.1945,E,1,03,0.0,0.0,M,,,,0000*01
$GPRMC,080357.917,A,4831.3019,N,00744.1945,E,21.6,209.6,110826,,*3a
$GPGGA,080357.917,4831.3018,N,00744.1944,E,1,03,0.0,0.0,M,,,,0000*01
$GPRMC,080357.917,A,4831.3018,N,00744.1944,E,21.6,209.5,110826,,*39
$GPGGA,080357.917,4831.3017,N,00744.1943,E,1,03,0.0,0.0,M,,,,0000*09
$GPRMC,080357.917,A,4831.3017,N,00744.1943,E,21.6,209.3,110826,,*37
$GPGGA,080357.937,4831.3017,N,00744.1943,E,1,03,0.0,0.0,M,,,,0000*0b
$GPRMC,080357.937,A,4831.3017,N,00744.1943,E,21.6,209.2,110826,,*34
$GPGGA,080357.970,4831.3016,N,00744.1942,E,1,03,0.0,0.0,M,,,,0000*08
$GPRMC,080357.970,A,4831.3016,N,00744.1942,E,21.6,209.0,110826,,*35
$GPGGA,080358.002,4831.3014,N,00744.1941,E,1,03,0.0,0.0,M,,,,0000*0a
$GPRMC,080358.002,A,4831.3014,N,00744.1941,E,21.6,208.5,110826,,*33
$GPGGA,080358.020,4831.3013,N,00744.1940,E,1,03,0.0,0.0,M,,,,0000*0c
$GPRMC,080358.020,A,4831.3013,N,00744.1940,E,21.6,208.3,110826,,*33
$GPGGA,080358.052,4831.3011,N,00744.1938,E,1,03,0.0,0.0,M,,,,0000*04
$GPRMC,080358.052,A,4831.3011,N,00744.1938,E,21.6,207.7,110826,,*30
$GPGGA,080358.070,4831.3010,N,00744.1938,E,1,03,0.0,0.0,M,,,,0000*05
$GPRMC,080358.070,A,4831.3010,N,00744.1938,E,21.6,207.6,110826,,*30
$GPGGA,080358.086,4831.3008,N,00744.1936,E,1,03,0.0,0.0,M,,,,0000*0b
$GPRMC,080358.086,A,4831.3008,N,00744.1936,E,21.6,207.4,110826,,*3c
$GPGGA,080358.117,4831.3006,N,00744.1935,E,1,03,0.0,0.0,M,,,,0000*0f
$GPRMC,080358.117,A,4831.3006,N,00744.1935,E,21.6,207.2,110826,,*3e
$GPGGA,080358.132,4831.3006,N,00744.1934,E,1,03,0.0,0.0,M,,,,0000*09
$GPRMC,080358.132,A,4831.3006,N,00744.1934,E,21.6,207.1,110826,,*3b
$GPGGA,080358.152,4831.3004,N,00744.1933,E,1,03,0.0,0.0,M,,,,0000*0a
$GPRMC,080358.152,A,4831.3004,N,00744.1933,E,21.6,206.9,110826,,*31
$GPGGA,080358.170,4831.3003,N,00744.1932,E,1,03,0.0,0.0,M,,,,0000*0c
$GPRMC,080358.170,A,4831.3003,N,00744.1932,E,21.6,206.7,110826,,*39
$GPGGA,080358.186,4831.3001,N,00744.1931,E,1,03,0.0,0.0,M,,,,0000*04
$GPRMC,080358.186,A,4831.3001,N,00744.1931,E,21.6,206.6,110826,,*30
$GPGGA,080358.202,4831.3000,N,00744.1931,E,1,03,0.0,0.0,M,,,,0000*0a
$GPRMC,080358.202,A,4831.3000,N,00744.1931,E,21.6,206.4,110826,,*3c
$GPGGA,080358.233,4831.3000,N,00744.1930,E,1,03,0.0,0.0,M,,,,0000*09
$GPRMC,080358.233,A,4831.3000,N,00744.1930,E,21.6,206.3,110826,,*38
$GPGGA,080358.253,4831.2998,N,00744.1929,E,1,03,0.0,0.0,M,,,,0000*0e
$GPRMC,080358.253,A,4831.2998,N,00744.1929,E,21.6,206.1,110826,,*3d
$GPGGA,080358.284,4831.2997,N,00744.1928,E,1,03,0.0,0.0,M,,,,0000*0a
$GPRMC,080358.284,A,4831.2997,N,00744.1928,E,21.6,205.9,110826,,*32
$GPGGA,080358.303,4831.2996,N,00744.1927,E,1,03,0.0,0.0,M,,,,0000*0a
$GPRMC,080358.303,A,4831.2996,N,00744.1927,E,21.6,205.8,110826,,*33
$GPGGA,080358.319,4831.2994,N,00744.1926,E,1,03,0.0,0.0,M,,,,0000*02
$GPRMC,080358.319,A,4831.2994,N,00744.1926,E,21.6,205.5,110826,,*36
$GPGGA,080358.350,4831.2992,N,00744.1925,E,1,03,0.0,0.0,M,,,,0000*0a
$GPRMC,080358.350,A,4831.2992,N,00744.1925,E,21.6,205.3,110826,,*38
$GPGGA,080358.369,4831.2991,N,00744.1924,E,1,03,0.0,0.0,M,,,,0000*02
$GPRMC,080358.369,A,4831.2991,N,00744.1924,E,21.6,205.1,110826,,*32
$GPGGA,080358.383,4831.2991,N,00744.1923,E,1,03,0.0,0.0,M,,,,0000*01
$GPRMC,080358.383,A,4831.2991,N,00744.1923,E,21.6,205.0,110826,,*30
$GPGGA,080358.404,4831.2989,N,00744.1922,E,1,03,0.0,0.0,M,,,,0000*01
$GPRMC,080358.404,A,4831.2989,N,00744.1922,E,21.6,204.8,110826,,*39
$GPGGA,080358.404,4831.2988,N,00744.1922,E,1,03,0.0,0.0,M,,,,0000*00
$GPRMC,080358.404,A,4831.2988,N,00744.1922,E,21.6,204.7,110826,,*37
$GPGGA,080358.420,4831.2988,N,00744.1922,E,1,03,0.0,0.0,M,,,,0000*06
$GPRMC,080358.420,A,4831.2988,N,00744.1922,E,21.6,204.6,110826,,*30
$GPGGA,080358.450,4831.2986,N,00744.1920,E,1,03,0.0,0.0,M,,,,0000*0d
$GPRMC,080358.450,A,4831.2986,N,00744.1920,E,21.6,204.3,110826,,*3e
$GPGGA,080358.470,4831.2985,N,00744.1920,E,1,03,0.0,0.0,M,,,,0000*0c
$GPRMC,080358.470,A,4831.2985,N,00744.1920,E,21.6,204.1,110826,,*3d
$GPGGA,080358.574,4831.2983,N,00744.1918,E,1,03,0.0,0.0,M,,,,0000*04
$GPRMC,080358.574,A,4831.2983,N,00744.1918,E,21.6,203.7,110826,,*34
$GPGGA,080358.606,4831.2977,N,00744.1915,E,1,03,0.0,0.0,M,,,,0000*04
$GPRMC,080358.606,A,4831.2977,N,00744.1915,E,21.6,202.1,110826,,*33
$GPGGA,080358.635,4831.2975,N,00744.1914,E,1,03,0.0,0.0,M,,,,0000*07
$GPRMC,080358.635,A,4831.2975,N,00744.1914,E,21.6,201.6,110826,,*34
$GPGGA,080358.662,4831.2973,N,00744.1912,E,1,03,0.0,0.0,M,,,,0000*05
$GPRMC,080358.662,A,4831.2973,N,00744.1912,E,21.6,201.0,110826,,*30
$GPGGA,080358.691,4831.2972,N,00744.1911,E,1,03,0.0,0.0,M,,,,0000*0b
$GPRMC,080358.691,A,4831.2972,N,00744.1911,E,21.6,200.6,110826,,*39
$GPGGA,080358.752,4831.2969,N,00744.1910,E,1,03,0.0,0.0,M,,,,0000*0e
$GPRMC,080358.752,A,4831.2969,N,00744.1910,E,21.6,200.0,110826,,*3a
$GPGGA,080358.774,4831.2965,N,00744.1908,E,1,03,0.0,0.0,M,,,,0000*0f
$GPRMC,080358.774,A,4831.2965,N,00744.1908,E,21.6,199.5,110826,,*3d
$GPGGA,080358.799,4831.2964,N,00744.1907,E,1,03,0.0,0.0,M,,,,0000*02
$GPRMC,080358.799,A,4831.2964,N,00744.1907,E,21.6,199.4,110826,,*31
$GPGGA,080358.820,4831.2964,N,00744.1907,E,1,03,0.0,0.0,M,,,,0000*0f
$GPRMC,080358.820,A,4831.2964,N,00744.1907,E,21.6,199.4,110826,,*3c
$GPGGA,080358.836,4831.2962,N,00744.1906,E,1,03,0.0,0.0,M,,,,0000*0f
$GPRMC,080358.836,A,4831.2962,N,00744.1906,E,21.6,199.3,110826,,*3b
$GPGGA,080358.853,4831.2961,N,00744.1906,E,1,03,0.0,0.0,M,,,,0000*0f
$GPRMC,080358.853,A,4831.2961,N,00744.1906,E,21.6,199.3,110826,,*3b
$GPGGA,080358.887,4831.2959,N,00744.1905,E,1,03,0.0,0.0,M,,,,0000*0e
$GPRMC,080358.887,A,4831.2959,N,00744.1905,E,21.6,199.2,110826,,*3b
$GPGGA,080358.919,4831.2957,N,00744.1903,E,1,03,0.0,0.0,M,,,,0000*00
$GPRMC,080358.919,A,4831.2957,N,00744.1903,E,21.6,199.1,110826,,*36
$GPGGA,080358.953,4831.2954,N,00744.1902,E,1,03,0.0,0.0,M,,,,0000*0c
$GPRMC,080358.953,A,4831.2954,N,00744.1902,E,21.6,199.0,110826,,*3b
$GPGGA,080358.969,4831.2953,N,00744.1901,E,1,03,0.0,0.0,M,,,,0000*01
$GPRMC,080358.969,A,4831.2953,N,00744.1901,E,21.6,198.9,110826,,*3e
$GPGGA,080359.001,4831.2951,N,00744.1901,E,1,03,0.0,0.0,M,,,,0000*05
$GPRMC,080359.001,A,4831.2951,N,00744.1901,E,21.6,198.8,110826,,*3b
$GPGGA,080359.016,4831.2950,N,00744.1900,E,1,03,0.0,0.0,M,,,,0000*03
$GPRMC,080359.016,A,4831.2950,N,00744.1900,E,21.6,198.8,110826,,*3d
$GPGGA,080359.033,4831.2949,N,00744.1899,E,1,03,0.0,0.0,M,,,,0000*0d
$GPRMC,080359.033,A,4831.2949,N,00744.1899,E,21.6,198.7,110826,,*3c
$GPGGA,080359.048,4831.2947,N,00744.1899,E,1,03,0.0,0.0,M,,,,0000*0f
$GPRMC,080359.048,A,4831.2947,N,00744.1899,E,21.6,198.6,110826,,*3f
$GPGGA,080359.089,4831.2946,N,00744.1898,E,1,03,0.0,0.0,M,,,,0000*02
$GPRMC,080359.089,A,4831.2946,N,00744.1898,E,21.6,198.5,110826,,*31
$GPGGA,080359.125,4831.2944,N,00744.1897,E,1,03,0.0,0.0,M,,,,0000*08
$GPRMC,080359.125,A,4831.2944,N,00744.1897,E,21.6,198.4,110826,,*3a
$GPGGA,080359.153,4831.2943,N,00744.1896,E,1,03,0.0,0.0,M,,,,0000*0f
$GPRMC,080359.153,A,4831.2943,N,00744.1896,E,21.6,198.3,110826,,*3a
$GPGGA,080359.170,4831.2941,N,00744.1896,E,1,03,0.0,0.0,M,,,,0000*0c
$GPRMC,080359.170,A,4831.2941,N,00744.1896,E,21.6,198.2,110826,,*38
$GPGGA,080359.186,4831.2939,N,00744.1895,E,1,03,0.0,0.0,M,,,,0000*09
$GPRMC,080359.186,A,4831.2939,N,00744.1895,E,21.6,198.0,110826,,*3f
$GPGGA,080359.205,4831.2938,N,00744.1894,E,1,03,0.0,0.0,M,,,,0000*01
$GPRMC,080359.205,A,4831.2938,N,00744.1894,E,21.6,197.9,110826,,*31
$GPGGA,080359.221,4831.2936,N,00744.1893,E,1,03,0.0,0.0,M,,,,0000*0e
$GPRMC,080359.221,A,4831.2936,N,00744.1893,E,21.6,197.8,110826,,*3f
$GPGGA,080359.237,4831.2935,N,00744.1893,E,1,03,0.0,0.0,M,,,,0000*0a
$GPRMC,080359.237,A,4831.2935,N,00744.1893,E,21.6,197.7,110826,,*34
$GPGGA,080359.269,4831.2934,N,00744.1892,E,1,03,0.0,0.0,M,,,,0000*01
$GPRMC,080359.269,A,4831.2934,N,00744.1892,E,21.6,197.6,110826,,*3e
$GPGGA,080359.300,4831.2932,N,00744.1891,E,1,03,0.0,0.0,M,,,,0000*0a
$GPRMC,080359.300,A,4831.2932,N,00744.1891,E,21.6,197.4,110826,,*37
$GPGGA,080359.321,4831.2930,N,00744.1891,E,1,03,0.0,0.0,M,,,,0000*0b
$GPRMC,080359.321,A,4831.2930,N,00744.1891,E,21.6,197.2,110826,,*30
$GPGGA,080359.354,4831.2929,N,00744.1890,E,1,03,0.0,0.0,M,,,,0000*00
$GPRMC,080359.354,A,4831.2929,N,00744.1890,E,21.6,197.1,110826,,*38
$GPGGA,080359.387,4831.2927,N,00744.1889,E,1,03,0.0,0.0,M,,,,0000*08
$GPRMC,080359.387,A,4831.2927,N,00744.1889,E,21.6,196.8,110826,,*38
$GPGGA,080359.419,4831.2924,N,00744.1888,E,1,03,0.0,0.0,M,,,,0000*0a
$GPRMC,080359.419,A,4831.2924,N,00744.1888,E,21.6,196.5,110826,,*37
$GPGGA,080359.436,4831.2922,N,00744.1887,E,1,03,0.0,0.0,M,,,,0000*0e
$GPRMC,080359.436,A,4831.2922,N,00744.1887,E,21.6,196.3,110826,,*35
$GPGGA,080359.466,4831.2921,N,00744.1887,E,1,03,0.0,0.0,M,,,,0000*08
$GPRMC,080359.466,A,4831.2921,N,00744.1887,E,21.6,196.1,110826,,*31
$GPGGA,080359.585,4831.2919,N,00744.1886,E,1,03,0.0,0.0,M,,,,0000*0e
$GPRMC,080359.585,A,4831.2919,N,00744.1886,E,21.6,195.9,110826,,*3c
$GPGGA,080359.601,4831.2911,N,00744.1882,E,1,03,0.0,0.0,M,,,,0000*0d
$GPRMC,080359.601,A,4831.2911,N,00744.1882,E,21.6,195.1,110826,,*37
$GPGGA,080359.631,4831.2910,N,00744.1882,E,1,03,0.0,0.0,M,,,,0000*0f
$GPRMC,080359.631,A,4831.2910,N,00744.1882,E,21.6,195.1,110826,,*35
$GPGGA,080359.647,4831.2910,N,00744.1882,E,1,03,0.0,0.0,M,,,,0000*0e
$GPRMC,080359.647,A,4831.2910,N,00744.1882,E,21.6,195.0,110826,,*35
$GPGGA,080359.676,4831.2908,N,00744.1881,E,1,03,0.0,0.0,M,,,,0000*06
$GPRMC,080359.676,A,4831.2908,N,00744.1881,E,21.6,195.0,110826,,*3d
$GPGGA,080359.690,4831.2906,N,00744.1880,E,1,03,0.0,0.0,M,,,,0000*01
$GPRMC,080359.690,A,4831.2906,N,00744.1880,E,21.6,194.9,110826,,*32
$GPGGA,080359.702,4831.2905,N,00744.1880,E,1,03,0.0,0.0,M,,,,0000*08
$GPRMC,080359.702,A,4831.2905,N,00744.1880,E,21.6,194.8,110826,,*3a
$GPGGA,080359.718,4831.2903,N,00744.1879,E,1,03,0.0,0.0,M,,,,0000*03
$GPRMC,080359.718,A,4831.2903,N,00744.1879,E,21.6,194.7,110826,,*3e
$GPGGA,080359.736,4831.2903,N,00744.1879,E,1,03,0.0,0.0,M,,,,0000*0f
$GPRMC,080359.736,A,4831.2903,N,00744.1879,E,21.6,194.7,110826,,*32
$GPGGA,080359.754,4831.2902,N,00744.1879,E,1,03,0.0,0.0,M,,,,0000*0a
$GPRMC,080359.754,A,4831.2902,N,00744.1879,E,21.6,194.6,110826,,*36
$GPGGA,080359.788,4831.2900,N,00744.1878,E,1,03,0.0,0.0,M,,,,0000*08
$GPRMC,080359.788,A,4831.2900,N,00744.1878,E,21.6,194.5,110826,,*37
$GPGGA,080359.820,4831.2898,N,00744.1877,E,1,03,0.0,0.0,M,,,,0000*0a
$GPRMC,080359.820,A,4831.2898,N,00744.1877,E,21.6,194.3,110826,,*33
$GPGGA,080359.851,4831.2896,N,00744.1877,E,1,03,0.0,0.0,M,,,,0000*02
$GPRMC,080359.851,A,4831.2896,N,00744.1877,E,21.6,194.1,110826,,*39
$GPGGA,080359.868,4831.2895,N,00744.1876,E,1,03,0.0,0.0,M,,,,0000*0a
$GPRMC,080359.868,A,4831.2895,N,00744.1876,E,21.6,194.1,110826,,*31
$GPGGA,080359.903,4831.2893,N,00744.1876,E,1,03,0.0,0.0,M,,,,0000*00
$GPRMC,080359.903,A,4831.2893,N,00744.1876,E,21.6,193.9,110826,,*34
$GPGGA,080359.936,4831.2890,N,00744.1875,E,1,03,0.0,0.0,M,,,,0000*06
$GPRMC,080359.936,A,4831.2890,N,00744.1875,E,21.6,193.7,110826,,*3c
$GPGGA,080359.952,4831.2888,N,00744.1874,E,1,03,0.0,0.0,M,,,,0000*0c
$GPRMC,080359.952,A,4831.2888,N,00744.1874,E,21.6,193.5,110826,,*34
$GPGGA,080359.977,4831.2887,N,00744.1874,E,1,03,0.0,0.0,M,,,,0000*04
$GPRMC,080359.977,A,4831.2887,N,00744.1874,E,21.6,193.4,110826,,*3d
$GPGGA,080359.991,4831.2886,N,00744.1873,E,1,03,0.0,0.0,M,,,,0000*0a
$GPRMC,080359.991,A,4831.2886,N,00744.1873,E,21.6,193.3,110826,,*34
$GPGGA,080400.004,4831.2885,N,00744.1873,E,1,03,0.0,0.0,M,,,,0000*07
$GPRMC,080400.004,A,4831.2885,N,00744.1873,E,21.6,193.2,110826,,*38
$GPGGA,080400.021,4831.2884,N,00744.1872,E,1,03,0.0,0.0,M,,,,0000*00
$GPRMC,080400.021,A,4831.2884,N,00744.1872,E,21.6,193.1,110826,,*3c
$GPGGA,080400.052,4831.2883,N,00744.1872,E,1,03,0.0,0.0,M,,,,0000*03
$GPRMC,080400.052,A,4831.2883,N,00744.1872,E,21.6,193.0,110826,,*3e
$GPGGA,080400.068,4831.2882,N,00744.1872,E,1,03,0.0,0.0,M,,,,0000*0b
$GPRMC,080400.068,A,4831.2882,N,00744.1872,E,21.6,192.9,110826,,*3e
$GPGGA,080400.086,4831.2880,N,00744.1871,E,1,03,0.0,0.0,M,,,,0000*0a
$GPRMC,080400.086,A,4831.2880,N,00744.1871,E,21.6,192.7,110826,,*31
$GPGGA,080400.104,4831.2879,N,00744.1871,E,1,03,0.0,0.0,M,,,,0000*07
$GPRMC,080400.104,A,4831.2879,N,00744.1871,E,21.6,192.6,110826,,*3d
$GPGGA,080400.137,4831.2877,N,00744.1870,E,1,03,0.0,0.0,M,,,,0000*08
$GPRMC,080400.137,A,4831.2877,N,00744.1870,E,21.6,192.4,110826,,*30
$GPGGA,080400.169,4831.2875,N,00744.1870,E,1,03,0.0,0.0,M,,,,0000*01
$GPRMC,080400.169,A,4831.2875,N,00744.1870,E,21.6,192.1,110826,,*3c
$GPGGA,080400.190,4831.2874,N,00744.1869,E,1,03,0.0,0.0,M,,,,0000*0e
$GPRMC,080400.190,A,4831.2874,N,00744.1869,E,21.6,191.9,110826,,*38
$GPGGA,080400.213,4831.2872,N,00744.1869,E,1,03,0.0,0.0,M,,,,0000*00
$GPRMC,080400.213,A,4831.2872,N,00744.1869,E,21.6,191.7,110826,,*38
$GPGGA,080400.222,4831.2871,N,00744.1868,E,1,03,0.0,0.0,M,,,,0000*00
$GPRMC,080400.222,A,4831.2871,N,00744.1868,E,21.6,191.5,110826,,*3a
$GPGGA,080400.244,4831.2869,N,00744.1868,E,1,03,0.0,0.0,M,,,,0000*09
$GPRMC,080400.244,A,4831.2869,N,00744.1868,E,21.6,191.3,110826,,*35
$GPGGA,080400.259,4831.2868,N,00744.1868,E,1,03,0.0,0.0,M,,,,0000*04
$GPRMC,080400.259,A,4831.2868,N,00744.1868,E,21.6,191.2,110826,,*39
$GPGGA,080400.269,4831.2868,N,00744.1867,E,1,03,0.0,0.0,M,,,,0000*08
$GPRMC,080400.269,A,4831.2868,N,00744.1867,E,21.6,191.1,110826,,*36
$GPGGA,080400.285,4831.2866,N,00744.1867,E,1,03,0.0,0.0,M,,,,0000*04
$GPRMC,080400.285,A,4831.2866,N,00744.1867,E,21.6,190.8,110826,,*32
$GPGGA,080400.306,4831.2865,N,00744.1867,E,1,03,0.0,0.0,M,,,,0000*0d
$GPRMC,080400.306,A,4831.2865,N,00744.1867,E,21.6,190.7,110826,,*34
$GPGGA,080400.337,4831.2864,N,00744.1866,E,1,03,0.0,0.0,M,,,,0000*0f
$GPRMC,080400.337,A,4831.2864,N,00744.1866,E,21.6,190.4,110826,,*35
$GPGGA,080400.353,4831.2863,N,00744.1866,E,1,03,0.0,0.0,M,,,,0000*0a
$GPRMC,080400.353,A,4831.2863,N,00744.1866,E,21.6,190.3,110826,,*37
$GPGGA,080400.369,4831.2862,N,00744.1866,E,1,03,0.0,0.0,M,,,,0000*02
$GPRMC,080400.369,A,4831.2862,N,00744.1866,E,21.6,190.1,110826,,*3d
$GPGGA,080400.369,4831.2860,N,00744.1865,E,1,03,0.0,0.0,M,,,,0000*03
$GPRMC,080400.369,A,4831.2860,N,00744.1865,E,21.6,189.8,110826,,*3d
$GPGGA,080400.392,4831.2859,N,00744.1865,E,1,03,0.0,0.0,M,,,,0000*0d
$GPRMC,080400.392,A,4831.2859,N,00744.1865,E,21.6,189.8,110826,,*33
$GPGGA,080400.412,4831.2859,N,00744.1865,E,1,03,0.0,0.0,M,,,,0000*02
$GPRMC,080400.412,A,4831.2859,N,00744.1865,E,21.6,189.7,110826,,*33
$GPGGA,080400.437,4831.2857,N,00744.1865,E,1,03,0.0,0.0,M,,,,0000*0b
$GPRMC,080400.437,A,4831.2857,N,00744.1865,E,21.6,189.5,110826,,*38
$GPGGA,080400.454,4831.2856,N,00744.1864,E,1,03,0.0,0.0,M,,,,0000*0e
$GPRMC,080400.454,A,4831.2856,N,00744.1864,E,21.6,189.4,110826,,*3c
$GPGGA,080400.486,4831.2854,N,00744.1864,E,1,03,0.0,0.0,M,,,,0000*03
$GPRMC,080400.486,A,4831.2854,N,00744.1864,E,21.6,189.2,110826,,*37
$GPGGA,080400.506,4831.2852,N,00744.1864,E,1,03,0.0,0.0,M,,,,0000*0c
$GPRMC,080400.506,A,4831.2852,N,00744.1864,E,21.6,189.0,110826,,*3a
$GPGGA,080400.522,4831.2850,N,00744.1863,E,1,03,0.0,0.0,M,,,,0000*0f
$GPRMC,080400.522,A,4831.2850,N,00744.1863,E,21.6,188.8,110826,,*30
$GPGGA,080400.538,4831.2850,N,00744.1863,E,1,03,0.0,0.0,M,,,,0000*04
$GPRMC,080400.538,A,4831.2850,N,00744.1863,E,21.6,188.7,110826,,*34
$GPGGA,080400.577,4831.2848,N,00744.1863,E,1,03,0.0,0.0,M,,,,0000*06
$GPRMC,080400.577,A,4831.2848,N,00744.1863,E,21.6,188.6,110826,,*37
$GPGGA,080400.587,4831.2846,N,00744.1862,E,1,03,0.0,0.0,M,,,,0000*06
$GPRMC,080400.587,A,4831.2846,N,00744.1862,E,21.6,188.4,110826,,*35
$GPGGA,080400.621,4831.2845,N,00744.1862,E,1,03,0.0,0.0,M,,,,0000*0a
$GPRMC,080400.621,A,4831.2845,N,00744.1862,E,21.6,188.2,110826,,*3f
$GPGGA,080400.637,4831.2843,N,00744.1862,E,1,03,0.0,0.0,M,,,,0000*0b
$GPRMC,080400.637,A,4831.2843,N,00744.1862,E,21.6,188.0,110826,,*3c
$GPGGA,080400.670,4831.2842,N,00744.1862,E,1,03,0.0,0.0,M,,,,0000*09
$GPRMC,080400.670,A,4831.2842,N,00744.1862,E,21.6,187.9,110826,,*38
$GPGGA,080400.688,4831.2841,N,00744.1861,E,1,03,0.0,0.0,M,,,,0000*0e
$GPRMC,080400.688,A,4831.2841,N,00744.1861,E,21.6,187.8,110826,,*3e
$GPGGA,080400.704,4831.2838,N,00744.1861,E,1,03,0.0,0.0,M,,,,0000*05
$GPRMC,080400.704,A,4831.2838,N,00744.1861,E,21.6,187.5,110826,,*38
$GPGGA,080400.726,4831.2837,N,00744.1861,E,1,03,0.0,0.0,M,,,,0000*0a
$GPRMC,080400.726,A,4831.2837,N,00744.1861,E,21.6,187.4,110826,,*36
$GPGGA,080400.745,4831.2836,N,00744.1860,E,1,03,0.0,0.0,M,,,,0000*0f
$GPRMC,080400.745,A,4831.2836,N,00744.1860,E,21.6,187.3,110826,,*34
$GPGGA,080400.861,4831.2835,N,00744.1860,E,1,03,0.0,0.0,M,,,,0000*05
$GPRMC,080400.861,A,4831.2835,N,00744.1860,E,21.6,187.2,110826,,*3f
$GPGGA,080400.884,4831.2827,N,00744.1859,E,1,03,0.0,0.0,M,,,,0000*07
$GPRMC,080400.884,A,4831.2827,N,00744.1859,E,21.6,186.0,110826,,*3e
$GPGGA,080400.966,4831.2826,N,00744.1859,E,1,03,0.0,0.0,M,,,,0000*0b
$GPRMC,080400.966,A,4831.2826,N,00744.1859,E,21.6,185.7,110826,,*36
$GPGGA,080400.986,4831.2820,N,00744.1858,E,1,03,0.0,0.0,M,,,,0000*02
$GPRMC,080400.986,A,4831.2820,N,00744.1858,E,21.6,184.5,110826,,*3c
$GPGGA,080401.019,4831.2819,N,00744.1858,E,1,03,0.0,0.0,M,,,,0000*06
$GPRMC,080401.019,A,4831.2819,N,00744.1858,E,21.6,184.3,110826,,*3e
$GPGGA,080401.041,4831.2816,N,00744.1858,E,1,03,0.0,0.0,M,,,,0000*04
$GPRMC,080401.041,A,4831.2816,N,00744.1858,E,21.6,183.6,110826,,*3e
$GPGGA,080401.055,4831.2815,N,00744.1858,E,1,03,0.0,0.0,M,,,,0000*02
$GPRMC,080401.055,A,4831.2815,N,00744.1858,E,21.6,183.4,110826,,*3a
$GPGGA,080401.071,4831.2813,N,00744.1858,E,1,03,0.0,0.0,M,,,,0000*02
$GPRMC,080401.071,A,4831.2813,N,00744.1858,E,21.6,183.1,110826,,*3f
$GPGGA,080401.088,4831.2812,N,00744.1858,E,1,03,0.0,0.0,M,,,,0000*05
$GPRMC,080401.088,A,4831.2812,N,00744.1858,E,21.6,183.1,110826,,*38
$GPGGA,080401.120,4831.2811,N,00744.1857,E,1,03,0.0,0.0,M,,,,0000*0a
$GPRMC,080401.120,A,4831.2811,N,00744.1857,E,21.6,182.9,110826,,*3e
$GPGGA,080401.152,4831.2809,N,00744.1857,E,1,03,0.0,0.0,M,,,,0000*06
$GPRMC,080401.152,A,4831.2809,N,00744.1857,E,21.6,182.7,110826,,*3c
$GPGGA,080401.171,4831.2807,N,00744.1857,E,1,03,0.0,0.0,M,,,,0000*09
$GPRMC,080401.171,A,4831.2807,N,00744.1857,E,21.6,182.5,110826,,*31
$GPGGA,080401.187,4831.2806,N,00744.1857,E,1,03,0.0,0.0,M,,,,0000*01
$GPRMC,080401.187,A,4831.2806,N,00744.1857,E,21.6,182.4,110826,,*38
$GPGGA,080401.205,4831.2805,N,00744.1857,E,1,03,0.0,0.0,M,,,,0000*0b
$GPRMC,080401.205,A,4831.2805,N,00744.1857,E,21.6,182.3,110826,,*35
$GPGGA,080401.236,4831.2803,N,00744.1857,E,1,03,0.0,0.0,M,,,,0000*0d
$GPRMC,080401.236,A,4831.2803,N,00744.1857,E,21.6,182.1,110826,,*31
$GPGGA,080401.256,4831.2802,N,00744.1857,E,1,03,0.0,0.0,M,,,,0000*0a
$GPRMC,080401.256,A,4831.2802,N,00744.1857,E,21.6,182.0,110826,,*37
$GPGGA,080401.272,4831.2800,N,00744.1857,E,1,03,0.0,0.0,M,,,,0000*0e
$GPRMC,080401.272,A,4831.2800,N,00744.1857,E,21.6,181.8,110826,,*38
$GPGGA,080401.289,4831.2799,N,00744.1857,E,1,03,0.0,0.0,M,,,,0000*05
$GPRMC,080401.289,A,4831.2799,N,00744.1857,E,21.6,181.7,110826,,*3c
$GPGGA,080401.321,4831.2798,N,00744.1857,E,1,03,0.0,0.0,M,,,,0000*07
$GPRMC,080401.321,A,4831.2798,N,00744.1857,E,21.6,181.6,110826,,*3f
$GPGGA,080401.353,4831.2796,N,00744.1857,E,1,03,0.0,0.0,M,,,,0000*0c
$GPRMC,080401.353,A,4831.2796,N,00744.1857,E,21.6,181.4,110826,,*36
$GPGGA,080401.368,4831.2794,N,00744.1857,E,1,03,0.0,0.0,M,,,,0000*06
$GPRMC,080401.368,A,4831.2794,N,00744.1857,E,21.6,181.2,110826,,*3a
$GPGGA,080401.388,4831.2793,N,00744.1857,E,1,03,0.0,0.0,M,,,,0000*0f
$GPRMC,080401.388,A,4831.2793,N,00744.1857,E,21.6,181.1,110826,,*30
$GPGGA,080401.405,4831.2791,N,00744.1857,E,1,03,0.0,0.0,M,,,,0000*0f
$GPRMC,080401.405,A,4831.2791,N,00744.1857,E,21.6,180.8,110826,,*38
$GPGGA,080401.436,4831.2790,N,00744.1857,E,1,03,0.0,0.0,M,,,,0000*0e
$GPRMC,080401.436,A,4831.2790,N,00744.1857,E,21.6,180.7,110826,,*36
$GPGGA,080401.452,4831.2789,N,00744.1857,E,1,03,0.0,0.0,M,,,,0000*04
$GPRMC,080401.452,A,4831.2789,N,00744.1857,E,21.6,180.5,110826,,*3e
$GPGGA,080401.472,4831.2787,N,00744.1857,E,1,03,0.0,0.0,M,,,,0000*08
$GPRMC,080401.472,A,4831.2787,N,00744.1857,E,21.6,180.2,110826,,*35
$GPGGA,080401.605,4831.2785,N,00744.1857,E,1,03,0.0,0.0,M,,,,0000*08
$GPRMC,080401.605,A,4831.2785,N,00744.1857,E,21.6,179.9,110826,,*38
$GPGGA,080401.638,4831.2777,N,00744.1857,E,1,03,0.0,0.0,M,,,,0000*0b
$GPRMC,080401.638,A,4831.2777,N,00744.1857,E,21.6,178.3,110826,,*30
$GPGGA,080401.661,4831.2774,N,00744.1857,E,1,03,0.0,0.0,M,,,,0000*04
$GPRMC,080401.661,A,4831.2774,N,00744.1857,E,21.6,177.8,110826,,*3b
$GPGGA,080401.675,4831.2773,N,00744.1857,E,1,03,0.0,0.0,M,,,,0000*06
$GPRMC,080401.675,A,4831.2773,N,00744.1857,E,21.6,177.6,110826,,*37
$GPGGA,080401.690,4831.2772,N,00744.1857,E,1,03,0.0,0.0,M,,,,0000*0c
$GPRMC,080401.690,A,4831.2772,N,00744.1857,E,21.6,177.3,110826,,*38
$GPGGA,080401.702,4831.2771,N,00744.1857,E,1,03,0.0,0.0,M,,,,0000*05
$GPRMC,080401.702,A,4831.2771,N,00744.1857,E,21.6,177.2,110826,,*30
$GPGGA,080401.723,4831.2770,N,00744.1857,E,1,03,0.0,0.0,M,,,,0000*07
$GPRMC,080401.723,A,4831.2770,N,00744.1857,E,21.6,177.2,110826,,*32
$GPGGA,080401.736,4831.2769,N,00744.1858,E,1,03,0.0,0.0,M,,,,0000*04
$GPRMC,080401.736,A,4831.2769,N,00744.1858,E,21.6,177.1,110826,,*32
$GPGGA,080401.756,4831.2768,N,00744.1858,E,1,03,0.0,0.0,M,,,,0000*03
$GPRMC,080401.756,A,4831.2768,N,00744.1858,E,21.6,177.0,110826,,*34
$GPGGA,080401.772,4831.2766,N,00744.1858,E,1,03,0.0,0.0,M,,,,0000*0b
$GPRMC,080401.772,A,4831.2766,N,00744.1858,E,21.6,176.9,110826,,*34
$GPGGA,080401.790,4831.2765,N,00744.1858,E,1,03,0.0,0.0,M,,,,0000*04
$GPRMC,080401.790,A,4831.2765,N,00744.1858,E,21.6,176.9,110826,,*3b
$GPGGA,080401.824,4831.2764,N,00744.1858,E,1,03,0.0,0.0,M,,,,0000*05
$GPRMC,080401.824,A,4831.2764,N,00744.1858,E,21.6,176.8,110826,,*3b
$GPGGA,080401.839,4831.2762,N,00744.1858,E,1,03,0.0,0.0,M,,,,0000*0f
$GPRMC,080401.839,A,4831.2762,N,00744.1858,E,21.6,176.6,110826,,*3f
$GPGGA,080401.872,4831.2761,N,00744.1858,E,1,03,0.0,0.0,M,,,,0000*03
$GPRMC,080401.872,A,4831.2761,N,00744.1858,E,21.6,176.5,110826,,*30
$GPGGA,080401.884,4831.2758,N,00744.1859,E,1,03,0.0,0.0,M,,,,0000*01
$GPRMC,080401.884,A,4831.2758,N,00744.1859,E,21.6,176.3,110826,,*34
$GPGGA,080401.920,4831.2758,N,00744.1859,E,1,03,0.0,0.0,M,,,,0000*0e
$GPRMC,080401.920,A,4831.2758,N,00744.1859,E,21.6,176.2,110826,,*3a
$GPGGA,080401.939,4831.2756,N,00744.1859,E,1,03,0.0,0.0,M,,,,0000*08
$GPRMC,080401.939,A,4831.2756,N,00744.1859,E,21.6,176.0,110826,,*3e
$GPGGA,080401.970,4831.2754,N,00744.1859,E,1,03,0.0,0.0,M,,,,0000*07
$GPRMC,080401.970,A,4831.2754,N,00744.1859,E,21.6,175.8,110826,,*3a
$GPGGA,080402.005,4831.2752,N,00744.1859,E,1,03,0.0,0.0,M,,,,0000*09
$GPRMC,080402.005,A,4831.2752,N,00744.1859,E,21.6,175.6,110826,,*3a
$GPGGA,080402.039,4831.2749,N,00744.1860,E,1,03,0.0,0.0,M,,,,0000*06
$GPRMC,080402.039,A,4831.2749,N,00744.1860,E,21.6,175.3,110826,,*30
$GPGGA,080402.055,4831.2747,N,00744.1860,E,1,03,0.0,0.0,M,,,,0000*02
$GPRMC,080402.055,A,4831.2747,N,00744.1860,E,21.6,175.0,110826,,*37
$GPGGA,080402.078,4831.2746,N,00744.1860,E,1,03,0.0,0.0,M,,,,0000*0c
$GPRMC,080402.078,A,4831.2746,N,00744.1860,E,21.6,174.8,110826,,*30
$GPGGA,080402.102,4831.2745,N,00744.1860,E,1,03,0.0,0.0,M,,,,0000*03
$GPRMC,080402.102,A,4831.2745,N,00744.1860,E,21.6,174.6,110826,,*31
$GPGGA,080402.139,4831.2743,N,00744.1861,E,1,03,0.0,0.0,M,,,,0000*0c
$GPRMC,080402.139,A,4831.2743,N,00744.1861,E,21.6,174.3,110826,,*3b
$GPGGA,080402.172,4831.2740,N,00744.1861,E,1,03,0.0,0.0,M,,,,0000*00
$GPRMC,080402.172,A,4831.2740,N,00744.1861,E,21.6,173.9,110826,,*3a
$GPGGA,080402.203,4831.2738,N,00744.1862,E,1,03,0.0,0.0,M,,,,0000*09
$GPRMC,080402.203,A,4831.2738,N,00744.1862,E,21.6,173.5,110826,,*3f
$GPGGA,080402.204,4831.2737,N,00744.1862,E,1,03,0.0,0.0,M,,,,0000*01
$GPRMC,080402.204,A,4831.2737,N,00744.1862,E,21.6,173.2,110826,,*30
$GPGGA,080402.237,4831.2736,N,00744.1862,E,1,03,0.0,0.0,M,,,,0000*00
$GPRMC,080402.237,A,4831.2736,N,00744.1862,E,21.6,173.2,110826,,*31
$GPGGA,080402.256,4831.2735,N,00744.1862,E,1,03,0.0,0.0,M,,,,0000*04
$GPRMC,080402.256,A,4831.2735,N,00744.1862,E,21.6,172.9,110826,,*3f
$GPGGA,080402.275,4831.2732,N,00744.1863,E,1,03,0.0,0.0,M,,,,0000*03
$GPRMC,080402.275,A,4831.2732,N,00744.1863,E,21.6,172.5,110826,,*34
$GPGGA,080402.287,4831.2731,N,00744.1863,E,1,03,0.0,0.0,M,,,,0000*0d
$GPRMC,080402.287,A,4831.2731,N,00744.1863,E,21.6,172.4,110826,,*3b
$GPGGA,080402.303,4831.2730,N,00744.1863,E,1,03,0.0,0.0,M,,,,0000*01
$GPRMC,080402.303,A,4831.2730,N,00744.1863,E,21.6,172.2,110826,,*31
$GPGGA,080402.319,4831.2729,N,00744.1863,E,1,03,0.0,0.0,M,,,,0000*02
$GPRMC,080402.319,A,4831.2729,N,00744.1863,E,21.6,172.1,110826,,*31
$GPGGA,080402.339,4831.2729,N,00744.1863,E,1,03,0.0,0.0,M,,,,0000*00
$GPRMC,080402.339,A,4831.2729,N,00744.1863,E,21.6,172.1,110826,,*33
$GPGGA,080402.371,4831.2727,N,00744.1864,E,1,03,0.0,0.0,M,,,,0000*05
$GPRMC,080402.371,A,4831.2727,N,00744.1864,E,21.6,172.0,110826,,*37
$GPGGA,080402.389,4831.2726,N,00744.1864,E,1,03,0.0,0.0,M,,,,0000*03
$GPRMC,080402.389,A,4831.2726,N,00744.1864,E,21.6,171.9,110826,,*3b
$GPGGA,080402.405,4831.2723,N,00744.1865,E,1,03,0.0,0.0,M,,,,0000*04
$GPRMC,080402.405,A,4831.2723,N,00744.1865,E,21.6,171.7,110826,,*32
$GPGGA,080402.421,4831.2722,N,00744.1865,E,1,03,0.0,0.0,M,,,,0000*03
$GPRMC,080402.421,A,4831.2722,N,00744.1865,E,21.6,171.6,110826,,*34
$GPGGA,080402.437,4831.2721,N,00744.1865,E,1,03,0.0,0.0,M,,,,0000*07
$GPRMC,080402.437,A,4831.2721,N,00744.1865,E,21.6,171.5,110826,,*33
$GPGGA,080402.467,4831.2721,N,00744.1865,E,1,03,0.0,0.0,M,,,,0000*02
$GPRMC,080402.467,A,4831.2721,N,00744.1865,E,21.6,171.5,110826,,*36
$GPGGA,080402.605,4831.2718,N,00744.1866,E,1,03,0.0,0.0,M,,,,0000*0d
$GPRMC,080402.605,A,4831.2718,N,00744.1866,E,21.6,171.3,110826,,*3f
$GPGGA,080402.641,4831.2709,N,00744.1869,E,1,03,0.0,0.0,M,,,,0000*02
$GPRMC,080402.641,A,4831.2709,N,00744.1869,E,21.6,170.2,110826,,*30
$GPGGA,080402.652,4831.2707,N,00744.1869,E,1,03,0.0,0.0,M,,,,0000*0e
$GPRMC,080402.652,A,4831.2707,N,00744.1869,E,21.6,169.9,110826,,*3f
$GPGGA,080402.693,4831.2706,N,00744.1870,E,1,03,0.0,0.0,M,,,,0000*0a
$GPRMC,080402.693,A,4831.2706,N,00744.1870,E,21.6,169.7,110826,,*35
$GPGGA,080402.704,4831.2704,N,00744.1870,E,1,03,0.0,0.0,M,,,,0000*07
$GPRMC,080402.704,A,4831.2704,N,00744.1870,E,21.6,169.5,110826,,*3a
$GPGGA,080402.722,4831.2703,N,00744.1871,E,1,03,0.0,0.0,M,,,,0000*05
$GPRMC,080402.722,A,4831.2703,N,00744.1871,E,21.6,169.3,110826,,*3e
$GPGGA,080402.736,4831.2702,N,00744.1871,E,1,03,0.0,0.0,M,,,,0000*01
$GPRMC,080402.736,A,4831.2702,N,00744.1871,E,21.6,169.2,110826,,*3b
$GPGGA,080402.757,4831.2700,N,00744.1871,E,1,03,0.0,0.0,M,,,,0000*04
$GPRMC,080402.757,A,4831.2700,N,00744.1871,E,21.6,169.0,110826,,*3c
$GPGGA,080402.772,4831.2699,N,00744.1872,E,1,03,0.0,0.0,M,,,,0000*01
$GPRMC,080402.772,A,4831.2699,N,00744.1872,E,21.6,168.9,110826,,*31
$GPGGA,080402.788,4831.2698,N,00744.1872,E,1,03,0.0,0.0,M,,,,0000*05
$GPRMC,080402.788,A,4831.2698,N,00744.1872,E,21.6,168.7,110826,,*3b
$GPGGA,080402.821,4831.2697,N,00744.1872,E,1,03,0.0,0.0,M,,,,0000*06
$GPRMC,080402.821,A,4831.2697,N,00744.1872,E,21.6,168.6,110826,,*39
$GPGGA,080402.822,4831.2695,N,00744.1873,E,1,03,0.0,0.0,M,,,,0000*06
$GPRMC,080402.822,A,4831.2695,N,00744.1873,E,21.6,168.3,110826,,*3c
$GPGGA,080402.840,4831.2695,N,00744.1873,E,1,03,0.0,0.0,M,,,,0000*02
$GPRMC,080402.840,A,4831.2695,N,00744.1873,E,21.6,168.3,110826,,*38
$GPGGA,080402.866,4831.2694,N,00744.1873,E,1,03,0.0,0.0,M,,,,0000*07
$GPRMC,080402.866,A,4831.2694,N,00744.1873,E,21.6,168.1,110826,,*3f
$GPGGA,080402.881,4831.2693,N,00744.1874,E,1,03,0.0,0.0,M,,,,0000*0e
$GPRMC,080402.881,A,4831.2693,N,00744.1874,E,21.6,167.9,110826,,*31
$GPGGA,080402.896,4831.2691,N,00744.1874,E,1,03,0.0,0.0,M,,,,0000*0a
$GPRMC,080402.896,A,4831.2691,N,00744.1874,E,21.6,167.7,110826,,*3b
$GPGGA,080402.920,4831.2691,N,00744.1874,E,1,03,0.0,0.0,M,,,,0000*06
$GPRMC,080402.920,A,4831.2691,N,00744.1874,E,21.6,167.5,110826,,*35
$GPGGA,080402.945,4831.2688,N,00744.1875,E,1,03,0.0,0.0,M,,,,0000*0c
$GPRMC,080402.945,A,4831.2688,N,00744.1875,E,21.6,167.0,110826,,*3a
$GPGGA,080402.972,4831.2687,N,00744.1876,E,1,03,0.0,0.0,M,,,,0000*04
$GPRMC,080402.972,A,4831.2687,N,00744.1876,E,21.6,166.9,110826,,*3a
$GPGGA,080402.986,4831.2685,N,00744.1876,E,1,03,0.0,0.0,M,,,,0000*0d
$GPRMC,080402.986,A,4831.2685,N,00744.1876,E,21.6,166.5,110826,,*3f
$GPGGA,080402.989,4831.2685,N,00744.1876,E,1,03,0.0,0.0,M,,,,0000*02
$GPRMC,080402.989,A,4831.2685,N,00744.1876,E,21.6,166.4,110826,,*31
$GPGGA,080403.005,4831.2684,N,00744.1877,E,1,03,0.0,0.0,M,,,,0000*0e
$GPRMC,080403.005,A,4831.2684,N,00744.1877,E,21.6,166.2,110826,,*3b
$GPGGA,080403.029,4831.2683,N,00744.1877,E,1,03,0.0,0.0,M,,,,0000*07
$GPRMC,080403.029,A,4831.2683,N,00744.1877,E,21.6,165.8,110826,,*3b
$GPGGA,080403.045,4831.2682,N,00744.1878,E,1,03,0.0,0.0,M,,,,0000*03
$GPRMC,080403.045,A,4831.2682,N,00744.1878,E,21.6,165.6,110826,,*31
$GPGGA,080403.065,4831.2681,N,00744.1878,E,1,03,0.0,0.0,M,,,,0000*02
$GPRMC,080403.065,A,4831.2681,N,00744.1878,E,21.6,165.3,110826,,*35
$GPGGA,080403.082,4831.2680,N,00744.1878,E,1,03,0.0,0.0,M,,,,0000*0a
$GPRMC,080403.082,A,4831.2680,N,00744.1878,E,21.6,165.1,110826,,*3f
$GPGGA,080403.090,4831.2679,N,00744.1879,E,1,03,0.0,0.0,M,,,,0000*0e
$GPRMC,080403.090,A,4831.2679,N,00744.1879,E,21.6,164.8,110826,,*33
$GPGGA,080403.117,4831.2678,N,00744.1879,E,1,03,0.0,0.0,M,,,,0000*01
$GPRMC,080403.117,A,4831.2678,N,00744.1879,E,21.6,164.5,110826,,*31
$GPGGA,080403.130,4831.2676,N,00744.1880,E,1,03,0.0,0.0,M,,,,0000*0c
$GPRMC,080403.130,A,4831.2676,N,00744.1880,E,21.6,164.2,110826,,*3b
$GPGGA,080403.148,4831.2675,N,00744.1880,E,1,03,0.0,0.0,M,,,,0000*00
$GPRMC,080403.148,A,4831.2675,N,00744.1880,E,21.6,164.0,110826,,*35
$GPGGA,080403.174,4831.2674,N,00744.1881,E,1,03,0.0,0.0,M,,,,0000*0f
$GPRMC,080403.174,A,4831.2674,N,00744.1881,E,21.6,163.9,110826,,*34
$GPGGA,080403.206,4831.2672,N,00744.1882,E,1,03,0.0,0.0,M,,,,0000*0c
$GPRMC,080403.206,A,4831.2672,N,00744.1882,E,21.6,163.6,110826,,*38
$GPGGA,080403.238,4831.2670,N,00744.1883,E,1,03,0.0,0.0,M,,,,0000*02
$GPRMC,080403.238,A,4831.2670,N,00744.1883,E,21.6,163.4,110826,,*34
$GPGGA,080403.238,4831.2668,N,00744.1884,E,1,03,0.0,0.0,M,,,,0000*0c
$GPRMC,080403.238,A,4831.2668,N,00744.1884,E,21.6,163.2,110826,,*3c
$GPGGA,080403.274,4831.2668,N,00744.1884,E,1,03,0.0,0.0,M,,,,0000*04
$GPRMC,080403.274,A,4831.2668,N,00744.1884,E,21.6,163.1,110826,,*37
$GPGGA,080403.290,4831.2666,N,00744.1885,E,1,03,0.0,0.0,M,,,,0000*01
$GPRMC,080403.290,A,4831.2666,N,00744.1885,E,21.6,162.9,110826,,*3b
$GPGGA,080403.321,4831.2664,N,00744.1886,E,1,03,0.0,0.0,M,,,,0000*0b
$GPRMC,080403.321,A,4831.2664,N,00744.1886,E,21.6,162.7,110826,,*3f
$GPGGA,080403.337,4831.2663,N,00744.1886,E,1,03,0.0,0.0,M,,,,0000*0b
$GPRMC,080403.337,A,4831.2663,N,00744.1886,E,21.6,162.6,110826,,*3e
$GPGGA,080403.369,4831.2661,N,00744.1887,E,1,03,0.0,0.0,M,,,,0000*03
$GPRMC,080403.369,A,4831.2661,N,00744.1887,E,21.6,162.4,110826,,*34
$GPGGA,080403.369,4831.2660,N,00744.1888,E,1,03,0.0,0.0,M,,,,0000*0d
$GPRMC,080403.369,A,4831.2660,N,00744.1888,E,21.6,162.3,110826,,*3d
$GPGGA,080403.391,4831.2659,N,00744.1888,E,1,03,0.0,0.0,M,,,,0000*00
$GPRMC,080403.391,A,4831.2659,N,00744.1888,E,21.6,162.2,110826,,*31
$GPGGA,080403.420,4831.2658,N,00744.1889,E,1,03,0.0,0.0,M,,,,0000*0d
$GPRMC,080403.420,A,4831.2658,N,00744.1889,E,21.6,162.0,110826,,*3e
$GPGGA,080403.437,4831.2656,N,00744.1890,E,1,03,0.0,0.0,M,,,,0000*0d
$GPRMC,080403.437,A,4831.2656,N,00744.1890,E,21.6,161.8,110826,,*35
$GPGGA,080403.454,4831.2655,N,00744.1890,E,1,03,0.0,0.0,M,,,,0000*0b
$GPRMC,080403.454,A,4831.2655,N,00744.1890,E,21.6,161.6,110826,,*3d
$GPGGA,080403.487,4831.2654,N,00744.1891,E,1,03,0.0,0.0,M,,,,0000*05
$GPRMC,080403.487,A,4831.2654,N,00744.1891,E,21.6,161.5,110826,,*30
$GPGGA,080403.603,4831.2652,N,00744.1892,E,1,03,0.0,0.0,M,,,,0000*0e
$GPRMC,080403.603,A,4831.2652,N,00744.1892,E,21.6,161.1,110826,,*3f
$GPGGA,080403.610,4831.2645,N,00744.1895,E,1,03,0.0,0.0,M,,,,0000*0d
$GPRMC,080403.610,A,4831.2645,N,00744.1895,E,21.6,159.9,110826,,*3f
$GPGGA,080403.623,4831.2644,N,00744.1896,E,1,03,0.0,0.0,M,,,,0000*0f
$GPRMC,080403.623,A,4831.2644,N,00744.1896,E,21.6,159.7,110826,,*33
$GPGGA,080403.640,4831.2643,N,00744.1897,E,1,03,0.0,0.0,M,,,,0000*0c
$GPRMC,080403.640,A,4831.2643,N,00744.1897,E,21.6,159.5,110826,,*32
$GPGGA,080403.670,4831.2642,N,00744.1897,E,1,03,0.0,0.0,M,,,,0000*0e
$GPRMC,080403.670,A,4831.2642,N,00744.1897,E,21.6,159.2,110826,,*37
$GPGGA,080403.686,4831.2641,N,00744.1898,E,1,03,0.0,0.0,M,,,,0000*0b
$GPRMC,080403.686,A,4831.2641,N,00744.1898,E,21.6,158.9,110826,,*38
$GPGGA,080403.702,4831.2640,N,00744.1898,E,1,03,0.0,0.0,M,,,,0000*07
$GPRMC,080403.702,A,4831.2640,N,00744.1898,E,21.6,158.7,110826,,*3a
$GPGGA,080403.702,4831.2639,N,00744.1899,E,1,03,0.0,0.0,M,,,,0000*08
$GPRMC,080403.702,A,4831.2639,N,00744.1899,E,21.6,158.5,110826,,*37
$GPGGA,080403.723,4831.2638,N,00744.1899,E,1,03,0.0,0.0,M,,,,0000*0a
$GPRMC,080403.723,A,4831.2638,N,00744.1899,E,21.6,158.3,110826,,*33
$GPGGA,080403.755,4831.2637,N,00744.1900,E,1,03,0.0,0.0,M,,,,0000*05
$GPRMC,080403.755,A,4831.2637,N,00744.1900,E,21.6,158.0,110826,,*3f
$GPGGA,080403.771,4831.2636,N,00744.1901,E,1,03,0.0,0.0,M,,,,0000*03
$GPRMC,080403.771,A,4831.2636,N,00744.1901,E,21.6,157.6,110826,,*30
$GPGGA,080403.791,4831.2634,N,00744.1902,E,1,03,0.0,0.0,M,,,,0000*0c
$GPRMC,080403.791,A,4831.2634,N,00744.1902,E,21.6,157.2,110826,,*3b
$GPGGA,080403.806,4831.2632,N,00744.1903,E,1,03,0.0,0.0,M,,,,0000*0a
$GPRMC,080403.806,A,4831.2632,N,00744.1903,E,21.6,157.1,110826,,*3e
$GPGGA,080403.821,4831.2632,N,00744.1904,E,1,03,0.0,0.0,M,,,,0000*08
$GPRMC,080403.821,A,4831.2632,N,00744.1904,E,21.6,157.1,110826,,*3c
$GPGGA,080403.840,4831.2631,N,00744.1904,E,1,03,0.0,0.0,M,,,,0000*0c
$GPRMC,080403.840,A,4831.2631,N,00744.1904,E,21.6,157.0,110826,,*39
$GPGGA,080403.871,4831.2629,N,00744.1905,E,1,03,0.0,0.0,M,,,,0000*06
$GPRMC,080403.871,A,4831.2629,N,00744.1905,E,21.6,156.9,110826,,*3b
$GPGGA,080403.905,4831.2628,N,00744.1906,E,1,03,0.0,0.0,M,,,,0000*06
$GPRMC,080403.905,A,4831.2628,N,00744.1906,E,21.6,156.8,110826,,*3a
$GPGGA,080403.905,4831.2626,N,00744.1907,E,1,03,0.0,0.0,M,,,,0000*09
$GPRMC,080403.905,A,4831.2626,N,00744.1907,E,21.6,156.7,110826,,*3a
$GPGGA,080403.940,4831.2625,N,00744.1908,E,1,03,0.0,0.0,M,,,,0000*04
$GPRMC,080403.940,A,4831.2625,N,00744.1908,E,21.6,156.6,110826,,*36
$GPGGA,080403.972,4831.2623,N,00744.1909,E,1,03,0.0,0.0,M,,,,0000*02
$GPRMC,080403.972,A,4831.2623,N,00744.1909,E,21.6,156.5,110826,,*33
$GPGGA,080403.988,4831.2622,N,00744.1910,E,1,03,0.0,0.0,M,,,,0000*0e
$GPRMC,080403.988,A,4831.2622,N,00744.1910,E,21.6,156.4,110826,,*3e
$GPGGA,080403.988,4831.2621,N,00744.1911,E,1,03,0.0,0.0,M,,,,0000*0c
$GPRMC,080403.988,A,4831.2621,N,00744.1911,E,21.6,156.3,110826,,*3b
$GPGGA,080404.006,4831.2621,N,00744.1911,E,1,03,0.0,0.0,M,,,,0000*04
$GPRMC,080404.006,A,4831.2621,N,00744.1911,E,21.6,156.3,110826,,*33
$GPGGA,080404.037,4831.2619,N,00744.1912,E,1,03,0.0,0.0,M,,,,0000*0e
$GPRMC,080404.037,A,4831.2619,N,00744.1912,E,21.6,156.2,110826,,*38
$GPGGA,080404.056,4831.2617,N,00744.1913,E,1,03,0.0,0.0,M,,,,0000*06
$GPRMC,080404.056,A,4831.2617,N,00744.1913,E,21.6,156.1,110826,,*33
$GPGGA,080404.088,4831.2616,N,00744.1914,E,1,03,0.0,0.0,M,,,,0000*03
$GPRMC,080404.088,A,4831.2616,N,00744.1914,E,21.6,156.0,110826,,*37
$GPGGA,080404.103,4831.2614,N,00744.1915,E,1,03,0.0,0.0,M,,,,0000*02
$GPRMC,080404.103,A,4831.2614,N,00744.1915,E,21.6,155.8,110826,,*3d
$GPGGA,080404.134,4831.2613,N,00744.1916,E,1,03,0.0,0.0,M,,,,0000*02
$GPRMC,080404.134,A,4831.2613,N,00744.1916,E,21.6,155.8,110826,,*3d
$GPGGA,080404.158,4831.2611,N,00744.1917,E,1,03,0.0,0.0,M,,,,0000*0b
$GPRMC,080404.158,A,4831.2611,N,00744.1917,E,21.6,155.6,110826,,*3a
$GPGGA,080404.188,4831.2610,N,00744.1918,E,1,03,0.0,0.0,M,,,,0000*08
$GPRMC,080404.188,A,4831.2610,N,00744.1918,E,21.6,155.4,110826,,*3b
$GPGGA,080404.223,4831.2608,N,00744.1920,E,1,03,0.0,0.0,M,,,,0000*08
$GPRMC,080404.223,A,4831.2608,N,00744.1920,E,21.6,155.2,110826,,*3d
$GPGGA,080404.238,4831.2607,N,00744.1920,E,1,03,0.0,0.0,M,,,,0000*0d
$GPRMC,080404.238,A,4831.2607,N,00744.1920,E,21.6,155.1,110826,,*3b
$GPGGA,080404.254,4831.2606,N,00744.1921,E,1,03,0.0,0.0,M,,,,0000*07
$GPRMC,080404.254,A,4831.2606,N,00744.1921,E,21.6,155.0,110826,,*30
$GPGGA,080404.273,4831.2605,N,00744.1922,E,1,03,0.0,0.0,M,,,,0000*02
$GPRMC,080404.273,A,4831.2605,N,00744.1922,E,21.6,154.9,110826,,*3d
$GPGGA,080404.306,4831.2603,N,00744.1923,E,1,03,0.0,0.0,M,,,,0000*06
$GPRMC,080404.306,A,4831.2603,N,00744.1923,E,21.6,154.6,110826,,*36
$GPGGA,080404.321,4831.2601,N,00744.1925,E,1,03,0.0,0.0,M,,,,0000*07
$GPRMC,080404.321,A,4831.2601,N,00744.1925,E,21.6,154.3,110826,,*32
$GPGGA,080404.340,4831.2600,N,00744.1925,E,1,03,0.0,0.0,M,,,,0000*01
$GPRMC,080404.340,A,4831.2600,N,00744.1925,E,21.6,154.2,110826,,*35
$GPGGA,080404.373,4831.2599,N,00744.1926,E,1,03,0.0,0.0,M,,,,0000*01
$GPRMC,080404.373,A,4831.2599,N,00744.1926,E,21.6,154.1,110826,,*36
$GPGGA,080404.388,4831.2597,N,00744.1927,E,1,03,0.0,0.0,M,,,,0000*0a
$GPRMC,080404.388,A,4831.2597,N,00744.1927,E,21.6,153.9,110826,,*32
$GPGGA,080404.420,4831.2596,N,00744.1928,E,1,03,0.0,0.0,M,,,,0000*01
$GPRMC,080404.420,A,4831.2596,N,00744.1928,E,21.6,153.7,110826,,*37
$GPGGA,080404.431,4831.2595,N,00744.1929,E,1,03,0.0,0.0,M,,,,0000*03
$GPRMC,080404.431,A,4831.2595,N,00744.1929,E,21.6,153.5,110826,,*37
$GPGGA,080404.472,4831.2593,N,00744.1930,E,1,03,0.0,0.0,M,,,,0000*0a
$GPRMC,080404.472,A,4831.2593,N,00744.1930,E,21.6,153.4,110826,,*3f
$GPGGA,080404.490,4831.2592,N,00744.1931,E,1,03,0.0,0.0,M,,,,0000*06
$GPRMC,080404.490,A,4831.2592,N,00744.1931,E,21.6,153.3,110826,,*34
$GPGGA,080404.521,4831.2590,N,00744.1933,E,1,03,0.0,0.0,M,,,,0000*0d
$GPRMC,080404.521,A,4831.2590,N,00744.1933,E,21.6,153.1,110826,,*3d
$GPGGA,080404.537,4831.2589,N,00744.1934,E,1,03,0.0,0.0,M,,,,0000*05
$GPRMC,080404.537,A,4831.2589,N,00744.1934,E,21.6,153.0,110826,,*34
$GPGGA,080404.555,4831.2587,N,00744.1935,E,1,03,0.0,0.0,M,,,,0000*0e
$GPRMC,080404.555,A,4831.2587,N,00744.1935,E,21.6,152.9,110826,,*37
$GPGGA,080404.574,4831.2586,N,00744.1936,E,1,03,0.0,0.0,M,,,,0000*0f
$GPRMC,080404.574,A,4831.2586,N,00744.1936,E,21.6,152.7,110826,,*38
$GPGGA,080404.590,4831.2585,N,00744.1937,E,1,03,0.0,0.0,M,,,,0000*07
$GPRMC,080404.590,A,4831.2585,N,00744.1937,E,21.6,152.7,110826,,*30
$GPGGA,080404.606,4831.2584,N,00744.1938,E,1,03,0.0,0.0,M,,,,0000*05
$GPRMC,080404.606,A,4831.2584,N,00744.1938,E,21.6,152.5,110826,,*30
$GPGGA,080404.622,4831.2583,N,00744.1939,E,1,03,0.0,0.0,M,,,,0000*05
$GPRMC,080404.622,A,4831.2583,N,00744.1939,E,21.6,152.5,110826,,*30
$GPGGA,080404.656,4831.2582,N,00744.1940,E,1,03,0.0,0.0,M,,,,0000*09
$GPRMC,080404.656,A,4831.2582,N,00744.1940,E,21.6,152.4,110826,,*3d
$GPGGA,080404.672,4831.2581,N,00744.1941,E,1,03,0.0,0.0,M,,,,0000*0d
$GPRMC,080404.672,A,4831.2581,N,00744.1941,E,21.6,152.3,110826,,*3e
$GPGGA,080404.688,4831.2579,N,00744.1942,E,1,03,0.0,0.0,M,,,,0000*0c
$GPRMC,080404.688,A,4831.2579,N,00744.1942,E,21.6,152.2,110826,,*3e
$GPGGA,080404.704,4831.2579,N,00744.1942,E,1,03,0.0,0.0,M,,,,0000*09
$GPRMC,080404.704,A,4831.2579,N,00744.1942,E,21.6,152.1,110826,,*38
$GPGGA,080404.737,4831.2577,N,00744.1944,E,1,03,0.0,0.0,M,,,,0000*01
$GPRMC,080404.737,A,4831.2577,N,00744.1944,E,21.6,151.9,110826,,*3b
$GPGGA,080404.753,4831.2576,N,00744.1945,E,1,03,0.0,0.0,M,,,,0000*03
$GPRMC,080404.753,A,4831.2576,N,00744.1945,E,21.6,151.8,110826,,*38
$GPGGA,080404.771,4831.2575,N,00744.1945,E,1,03,0.0,0.0,M,,,,0000*00
$GPRMC,080404.771,A,4831.2575,N,00744.1945,E,21.6,151.7,110826,,*34
$GPGGA,080404.789,4831.2574,N,00744.1946,E,1,03,0.0,0.0,M,,,,0000*05
$GPRMC,080404.789,A,4831.2574,N,00744.1946,E,21.6,151.6,110826,,*30
$GPGGA,080404.807,4831.2572,N,00744.1948,E,1,03,0.0,0.0,M,,,,0000*04
$GPRMC,080404.807,A,4831.2572,N,00744.1948,E,21.6,151.5,110826,,*32
$GPGGA,080404.822,4831.2571,N,00744.1949,E,1,03,0.0,0.0,M,,,,0000*01
$GPRMC,080404.822,A,4831.2571,N,00744.1949,E,21.6,151.3,110826,,*31
$GPGGA,080404.841,4831.2570,N,00744.1950,E,1,03,0.0,0.0,M,,,,0000*0d
$GPRMC,080404.841,A,4831.2570,N,00744.1950,E,21.6,151.3,110826,,*3d
$GPGGA,080404.859,4831.2569,N,00744.1950,E,1,03,0.0,0.0,M,,,,0000*0c
$GPRMC,080404.859,A,4831.2569,N,00744.1950,E,21.6,151.2,110826,,*3d
$GPGGA,080404.873,4831.2568,N,00744.1951,E,1,03,0.0,0.0,M,,,,0000*04
$GPRMC,080404.873,A,4831.2568,N,00744.1951,E,21.6,151.1,110826,,*36
$GPGGA,080404.885,4831.2567,N,00744.1952,E,1,03,0.0,0.0,M,,,,0000*01
$GPRMC,080404.885,A,4831.2567,N,00744.1952,E,21.6,151.0,110826,,*32
$GPGGA,080404.906,4831.2566,N,00744.1953,E,1,03,0.0,0.0,M,,,,0000*0b
$GPRMC,080404.906,A,4831.2566,N,00744.1953,E,21.6,150.8,110826,,*31
$GPGGA,080404.921,4831.2565,N,00744.1954,E,1,03,0.0,0.0,M,,,,0000*0a
$GPRMC,080404.921,A,4831.2565,N,00744.1954,E,21.6,150.7,110826,,*3f
$GPGGA,080404.941,4831.2564,N,00744.1955,E,1,03,0.0,0.0,M,,,,0000*0c
$GPRMC,080404.941,A,4831.2564,N,00744.1955,E,21.6,150.5,110826,,*3b
$GPGGA,080404.973,4831.2563,N,00744.1955,E,1,03,0.0,0.0,M,,,,0000*0a
$GPRMC,080404.973,A,4831.2563,N,00744.1955,E,21.6,150.4,110826,,*3c
$GPGGA,080404.989,4831.2561,N,00744.1957,E,1,03,0.0,0.0,M,,,,0000*0f
$GPRMC,080404.989,A,4831.2561,N,00744.1957,E,21.6,150.1,110826,,*3c
$GPGGA,080405.021,4831.2560,N,00744.1958,E,1,03,0.0,0.0,M,,,,0000*0b
$GPRMC,080405.021,A,4831.2560,N,00744.1958,E,21.6,149.9,110826,,*38
$GPGGA,080405.021,4831.2559,N,00744.1959,E,1,03,0.0,0.0,M,,,,0000*00
$GPRMC,080405.021,A,4831.2559,N,00744.1959,E,21.6,149.7,110826,,*3d
$GPGGA,080405.040,4831.2558,N,00744.1960,E,1,03,0.0,0.0,M,,,,0000*0c
$GPRMC,080405.040,A,4831.2558,N,00744.1960,E,21.6,149.5,110826,,*33
$GPGGA,080405.072,4831.2557,N,00744.1961,E,1,03,0.0,0.0,M,,,,0000*03
$GPRMC,080405.072,A,4831.2557,N,00744.1961,E,21.6,149.4,110826,,*3d
$GPGGA,080405.090,4831.2556,N,00744.1962,E,1,03,0.0,0.0,M,,,,0000*0d
$GPRMC,080405.090,A,4831.2556,N,00744.1962,E,21.6,149.1,110826,,*36
$GPGGA,080405.106,4831.2555,N,00744.1962,E,1,03,0.0,0.0,M,,,,0000*00
$GPRMC,080405.106,A,4831.2555,N,00744.1962,E,21.6,149.0,110826,,*3a
$GPGGA,080405.122,4831.2554,N,00744.1964,E,1,03,0.0,0.0,M,,,,0000*01
$GPRMC,080405.122,A,4831.2554,N,00744.1964,E,21.6,148.7,110826,,*3d
$GPGGA,080405.156,4831.2552,N,00744.1965,E,1,03,0.0,0.0,M,,,,0000*05
$GPRMC,080405.156,A,4831.2552,N,00744.1965,E,21.6,148.4,110826,,*3a
$GPGGA,080405.188,4831.2550,N,00744.1967,E,1,03,0.0,0.0,M,,,,0000*06
$GPRMC,080405.188,A,4831.2550,N,00744.1967,E,21.6,148.1,110826,,*3c
$GPGGA,080405.220,4831.2548,N,00744.1969,E,1,03,0.0,0.0,M,,,,0000*00
$GPRMC,080405.220,A,4831.2548,N,00744.1969,E,21.6,147.9,110826,,*3d
$GPGGA,080405.235,4831.2548,N,00744.1970,E,1,03,0.0,0.0,M,,,,0000*0c
$GPRMC,080405.235,A,4831.2548,N,00744.1970,E,21.6,147.9,110826,,*31
$GPGGA,080405.251,4831.2546,N,00744.1971,E,1,03,0.0,0.0,M,,,,0000*01
$GPRMC,080405.251,A,4831.2546,N,00744.1971,E,21.6,147.7,110826,,*32
$GPGGA,080405.267,4831.2546,N,00744.1971,E,1,03,0.0,0.0,M,,,,0000*04
$GPRMC,080405.267,A,4831.2546,N,00744.1971,E,21.6,147.7,110826,,*37
$GPGGA,080405.286,4831.2544,N,00744.1973,E,1,03,0.0,0.0,M,,,,0000*0b
$GPRMC,080405.286,A,4831.2544,N,00744.1973,E,21.6,147.4,110826,,*3b
$GPGGA,080405.322,4831.2543,N,00744.1974,E,1,03,0.0,0.0,M,,,,0000*04
$GPRMC,080405.322,A,4831.2543,N,00744.1974,E,21.6,147.4,110826,,*34
$GPGGA,080405.340,4831.2541,N,00744.1976,E,1,03,0.0,0.0,M,,,,0000*00
$GPRMC,080405.340,A,4831.2541,N,00744.1976,E,21.6,147.1,110826,,*35
$GPGGA,080405.358,4831.2540,N,00744.1977,E,1,03,0.0,0.0,M,,,,0000*09
$GPRMC,080405.358,A,4831.2540,N,00744.1977,E,21.6,147.0,110826,,*3d
$GPGGA,080405.374,4831.2539,N,00744.1978,E,1,03,0.0,0.0,M,,,,0000*06
$GPRMC,080405.374,A,4831.2539,N,00744.1978,E,21.6,146.8,110826,,*3b
$GPGGA,080405.390,4831.2538,N,00744.1979,E,1,03,0.0,0.0,M,,,,0000*0c
$GPRMC,080405.390,A,4831.2538,N,00744.1979,E,21.6,146.7,110826,,*3e
$GPGGA,080405.405,4831.2537,N,00744.1980,E,1,03,0.0,0.0,M,,,,0000*0e
$GPRMC,080405.405,A,4831.2537,N,00744.1980,E,21.6,146.7,110826,,*3c
$GPGGA,080405.422,4831.2536,N,00744.1981,E,1,03,0.0,0.0,M,,,,0000*0b
$GPRMC,080405.422,A,4831.2536,N,00744.1981,E,21.6,146.6,110826,,*38
$GPGGA,080405.453,4831.2535,N,00744.1982,E,1,03,0.0,0.0,M,,,,0000*0d
$GPRMC,080405.453,A,4831.2535,N,00744.1982,E,21.6,146.4,110826,,*3c
$GPGGA,080405.469,4831.2534,N,00744.1983,E,1,03,0.0,0.0,M,,,,0000*04
$GPRMC,080405.469,A,4831.2534,N,00744.1983,E,21.6,146.3,110826,,*32
$GPGGA,080405.485,4831.2533,N,00744.1984,E,1,03,0.0,0.0,M,,,,0000*06
$GPRMC,080405.485,A,4831.2533,N,00744.1984,E,21.6,146.0,110826,,*33
$GPGGA,080405.522,4831.2532,N,00744.1985,E,1,03,0.0,0.0,M,,,,0000*0a
$GPRMC,080405.522,A,4831.2532,N,00744.1985,E,21.6,145.9,110826,,*35
$GPGGA,080405.647,4831.2531,N,00744.1986,E,1,03,0.0,0.0,M,,,,0000*0a
$GPRMC,080405.647,A,4831.2531,N,00744.1986,E,21.6,145.7,110826,,*3b
$GPGGA,080405.674,4831.2523,N,00744.1994,E,1,03,0.0,0.0,M,,,,0000*0a
$GPRMC,080405.674,A,4831.2523,N,00744.1994,E,21.6,144.1,110826,,*3c
$GPGGA,080405.689,4831.2522,N,00744.1996,E,1,03,0.0,0.0,M,,,,0000*0b
$GPRMC,080405.689,A,4831.2522,N,00744.1996,E,21.6,143.7,110826,,*3c
$GPGGA,080405.707,4831.2521,N,00744.1997,E,1,03,0.0,0.0,M,,,,0000*0e
$GPRMC,080405.707,A,4831.2521,N,00744.1997,E,21.6,143.5,110826,,*3b
$GPGGA,080405.729,4831.2520,N,00744.1999,E,1,03,0.0,0.0,M,,,,0000*0d
$GPRMC,080405.729,A,4831.2520,N,00744.1999,E,21.6,143.3,110826,,*3e
$GPGGA,080405.742,4831.2519,N,00744.1999,E,1,03,0.0,0.0,M,,,,0000*0a
$GPRMC,080405.742,A,4831.2519,N,00744.1999,E,21.6,143.1,110826,,*3b
$GPGGA,080405.755,4831.2518,N,00744.2000,E,1,03,0.0,0.0,M,,,,0000*07
$GPRMC,080405.755,A,4831.2518,N,00744.2000,E,21.6,142.9,110826,,*3f
$GPGGA,080405.773,4831.2517,N,00744.2002,E,1,03,0.0,0.0,M,,,,0000*0e
$GPRMC,080405.773,A,4831.2517,N,00744.2002,E,21.6,142.8,110826,,*37
$GPGGA,080405.789,4831.2516,N,00744.2002,E,1,03,0.0,0.0,M,,,,0000*0a
$GPRMC,080405.789,A,4831.2516,N,00744.2002,E,21.6,142.8,110826,,*33
$GPGGA,080405.805,4831.2515,N,00744.2003,E,1,03,0.0,0.0,M,,,,0000*03
$GPRMC,080405.805,A,4831.2515,N,00744.2003,E,21.6,142.7,110826,,*35
$GPGGA,080405.823,4831.2514,N,00744.2005,E,1,03,0.0,0.0,M,,,,0000*00
$GPRMC,080405.823,A,4831.2514,N,00744.2005,E,21.6,142.6,110826,,*37
$GPGGA,080405.841,4831.2514,N,00744.2006,E,1,03,0.0,0.0,M,,,,0000*07
$GPRMC,080405.841,A,4831.2514,N,00744.2006,E,21.6,142.6,110826,,*30
$GPGGA,080405.857,4831.2512,N,00744.2007,E,1,03,0.0,0.0,M,,,,0000*07
$GPRMC,080405.857,A,4831.2512,N,00744.2007,E,21.6,142.5,110826,,*33
$GPGGA,080405.890,4831.2512,N,00744.2008,E,1,03,0.0,0.0,M,,,,0000*03
$GPRMC,080405.890,A,4831.2512,N,00744.2008,E,21.6,142.5,110826,,*37
$GPGGA,080405.951,4831.2511,N,00744.2009,E,1,03,0.0,0.0,M,,,,0000*0d
$GPRMC,080405.951,A,4831.2511,N,00744.2009,E,21.6,142.4,110826,,*38
$GPGGA,080405.966,4831.2507,N,00744.2013,E,1,03,0.0,0.0,M,,,,0000*05
$GPRMC,080405.966,A,4831.2507,N,00744.2013,E,21.6,142.1,110826,,*35
$GPGGA,080405.974,4831.2506,N,00744.2014,E,1,03,0.0,0.0,M,,,,0000*00
$GPRMC,080405.974,A,4831.2506,N,00744.2014,E,21.6,142.1,110826,,*30
$GPGGA,080405.990,4831.2506,N,00744.2015,E,1,03,0.0,0.0,M,,,,0000*0b
$GPRMC,080405.990,A,4831.2506,N,00744.2015,E,21.6,142.0,110826,,*3a
$GPGGA,080406.021,4831.2505,N,00744.2016,E,1,03,0.0,0.0,M,,,,0000*0b
$GPRMC,080406.021,A,4831.2505,N,00744.2016,E,21.6,141.9,110826,,*30
$GPGGA,080406.037,4831.2503,N,00744.2018,E,1,03,0.0,0.0,M,,,,0000*04
$GPRMC,080406.037,A,4831.2503,N,00744.2018,E,21.6,141.8,110826,,*3e
$GPGGA,080406.053,4831.2502,N,00744.2020,E,1,03,0.0,0.0,M,,,,0000*0c
$GPRMC,080406.053,A,4831.2502,N,00744.2020,E,21.6,141.7,110826,,*39
$GPGGA,080406.069,4831.2501,N,00744.2020,E,1,03,0.0,0.0,M,,,,0000*06
$GPRMC,080406.069,A,4831.2501,N,00744.2020,E,21.6,141.7,110826,,*33
$GPGGA,080406.091,4831.2500,N,00744.2021,E,1,03,0.0,0.0,M,,,,0000*01
$GPRMC,080406.091,A,4831.2500,N,00744.2021,E,21.6,141.6,110826,,*35
$GPGGA,080406.121,4831.2499,N,00744.2023,E,1,03,0.0,0.0,M,,,,0000*08
$GPRMC,080406.121,A,4831.2499,N,00744.2023,E,21.6,141.5,110826,,*3f
$GPGGA,080406.159,4831.2497,N,00744.2025,E,1,03,0.0,0.0,M,,,,0000*0f
$GPRMC,080406.159,A,4831.2497,N,00744.2025,E,21.6,141.4,110826,,*39
$GPGGA,080406.190,4831.2495,N,00744.2027,E,1,03,0.0,0.0,M,,,,0000*0a
$GPRMC,080406.190,A,4831.2495,N,00744.2027,E,21.6,141.3,110826,,*3b
$GPGGA,080406.207,4831.2495,N,00744.2028,E,1,03,0.0,0.0,M,,,,0000*08
$GPRMC,080406.207,A,4831.2495,N,00744.2028,E,21.6,141.2,110826,,*38
$GPGGA,080406.207,4831.2494,N,00744.2029,E,1,03,0.0,0.0,M,,,,0000*08
$GPRMC,080406.207,A,4831.2494,N,00744.2029,E,21.6,141.1,110826,,*3b
$GPGGA,080406.223,4831.2493,N,00744.2030,E,1,03,0.0,0.0,M,,,,0000*01
$GPRMC,080406.223,A,4831.2493,N,00744.2030,E,21.6,141.1,110826,,*32
$GPGGA,080406.255,4831.2492,N,00744.2031,E,1,03,0.0,0.0,M,,,,0000*00
$GPRMC,080406.255,A,4831.2492,N,00744.2031,E,21.6,141.0,110826,,*32
$GPGGA,080406.271,4831.2491,N,00744.2033,E,1,03,0.0,0.0,M,,,,0000*07
$GPRMC,080406.271,A,4831.2491,N,00744.2033,E,21.6,140.9,110826,,*3d
$GPGGA,080406.308,4831.2490,N,00744.2034,E,1,03,0.0,0.0,M,,,,0000*0e
$GPRMC,080406.308,A,4831.2490,N,00744.2034,E,21.6,140.7,110826,,*3a
$GPGGA,080406.326,4831.2489,N,00744.2035,E,1,03,0.0,0.0,M,,,,0000*0b
$GPRMC,080406.326,A,4831.2489,N,00744.2035,E,21.6,140.6,110826,,*3e
$GPGGA,080406.342,4831.2487,N,00744.2038,E,1,03,0.0,0.0,M,,,,0000*0a
$GPRMC,080406.342,A,4831.2487,N,00744.2038,E,21.6,140.4,110826,,*3d
$GPGGA,080406.374,4831.2486,N,00744.2039,E,1,03,0.0,0.0,M,,,,0000*0f
$GPRMC,080406.374,A,4831.2486,N,00744.2039,E,21.6,140.2,110826,,*3e
$GPGGA,080406.389,4831.2484,N,00744.2041,E,1,03,0.0,0.0,M,,,,0000*00
$GPRMC,080406.389,A,4831.2484,N,00744.2041,E,21.6,140.0,110826,,*33
$GPGGA,080406.423,4831.2484,N,00744.2042,E,1,03,0.0,0.0,M,,,,0000*04
$GPRMC,080406.423,A,4831.2484,N,00744.2042,E,21.6,139.9,110826,,*30
$GPGGA,080406.455,4831.2482,N,00744.2044,E,1,03,0.0,0.0,M,,,,0000*05
$GPRMC,080406.455,A,4831.2482,N,00744.2044,E,21.6,139.6,110826,,*3e
$GPGGA,080406.472,4831.2481,N,00744.2045,E,1,03,0.0,0.0,M,,,,0000*02
$GPRMC,080406.472,A,4831.2481,N,00744.2045,E,21.6,139.5,110826,,*3a
$GPGGA,080406.489,4831.2479,N,00744.2048,E,1,03,0.0,0.0,M,,,,0000*0c
$GPRMC,080406.489,A,4831.2479,N,00744.2048,E,21.6,139.2,110826,,*33
$GPGGA,080406.524,4831.2479,N,00744.2049,E,1,03,0.0,0.0,M,,,,0000*0b
$GPRMC,080406.524,A,4831.2479,N,00744.2049,E,21.6,139.1,110826,,*37
$GPGGA,080406.626,4831.2477,N,00744.2051,E,1,03,0.0,0.0,M,,,,0000*0d
$GPRMC,080406.626,A,4831.2477,N,00744.2051,E,21.6,138.9,110826,,*38
$GPGGA,080406.645,4831.2471,N,00744.2058,E,1,03,0.0,0.0,M,,,,0000*07
$GPRMC,080406.645,A,4831.2471,N,00744.2058,E,21.6,138.6,110826,,*3d
$GPGGA,080406.665,4831.2471,N,00744.2059,E,1,03,0.0,0.0,M,,,,0000*04
$GPRMC,080406.665,A,4831.2471,N,00744.2059,E,21.6,138.6,110826,,*3e
$GPGGA,080406.685,4831.2470,N,00744.2060,E,1,03,0.0,0.0,M,,,,0000*01
$GPRMC,080406.685,A,4831.2470,N,00744.2060,E,21.6,138.6,110826,,*3b
$GPGGA,080406.696,4831.2469,N,00744.2061,E,1,03,0.0,0.0,M,,,,0000*0a
$GPRMC,080406.696,A,4831.2469,N,00744.2061,E,21.6,138.5,110826,,*33
$GPGGA,080406.708,4831.2468,N,00744.2062,E,1,03,0.0,0.0,M,,,,0000*0e
$GPRMC,080406.708,A,4831.2468,N,00744.2062,E,21.6,138.5,110826,,*37
$GPGGA,080406.722,4831.2467,N,00744.2063,E,1,03,0.0,0.0,M,,,,0000*08
$GPRMC,080406.722,A,4831.2467,N,00744.2063,E,21.6,138.5,110826,,*31
$GPGGA,080406.755,4831.2466,N,00744.2065,E,1,03,0.0,0.0,M,,,,0000*0f
$GPRMC,080406.755,A,4831.2466,N,00744.2065,E,21.6,138.4,110826,,*37
$GPGGA,080406.773,4831.2466,N,00744.2066,E,1,03,0.0,0.0,M,,,,0000*08
$GPRMC,080406.773,A,4831.2466,N,00744.2066,E,21.6,138.4,110826,,*30
$GPGGA,080406.807,4831.2464,N,00744.2068,E,1,03,0.0,0.0,M,,,,0000*08
$GPRMC,080406.807,A,4831.2464,N,00744.2068,E,21.6,138.3,110826,,*37
$GPGGA,080406.823,4831.2463,N,00744.2069,E,1,03,0.0,0.0,M,,,,0000*08
$GPRMC,080406.823,A,4831.2463,N,00744.2069,E,21.6,138.3,110826,,*37
$GPGGA,080406.840,4831.2461,N,00744.2071,E,1,03,0.0,0.0,M,,,,0000*06
$GPRMC,080406.840,A,4831.2461,N,00744.2071,E,21.6,138.1,110826,,*3b
$GPGGA,080406.857,4831.2461,N,00744.2072,E,1,03,0.0,0.0,M,,,,0000*03
$GPRMC,080406.857,A,4831.2461,N,00744.2072,E,21.6,138.1,110826,,*3e
$GPGGA,080406.888,4831.2460,N,00744.2074,E,1,03,0.0,0.0,M,,,,0000*06
$GPRMC,080406.888,A,4831.2460,N,00744.2074,E,21.6,138.0,110826,,*3a
$GPGGA,080406.907,4831.2459,N,00744.2075,E,1,03,0.0,0.0,M,,,,0000*0b
$GPRMC,080406.907,A,4831.2459,N,00744.2075,E,21.6,137.9,110826,,*31
$GPGGA,080406.923,4831.2458,N,00744.2076,E,1,03,0.0,0.0,M,,,,0000*0f
$GPRMC,080406.923,A,4831.2458,N,00744.2076,E,21.6,137.7,110826,,*3b
$GPGGA,080406.941,4831.2457,N,00744.2079,E,1,03,0.0,0.0,M,,,,0000*0b
$GPRMC,080406.941,A,4831.2457,N,00744.2079,E,21.6,137.3,110826,,*3b
$GPGGA,080406.957,4831.2456,N,00744.2080,E,1,03,0.0,0.0,M,,,,0000*0b
$GPRMC,080406.957,A,4831.2456,N,00744.2080,E,21.6,137.1,110826,,*39
$GPGGA,080406.973,4831.2455,N,00744.2081,E,1,03,0.0,0.0,M,,,,0000*0f
$GPRMC,080406.973,A,4831.2455,N,00744.2081,E,21.6,136.9,110826,,*34
$GPGGA,080407.004,4831.2454,N,00744.2082,E,1,03,0.0,0.0,M,,,,0000*05
$GPRMC,080407.004,A,4831.2454,N,00744.2082,E,21.6,136.7,110826,,*30
$GPGGA,080407.025,4831.2453,N,00744.2084,E,1,03,0.0,0.0,M,,,,0000*07
$GPRMC,080407.025,A,4831.2453,N,00744.2084,E,21.6,136.4,110826,,*31
$GPGGA,080407.042,4831.2452,N,00744.2086,E,1,03,0.0,0.0,M,,,,0000*05
$GPRMC,080407.042,A,4831.2452,N,00744.2086,E,21.6,136.1,110826,,*36
$GPGGA,080407.074,4831.2451,N,00744.2087,E,1,03,0.0,0.0,M,,,,0000*02
$GPRMC,080407.074,A,4831.2451,N,00744.2087,E,21.6,135.9,110826,,*3a
$GPGGA,080407.074,4831.2450,N,00744.2089,E,1,03,0.0,0.0,M,,,,0000*0d
$GPRMC,080407.074,A,4831.2450,N,00744.2089,E,21.6,135.5,110826,,*39
$GPGGA,080407.107,4831.2449,N,00744.2090,E,1,03,0.0,0.0,M,,,,0000*08
$GPRMC,080407.107,A,4831.2449,N,00744.2090,E,21.6,135.4,110826,,*3d
$GPGGA,080407.136,4831.2448,N,00744.2092,E,1,03,0.0,0.0,M,,,,0000*09
$GPRMC,080407.136,A,4831.2448,N,00744.2092,E,21.6,135.2,110826,,*3a
$GPGGA,080407.156,4831.2447,N,00744.2094,E,1,03,0.0,0.0,M,,,,0000*06
$GPRMC,080407.156,A,4831.2447,N,00744.2094,E,21.6,135.0,110826,,*37
$GPGGA,080407.172,4831.2446,N,00744.2096,E,1,03,0.0,0.0,M,,,,0000*03
$GPRMC,080407.172,A,4831.2446,N,00744.2096,E,21.6,134.8,110826,,*3b
$GPGGA,080407.203,4831.2445,N,00744.2097,E,1,03,0.0,0.0,M,,,,0000*04
$GPRMC,080407.203,A,4831.2445,N,00744.2097,E,21.6,134.7,110826,,*33
$GPGGA,080407.238,4831.2444,N,00744.2099,E,1,03,0.0,0.0,M,,,,0000*03
$GPRMC,080407.238,A,4831.2444,N,00744.2099,E,21.6,134.4,110826,,*37
$GPGGA,080407.257,4831.2443,N,00744.2100,E,1,03,0.0,0.0,M,,,,0000*0c
$GPRMC,080407.257,A,4831.2443,N,00744.2100,E,21.6,134.3,110826,,*3f
$GPGGA,080407.276,4831.2442,N,00744.2102,E,1,03,0.0,0.0,M,,,,0000*0c
$GPRMC,080407.276,A,4831.2442,N,00744.2102,E,21.6,134.2,110826,,*3e
$GPGGA,080407.289,4831.2440,N,00744.2105,E,1,03,0.0,0.0,M,,,,0000*09
$GPRMC,080407.289,A,4831.2440,N,00744.2105,E,21.6,133.9,110826,,*37
$GPGGA,080407.320,4831.2440,N,00744.2106,E,1,03,0.0,0.0,M,,,,0000*08
$GPRMC,080407.320,A,4831.2440,N,00744.2106,E,21.6,133.8,110826,,*37
$GPGGA,080407.337,4831.2439,N,00744.2107,E,1,03,0.0,0.0,M,,,,0000*01
$GPRMC,080407.337,A,4831.2439,N,00744.2107,E,21.6,133.7,110826,,*31
$GPGGA,080407.356,4831.2438,N,00744.2108,E,1,03,0.0,0.0,M,,,,0000*08
$GPRMC,080407.356,A,4831.2438,N,00744.2108,E,21.6,133.6,110826,,*39
$GPGGA,080407.375,4831.2437,N,00744.2110,E,1,03,0.0,0.0,M,,,,0000*0f
$GPRMC,080407.375,A,4831.2437,N,00744.2110,E,21.6,133.3,110826,,*3b
$GPGGA,080407.391,4831.2436,N,00744.2112,E,1,03,0.0,0.0,M,,,,0000*06
$GPRMC,080407.391,A,4831.2436,N,00744.2112,E,21.6,133.1,110826,,*30
$GPGGA,080407.425,4831.2435,N,00744.2113,E,1,03,0.0,0.0,M,,,,0000*0c
$GPRMC,080407.425,A,4831.2435,N,00744.2113,E,21.6,133.0,110826,,*3b
$GPGGA,080407.441,4831.2434,N,00744.2116,E,1,03,0.0,0.0,M,,,,0000*0a
$GPRMC,080407.441,A,4831.2434,N,00744.2116,E,21.6,132.4,110826,,*38
$GPGGA,080407.474,4831.2433,N,00744.2117,E,1,03,0.0,0.0,M,,,,0000*0a
$GPRMC,080407.474,A,4831.2433,N,00744.2117,E,21.6,132.2,110826,,*3e
$GPGGA,080407.493,4831.2432,N,00744.2119,E,1,03,0.0,0.0,M,,,,0000*0c
$GPRMC,080407.493,A,4831.2432,N,00744.2119,E,21.6,131.9,110826,,*30
$GPGGA,080407.514,4831.2431,N,00744.2121,E,1,03,0.0,0.0,M,,,,0000*0a
$GPRMC,080407.514,A,4831.2431,N,00744.2121,E,21.6,131.4,110826,,*3b
$GPGGA,080407.527,4831.2430,N,00744.2123,E,1,03,0.0,0.0,M,,,,0000*09
$GPRMC,080407.527,A,4831.2430,N,00744.2123,E,21.6,131.1,110826,,*3d
$GPGGA,080407.641,4831.2430,N,00744.2124,E,1,03,0.0,0.0,M,,,,0000*0d
$GPRMC,080407.641,A,4831.2430,N,00744.2124,E,21.6,130.9,110826,,*30
$GPGGA,080407.675,4831.2425,N,00744.2133,E,1,03,0.0,0.0,M,,,,0000*08
$GPRMC,080407.675,A,4831.2425,N,00744.2133,E,21.6,129.0,110826,,*34
$GPGGA,080407.693,4831.2423,N,00744.2135,E,1,03,0.0,0.0,M,,,,0000*00
$GPRMC,080407.693,A,4831.2423,N,00744.2135,E,21.6,128.5,110826,,*38
$GPGGA,080407.719,4831.2422,N,00744.2137,E,1,03,0.0,0.0,M,,,,0000*00
$GPRMC,080407.719,A,4831.2422,N,00744.2137,E,21.6,128.2,110826,,*3f
$GPGGA,080407.722,4831.2422,N,00744.2138,E,1,03,0.0,0.0,M,,,,0000*07
$GPRMC,080407.722,A,4831.2422,N,00744.2138,E,21.6,128.0,110826,,*3a
$GPGGA,080407.753,4831.2421,N,00744.2139,E,1,03,0.0,0.0,M,,,,0000*03
$GPRMC,080407.753,A,4831.2421,N,00744.2139,E,21.6,127.8,110826,,*39
$GPGGA,080407.765,4831.2421,N,00744.2140,E,1,03,0.0,0.0,M,,,,0000*08
$GPRMC,080407.765,A,4831.2421,N,00744.2140,E,21.6,127.5,110826,,*3f
$GPGGA,080407.780,4831.2420,N,00744.2142,E,1,03,0.0,0.0,M,,,,0000*00
$GPRMC,080407.780,A,4831.2420,N,00744.2142,E,21.6,127.2,110826,,*30
$GPGGA,080407.791,4831.2419,N,00744.2143,E,1,03,0.0,0.0,M,,,,0000*0b
$GPRMC,080407.791,A,4831.2419,N,00744.2143,E,21.6,127.0,110826,,*39
$GPGGA,080407.816,4831.2418,N,00744.2145,E,1,03,0.0,0.0,M,,,,0000*0c
$GPRMC,080407.816,A,4831.2418,N,00744.2145,E,21.6,126.6,110826,,*39
$GPGGA,080407.834,4831.2418,N,00744.2146,E,1,03,0.0,0.0,M,,,,0000*0f
$GPRMC,080407.834,A,4831.2418,N,00744.2146,E,21.6,126.4,110826,,*38
$GPGGA,080407.850,4831.2417,N,00744.2147,E,1,03,0.0,0.0,M,,,,0000*03
$GPRMC,080407.850,A,4831.2417,N,00744.2147,E,21.6,126.2,110826,,*32
$GPGGA,080407.865,4831.2416,N,00744.2149,E,1,03,0.0,0.0,M,,,,0000*0a
$GPRMC,080407.865,A,4831.2416,N,00744.2149,E,21.6,125.9,110826,,*33
$GPGGA,080407.877,4831.2416,N,00744.2150,E,1,03,0.0,0.0,M,,,,0000*01
$GPRMC,080407.877,A,4831.2416,N,00744.2150,E,21.6,125.6,110826,,*37
$GPGGA,080407.891,4831.2415,N,00744.2151,E,1,03,0.0,0.0,M,,,,0000*0b
$GPRMC,080407.891,A,4831.2415,N,00744.2151,E,21.6,125.4,110826,,*3f
$GPGGA,080407.921,4831.2415,N,00744.2152,E,1,03,0.0,0.0,M,,,,0000*02
$GPRMC,080407.921,A,4831.2415,N,00744.2152,E,21.6,125.0,110826,,*32
$GPGGA,080407.956,4831.2414,N,00744.2154,E,1,03,0.0,0.0,M,,,,0000*05
$GPRMC,080407.956,A,4831.2414,N,00744.2154,E,21.6,124.5,110826,,*31
$GPGGA,080407.970,4831.2412,N,00744.2157,E,1,03,0.0,0.0,M,,,,0000*04
$GPRMC,080407.970,A,4831.2412,N,00744.2157,E,21.6,123.7,110826,,*35
$GPGGA,080407.976,4831.2412,N,00744.2158,E,1,03,0.0,0.0,M,,,,0000*0d
$GPRMC,080407.976,A,4831.2412,N,00744.2158,E,21.6,123.2,110826,,*39
$GPGGA,080407.992,4831.2411,N,00744.2160,E,1,03,0.0,0.0,M,,,,0000*0f
$GPRMC,080407.992,A,4831.2411,N,00744.2160,E,21.6,122.6,110826,,*3e
$GPGGA,080408.026,4831.2411,N,00744.2161,E,1,03,0.0,0.0,M,,,,0000*07
$GPRMC,080408.026,A,4831.2411,N,00744.2161,E,21.6,122.1,110826,,*31
$GPGGA,080408.041,4831.2410,N,00744.2164,E,1,03,0.0,0.0,M,,,,0000*02
$GPRMC,080408.041,A,4831.2410,N,00744.2164,E,21.6,121.0,110826,,*36
$GPGGA,080408.059,4831.2409,N,00744.2165,E,1,03,0.0,0.0,M,,,,0000*02
$GPRMC,080408.059,A,4831.2409,N,00744.2165,E,21.6,120.5,110826,,*32
$GPGGA,080408.075,4831.2409,N,00744.2167,E,1,03,0.0,0.0,M,,,,0000*0e
$GPRMC,080408.075,A,4831.2409,N,00744.2167,E,21.6,120.0,110826,,*3b
$GPGGA,080408.092,4831.2408,N,00744.2169,E,1,03,0.0,0.0,M,,,,0000*08
$GPRMC,080408.092,A,4831.2408,N,00744.2169,E,21.6,119.3,110826,,*34
$GPGGA,080408.108,4831.2408,N,00744.2170,E,1,03,0.0,0.0,M,,,,0000*02
$GPRMC,080408.108,A,4831.2408,N,00744.2170,E,21.6,118.8,110826,,*34
$GPGGA,080408.124,4831.2407,N,00744.2172,E,1,03,0.0,0.0,M,,,,0000*01
$GPRMC,080408.124,A,4831.2407,N,00744.2172,E,21.6,118.1,110826,,*3e
$GPGGA,080408.140,4831.2406,N,00744.2173,E,1,03,0.0,0.0,M,,,,0000*03
$GPRMC,080408.140,A,4831.2406,N,00744.2173,E,21.6,117.6,110826,,*34
$GPGGA,080408.156,4831.2406,N,00744.2174,E,1,03,0.0,0.0,M,,,,0000*03
$GPRMC,080408.156,A,4831.2406,N,00744.2174,E,21.6,117.1,110826,,*33
$GPGGA,080408.173,4831.2405,N,00744.2176,E,1,03,0.0,0.0,M,,,,0000*05
$GPRMC,080408.173,A,4831.2405,N,00744.2176,E,21.6,116.4,110826,,*31
$GPGGA,080408.194,4831.2405,N,00744.2177,E,1,03,0.0,0.0,M,,,,0000*0d
$GPRMC,080408.194,A,4831.2405,N,00744.2177,E,21.6,115.9,110826,,*37
$GPGGA,080408.208,4831.2404,N,00744.2179,E,1,03,0.0,0.0,M,,,,0000*04
$GPRMC,080408.208,A,4831.2404,N,00744.2179,E,21.6,115.7,110826,,*30
$GPGGA,080408.224,4831.2404,N,00744.2181,E,1,03,0.0,0.0,M,,,,0000*0d
$GPRMC,080408.224,A,4831.2404,N,00744.2181,E,21.6,115.6,110826,,*38
$GPGGA,080408.244,4831.2403,N,00744.2182,E,1,03,0.0,0.0,M,,,,0000*0f
$GPRMC,080408.244,A,4831.2403,N,00744.2182,E,21.6,115.6,110826,,*3a
$GPGGA,080408.257,4831.2403,N,00744.2183,E,1,03,0.0,0.0,M,,,,0000*0c
$GPRMC,080408.257,A,4831.2403,N,00744.2183,E,21.6,115.6,110826,,*39
$GPGGA,080408.276,4831.2402,N,00744.2185,E,1,03,0.0,0.0,M,,,,0000*08
$GPRMC,080408.276,A,4831.2402,N,00744.2185,E,21.6,115.5,110826,,*3e
$GPGGA,080408.292,4831.2402,N,00744.2187,E,1,03,0.0,0.0,M,,,,0000*00
$GPRMC,080408.292,A,4831.2402,N,00744.2187,E,21.6,115.5,110826,,*36
$GPGGA,080408.308,4831.2402,N,00744.2188,E,1,03,0.0,0.0,M,,,,0000*0d
$GPRMC,080408.308,A,4831.2402,N,00744.2188,E,21.6,115.4,110826,,*3a
$GPGGA,080408.324,4831.2401,N,00744.2190,E,1,03,0.0,0.0,M,,,,0000*09
$GPRMC,080408.324,A,4831.2401,N,00744.2190,E,21.6,115.4,110826,,*3e
$GPGGA,080408.340,4831.2400,N,00744.2192,E,1,03,0.0,0.0,M,,,,0000*08
$GPRMC,080408.340,A,4831.2400,N,00744.2192,E,21.6,115.3,110826,,*38
$GPGGA,080408.356,4831.2400,N,00744.2193,E,1,03,0.0,0.0,M,,,,0000*0e
$GPRMC,080408.356,A,4831.2400,N,00744.2193,E,21.6,115.3,110826,,*3e
$GPGGA,080408.373,4831.2400,N,00744.2194,E,1,03,0.0,0.0,M,,,,0000*0e
$GPRMC,080408.373,A,4831.2400,N,00744.2194,E,21.6,115.2,110826,,*3f
$GPGGA,080408.387,4831.2399,N,00744.2196,E,1,03,0.0,0.0,M,,,,0000*00
$GPRMC,080408.387,A,4831.2399,N,00744.2196,E,21.6,115.2,110826,,*31
$GPGGA,080408.422,4831.2399,N,00744.2197,E,1,03,0.0,0.0,M,,,,0000*09
$GPRMC,080408.422,A,4831.2399,N,00744.2197,E,21.6,115.1,110826,,*3b
$GPGGA,080408.441,4831.2398,N,00744.2199,E,1,03,0.0,0.0,M,,,,0000*03
$GPRMC,080408.441,A,4831.2398,N,00744.2199,E,21.6,115.1,110826,,*31
$GPGGA,080408.457,4831.2397,N,00744.2202,E,1,03,0.0,0.0,M,,,,0000*0a
$GPRMC,080408.457,A,4831.2397,N,00744.2202,E,21.6,115.0,110826,,*39
$GPGGA,080408.476,4831.2397,N,00744.2202,E,1,03,0.0,0.0,M,,,,0000*09
$GPRMC,080408.476,A,4831.2397,N,00744.2202,E,21.6,115.0,110826,,*3a
$GPGGA,080408.499,4831.2396,N,00744.2205,E,1,03,0.0,0.0,M,,,,0000*0e
$GPRMC,080408.499,A,4831.2396,N,00744.2205,E,21.6,114.9,110826,,*35
$GPGGA,080408.541,4831.2396,N,00744.2208,E,1,03,0.0,0.0,M,,,,0000*07
$GPRMC,080408.541,A,4831.2396,N,00744.2208,E,21.6,114.8,110826,,*3d
$GPGGA,080408.557,4831.2394,N,00744.2212,E,1,03,0.0,0.0,M,,,,0000*09
$GPRMC,080408.557,A,4831.2394,N,00744.2212,E,21.6,114.6,110826,,*3d
$GPGGA,080408.572,4831.2394,N,00744.2213,E,1,03,0.0,0.0,M,,,,0000*0f
$GPRMC,080408.572,A,4831.2394,N,00744.2213,E,21.6,114.5,110826,,*38
$GPGGA,080408.593,4831.2393,N,00744.2215,E,1,03,0.0,0.0,M,,,,0000*01
$GPRMC,080408.593,A,4831.2393,N,00744.2215,E,21.6,114.4,110826,,*37
$GPGGA,080408.607,4831.2393,N,00744.2216,E,1,03,0.0,0.0,M,,,,0000*0c
$GPRMC,080408.607,A,4831.2393,N,00744.2216,E,21.6,114.3,110826,,*3d
$GPGGA,080408.625,4831.2393,N,00744.2217,E,1,03,0.0,0.0,M,,,,0000*0d
$GPRMC,080408.625,A,4831.2393,N,00744.2217,E,21.6,114.3,110826,,*3c
$GPGGA,080408.641,4831.2392,N,00744.2219,E,1,03,0.0,0.0,M,,,,0000*00
$GPRMC,080408.641,A,4831.2392,N,00744.2219,E,21.6,114.1,110826,,*33
$GPGGA,080408.657,4831.2392,N,00744.2221,E,1,03,0.0,0.0,M,,,,0000*0c
$GPRMC,080408.657,A,4831.2392,N,00744.2221,E,21.6,114.1,110826,,*3f
$GPGGA,080408.673,4831.2391,N,00744.2223,E,1,03,0.0,0.0,M,,,,0000*0b
$GPRMC,080408.673,A,4831.2391,N,00744.2223,E,21.6,113.9,110826,,*37
$GPGGA,080408.691,4831.2391,N,00744.2224,E,1,03,0.0,0.0,M,,,,0000*00
$GPRMC,080408.691,A,4831.2391,N,00744.2224,E,21.6,113.8,110826,,*3d
$GPGGA,080408.722,4831.2390,N,00744.2225,E,1,03,0.0,0.0,M,,,,0000*09
$GPRMC,080408.722,A,4831.2390,N,00744.2225,E,21.6,113.8,110826,,*34
$GPGGA,080408.758,4831.2390,N,00744.2229,E,1,03,0.0,0.0,M,,,,0000*08
$GPRMC,080408.758,A,4831.2390,N,00744.2229,E,21.6,113.6,110826,,*3b
$GPGGA,080408.789,4831.2389,N,00744.2232,E,1,03,0.0,0.0,M,,,,0000*06
$GPRMC,080408.789,A,4831.2389,N,00744.2232,E,21.6,113.4,110826,,*37
$GPGGA,080408.789,4831.2388,N,00744.2234,E,1,03,0.0,0.0,M,,,,0000*01
$GPRMC,080408.789,A,4831.2388,N,00744.2234,E,21.6,113.2,110826,,*36
$GPGGA,080408.806,4831.2388,N,00744.2235,E,1,03,0.0,0.0,M,,,,0000*08
$GPRMC,080408.806,A,4831.2388,N,00744.2235,E,21.6,113.2,110826,,*3f
$GPGGA,080408.840,4831.2387,N,00744.2236,E,1,03,0.0,0.0,M,,,,0000*06
$GPRMC,080408.840,A,4831.2387,N,00744.2236,E,21.6,113.1,110826,,*32
$GPGGA,080408.861,4831.2386,N,00744.2239,E,1,03,0.0,0.0,M,,,,0000*0b
$GPRMC,080408.861,A,4831.2386,N,00744.2239,E,21.6,112.9,110826,,*36
$GPGGA,080408.882,4831.2386,N,00744.2241,E,1,03,0.0,0.0,M,,,,0000*09
$GPRMC,080408.882,A,4831.2386,N,00744.2241,E,21.6,112.8,110826,,*35
$GPGGA,080408.890,4831.2386,N,00744.2243,E,1,03,0.0,0.0,M,,,,0000*08
$GPRMC,080408.890,A,4831.2386,N,00744.2243,E,21.6,112.7,110826,,*3b
$GPGGA,080408.929,4831.2385,N,00744.2244,E,1,03,0.0,0.0,M,,,,0000*0f
$GPRMC,080408.929,A,4831.2385,N,00744.2244,E,21.6,112.6,110826,,*3d
$GPGGA,080408.952,4831.2384,N,00744.2247,E,1,03,0.0,0.0,M,,,,0000*01
$GPRMC,080408.952,A,4831.2384,N,00744.2247,E,21.6,112.4,110826,,*31
$GPGGA,080408.960,4831.2384,N,00744.2249,E,1,03,0.0,0.0,M,,,,0000*0e
$GPRMC,080408.960,A,4831.2384,N,00744.2249,E,21.6,112.3,110826,,*39
$GPGGA,080408.985,4831.2383,N,00744.2251,E,1,03,0.0,0.0,M,,,,0000*0b
$GPRMC,080408.985,A,4831.2383,N,00744.2251,E,21.6,112.2,110826,,*3d
$GPGGA,080409.001,4831.2383,N,00744.2252,E,1,03,0.0,0.0,M,,,,0000*0c
$GPRMC,080409.001,A,4831.2383,N,00744.2252,E,21.6,112.1,110826,,*39
$GPGGA,080409.028,4831.2382,N,00744.2254,E,1,03,0.0,0.0,M,,,,0000*00
$GPRMC,080409.028,A,4831.2382,N,00744.2254,E,21.6,112.0,110826,,*34
$GPGGA,080409.048,4831.2382,N,00744.2257,E,1,03,0.0,0.0,M,,,,0000*05
$GPRMC,080409.048,A,4831.2382,N,00744.2257,E,21.6,111.7,110826,,*35
$GPGGA,080409.058,4831.2381,N,00744.2259,E,1,03,0.0,0.0,M,,,,0000*09
$GPRMC,080409.058,A,4831.2381,N,00744.2259,E,21.6,111.5,110826,,*3b
$GPGGA,080409.090,4831.2381,N,00744.2260,E,1,03,0.0,0.0,M,,,,0000*07
$GPRMC,080409.090,A,4831.2381,N,00744.2260,E,21.6,111.4,110826,,*34
$GPGGA,080409.106,4831.2380,N,00744.2263,E,1,03,0.0,0.0,M,,,,0000*0b
$GPRMC,080409.106,A,4831.2380,N,00744.2263,E,21.6,110.9,110826,,*34
$GPGGA,080409.122,4831.2380,N,00744.2265,E,1,03,0.0,0.0,M,,,,0000*0b
$GPRMC,080409.122,A,4831.2380,N,00744.2265,E,21.6,110.8,110826,,*35
$GPGGA,080409.140,4831.2379,N,00744.2266,E,1,03,0.0,0.0,M,,,,0000*0a
$GPRMC,080409.140,A,4831.2379,N,00744.2266,E,21.6,110.6,110826,,*3a
$GPGGA,080409.159,4831.2379,N,00744.2268,E,1,03,0.0,0.0,M,,,,0000*0c
$GPRMC,080409.159,A,4831.2379,N,00744.2268,E,21.6,110.3,110826,,*39
$GPGGA,080409.191,4831.2379,N,00744.2270,E,1,03,0.0,0.0,M,,,,0000*01
$GPRMC,080409.191,A,4831.2379,N,00744.2270,E,21.6,110.1,110826,,*36
$GPGGA,080409.207,4831.2378,N,00744.2272,E,1,03,0.0,0.0,M,,,,0000*0e
$GPRMC,080409.207,A,4831.2378,N,00744.2272,E,21.6,109.8,110826,,*38
$GPGGA,080409.238,4831.2378,N,00744.2274,E,1,03,0.0,0.0,M,,,,0000*04
$GPRMC,080409.238,A,4831.2378,N,00744.2274,E,21.6,109.4,110826,,*3e
$GPGGA,080409.271,4831.2377,N,00744.2276,E,1,03,0.0,0.0,M,,,,0000*04
$GPRMC,080409.271,A,4831.2377,N,00744.2276,E,21.6,109.1,110826,,*3b
$GPGGA,080409.308,4831.2376,N,00744.2281,E,1,03,0.0,0.0,M,,,,0000*02
$GPRMC,080409.308,A,4831.2376,N,00744.2281,E,21.6,108.5,110826,,*38
$GPGGA,080409.324,4831.2376,N,00744.2283,E,1,03,0.0,0.0,M,,,,0000*0e
$GPRMC,080409.324,A,4831.2376,N,00744.2283,E,21.6,108.3,110826,,*32
$GPGGA,080409.342,4831.2375,N,00744.2285,E,1,03,0.0,0.0,M,,,,0000*0b
$GPRMC,080409.342,A,4831.2375,N,00744.2285,E,21.6,108.0,110826,,*34
$GPGGA,080409.373,4831.2375,N,00744.2287,E,1,03,0.0,0.0,M,,,,0000*0b
$GPRMC,080409.373,A,4831.2375,N,00744.2287,E,21.6,107.8,110826,,*33
$GPGGA,080409.392,4831.2374,N,00744.2291,E,1,03,0.0,0.0,M,,,,0000*02
$GPRMC,080409.392,A,4831.2374,N,00744.2291,E,21.6,107.8,110826,,*3a
$GPGGA,080409.408,4831.2374,N,00744.2292,E,1,03,0.0,0.0,M,,,,0000*05
$GPRMC,080409.408,A,4831.2374,N,00744.2292,E,21.6,107.7,110826,,*32
$GPGGA,080409.440,4831.2373,N,00744.2294,E,1,03,0.0,0.0,M,,,,0000*08
$GPRMC,080409.440,A,4831.2373,N,00744.2294,E,21.6,107.7,110826,,*3f
$GPGGA,080409.455,4831.2373,N,00744.2296,E,1,03,0.0,0.0,M,,,,0000*0e
$GPRMC,080409.455,A,4831.2373,N,00744.2296,E,21.6,107.7,110826,,*39
$GPGGA,080409.492,4831.2372,N,00744.2298,E,1,03,0.0,0.0,M,,,,0000*0a
$GPRMC,080409.492,A,4831.2372,N,00744.2298,E,21.6,107.6,110826,,*3c
$GPGGA,080409.508,4831.2371,N,00744.2303,E,1,03,0.0,0.0,M,,,,0000*08
$GPRMC,080409.508,A,4831.2371,N,00744.2303,E,21.6,107.5,110826,,*3d
$GPGGA,080409.540,4831.2371,N,00744.2304,E,1,03,0.0,0.0,M,,,,0000*03
$GPRMC,080409.540,A,4831.2371,N,00744.2304,E,21.6,107.5,110826,,*36
$GPGGA,080409.559,4831.2371,N,00744.2305,E,1,03,0.0,0.0,M,,,,0000*0a
$GPRMC,080409.559,A,4831.2371,N,00744.2305,E,21.6,107.5,110826,,*3f
$GPGGA,080409.660,4831.2370,N,00744.2309,E,1,03,0.0,0.0,M,,,,0000*0e
$GPRMC,080409.660,A,4831.2370,N,00744.2309,E,21.6,107.3,110826,,*3d
$GPGGA,080409.682,4831.2368,N,00744.2319,E,1,03,0.0,0.0,M,,,,0000*0a
$GPRMC,080409.682,A,4831.2368,N,00744.2319,E,21.6,106.9,110826,,*32
$GPGGA,080409.693,4831.2368,N,00744.2320,E,1,03,0.0,0.0,M,,,,0000*00
$GPRMC,080409.693,A,4831.2368,N,00744.2320,E,21.6,106.9,110826,,*38
$GPGGA,080409.725,4831.2368,N,00744.2322,E,1,03,0.0,0.0,M,,,,0000*0e
$GPRMC,080409.725,A,4831.2368,N,00744.2322,E,21.6,106.8,110826,,*37
$GPGGA,080409.741,4831.2367,N,00744.2325,E,1,03,0.0,0.0,M,,,,0000*04
$GPRMC,080409.741,A,4831.2367,N,00744.2325,E,21.6,106.6,110826,,*33
$GPGGA,080409.775,4831.2367,N,00744.2327,E,1,03,0.0,0.0,M,,,,0000*01
$GPRMC,080409.775,A,4831.2367,N,00744.2327,E,21.6,106.6,110826,,*36
$GPGGA,080409.807,4831.2366,N,00744.2330,E,1,03,0.0,0.0,M,,,,0000*0c
$GPRMC,080409.807,A,4831.2366,N,00744.2330,E,21.6,106.4,110826,,*39
$GPGGA,080409.842,4831.2365,N,00744.2333,E,1,03,0.0,0.0,M,,,,0000*0d
$GPRMC,080409.842,A,4831.2365,N,00744.2333,E,21.6,106.3,110826,,*3f
$GPGGA,080409.859,4831.2365,N,00744.2335,E,1,03,0.0,0.0,M,,,,0000*01
$GPRMC,080409.859,A,4831.2365,N,00744.2335,E,21.6,106.2,110826,,*32
$GPGGA,080409.890,4831.2365,N,00744.2338,E,1,03,0.0,0.0,M,,,,0000*09
$GPRMC,080409.890,A,4831.2365,N,00744.2338,E,21.6,106.1,110826,,*39
$GPGGA,080409.906,4831.2364,N,00744.2341,E,1,03,0.0,0.0,M,,,,0000*08
$GPRMC,080409.906,A,4831.2364,N,00744.2341,E,21.6,106.0,110826,,*39
$GPGGA,080409.947,4831.2364,N,00744.2343,E,1,03,0.0,0.0,M,,,,0000*0f
$GPRMC,080409.947,A,4831.2364,N,00744.2343,E,21.6,105.9,110826,,*34
$GPGGA,080409.964,4831.2363,N,00744.2346,E,1,03,0.0,0.0,M,,,,0000*0c
$GPRMC,080409.964,A,4831.2363,N,00744.2346,E,21.6,105.8,110826,,*36
$GPGGA,080409.982,4831.2363,N,00744.2348,E,1,03,0.0,0.0,M,,,,0000*0a
$GPRMC,080409.982,A,4831.2363,N,00744.2348,E,21.6,105.6,110826,,*3e
$GPGGA,080410.006,4831.2362,N,00744.2350,E,1,03,0.0,0.0,M,,,,0000*0f
$GPRMC,080410.006,A,4831.2362,N,00744.2350,E,21.6,105.5,110826,,*38
$GPGGA,080410.021,4831.2362,N,00744.2352,E,1,03,0.0,0.0,M,,,,0000*08
$GPRMC,080410.021,A,4831.2362,N,00744.2352,E,21.6,105.4,110826,,*3e
$GPGGA,080410.053,4831.2362,N,00744.2353,E,1,03,0.0,0.0,M,,,,0000*0c
$GPRMC,080410.053,A,4831.2362,N,00744.2353,E,21.6,105.3,110826,,*3d
$GPGGA,080410.066,4831.2361,N,00744.2357,E,1,03,0.0,0.0,M,,,,0000*0d
$GPRMC,080410.066,A,4831.2361,N,00744.2357,E,21.6,105.0,110826,,*3f
$GPGGA,080410.089,4831.2361,N,00744.2358,E,1,03,0.0,0.0,M,,,,0000*03
$GPRMC,080410.089,A,4831.2361,N,00744.2358,E,21.6,104.9,110826,,*39
$GPGGA,080410.099,4831.2361,N,00744.2360,E,1,03,0.0,0.0,M,,,,0000*09
$GPRMC,080410.099,A,4831.2361,N,00744.2360,E,21.6,104.8,110826,,*32
$GPGGA,080410.115,4831.2360,N,00744.2361,E,1,03,0.0,0.0,M,,,,0000*0c
$GPRMC,080410.115,A,4831.2360,N,00744.2361,E,21.6,104.6,110826,,*39
$GPGGA,080410.129,4831.2360,N,00744.2362,E,1,03,0.0,0.0,M,,,,0000*00
$GPRMC,080410.129,A,4831.2360,N,00744.2362,E,21.6,104.5,110826,,*36
$GPGGA,080410.148,4831.2360,N,00744.2365,E,1,03,0.0,0.0,M,,,,0000*00
$GPRMC,080410.148,A,4831.2360,N,00744.2365,E,21.6,104.3,110826,,*30
$GPGGA,080410.158,4831.2360,N,00744.2367,E,1,03,0.0,0.0,M,,,,0000*03
$GPRMC,080410.158,A,4831.2360,N,00744.2367,E,21.6,104.0,110826,,*30
$GPGGA,080410.173,4831.2359,N,00744.2368,E,1,03,0.0,0.0,M,,,,0000*0f
$GPRMC,080410.173,A,4831.2359,N,00744.2368,E,21.6,103.9,110826,,*32
$GPGGA,080410.197,4831.2359,N,00744.2369,E,1,03,0.0,0.0,M,,,,0000*04
$GPRMC,080410.197,A,4831.2359,N,00744.2369,E,21.6,103.8,110826,,*38
$GPGGA,080410.222,4831.2359,N,00744.2371,E,1,03,0.0,0.0,M,,,,0000*00
$GPRMC,080410.222,A,4831.2359,N,00744.2371,E,21.6,103.6,110826,,*32
$GPGGA,080410.234,4831.2358,N,00744.2374,E,1,03,0.0,0.0,M,,,,0000*03
$GPRMC,080410.234,A,4831.2358,N,00744.2374,E,21.6,103.3,110826,,*34
$GPGGA,080410.250,4831.2358,N,00744.2374,E,1,03,0.0,0.0,M,,,,0000*01
$GPRMC,080410.250,A,4831.2358,N,00744.2374,E,21.6,103.3,110826,,*36
$GPGGA,080410.259,4831.2358,N,00744.2376,E,1,03,0.0,0.0,M,,,,0000*0a
$GPRMC,080410.259,A,4831.2358,N,00744.2376,E,21.6,103.0,110826,,*3e
$GPGGA,080410.278,4831.2358,N,00744.2378,E,1,03,0.0,0.0,M,,,,0000*07
$GPRMC,080410.278,A,4831.2358,N,00744.2378,E,21.6,102.9,110826,,*3b
$GPGGA,080410.299,4831.2358,N,00744.2379,E,1,03,0.0,0.0,M,,,,0000*09
$GPRMC,080410.299,A,4831.2358,N,00744.2379,E,21.6,102.7,110826,,*3b
$GPGGA,080410.316,4831.2357,N,00744.2381,E,1,03,0.0,0.0,M,,,,0000*07
$GPRMC,080410.316,A,4831.2357,N,00744.2381,E,21.6,102.5,110826,,*37
$GPGGA,080410.331,4831.2357,N,00744.2383,E,1,03,0.0,0.0,M,,,,0000*00
$GPRMC,080410.331,A,4831.2357,N,00744.2383,E,21.6,102.4,110826,,*31
$GPGGA,080410.346,4831.2357,N,00744.2384,E,1,03,0.0,0.0,M,,,,0000*07
$GPRMC,080410.346,A,4831.2357,N,00744.2384,E,21.6,102.3,110826,,*31
$GPGGA,080410.366,4831.2357,N,00744.2386,E,1,03,0.0,0.0,M,,,,0000*07
$GPRMC,080410.366,A,4831.2357,N,00744.2386,E,21.6,102.3,110826,,*31
$GPGGA,080410.376,4831.2356,N,00744.2387,E,1,03,0.0,0.0,M,,,,0000*06
$GPRMC,080410.376,A,4831.2356,N,00744.2387,E,21.6,102.3,110826,,*30
$GPGGA,080410.402,4831.2356,N,00744.2390,E,1,03,0.0,0.0,M,,,,0000*04
$GPRMC,080410.402,A,4831.2356,N,00744.2390,E,21.6,102.2,110826,,*33
$GPGGA,080410.420,4831.2356,N,00744.2391,E,1,03,0.0,0.0,M,,,,0000*05
$GPRMC,080410.420,A,4831.2356,N,00744.2391,E,21.6,102.2,110826,,*32
$GPGGA,080410.435,4831.2356,N,00744.2393,E,1,03,0.0,0.0,M,,,,0000*03
$GPRMC,080410.435,A,4831.2356,N,00744.2393,E,21.6,102.2,110826,,*34
$GPGGA,080410.449,4831.2355,N,00744.2395,E,1,03,0.0,0.0,M,,,,0000*0d
$GPRMC,080410.449,A,4831.2355,N,00744.2395,E,21.6,102.1,110826,,*39
$GPGGA,080410.468,4831.2355,N,00744.2396,E,1,03,0.0,0.0,M,,,,0000*0d
$GPRMC,080410.468,A,4831.2355,N,00744.2396,E,21.6,102.1,110826,,*39
$GPGGA,080410.475,4831.2355,N,00744.2398,E,1,03,0.0,0.0,M,,,,0000*0f
$GPRMC,080410.475,A,4831.2355,N,00744.2398,E,21.6,102.0,110826,,*3a
$GPGGA,080410.491,4831.2355,N,00744.2400,E,1,03,0.0,0.0,M,,,,0000*03
$GPRMC,080410.491,A,4831.2355,N,00744.2400,E,21.6,101.9,110826,,*3c
$GPGGA,080410.518,4831.2355,N,00744.2401,E,1,03,0.0,0.0,M,,,,0000*02
$GPRMC,080410.518,A,4831.2355,N,00744.2401,E,21.6,101.9,110826,,*3d
$GPGGA,080410.532,4831.2354,N,00744.2403,E,1,03,0.0,0.0,M,,,,0000*09
$GPRMC,080410.532,A,4831.2354,N,00744.2403,E,21.6,101.8,110826,,*37
$GPGGA,080410.545,4831.2354,N,00744.2404,E,1,03,0.0,0.0,M,,,,0000*0e
$GPRMC,080410.545,A,4831.2354,N,00744.2404,E,21.6,101.7,110826,,*3f
$GPGGA,080410.568,4831.2354,N,00744.2406,E,1,03,0.0,0.0,M,,,,0000*03
$GPRMC,080410.568,A,4831.2354,N,00744.2406,E,21.6,101.7,110826,,*32
$GPGGA,080410.591,4831.2354,N,00744.2408,E,1,03,0.0,0.0,M,,,,0000*0b
$GPRMC,080410.591,A,4831.2354,N,00744.2408,E,21.6,101.6,110826,,*3b
$GPGGA,080410.623,4831.2353,N,00744.2411,E,1,03,0.0,0.0,M,,,,0000*0e
$GPRMC,080410.623,A,4831.2353,N,00744.2411,E,21.6,101.4,110826,,*3c
$GPGGA,080410.658,4831.2353,N,00744.2414,E,1,03,0.0,0.0,M,,,,0000*07
$GPRMC,080410.658,A,4831.2353,N,00744.2414,E,21.6,101.3,110826,,*32
$GPGGA,080410.672,4831.2353,N,00744.2416,E,1,03,0.0,0.0,M,,,,0000*0d
$GPRMC,080410.672,A,4831.2353,N,00744.2416,E,21.6,101.2,110826,,*39
$GPGGA,080410.708,4831.2352,N,00744.2420,E,1,03,0.0,0.0,M,,,,0000*05
$GPRMC,080410.708,A,4831.2352,N,00744.2420,E,21.6,101.1,110826,,*32
$GPGGA,080410.726,4831.2352,N,00744.2422,E,1,03,0.0,0.0,M,,,,0000*0b
$GPRMC,080410.726,A,4831.2352,N,00744.2422,E,21.6,101.0,110826,,*3d
$GPGGA,080410.741,4831.2352,N,00744.2425,E,1,03,0.0,0.0,M,,,,0000*0d
$GPRMC,080410.741,A,4831.2352,N,00744.2425,E,21.6,100.8,110826,,*32
$GPGGA,080410.770,4831.2351,N,00744.2426,E,1,03,0.0,0.0,M,,,,0000*0f
$GPRMC,080410.770,A,4831.2351,N,00744.2426,E,21.6,100.8,110826,,*30
$GPGGA,080410.792,4831.2351,N,00744.2429,E,1,03,0.0,0.0,M,,,,0000*0c
$GPRMC,080410.792,A,4831.2351,N,00744.2429,E,21.6,100.7,110826,,*3c
$GPGGA,080410.826,4831.2351,N,00744.2431,E,1,03,0.0,0.0,M,,,,0000*05
$GPRMC,080410.826,A,4831.2351,N,00744.2431,E,21.6,100.6,110826,,*34
$GPGGA,080410.843,4831.2350,N,00744.2433,E,1,03,0.0,0.0,M,,,,0000*05
$GPRMC,080410.843,A,4831.2350,N,00744.2433,E,21.6,100.5,110826,,*37
$GPGGA,080410.859,4831.2350,N,00744.2437,E,1,03,0.0,0.0,M,,,,0000*0a
$GPRMC,080410.859,A,4831.2350,N,00744.2437,E,21.6,100.2,110826,,*3f
$GPGGA,080410.875,4831.2350,N,00744.2438,E,1,03,0.0,0.0,M,,,,0000*0b
$GPRMC,080410.875,A,4831.2350,N,00744.2438,E,21.6,100.1,110826,,*3d
$GPGGA,080410.930,4831.2350,N,00744.2440,E,1,03,0.0,0.0,M,,,,0000*04
$GPRMC,080410.930,A,4831.2350,N,00744.2440,E,21.6,100.0,110826,,*33
$GPGGA,080410.960,4831.2349,N,00744.2445,E,1,03,0.0,0.0,M,,,,0000*0c
$GPRMC,080410.960,A,4831.2349,N,00744.2445,E,21.6,099.6,110826,,*3c
$GPGGA,080410.976,4831.2349,N,00744.2448,E,1,03,0.0,0.0,M,,,,0000*06
$GPRMC,080410.976,A,4831.2349,N,00744.2448,E,21.6,099.3,110826,,*33
$GPGGA,080411.008,4831.2349,N,00744.2450,E,1,03,0.0,0.0,M,,,,0000*0e
$GPRMC,080411.008,A,4831.2349,N,00744.2450,E,21.6,099.1,110826,,*39
$GPGGA,080411.024,4831.2349,N,00744.2452,E,1,03,0.0,0.0,M,,,,0000*02
$GPRMC,080411.024,A,4831.2349,N,00744.2452,E,21.6,098.9,110826,,*3c
$GPGGA,080411.042,4831.2348,N,00744.2453,E,1,03,0.0,0.0,M,,,,0000*02
$GPRMC,080411.042,A,4831.2348,N,00744.2453,E,21.6,098.8,110826,,*3d
$GPGGA,080411.060,4831.2348,N,00744.2457,E,1,03,0.0,0.0,M,,,,0000*06
$GPRMC,080411.060,A,4831.2348,N,00744.2457,E,21.6,098.4,110826,,*35
$GPGGA,080411.081,4831.2348,N,00744.2458,E,1,03,0.0,0.0,M,,,,0000*06
$GPRMC,080411.081,A,4831.2348,N,00744.2458,E,21.6,098.2,110826,,*33
$GPGGA,080411.092,4831.2348,N,00744.2460,E,1,03,0.0,0.0,M,,,,0000*0f
$GPRMC,080411.092,A,4831.2348,N,00744.2460,E,21.6,098.0,110826,,*38
$GPGGA,080411.108,4831.2348,N,00744.2462,E,1,03,0.0,0.0,M,,,,0000*0f
$GPRMC,080411.108,A,4831.2348,N,00744.2462,E,21.6,097.8,110826,,*3f
$GPGGA,080411.124,4831.2348,N,00744.2463,E,1,03,0.0,0.0,M,,,,0000*00
$GPRMC,080411.124,A,4831.2348,N,00744.2463,E,21.6,097.6,110826,,*3e
$GPGGA,080411.155,4831.2348,N,00744.2465,E,1,03,0.0,0.0,M,,,,0000*00
$GPRMC,080411.155,A,4831.2348,N,00744.2465,E,21.6,097.4,110826,,*3c
$GPGGA,080411.171,4831.2347,N,00744.2467,E,1,03,0.0,0.0,M,,,,0000*0b
$GPRMC,080411.171,A,4831.2347,N,00744.2467,E,21.6,097.2,110826,,*31
$GPGGA,080411.197,4831.2347,N,00744.2470,E,1,03,0.0,0.0,M,,,,0000*05
$GPRMC,080411.197,A,4831.2347,N,00744.2470,E,21.6,096.8,110826,,*34
$GPGGA,080411.210,4831.2347,N,00744.2472,E,1,03,0.0,0.0,M,,,,0000*0b
$GPRMC,080411.210,A,4831.2347,N,00744.2472,E,21.6,096.6,110826,,*34
$GPGGA,080411.225,4831.2347,N,00744.2473,E,1,03,0.0,0.0,M,,,,0000*0c
$GPRMC,080411.225,A,4831.2347,N,00744.2473,E,21.6,096.4,110826,,*31
$GPGGA,080411.241,4831.2347,N,00744.2475,E,1,03,0.0,0.0,M,,,,0000*08
$GPRMC,080411.241,A,4831.2347,N,00744.2475,E,21.6,096.1,110826,,*30
$GPGGA,080411.259,4831.2347,N,00744.2477,E,1,03,0.0,0.0,M,,,,0000*03
$GPRMC,080411.259,A,4831.2347,N,00744.2477,E,21.6,096.0,110826,,*3a
$GPGGA,080411.276,4831.2346,N,00744.2478,E,1,03,0.0,0.0,M,,,,0000*00
$GPRMC,080411.276,A,4831.2346,N,00744.2478,E,21.6,095.9,110826,,*33
$GPGGA,080411.291,4831.2346,N,00744.2480,E,1,03,0.0,0.0,M,,,,0000*0e
$GPRMC,080411.291,A,4831.2346,N,00744.2480,E,21.6,095.8,110826,,*3c
$GPGGA,080411.306,4831.2346,N,00744.2482,E,1,03,0.0,0.0,M,,,,0000*03
$GPRMC,080411.306,A,4831.2346,N,00744.2482,E,21.6,095.8,110826,,*31
$GPGGA,080411.342,4831.2346,N,00744.2483,E,1,03,0.0,0.0,M,,,,0000*02
$GPRMC,080411.342,A,4831.2346,N,00744.2483,E,21.6,095.7,110826,,*3f
$GPGGA,080411.358,4831.2346,N,00744.2485,E,1,03,0.0,0.0,M,,,,0000*0f
$GPRMC,080411.358,A,4831.2346,N,00744.2485,E,21.6,095.7,110826,,*32
$GPGGA,080411.374,4831.2346,N,00744.2487,E,1,03,0.0,0.0,M,,,,0000*03
$GPRMC,080411.374,A,4831.2346,N,00744.2487,E,21.6,095.6,110826,,*3f
$GPGGA,080411.389,4831.2346,N,00744.2490,E,1,03,0.0,0.0,M,,,,0000*07
$GPRMC,080411.389,A,4831.2346,N,00744.2490,E,21.6,095.3,110826,,*3e
$GPGGA,080411.422,4831.2346,N,00744.2492,E,1,03,0.0,0.0,M,,,,0000*03
$GPRMC,080411.422,A,4831.2346,N,00744.2492,E,21.6,095.3,110826,,*3a
$GPGGA,080411.422,4831.2346,N,00744.2494,E,1,03,0.0,0.0,M,,,,0000*05
$GPRMC,080411.422,A,4831.2346,N,00744.2494,E,21.6,095.1,110826,,*3e
$GPGGA,080411.453,4831.2346,N,00744.2495,E,1,03,0.0,0.0,M,,,,0000*02
$GPRMC,080411.453,A,4831.2346,N,00744.2495,E,21.6,095.1,110826,,*39
$GPGGA,080411.478,4831.2345,N,00744.2498,E,1,03,0.0,0.0,M,,,,0000*05
$GPRMC,080411.478,A,4831.2345,N,00744.2498,E,21.6,094.8,110826,,*36
$GPGGA,080411.492,4831.2345,N,00744.2501,E,1,03,0.0,0.0,M,,,,0000*00
$GPRMC,080411.492,A,4831.2345,N,00744.2501,E,21.6,094.7,110826,,*3c
$GPGGA,080411.526,4831.2345,N,00744.2502,E,1,03,0.0,0.0,M,,,,0000*0d
$GPRMC,080411.526,A,4831.2345,N,00744.2502,E,21.6,094.6,110826,,*30
$GPGGA,080411.542,4831.2345,N,00744.2506,E,1,03,0.0,0.0,M,,,,0000*0b
$GPRMC,080411.542,A,4831.2345,N,00744.2506,E,21.6,094.4,110826,,*34
$GPGGA,080411.558,4831.2345,N,00744.2507,E,1,03,0.0,0.0,M,,,,0000*01
$GPRMC,080411.558,A,4831.2345,N,00744.2507,E,21.6,094.3,110826,,*39
$GPGGA,080411.584,4831.2345,N,00744.2509,E,1,03,0.0,0.0,M,,,,0000*0e
$GPRMC,080411.584,A,4831.2345,N,00744.2509,E,21.6,094.1,110826,,*34
$GPGGA,080411.703,4831.2345,N,00744.2511,E,1,03,0.0,0.0,M,,,,0000*0a
$GPRMC,080411.703,A,4831.2345,N,00744.2511,E,21.6,094.0,110826,,*31
$GPGGA,080411.710,4831.2344,N,00744.2523,E,1,03,0.0,0.0,M,,,,0000*08
$GPRMC,080411.710,A,4831.2344,N,00744.2523,E,21.6,093.2,110826,,*36
$GPGGA,080411.758,4831.2344,N,00744.2524,E,1,03,0.0,0.0,M,,,,0000*03
$GPRMC,080411.758,A,4831.2344,N,00744.2524,E,21.6,093.1,110826,,*3e
$GPGGA,080411.784,4831.2344,N,00744.2529,E,1,03,0.0,0.0,M,,,,0000*0f
$GPRMC,080411.784,A,4831.2344,N,00744.2529,E,21.6,092.6,110826,,*34
$GPGGA,080411.797,4831.2344,N,00744.2531,E,1,03,0.0,0.0,M,,,,0000*04
$GPRMC,080411.797,A,4831.2344,N,00744.2531,E,21.6,092.5,110826,,*3c
$GPGGA,080411.826,4831.2344,N,00744.2532,E,1,03,0.0,0.0,M,,,,0000*02
$GPRMC,080411.826,A,4831.2344,N,00744.2532,E,21.6,092.4,110826,,*3b
$GPGGA,080411.841,4831.2344,N,00744.2537,E,1,03,0.0,0.0,M,,,,0000*06
$GPRMC,080411.841,A,4831.2344,N,00744.2537,E,21.6,091.9,110826,,*31
$GPGGA,080411.873,4831.2344,N,00744.2538,E,1,03,0.0,0.0,M,,,,0000*08
$GPRMC,080411.873,A,4831.2344,N,00744.2538,E,21.6,091.7,110826,,*31
$GPGGA,080411.877,4831.2344,N,00744.2539,E,1,03,0.0,0.0,M,,,,0000*0d
$GPRMC,080411.877,A,4831.2344,N,00744.2539,E,21.6,091.5,110826,,*36
$GPGGA,080411.897,4831.2344,N,00744.2541,E,1,03,0.0,0.0,M,,,,0000*0c
$GPRMC,080411.897,A,4831.2344,N,00744.2541,E,21.6,091.3,110826,,*31
$GPGGA,080411.909,4831.2344,N,00744.2543,E,1,03,0.0,0.0,M,,,,0000*08
$GPRMC,080411.909,A,4831.2344,N,00744.2543,E,21.6,091.1,110826,,*37
$GPGGA,080411.925,4831.2344,N,00744.2544,E,1,03,0.0,0.0,M,,,,0000*01
$GPRMC,080411.925,A,4831.2344,N,00744.2544,E,21.6,090.8,110826,,*36
$GPGGA,080411.958,4831.2344,N,00744.2546,E,1,03,0.0,0.0,M,,,,0000*09
$GPRMC,080411.958,A,4831.2344,N,00744.2546,E,21.6,090.6,110826,,*30
$GPGGA,080411.974,4831.2344,N,00744.2550,E,1,03,0.0,0.0,M,,,,0000*00
$GPRMC,080411.974,A,4831.2344,N,00744.2550,E,21.6,090.0,110826,,*3f
$GPGGA,080411.990,4831.2344,N,00744.2552,E,1,03,0.0,0.0,M,,,,0000*08
$GPRMC,080411.990,A,4831.2344,N,00744.2552,E,21.6,089.7,110826,,*38
$GPGGA,080412.007,4831.2344,N,00744.2553,E,1,03,0.0,0.0,M,,,,0000*0d
$GPRMC,080412.007,A,4831.2344,N,00744.2553,E,21.6,089.5,110826,,*3f
$GPGGA,080412.043,4831.2344,N,00744.2555,E,1,03,0.0,0.0,M,,,,0000*0b
$GPRMC,080412.043,A,4831.2344,N,00744.2555,E,21.6,089.2,110826,,*3e
$GPGGA,080412.075,4831.2344,N,00744.2558,E,1,03,0.0,0.0,M,,,,0000*03
$GPRMC,080412.075,A,4831.2344,N,00744.2558,E,21.6,088.7,110826,,*32
$GPGGA,080412.091,4831.2344,N,00744.2560,E,1,03,0.0,0.0,M,,,,0000*02
$GPRMC,080412.091,A,4831.2344,N,00744.2560,E,21.6,088.3,110826,,*37
$GPGGA,080412.110,4831.2344,N,00744.2562,E,1,03,0.0,0.0,M,,,,0000*08
$GPRMC,080412.110,A,4831.2344,N,00744.2562,E,21.6,088.1,110826,,*3f
$GPGGA,080412.160,4831.2344,N,00744.2565,E,1,03,0.0,0.0,M,,,,0000*08
$GPRMC,080412.160,A,4831.2344,N,00744.2565,E,21.6,087.5,110826,,*34
$GPGGA,080412.192,4831.2344,N,00744.2570,E,1,03,0.0,0.0,M,,,,0000*01
$GPRMC,080412.192,A,4831.2344,N,00744.2570,E,21.6,087.1,110826,,*39
$GPGGA,080412.225,4831.2345,N,00744.2573,E,1,03,0.0,0.0,M,,,,0000*0c
$GPRMC,080412.225,A,4831.2345,N,00744.2573,E,21.6,087.0,110826,,*35
$GPGGA,080412.241,4831.2345,N,00744.2576,E,1,03,0.0,0.0,M,,,,0000*0b
$GPRMC,080412.241,A,4831.2345,N,00744.2576,E,21.6,087.0,110826,,*32
$GPGGA,080412.259,4831.2345,N,00744.2578,E,1,03,0.0,0.0,M,,,,0000*0c
$GPRMC,080412.259,A,4831.2345,N,00744.2578,E,21.6,086.9,110826,,*3d
$GPGGA,080412.278,4831.2345,N,00744.2581,E,1,03,0.0,0.0,M,,,,0000*09
$GPRMC,080412.278,A,4831.2345,N,00744.2581,E,21.6,086.7,110826,,*36
$GPGGA,080412.291,4831.2345,N,00744.2582,E,1,03,0.0,0.0,M,,,,0000*0d
$GPRMC,080412.291,A,4831.2345,N,00744.2582,E,21.6,086.6,110826,,*33
$GPGGA,080412.307,4831.2345,N,00744.2583,E,1,03,0.0,0.0,M,,,,0000*02
$GPRMC,080412.307,A,4831.2345,N,00744.2583,E,21.6,086.6,110826,,*3c
$GPGGA,080412.331,4831.2345,N,00744.2586,E,1,03,0.0,0.0,M,,,,0000*02
$GPRMC,080412.331,A,4831.2345,N,00744.2586,E,21.6,086.4,110826,,*3e
$GPGGA,080412.358,4831.2345,N,00744.2588,E,1,03,0.0,0.0,M,,,,0000*03
$GPRMC,080412.358,A,4831.2345,N,00744.2588,E,21.6,086.3,110826,,*38
$GPGGA,080412.374,4831.2345,N,00744.2591,E,1,03,0.0,0.0,M,,,,0000*05
$GPRMC,080412.374,A,4831.2345,N,00744.2591,E,21.6,086.1,110826,,*3c
$GPGGA,080412.392,4831.2346,N,00744.2592,E,1,03,0.0,0.0,M,,,,0000*0d
$GPRMC,080412.392,A,4831.2346,N,00744.2592,E,21.6,086.1,110826,,*34
$GPGGA,080412.408,4831.2346,N,00744.2594,E,1,03,0.0,0.0,M,,,,0000*0f
$GPRMC,080412.408,A,4831.2346,N,00744.2594,E,21.6,085.9,110826,,*3d
$GPGGA,080412.440,4831.2346,N,00744.2596,E,1,03,0.0,0.0,M,,,,0000*01
$GPRMC,080412.440,A,4831.2346,N,00744.2596,E,21.6,085.8,110826,,*32
$GPGGA,080412.455,4831.2346,N,00744.2599,E,1,03,0.0,0.0,M,,,,0000*0a
$GPRMC,080412.455,A,4831.2346,N,00744.2599,E,21.6,085.6,110826,,*37
$GPGGA,080412.477,4831.2346,N,00744.2601,E,1,03,0.0,0.0,M,,,,0000*08
$GPRMC,080412.477,A,4831.2346,N,00744.2601,E,21.6,085.5,110826,,*36
$GPGGA,080412.493,4831.2346,N,00744.2603,E,1,03,0.0,0.0,M,,,,0000*00
$GPRMC,080412.493,A,4831.2346,N,00744.2603,E,21.6,085.3,110826,,*38
$GPGGA,080412.509,4831.2346,N,00744.2604,E,1,03,0.0,0.0,M,,,,0000*05
$GPRMC,080412.509,A,4831.2346,N,00744.2604,E,21.6,085.2,110826,,*3c
$GPGGA,080412.541,4831.2346,N,00744.2606,E,1,03,0.0,0.0,M,,,,0000*0b
$GPRMC,080412.541,A,4831.2346,N,00744.2606,E,21.6,085.1,110826,,*31
$GPGGA,080412.552,4831.2346,N,00744.2607,E,1,03,0.0,0.0,M,,,,0000*08
$GPRMC,080412.552,A,4831.2346,N,00744.2607,E,21.6,085.0,110826,,*33
$GPGGA,080412.573,4831.2347,N,00744.2610,E,1,03,0.0,0.0,M,,,,0000*0c
$GPRMC,080412.573,A,4831.2347,N,00744.2610,E,21.6,084.8,110826,,*3e
$GPGGA,080412.586,4831.2347,N,00744.2611,E,1,03,0.0,0.0,M,,,,0000*07
$GPRMC,080412.586,A,4831.2347,N,00744.2611,E,21.6,084.7,110826,,*3a
$GPGGA,080412.693,4831.2347,N,00744.2614,E,1,03,0.0,0.0,M,,,,0000*05
$GPRMC,080412.693,A,4831.2347,N,00744.2614,E,21.6,084.5,110826,,*3a
$GPGGA,080412.727,4831.2348,N,00744.2624,E,1,03,0.0,0.0,M,,,,0000*07
$GPRMC,080412.727,A,4831.2348,N,00744.2624,E,21.6,083.8,110826,,*32
$GPGGA,080412.744,4831.2348,N,00744.2628,E,1,03,0.0,0.0,M,,,,0000*0e
$GPRMC,080412.744,A,4831.2348,N,00744.2628,E,21.6,083.4,110826,,*37
$GPGGA,080412.763,4831.2348,N,00744.2629,E,1,03,0.0,0.0,M,,,,0000*0a
$GPRMC,080412.763,A,4831.2348,N,00744.2629,E,21.6,083.3,110826,,*34
$GPGGA,080412.775,4831.2348,N,00744.2632,E,1,03,0.0,0.0,M,,,,0000*07
$GPRMC,080412.775,A,4831.2348,N,00744.2632,E,21.6,083.1,110826,,*3b
$GPGGA,080412.794,4831.2348,N,00744.2633,E,1,03,0.0,0.0,M,,,,0000*09
$GPRMC,080412.794,A,4831.2348,N,00744.2633,E,21.6,082.9,110826,,*3c
$GPGGA,080412.809,4831.2348,N,00744.2635,E,1,03,0.0,0.0,M,,,,0000*04
$GPRMC,080412.809,A,4831.2348,N,00744.2635,E,21.6,082.7,110826,,*3f
$GPGGA,080412.841,4831.2349,N,00744.2637,E,1,03,0.0,0.0,M,,,,0000*0b
$GPRMC,080412.841,A,4831.2349,N,00744.2637,E,21.6,082.5,110826,,*32
$GPGGA,080412.857,4831.2349,N,00744.2639,E,1,03,0.0,0.0,M,,,,0000*02
$GPRMC,080412.857,A,4831.2349,N,00744.2639,E,21.6,082.1,110826,,*3f
$GPGGA,080412.881,4831.2349,N,00744.2641,E,1,03,0.0,0.0,M,,,,0000*06
$GPRMC,080412.881,A,4831.2349,N,00744.2641,E,21.6,081.9,110826,,*30
$GPGGA,080412.894,4831.2349,N,00744.2643,E,1,03,0.0,0.0,M,,,,0000*00
$GPRMC,080412.894,A,4831.2349,N,00744.2643,E,21.6,081.6,110826,,*39
$GPGGA,080412.908,4831.2349,N,00744.2644,E,1,03,0.0,0.0,M,,,,0000*03
$GPRMC,080412.908,A,4831.2349,N,00744.2644,E,21.6,081.5,110826,,*39
$GPGGA,080412.941,4831.2350,N,00744.2647,E,1,03,0.0,0.0,M,,,,0000*05
$GPRMC,080412.941,A,4831.2350,N,00744.2647,E,21.6,081.2,110826,,*38
$GPGGA,080412.975,4831.2350,N,00744.2649,E,1,03,0.0,0.0,M,,,,0000*0c
$GPRMC,080412.975,A,4831.2350,N,00744.2649,E,21.6,080.8,110826,,*3a
$GPGGA,080412.993,4831.2350,N,00744.2653,E,1,03,0.0,0.0,M,,,,0000*0f
$GPRMC,080412.993,A,4831.2350,N,00744.2653,E,21.6,080.3,110826,,*32
$GPGGA,080413.010,4831.2351,N,00744.2655,E,1,03,0.0,0.0,M,,,,0000*0b
$GPRMC,080413.010,A,4831.2351,N,00744.2655,E,21.6,080.0,110826,,*35
$GPGGA,080413.025,4831.2351,N,00744.2657,E,1,03,0.0,0.0,M,,,,0000*0f
$GPRMC,080413.025,A,4831.2351,N,00744.2657,E,21.6,079.7,110826,,*30
$GPGGA,080413.041,4831.2351,N,00744.2658,E,1,03,0.0,0.0,M,,,,0000*02
$GPRMC,080413.041,A,4831.2351,N,00744.2658,E,21.6,079.6,110826,,*3c
$GPGGA,080413.062,4831.2351,N,00744.2660,E,1,03,0.0,0.0,M,,,,0000*08
$GPRMC,080413.062,A,4831.2351,N,00744.2660,E,21.6,079.5,110826,,*35
$GPGGA,080413.077,4831.2351,N,00744.2662,E,1,03,0.0,0.0,M,,,,0000*0e
$GPRMC,080413.077,A,4831.2351,N,00744.2662,E,21.6,079.5,110826,,*33
$GPGGA,080413.094,4831.2352,N,00744.2663,E,1,03,0.0,0.0,M,,,,0000*01
$GPRMC,080413.094,A,4831.2352,N,00744.2663,E,21.6,079.4,110826,,*3d
$GPGGA,080413.109,4831.2352,N,00744.2664,E,1,03,0.0,0.0,M,,,,0000*03
$GPRMC,080413.109,A,4831.2352,N,00744.2664,E,21.6,079.4,110826,,*3f
$GPGGA,080413.142,4831.2352,N,00744.2666,E,1,03,0.0,0.0,M,,,,0000*0e
$GPRMC,080413.142,A,4831.2352,N,00744.2666,E,21.6,079.3,110826,,*35
$GPGGA,080413.165,4831.2352,N,00744.2669,E,1,03,0.0,0.0,M,,,,0000*04
$GPRMC,080413.165,A,4831.2352,N,00744.2669,E,21.6,079.1,110826,,*3d
$GPGGA,080413.178,4831.2353,N,00744.2671,E,1,03,0.0,0.0,M,,,,0000*00
$GPRMC,080413.178,A,4831.2353,N,00744.2671,E,21.6,079.0,110826,,*38
$GPGGA,080413.193,4831.2353,N,00744.2673,E,1,03,0.0,0.0,M,,,,0000*07
$GPRMC,080413.193,A,4831.2353,N,00744.2673,E,21.6,078.9,110826,,*37
$GPGGA,080413.226,4831.2353,N,00744.2675,E,1,03,0.0,0.0,M,,,,0000*0c
$GPRMC,080413.226,A,4831.2353,N,00744.2675,E,21.6,078.8,110826,,*3d
$GPGGA,080413.242,4831.2353,N,00744.2676,E,1,03,0.0,0.0,M,,,,0000*0d
$GPRMC,080413.242,A,4831.2353,N,00744.2676,E,21.6,078.7,110826,,*33
$GPGGA,080413.258,4831.2354,N,00744.2680,E,1,03,0.0,0.0,M,,,,0000*08
$GPRMC,080413.258,A,4831.2354,N,00744.2680,E,21.6,078.5,110826,,*34
$GPGGA,080413.281,4831.2354,N,00744.2681,E,1,03,0.0,0.0,M,,,,0000*0d
$GPRMC,080413.281,A,4831.2354,N,00744.2681,E,21.6,078.4,110826,,*30
$GPGGA,080413.293,4831.2354,N,00744.2683,E,1,03,0.0,0.0,M,,,,0000*0c
$GPRMC,080413.293,A,4831.2354,N,00744.2683,E,21.6,078.3,110826,,*36
$GPGGA,080413.308,4831.2355,N,00744.2685,E,1,03,0.0,0.0,M,,,,0000*08
$GPRMC,080413.308,A,4831.2355,N,00744.2685,E,21.6,078.2,110826,,*33
$GPGGA,080413.326,4831.2355,N,00744.2686,E,1,03,0.0,0.0,M,,,,0000*07
$GPRMC,080413.326,A,4831.2355,N,00744.2686,E,21.6,078.1,110826,,*3f
$GPGGA,080413.341,4831.2355,N,00744.2688,E,1,03,0.0,0.0,M,,,,0000*08
$GPRMC,080413.341,A,4831.2355,N,00744.2688,E,21.6,078.0,110826,,*31
$GPGGA,080413.357,4831.2355,N,00744.2690,E,1,03,0.0,0.0,M,,,,0000*06
$GPRMC,080413.357,A,4831.2355,N,00744.2690,E,21.6,077.9,110826,,*39
$GPGGA,080413.373,4831.2356,N,00744.2691,E,1,03,0.0,0.0,M,,,,0000*02
$GPRMC,080413.373,A,4831.2356,N,00744.2691,E,21.6,077.8,110826,,*3c
$GPGGA,080413.400,4831.2356,N,00744.2693,E,1,03,0.0,0.0,M,,,,0000*03
$GPRMC,080413.400,A,4831.2356,N,00744.2693,E,21.6,077.7,110826,,*32
$GPGGA,080413.411,4831.2356,N,00744.2695,E,1,03,0.0,0.0,M,,,,0000*05
$GPRMC,080413.411,A,4831.2356,N,00744.2695,E,21.6,077.6,110826,,*35
$GPGGA,080413.427,4831.2356,N,00744.2696,E,1,03,0.0,0.0,M,,,,0000*03
$GPRMC,080413.427,A,4831.2356,N,00744.2696,E,21.6,077.5,110826,,*30
$GPGGA,080413.459,4831.2357,N,00744.2698,E,1,03,0.0,0.0,M,,,,0000*05
$GPRMC,080413.459,A,4831.2357,N,00744.2698,E,21.6,077.3,110826,,*30
$GPGGA,080413.475,4831.2357,N,00744.2700,E,1,03,0.0,0.0,M,,,,0000*0b
$GPRMC,080413.475,A,4831.2357,N,00744.2700,E,21.6,077.1,110826,,*3c
$GPGGA,080413.493,4831.2357,N,00744.2703,E,1,03,0.0,0.0,M,,,,0000*00
$GPRMC,080413.493,A,4831.2357,N,00744.2703,E,21.6,076.9,110826,,*3e
$GPGGA,080413.509,4831.2358,N,00744.2705,E,1,03,0.0,0.0,M,,,,0000*0b
$GPRMC,080413.509,A,4831.2358,N,00744.2705,E,21.6,076.8,110826,,*34
$GPGGA,080413.544,4831.2358,N,00744.2706,E,1,03,0.0,0.0,M,,,,0000*01
$GPRMC,080413.544,A,4831.2358,N,00744.2706,E,21.6,076.6,110826,,*30
$GPGGA,080413.559,4831.2358,N,00744.2708,E,1,03,0.0,0.0,M,,,,0000*03
$GPRMC,080413.559,A,4831.2358,N,00744.2708,E,21.6,076.4,110826,,*30
$GPGGA,080413.582,4831.2359,N,00744.2712,E,1,03,0.0,0.0,M,,,,0000*0f
$GPRMC,080413.582,A,4831.2359,N,00744.2712,E,21.6,076.1,110826,,*39
$GPGGA,080413.599,4831.2359,N,00744.2713,E,1,03,0.0,0.0,M,,,,0000*04
$GPRMC,080413.599,A,4831.2359,N,00744.2713,E,21.6,076.0,110826,,*33
$GPGGA,080413.616,4831.2359,N,00744.2715,E,1,03,0.0,0.0,M,,,,0000*06
$GPRMC,080413.616,A,4831.2359,N,00744.2715,E,21.6,075.8,110826,,*3a
$GPGGA,080413.644,4831.2360,N,00744.2716,E,1,03,0.0,0.0,M,,,,0000*08
$GPRMC,080413.644,A,4831.2360,N,00744.2716,E,21.6,075.6,110826,,*3a
$GPGGA,080413.675,4831.2360,N,00744.2720,E,1,03,0.0,0.0,M,,,,0000*0f
$GPRMC,080413.675,A,4831.2360,N,00744.2720,E,21.6,075.2,110826,,*39
$GPGGA,080413.692,4831.2361,N,00744.2723,E,1,03,0.0,0.0,M,,,,0000*04
$GPRMC,080413.692,A,4831.2361,N,00744.2723,E,21.6,074.9,110826,,*38
$GPGGA,080413.710,4831.2361,N,00744.2725,E,1,03,0.0,0.0,M,,,,0000*09
$GPRMC,080413.710,A,4831.2361,N,00744.2725,E,21.6,074.6,110826,,*3a
$GPGGA,080413.726,4831.2361,N,00744.2726,E,1,03,0.0,0.0,M,,,,0000*0f
$GPRMC,080413.726,A,4831.2361,N,00744.2726,E,21.6,074.5,110826,,*3f
$GPGGA,080413.759,4831.2362,N,00744.2728,E,1,03,0.0,0.0,M,,,,0000*0a
$GPRMC,080413.759,A,4831.2362,N,00744.2728,E,21.6,074.4,110826,,*3b
$GPGGA,080413.759,4831.2362,N,00744.2730,E,1,03,0.0,0.0,M,,,,0000*03
$GPRMC,080413.759,A,4831.2362,N,00744.2730,E,21.6,074.2,110826,,*34
$GPGGA,080413.775,4831.2362,N,00744.2731,E,1,03,0.0,0.0,M,,,,0000*0c
$GPRMC,080413.775,A,4831.2362,N,00744.2731,E,21.6,074.2,110826,,*3b
$GPGGA,080413.792,4831.2363,N,00744.2732,E,1,03,0.0,0.0,M,,,,0000*07
$GPRMC,080413.792,A,4831.2363,N,00744.2732,E,21.6,074.1,110826,,*33
$GPGGA,080413.807,4831.2363,N,00744.2734,E,1,03,0.0,0.0,M,,,,0000*02
$GPRMC,080413.807,A,4831.2363,N,00744.2734,E,21.6,074.0,110826,,*37
$GPGGA,080413.828,4831.2363,N,00744.2735,E,1,03,0.0,0.0,M,,,,0000*0e
$GPRMC,080413.828,A,4831.2363,N,00744.2735,E,21.6,073.9,110826,,*35
$GPGGA,080413.843,4831.2364,N,00744.2738,E,1,03,0.0,0.0,M,,,,0000*09
$GPRMC,080413.843,A,4831.2364,N,00744.2738,E,21.6,073.7,110826,,*3c
$GPGGA,080413.877,4831.2364,N,00744.2739,E,1,03,0.0,0.0,M,,,,0000*0f
$GPRMC,080413.877,A,4831.2364,N,00744.2739,E,21.6,073.6,110826,,*3b
$GPGGA,080413.908,4831.2365,N,00744.2743,E,1,03,0.0,0.0,M,,,,0000*0a
$GPRMC,080413.908,A,4831.2365,N,00744.2743,E,21.6,073.4,110826,,*3c
$GPGGA,080413.929,4831.2365,N,00744.2744,E,1,03,0.0,0.0,M,,,,0000*0e
$GPRMC,080413.929,A,4831.2365,N,00744.2744,E,21.6,073.3,110826,,*3f
$GPGGA,080413.942,4831.2366,N,00744.2748,E,1,03,0.0,0.0,M,,,,0000*0c
$GPRMC,080413.942,A,4831.2366,N,00744.2748,E,21.6,073.0,110826,,*3e
$GPGGA,080413.957,4831.2366,N,00744.2749,E,1,03,0.0,0.0,M,,,,0000*09
$GPRMC,080413.957,A,4831.2366,N,00744.2749,E,21.6,072.9,110826,,*33
$GPGGA,080413.992,4831.2366,N,00744.2750,E,1,03,0.0,0.0,M,,,,0000*08
$GPRMC,080413.992,A,4831.2366,N,00744.2750,E,21.6,072.8,110826,,*33
$GPGGA,080414.016,4831.2367,N,00744.2754,E,1,03,0.0,0.0,M,,,,0000*0f
$GPRMC,080414.016,A,4831.2367,N,00744.2754,E,21.6,072.6,110826,,*3a
$GPGGA,080414.032,4831.2367,N,00744.2755,E,1,03,0.0,0.0,M,,,,0000*08
$GPRMC,080414.032,A,4831.2367,N,00744.2755,E,21.6,072.5,110826,,*3e
$GPGGA,080414.046,4831.2368,N,00744.2757,E,1,03,0.0,0.0,M,,,,0000*06
$GPRMC,080414.046,A,4831.2368,N,00744.2757,E,21.6,072.4,110826,,*31
$GPGGA,080414.060,4831.2368,N,00744.2759,E,1,03,0.0,0.0,M,,,,0000*0c
$GPRMC,080414.060,A,4831.2368,N,00744.2759,E,21.6,072.3,110826,,*3c
$GPGGA,080414.077,4831.2369,N,00744.2761,E,1,03,0.0,0.0,M,,,,0000*00
$GPRMC,080414.077,A,4831.2369,N,00744.2761,E,21.6,072.1,110826,,*32
$GPGGA,080414.093,4831.2369,N,00744.2762,E,1,03,0.0,0.0,M,,,,0000*09
$GPRMC,080414.093,A,4831.2369,N,00744.2762,E,21.6,072.0,110826,,*3a
$GPGGA,080414.125,4831.2369,N,00744.2763,E,1,03,0.0,0.0,M,,,,0000*04
$GPRMC,080414.125,A,4831.2369,N,00744.2763,E,21.6,071.9,110826,,*3d
$GPGGA,080414.140,4831.2370,N,00744.2765,E,1,03,0.0,0.0,M,,,,0000*09
$GPRMC,080414.140,A,4831.2370,N,00744.2765,E,21.6,071.7,110826,,*3e
$GPGGA,080414.165,4831.2370,N,00744.2768,E,1,03,0.0,0.0,M,,,,0000*03
$GPRMC,080414.165,A,4831.2370,N,00744.2768,E,21.6,071.5,110826,,*36
$GPGGA,080414.179,4831.2371,N,00744.2770,E,1,03,0.0,0.0,M,,,,0000*06
$GPRMC,080414.179,A,4831.2371,N,00744.2770,E,21.6,071.3,110826,,*35
$GPGGA,080414.193,4831.2371,N,00744.2772,E,1,03,0.0,0.0,M,,,,0000*00
$GPRMC,080414.193,A,4831.2371,N,00744.2772,E,21.6,071.1,110826,,*31
$GPGGA,080414.208,4831.2371,N,00744.2774,E,1,03,0.0,0.0,M,,,,0000*07
$GPRMC,080414.208,A,4831.2371,N,00744.2774,E,21.6,070.9,110826,,*3f
$GPGGA,080414.224,4831.2372,N,00744.2775,E,1,03,0.0,0.0,M,,,,0000*0b
$GPRMC,080414.224,A,4831.2372,N,00744.2775,E,21.6,070.7,110826,,*3d
$GPGGA,080414.244,4831.2372,N,00744.2776,E,1,03,0.0,0.0,M,,,,0000*0e
$GPRMC,080414.244,A,4831.2372,N,00744.2776,E,21.6,070.6,110826,,*39
$GPGGA,080414.261,4831.2373,N,00744.2778,E,1,03,0.0,0.0,M,,,,0000*06
$GPRMC,080414.261,A,4831.2373,N,00744.2778,E,21.6,070.3,110826,,*34
$GPGGA,080414.277,4831.2373,N,00744.2780,E,1,03,0.0,0.0,M,,,,0000*06
$GPRMC,080414.277,A,4831.2373,N,00744.2780,E,21.6,070.1,110826,,*36
$GPGGA,080414.293,4831.2373,N,00744.2781,E,1,03,0.0,0.0,M,,,,0000*0d
$GPRMC,080414.293,A,4831.2373,N,00744.2781,E,21.6,070.0,110826,,*3c
$GPGGA,080414.309,4831.2374,N,00744.2783,E,1,03,0.0,0.0,M,,,,0000*0a
$GPRMC,080414.309,A,4831.2374,N,00744.2783,E,21.6,069.7,110826,,*34
$GPGGA,080414.325,4831.2374,N,00744.2784,E,1,03,0.0,0.0,M,,,,0000*03
$GPRMC,080414.325,A,4831.2374,N,00744.2784,E,21.6,069.5,110826,,*3f
$GPGGA,080414.360,4831.2374,N,00744.2786,E,1,03,0.0,0.0,M,,,,0000*00
$GPRMC,080414.360,A,4831.2374,N,00744.2786,E,21.6,069.3,110826,,*3a
$GPGGA,080414.394,4831.2375,N,00744.2789,E,1,03,0.0,0.0,M,,,,0000*05
$GPRMC,080414.394,A,4831.2375,N,00744.2789,E,21.6,068.8,110826,,*35
$GPGGA,080414.425,4831.2376,N,00744.2793,E,1,03,0.0,0.0,M,,,,0000*00
$GPRMC,080414.425,A,4831.2376,N,00744.2793,E,21.6,068.3,110826,,*3b
$GPGGA,080414.425,4831.2377,N,00744.2795,E,1,03,0.0,0.0,M,,,,0000*07
$GPRMC,080414.425,A,4831.2377,N,00744.2795,E,21.6,068.0,110826,,*3f
$GPGGA,080414.445,4831.2377,N,00744.2795,E,1,03,0.0,0.0,M,,,,0000*01
$GPRMC,080414.445,A,4831.2377,N,00744.2795,E,21.6,068.0,110826,,*39
$GPGGA,080414.476,4831.2377,N,00744.2797,E,1,03,0.0,0.0,M,,,,0000*03
$GPRMC,080414.476,A,4831.2377,N,00744.2797,E,21.6,067.9,110826,,*3d
$GPGGA,080414.491,4831.2378,N,00744.2801,E,1,03,0.0,0.0,M,,,,0000*05
$GPRMC,080414.491,A,4831.2378,N,00744.2801,E,21.6,067.7,110826,,*35
$GPGGA,080414.509,4831.2379,N,00744.2802,E,1,03,0.0,0.0,M,,,,0000*07
$GPRMC,080414.509,A,4831.2379,N,00744.2802,E,21.6,067.7,110826,,*37
$GPGGA,080414.525,4831.2379,N,00744.2803,E,1,03,0.0,0.0,M,,,,0000*08
$GPRMC,080414.525,A,4831.2379,N,00744.2803,E,21.6,067.6,110826,,*39
$GPGGA,080414.541,4831.2380,N,00744.2805,E,1,03,0.0,0.0,M,,,,0000*0a
$GPRMC,080414.541,A,4831.2380,N,00744.2805,E,21.6,067.5,110826,,*38
$GPGGA,080414.566,4831.2380,N,00744.2807,E,1,03,0.0,0.0,M,,,,0000*0d
$GPRMC,080414.566,A,4831.2380,N,00744.2807,E,21.6,067.4,110826,,*3e
$GPGGA,080414.578,4831.2380,N,00744.2808,E,1,03,0.0,0.0,M,,,,0000*0d
$GPRMC,080414.578,A,4831.2380,N,00744.2808,E,21.6,067.3,110826,,*39
$GPGGA,080414.600,4831.2381,N,00744.2810,E,1,03,0.0,0.0,M,,,,0000*09
$GPRMC,080414.600,A,4831.2381,N,00744.2810,E,21.6,067.2,110826,,*3c
$GPGGA,080414.614,4831.2381,N,00744.2811,E,1,03,0.0,0.0,M,,,,0000*0d
$GPRMC,080414.614,A,4831.2381,N,00744.2811,E,21.6,067.2,110826,,*38
$GPGGA,080414.625,4831.2382,N,00744.2813,E,1,03,0.0,0.0,M,,,,0000*0e
$GPRMC,080414.625,A,4831.2382,N,00744.2813,E,21.6,067.0,110826,,*39
$GPGGA,080414.648,4831.2382,N,00744.2815,E,1,03,0.0,0.0,M,,,,0000*03
$GPRMC,080414.648,A,4831.2382,N,00744.2815,E,21.6,067.0,110826,,*34
$GPGGA,080414.663,4831.2383,N,00744.2816,E,1,03,0.0,0.0,M,,,,0000*08
$GPRMC,080414.663,A,4831.2383,N,00744.2816,E,21.6,066.9,110826,,*37
$GPGGA,080414.676,4831.2383,N,00744.2818,E,1,03,0.0,0.0,M,,,,0000*02
$GPRMC,080414.676,A,4831.2383,N,00744.2818,E,21.6,066.8,110826,,*3c
$GPGGA,080414.694,4831.2384,N,00744.2819,E,1,03,0.0,0.0,M,,,,0000*08
$GPRMC,080414.694,A,4831.2384,N,00744.2819,E,21.6,066.7,110826,,*39
$GPGGA,080414.709,4831.2384,N,00744.2821,E,1,03,0.0,0.0,M,,,,0000*06
$GPRMC,080414.709,A,4831.2384,N,00744.2821,E,21.6,066.6,110826,,*36
$GPGGA,080414.742,4831.2385,N,00744.2822,E,1,03,0.0,0.0,M,,,,0000*0b
$GPRMC,080414.742,A,4831.2385,N,00744.2822,E,21.6,066.5,110826,,*38
$GPGGA,080414.759,4831.2386,N,00744.2826,E,1,03,0.0,0.0,M,,,,0000*06
$GPRMC,080414.759,A,4831.2386,N,00744.2826,E,21.6,066.4,110826,,*34
$GPGGA,080414.777,4831.2386,N,00744.2827,E,1,03,0.0,0.0,M,,,,0000*0b
$GPRMC,080414.777,A,4831.2386,N,00744.2827,E,21.6,066.3,110826,,*3e
$GPGGA,080414.811,4831.2386,N,00744.2828,E,1,03,0.0,0.0,M,,,,0000*0b
$GPRMC,080414.811,A,4831.2386,N,00744.2828,E,21.6,066.2,110826,,*3f
$GPGGA,080414.826,4831.2387,N,00744.2832,E,1,03,0.0,0.0,M,,,,0000*05
$GPRMC,080414.826,A,4831.2387,N,00744.2832,E,21.6,065.9,110826,,*39
$GPGGA,080414.842,4831.2388,N,00744.2833,E,1,03,0.0,0.0,M,,,,0000*09
$GPRMC,080414.842,A,4831.2388,N,00744.2833,E,21.6,065.8,110826,,*34
$GPGGA,080414.858,4831.2388,N,00744.2835,E,1,03,0.0,0.0,M,,,,0000*04
$GPRMC,080414.858,A,4831.2388,N,00744.2835,E,21.6,065.7,110826,,*36
$GPGGA,080414.876,4831.2389,N,00744.2836,E,1,03,0.0,0.0,M,,,,0000*0a
$GPRMC,080414.876,A,4831.2389,N,00744.2836,E,21.6,065.6,110826,,*39
$GPGGA,080414.913,4831.2389,N,00744.2838,E,1,03,0.0,0.0,M,,,,0000*06
$GPRMC,080414.913,A,4831.2389,N,00744.2838,E,21.6,065.5,110826,,*36
$GPGGA,080414.934,4831.2390,N,00744.2841,E,1,03,0.0,0.0,M,,,,0000*05
$GPRMC,080414.934,A,4831.2390,N,00744.2841,E,21.6,065.1,110826,,*31
$GPGGA,080414.943,4831.2391,N,00744.2843,E,1,03,0.0,0.0,M,,,,0000*06
$GPRMC,080414.943,A,4831.2391,N,00744.2843,E,21.6,065.0,110826,,*33
$GPGGA,080414.960,4831.2391,N,00744.2844,E,1,03,0.0,0.0,M,,,,0000*00
$GPRMC,080414.960,A,4831.2391,N,00744.2844,E,21.6,064.8,110826,,*3c
$GPGGA,080414.992,4831.2392,N,00744.2845,E,1,03,0.0,0.0,M,,,,0000*0f
$GPRMC,080414.992,A,4831.2392,N,00744.2845,E,21.6,064.7,110826,,*3c
$GPGGA,080415.014,4831.2392,N,00744.2847,E,1,03,0.0,0.0,M,,,,0000*0b
$GPRMC,080415.014,A,4831.2392,N,00744.2847,E,21.6,064.6,110826,,*39
$GPGGA,080415.045,4831.2393,N,00744.2850,E,1,03,0.0,0.0,M,,,,0000*08
$GPRMC,080415.045,A,4831.2393,N,00744.2850,E,21.6,064.2,110826,,*3e
$GPGGA,080415.079,4831.2394,N,00744.2853,E,1,03,0.0,0.0,M,,,,0000*03
$GPRMC,080415.079,A,4831.2394,N,00744.2853,E,21.6,063.8,110826,,*38
$GPGGA,080415.096,4831.2395,N,00744.2857,E,1,03,0.0,0.0,M,,,,0000*07
$GPRMC,080415.096,A,4831.2395,N,00744.2857,E,21.6,063.5,110826,,*31
$GPGGA,080415.107,4831.2395,N,00744.2857,E,1,03,0.0,0.0,M,,,,0000*0e
$GPRMC,080415.107,A,4831.2395,N,00744.2857,E,21.6,063.4,110826,,*39
$GPGGA,080415.144,4831.2396,N,00744.2858,E,1,03,0.0,0.0,M,,,,0000*05
$GPRMC,080415.144,A,4831.2396,N,00744.2858,E,21.6,063.4,110826,,*32
$GPGGA,080415.160,4831.2397,N,00744.2862,E,1,03,0.0,0.0,M,,,,0000*0b
$GPRMC,080415.160,A,4831.2397,N,00744.2862,E,21.6,063.2,110826,,*3a
$GPGGA,080415.176,4831.2398,N,00744.2864,E,1,03,0.0,0.0,M,,,,0000*05
$GPRMC,080415.176,A,4831.2398,N,00744.2864,E,21.6,063.2,110826,,*34
$GPGGA,080415.208,4831.2398,N,00744.2866,E,1,03,0.0,0.0,M,,,,0000*0d
$GPRMC,080415.208,A,4831.2398,N,00744.2866,E,21.6,063.1,110826,,*3f
$GPGGA,080415.228,4831.2399,N,00744.2868,E,1,03,0.0,0.0,M,,,,0000*00
$GPRMC,080415.228,A,4831.2399,N,00744.2868,E,21.6,063.1,110826,,*32
$GPGGA,080415.262,4831.2400,N,00744.2870,E,1,03,0.0,0.0,M,,,,0000*00
$GPRMC,080415.262,A,4831.2400,N,00744.2870,E,21.6,063.0,110826,,*33
$GPGGA,080415.292,4831.2401,N,00744.2873,E,1,03,0.0,0.0,M,,,,0000*0d
$GPRMC,080415.292,A,4831.2401,N,00744.2873,E,21.6,062.7,110826,,*38
$GPGGA,080415.307,4831.2402,N,00744.2876,E,1,03,0.0,0.0,M,,,,0000*06
$GPRMC,080415.307,A,4831.2402,N,00744.2876,E,21.6,062.5,110826,,*31
$GPGGA,080415.328,4831.2402,N,00744.2877,E,1,03,0.0,0.0,M,,,,0000*0a
$GPRMC,080415.328,A,4831.2402,N,00744.2877,E,21.6,062.3,110826,,*3b
$GPGGA,080415.362,4831.2403,N,00744.2879,E,1,03,0.0,0.0,M,,,,0000*0b
$GPRMC,080415.362,A,4831.2403,N,00744.2879,E,21.6,062.2,110826,,*3b
$GPGGA,080415.393,4831.2404,N,00744.2882,E,1,03,0.0,0.0,M,,,,0000*06
$GPRMC,080415.393,A,4831.2404,N,00744.2882,E,21.6,061.8,110826,,*3f
$GPGGA,080415.428,4831.2405,N,00744.2885,E,1,03,0.0,0.0,M,,,,0000*07
$GPRMC,080415.428,A,4831.2405,N,00744.2885,E,21.6,061.5,110826,,*33
$GPGGA,080415.461,4831.2406,N,00744.2887,E,1,03,0.0,0.0,M,,,,0000*0b
$GPRMC,080415.461,A,4831.2406,N,00744.2887,E,21.6,061.3,110826,,*39
$GPGGA,080415.477,4831.2408,N,00744.2891,E,1,03,0.0,0.0,M,,,,0000*05
$GPRMC,080415.477,A,4831.2408,N,00744.2891,E,21.6,060.9,110826,,*3c
$GPGGA,080415.508,4831.2408,N,00744.2892,E,1,03,0.0,0.0,M,,,,0000*0f
$GPRMC,080415.508,A,4831.2408,N,00744.2892,E,21.6,060.8,110826,,*37
$GPGGA,080415.545,4831.2409,N,00744.2895,E,1,03,0.0,0.0,M,,,,0000*00
$GPRMC,080415.545,A,4831.2409,N,00744.2895,E,21.6,060.4,110826,,*34
$GPGGA,080415.585,4831.2411,N,00744.2898,E,1,03,0.0,0.0,M,,,,0000*08
$GPRMC,080415.585,A,4831.2411,N,00744.2898,E,21.6,060.0,110826,,*38
$GPGGA,080415.593,4831.2412,N,00744.2901,E,1,03,0.0,0.0,M,,,,0000*0d
$GPRMC,080415.593,A,4831.2412,N,00744.2901,E,21.6,059.6,110826,,*31
$GPGGA,080415.625,4831.2412,N,00744.2902,E,1,03,0.0,0.0,M,,,,0000*00
$GPRMC,080415.625,A,4831.2412,N,00744.2902,E,21.6,059.4,110826,,*3e
$GPGGA,080415.641,4831.2413,N,00744.2903,E,1,03,0.0,0.0,M,,,,0000*02
$GPRMC,080415.641,A,4831.2413,N,00744.2903,E,21.6,059.3,110826,,*3b
$GPGGA,080415.657,4831.2413,N,00744.2905,E,1,03,0.0,0.0,M,,,,0000*03
$GPRMC,080415.657,A,4831.2413,N,00744.2905,E,21.6,059.1,110826,,*38
$GPGGA,080415.657,4831.2414,N,00744.2906,E,1,03,0.0,0.0,M,,,,0000*07
$GPRMC,080415.657,A,4831.2414,N,00744.2906,E,21.6,058.9,110826,,*35
$GPGGA,080415.672,4831.2414,N,00744.2907,E,1,03,0.0,0.0,M,,,,0000*01
$GPRMC,080415.672,A,4831.2414,N,00744.2907,E,21.6,058.8,110826,,*32
$GPGGA,080415.694,4831.2415,N,00744.2908,E,1,03,0.0,0.0,M,,,,0000*07
$GPRMC,080415.694,A,4831.2415,N,00744.2908,E,21.6,058.7,110826,,*3b
$GPGGA,080415.728,4831.2416,N,00744.2911,E,1,03,0.0,0.0,M,,,,0000*0a
$GPRMC,080415.728,A,4831.2416,N,00744.2911,E,21.6,058.3,110826,,*32
$GPGGA,080415.750,4831.2417,N,00744.2914,E,1,03,0.0,0.0,M,,,,0000*01
$GPRMC,080415.750,A,4831.2417,N,00744.2914,E,21.6,057.9,110826,,*3c
$GPGGA,080415.794,4831.2418,N,00744.2916,E,1,03,0.0,0.0,M,,,,0000*04
$GPRMC,080415.794,A,4831.2418,N,00744.2916,E,21.6,057.6,110826,,*36
$GPGGA,080415.810,4831.2418,N,00744.2917,E,1,03,0.0,0.0,M,,,,0000*06
$GPRMC,080415.810,A,4831.2418,N,00744.2917,E,21.6,057.3,110826,,*31
$GPGGA,080415.826,4831.2420,N,00744.2920,E,1,03,0.0,0.0,M,,,,0000*0c
$GPRMC,080415.826,A,4831.2420,N,00744.2920,E,21.6,056.8,110826,,*31
$GPGGA,080415.859,4831.2421,N,00744.2922,E,1,03,0.0,0.0,M,,,,0000*07
$GPRMC,080415.859,A,4831.2421,N,00744.2922,E,21.6,056.6,110826,,*34
$GPGGA,080415.894,4831.2422,N,00744.2924,E,1,03,0.0,0.0,M,,,,0000*03
$GPRMC,080415.894,A,4831.2422,N,00744.2924,E,21.6,056.2,110826,,*34
$GPGGA,080415.926,4831.2423,N,00744.2926,E,1,03,0.0,0.0,M,,,,0000*08
$GPRMC,080415.926,A,4831.2423,N,00744.2926,E,21.6,056.0,110826,,*3d
$GPGGA,080415.949,4831.2425,N,00744.2930,E,1,03,0.0,0.0,M,,,,0000*00
$GPRMC,080415.949,A,4831.2425,N,00744.2930,E,21.6,055.3,110826,,*35
$GPGGA,080415.960,4831.2425,N,00744.2931,E,1,03,0.0,0.0,M,,,,0000*0a
$GPRMC,080415.960,A,4831.2425,N,00744.2931,E,21.6,055.2,110826,,*3e
$GPGGA,080415.978,4831.2426,N,00744.2932,E,1,03,0.0,0.0,M,,,,0000*03
$GPRMC,080415.978,A,4831.2426,N,00744.2932,E,21.6,055.0,110826,,*35
$GPGGA,080416.010,4831.2427,N,00744.2934,E,1,03,0.0,0.0,M,,,,0000*00
$GPRMC,080416.010,A,4831.2427,N,00744.2934,E,21.6,054.7,110826,,*30
$GPGGA,080416.028,4831.2428,N,00744.2937,E,1,03,0.0,0.0,M,,,,0000*07
$GPRMC,080416.028,A,4831.2428,N,00744.2937,E,21.6,054.3,110826,,*33
$GPGGA,080416.045,4831.2429,N,00744.2938,E,1,03,0.0,0.0,M,,,,0000*02
$GPRMC,080416.045,A,4831.2429,N,00744.2938,E,21.6,054.1,110826,,*34
$GPGGA,080416.066,4831.2430,N,00744.2940,E,1,03,0.0,0.0,M,,,,0000*04
$GPRMC,080416.066,A,4831.2430,N,00744.2940,E,21.6,053.8,110826,,*3c
$GPGGA,080416.079,4831.2430,N,00744.2941,E,1,03,0.0,0.0,M,,,,0000*0b
$GPRMC,080416.079,A,4831.2430,N,00744.2941,E,21.6,053.7,110826,,*3c
$GPGGA,080416.092,4831.2431,N,00744.2942,E,1,03,0.0,0.0,M,,,,0000*0c
$GPRMC,080416.092,A,4831.2431,N,00744.2942,E,21.6,053.5,110826,,*39
$GPGGA,080416.122,4831.2431,N,00744.2944,E,1,03,0.0,0.0,M,,,,0000*00
$GPRMC,080416.122,A,4831.2431,N,00744.2944,E,21.6,053.3,110826,,*33
$GPGGA,080416.127,4831.2432,N,00744.2945,E,1,03,0.0,0.0,M,,,,0000*07
$GPRMC,080416.127,A,4831.2432,N,00744.2945,E,21.6,053.1,110826,,*36
$GPGGA,080416.143,4831.2433,N,00744.2946,E,1,03,0.0,0.0,M,,,,0000*07
$GPRMC,080416.143,A,4831.2433,N,00744.2946,E,21.6,052.9,110826,,*3f
$GPGGA,080416.175,4831.2433,N,00744.2948,E,1,03,0.0,0.0,M,,,,0000*0c
$GPRMC,080416.175,A,4831.2433,N,00744.2948,E,21.6,052.7,110826,,*3a
$GPGGA,080416.195,4831.2434,N,00744.2949,E,1,03,0.0,0.0,M,,,,0000*04
$GPRMC,080416.195,A,4831.2434,N,00744.2949,E,21.6,052.4,110826,,*31
$GPGGA,080416.211,4831.2435,N,00744.2950,E,1,03,0.0,0.0,M,,,,0000*02
$GPRMC,080416.211,A,4831.2435,N,00744.2950,E,21.6,052.3,110826,,*30
$GPGGA,080416.228,4831.2436,N,00744.2953,E,1,03,0.0,0.0,M,,,,0000*08
$GPRMC,080416.228,A,4831.2436,N,00744.2953,E,21.6,051.9,110826,,*33
$GPGGA,080416.261,4831.2436,N,00744.2955,E,1,03,0.0,0.0,M,,,,0000*03
$GPRMC,080416.261,A,4831.2436,N,00744.2955,E,21.6,051.6,110826,,*37
$GPGGA,080416.293,4831.2438,N,00744.2957,E,1,03,0.0,0.0,M,,,,0000*02
$GPRMC,080416.293,A,4831.2438,N,00744.2957,E,21.6,051.0,110826,,*30
$GPGGA,080416.309,4831.2439,N,00744.2960,E,1,03,0.0,0.0,M,,,,0000*05
$GPRMC,080416.309,A,4831.2439,N,00744.2960,E,21.6,050.4,110826,,*32
$GPGGA,080416.327,4831.2439,N,00744.2960,E,1,03,0.0,0.0,M,,,,0000*09
$GPRMC,080416.327,A,4831.2439,N,00744.2960,E,21.6,050.3,110826,,*39
$GPGGA,080416.345,4831.2441,N,00744.2963,E,1,03,0.0,0.0,M,,,,0000*01
$GPRMC,080416.345,A,4831.2441,N,00744.2963,E,21.6,049.4,110826,,*3e
$GPGGA,080416.361,4831.2442,N,00744.2964,E,1,03,0.0,0.0,M,,,,0000*03
$GPRMC,080416.361,A,4831.2442,N,00744.2964,E,21.6,049.1,110826,,*39
$GPGGA,080416.395,4831.2442,N,00744.2965,E,1,03,0.0,0.0,M,,,,0000*09
$GPRMC,080416.395,A,4831.2442,N,00744.2965,E,21.6,048.7,110826,,*34
$GPGGA,080416.428,4831.2444,N,00744.2967,E,1,03,0.0,0.0,M,,,,0000*0c
$GPRMC,080416.428,A,4831.2444,N,00744.2967,E,21.6,047.8,110826,,*31
$GPGGA,080416.460,4831.2446,N,00744.2970,E,1,03,0.0,0.0,M,,,,0000*04
$GPRMC,080416.460,A,4831.2446,N,00744.2970,E,21.6,046.9,110826,,*39
$GPGGA,080416.495,4831.2447,N,00744.2973,E,1,03,0.0,0.0,M,,,,0000*0c
$GPRMC,080416.495,A,4831.2447,N,00744.2973,E,21.6,046.0,110826,,*38
$GPGGA,080416.527,4831.2449,N,00744.2975,E,1,03,0.0,0.0,M,,,,0000*0c
$GPRMC,080416.527,A,4831.2449,N,00744.2975,E,21.6,045.3,110826,,*38
$GPGGA,080416.543,4831.2450,N,00744.2977,E,1,03,0.0,0.0,M,,,,0000*04
$GPRMC,080416.543,A,4831.2450,N,00744.2977,E,21.6,044.4,110826,,*36
$GPGGA,080416.559,4831.2451,N,00744.2979,E,1,03,0.0,0.0,M,,,,0000*00
$GPRMC,080416.559,A,4831.2451,N,00744.2979,E,21.6,044.1,110826,,*37
$GPGGA,080416.582,4831.2451,N,00744.2980,E,1,03,0.0,0.0,M,,,,0000*00
$GPRMC,080416.582,A,4831.2451,N,00744.2980,E,21.6,044.0,110826,,*36
$GPGGA,080416.598,4831.2453,N,00744.2981,E,1,03,0.0,0.0,M,,,,0000*08
$GPRMC,080416.598,A,4831.2453,N,00744.2981,E,21.6,044.0,110826,,*3e
$GPGGA,080416.628,4831.2454,N,00744.2983,E,1,03,0.0,0.0,M,,,,0000*05
$GPRMC,080416.628,A,4831.2454,N,00744.2983,E,21.6,043.9,110826,,*3d
$GPGGA,080416.660,4831.2455,N,00744.2985,E,1,03,0.0,0.0,M,,,,0000*0e
$GPRMC,080416.660,A,4831.2455,N,00744.2985,E,21.6,043.9,110826,,*36
$GPGGA,080416.678,4831.2457,N,00744.2987,E,1,03,0.0,0.0,M,,,,0000*07
$GPRMC,080416.678,A,4831.2457,N,00744.2987,E,21.6,043.9,110826,,*3f
$GPGGA,080416.711,4831.2457,N,00744.2988,E,1,03,0.0,0.0,M,,,,0000*06
$GPRMC,080416.711,A,4831.2457,N,00744.2988,E,21.6,043.9,110826,,*3e
$GPGGA,080416.742,4831.2459,N,00744.2991,E,1,03,0.0,0.0,M,,,,0000*06
$GPRMC,080416.742,A,4831.2459,N,00744.2991,E,21.6,043.8,110826,,*3f
$GPGGA,080416.757,4831.2460,N,00744.2992,E,1,03,0.0,0.0,M,,,,0000*0b
$GPRMC,080416.757,A,4831.2460,N,00744.2992,E,21.6,043.8,110826,,*32
$GPGGA,080416.776,4831.2460,N,00744.2993,E,1,03,0.0,0.0,M,,,,0000*09
$GPRMC,080416.776,A,4831.2460,N,00744.2993,E,21.6,043.8,110826,,*30
$GPGGA,080416.792,4831.2462,N,00744.2994,E,1,03,0.0,0.0,M,,,,0000*06
$GPRMC,080416.792,A,4831.2462,N,00744.2994,E,21.6,043.8,110826,,*3f
$GPGGA,080416.809,4831.2463,N,00744.2997,E,1,03,0.0,0.0,M,,,,0000*09
$GPRMC,080416.809,A,4831.2463,N,00744.2997,E,21.6,043.7,110826,,*3f
$GPGGA,080416.844,4831.2464,N,00744.2998,E,1,03,0.0,0.0,M,,,,0000*08
$GPRMC,080416.844,A,4831.2464,N,00744.2998,E,21.6,043.7,110826,,*3e
$GPGGA,080416.844,4831.2465,N,00744.3000,E,1,03,0.0,0.0,M,,,,0000*00
$GPRMC,080416.844,A,4831.2465,N,00744.3000,E,21.6,043.6,110826,,*37
$GPGGA,080416.862,4831.2466,N,00744.3000,E,1,03,0.0,0.0,M,,,,0000*07
$GPRMC,080416.862,A,4831.2466,N,00744.3000,E,21.6,043.6,110826,,*30
$GPGGA,080416.895,4831.2466,N,00744.3001,E,1,03,0.0,0.0,M,,,,0000*0e
$GPRMC,080416.895,A,4831.2466,N,00744.3001,E,21.6,043.6,110826,,*39
$GPGGA,080416.928,4831.2468,N,00744.3004,E,1,03,0.0,0.0,M,,,,0000*02
$GPRMC,080416.928,A,4831.2468,N,00744.3004,E,21.6,043.5,110826,,*36
$GPGGA,080416.958,4831.2470,N,00744.3006,E,1,03,0.0,0.0,M,,,,0000*0e
$GPRMC,080416.958,A,4831.2470,N,00744.3006,E,21.6,043.5,110826,,*3a
$GPGGA,080416.994,4831.2471,N,00744.3008,E,1,03,0.0,0.0,M,,,,0000*01
$GPRMC,080416.994,A,4831.2471,N,00744.3008,E,21.6,043.4,110826,,*34
$GPGGA,080417.014,4831.2472,N,00744.3009,E,1,03,0.0,0.0,M,,,,0000*03
$GPRMC,080417.014,A,4831.2472,N,00744.3009,E,21.6,043.3,110826,,*31
$GPGGA,080417.046,4831.2474,N,00744.3012,E,1,03,0.0,0.0,M,,,,0000*08
$GPRMC,080417.046,A,4831.2474,N,00744.3012,E,21.6,043.2,110826,,*3b
$GPGGA,080417.060,4831.2476,N,00744.3014,E,1,03,0.0,0.0,M,,,,0000*08
$GPRMC,080417.060,A,4831.2476,N,00744.3014,E,21.6,043.1,110826,,*38
$GPGGA,080417.078,4831.2476,N,00744.3015,E,1,03,0.0,0.0,M,,,,0000*00
$GPRMC,080417.078,A,4831.2476,N,00744.3015,E,21.6,043.0,110826,,*31
$GPGGA,080417.102,4831.2477,N,00744.3016,E,1,03,0.0,0.0,M,,,,0000*0e
$GPRMC,080417.102,A,4831.2477,N,00744.3016,E,21.6,042.9,110826,,*37
$GPGGA,080417.110,4831.2478,N,00744.3017,E,1,03,0.0,0.0,M,,,,0000*03
$GPRMC,080417.110,A,4831.2478,N,00744.3017,E,21.6,042.9,110826,,*3a
$GPGGA,080417.127,4831.2479,N,00744.3019,E,1,03,0.0,0.0,M,,,,0000*08
$GPRMC,080417.127,A,4831.2479,N,00744.3019,E,21.6,042.8,110826,,*30
$GPGGA,080417.141,4831.2480,N,00744.3020,E,1,03,0.0,0.0,M,,,,0000*04
$GPRMC,080417.141,A,4831.2480,N,00744.3020,E,21.6,042.7,110826,,*33
$GPGGA,080417.157,4831.2481,N,00744.3021,E,1,03,0.0,0.0,M,,,,0000*03
$GPRMC,080417.157,A,4831.2481,N,00744.3021,E,21.6,042.7,110826,,*34
$GPGGA,080417.188,4831.2481,N,00744.3022,E,1,03,0.0,0.0,M,,,,0000*02
$GPRMC,080417.188,A,4831.2481,N,00744.3022,E,21.6,042.6,110826,,*34
$GPGGA,080417.204,4831.2482,N,00744.3023,E,1,03,0.0,0.0,M,,,,0000*07
$GPRMC,080417.204,A,4831.2482,N,00744.3023,E,21.6,042.5,110826,,*32
$GPGGA,080417.223,4831.2483,N,00744.3024,E,1,03,0.0,0.0,M,,,,0000*04
$GPRMC,080417.223,A,4831.2483,N,00744.3024,E,21.6,042.5,110826,,*31
$GPGGA,080417.253,4831.2484,N,00744.3026,E,1,03,0.0,0.0,M,,,,0000*06
$GPRMC,080417.253,A,4831.2484,N,00744.3026,E,21.6,042.3,110826,,*35
$GPGGA,080417.279,4831.2486,N,00744.3027,E,1,03,0.0,0.0,M,,,,0000*0d
$GPRMC,080417.279,A,4831.2486,N,00744.3027,E,21.6,042.2,110826,,*3f
$GPGGA,080417.310,4831.2487,N,00744.3030,E,1,03,0.0,0.0,M,,,,0000*04
$GPRMC,080417.310,A,4831.2487,N,00744.3030,E,21.6,042.0,110826,,*34
$GPGGA,080417.310,4831.2488,N,00744.3031,E,1,03,0.0,0.0,M,,,,0000*0a
$GPRMC,080417.310,A,4831.2488,N,00744.3031,E,21.6,041.9,110826,,*30
$GPGGA,080417.326,4831.2489,N,00744.3032,E,1,03,0.0,0.0,M,,,,0000*0d
$GPRMC,080417.326,A,4831.2489,N,00744.3032,E,21.6,041.8,110826,,*36
$GPGGA,080417.342,4831.2490,N,00744.3033,E,1,03,0.0,0.0,M,,,,0000*06
$GPRMC,080417.342,A,4831.2490,N,00744.3033,E,21.6,041.7,110826,,*32
$GPGGA,080417.358,4831.2491,N,00744.3034,E,1,03,0.0,0.0,M,,,,0000*0b
$GPRMC,080417.358,A,4831.2491,N,00744.3034,E,21.6,041.7,110826,,*3f
$GPGGA,080417.390,4831.2491,N,00744.3035,E,1,03,0.0,0.0,M,,,,0000*0e
$GPRMC,080417.390,A,4831.2491,N,00744.3035,E,21.6,041.6,110826,,*3b
$GPGGA,080417.405,4831.2492,N,00744.3036,E,1,03,0.0,0.0,M,,,,0000*05
$GPRMC,080417.405,A,4831.2492,N,00744.3036,E,21.6,041.5,110826,,*33
$GPGGA,080417.421,4831.2494,N,00744.3038,E,1,03,0.0,0.0,M,,,,0000*0b
$GPRMC,080417.421,A,4831.2494,N,00744.3038,E,21.6,041.3,110826,,*3b
$GPGGA,080417.455,4831.2495,N,00744.3039,E,1,03,0.0,0.0,M,,,,0000*08
$GPRMC,080417.455,A,4831.2495,N,00744.3039,E,21.6,041.2,110826,,*39
$GPGGA,080417.493,4831.2496,N,00744.3042,E,1,03,0.0,0.0,M,,,,0000*0d
$GPRMC,080417.493,A,4831.2496,N,00744.3042,E,21.6,041.0,110826,,*3e
$GPGGA,080417.512,4831.2497,N,00744.3043,E,1,03,0.0,0.0,M,,,,0000*05
$GPRMC,080417.512,A,4831.2497,N,00744.3043,E,21.6,040.9,110826,,*3e
$GPGGA,080417.544,4831.2499,N,00744.3045,E,1,03,0.0,0.0,M,,,,0000*0e
$GPRMC,080417.544,A,4831.2499,N,00744.3045,E,21.6,040.6,110826,,*3a
$GPGGA,080417.562,4831.2500,N,00744.3046,E,1,03,0.0,0.0,M,,,,0000*08
$GPRMC,080417.562,A,4831.2500,N,00744.3046,E,21.6,040.5,110826,,*3f
$GPGGA,080417.579,4831.2502,N,00744.3049,E,1,03,0.0,0.0,M,,,,0000*0f
$GPRMC,080417.579,A,4831.2502,N,00744.3049,E,21.6,040.3,110826,,*3e
$GPGGA,080417.595,4831.2503,N,00744.3050,E,1,03,0.0,0.0,M,,,,0000*04
$GPRMC,080417.595,A,4831.2503,N,00744.3050,E,21.6,040.3,110826,,*35
$GPGGA,080417.611,4831.2504,N,00744.3051,E,1,03,0.0,0.0,M,,,,0000*0d
$GPRMC,080417.611,A,4831.2504,N,00744.3051,E,21.6,040.2,110826,,*3d
$GPGGA,080417.634,4831.2504,N,00744.3052,E,1,03,0.0,0.0,M,,,,0000*09
$GPRMC,080417.634,A,4831.2504,N,00744.3052,E,21.6,040.1,110826,,*3a
$GPGGA,080417.646,4831.2505,N,00744.3053,E,1,03,0.0,0.0,M,,,,0000*0c
$GPRMC,080417.646,A,4831.2505,N,00744.3053,E,21.6,040.0,110826,,*3e
$GPGGA,080417.668,4831.2506,N,00744.3054,E,1,03,0.0,0.0,M,,,,0000*04
$GPRMC,080417.668,A,4831.2506,N,00744.3054,E,21.6,039.9,110826,,*31
$GPGGA,080417.683,4831.2507,N,00744.3055,E,1,03,0.0,0.0,M,,,,0000*01
$GPRMC,080417.683,A,4831.2507,N,00744.3055,E,21.6,039.9,110826,,*34
$GPGGA,080417.695,4831.2508,N,00744.3056,E,1,03,0.0,0.0,M,,,,0000*0a
$GPRMC,080417.695,A,4831.2508,N,00744.3056,E,21.6,039.8,110826,,*3e
$GPGGA,080417.727,4831.2509,N,00744.3057,E,1,03,0.0,0.0,M,,,,0000*02
$GPRMC,080417.727,A,4831.2509,N,00744.3057,E,21.6,039.7,110826,,*39
$GPGGA,080417.760,4831.2511,N,00744.3060,E,1,03,0.0,0.0,M,,,,0000*0c
$GPRMC,080417.760,A,4831.2511,N,00744.3060,E,21.6,039.5,110826,,*35
$GPGGA,080417.776,4831.2511,N,00744.3061,E,1,03,0.0,0.0,M,,,,0000*0a
$GPRMC,080417.776,A,4831.2511,N,00744.3061,E,21.6,039.4,110826,,*32
$GPGGA,080417.795,4831.2513,N,00744.3062,E,1,03,0.0,0.0,M,,,,0000*06
$GPRMC,080417.795,A,4831.2513,N,00744.3062,E,21.6,039.3,110826,,*39
$GPGGA,080417.812,4831.2514,N,00744.3064,E,1,03,0.0,0.0,M,,,,0000*07
$GPRMC,080417.812,A,4831.2514,N,00744.3064,E,21.6,039.2,110826,,*39
$GPGGA,080417.828,4831.2515,N,00744.3065,E,1,03,0.0,0.0,M,,,,0000*0e
$GPRMC,080417.828,A,4831.2515,N,00744.3065,E,21.6,039.1,110826,,*33
$GPGGA,080417.855,4831.2516,N,00744.3066,E,1,03,0.0,0.0,M,,,,0000*04
$GPRMC,080417.855,A,4831.2516,N,00744.3066,E,21.6,039.0,110826,,*38
$GPGGA,080417.868,4831.2517,N,00744.3067,E,1,03,0.0,0.0,M,,,,0000*0a
$GPRMC,080417.868,A,4831.2517,N,00744.3067,E,21.6,038.9,110826,,*3e
$GPGGA,080417.890,4831.2518,N,00744.3068,E,1,03,0.0,0.0,M,,,,0000*0d
$GPRMC,080417.890,A,4831.2518,N,00744.3068,E,21.6,038.7,110826,,*37
$GPGGA,080417.897,4831.2519,N,00744.3069,E,1,03,0.0,0.0,M,,,,0000*0a
$GPRMC,080417.897,A,4831.2519,N,00744.3069,E,21.6,038.6,110826,,*31
$GPGGA,080417.916,4831.2519,N,00744.3070,E,1,03,0.0,0.0,M,,,,0000*0a
$GPRMC,080417.916,A,4831.2519,N,00744.3070,E,21.6,038.5,110826,,*32
$GPGGA,080417.929,4831.2520,N,00744.3071,E,1,03,0.0,0.0,M,,,,0000*0d
$GPRMC,080417.929,A,4831.2520,N,00744.3071,E,21.6,038.4,110826,,*34
$GPGGA,080417.944,4831.2521,N,00744.3072,E,1,03,0.0,0.0,M,,,,0000*04
$GPRMC,080417.944,A,4831.2521,N,00744.3072,E,21.6,038.2,110826,,*3b
$GPGGA,080417.963,4831.2522,N,00744.3073,E,1,03,0.0,0.0,M,,,,0000*03
$GPRMC,080417.963,A,4831.2522,N,00744.3073,E,21.6,038.1,110826,,*3f
$GPGGA,080417.975,4831.2523,N,00744.3074,E,1,03,0.0,0.0,M,,,,0000*02
$GPRMC,080417.975,A,4831.2523,N,00744.3074,E,21.6,038.0,110826,,*3f
$GPGGA,080417.996,4831.2524,N,00744.3075,E,1,03,0.0,0.0,M,,,,0000*09
$GPRMC,080417.996,A,4831.2524,N,00744.3075,E,21.6,037.8,110826,,*33
$GPGGA,080418.012,4831.2525,N,00744.3076,E,1,03,0.0,0.0,M,,,,0000*01
$GPRMC,080418.012,A,4831.2525,N,00744.3076,E,21.6,037.7,110826,,*34
$GPGGA,080418.028,4831.2526,N,00744.3077,E,1,03,0.0,0.0,M,,,,0000*0a
$GPRMC,080418.028,A,4831.2526,N,00744.3077,E,21.6,037.4,110826,,*3c
$GPGGA,080418.060,4831.2527,N,00744.3078,E,1,03,0.0,0.0,M,,,,0000*08
$GPRMC,080418.060,A,4831.2527,N,00744.3078,E,21.6,037.3,110826,,*39
$GPGGA,080418.091,4831.2528,N,00744.3080,E,1,03,0.0,0.0,M,,,,0000*0e
$GPRMC,080418.091,A,4831.2528,N,00744.3080,E,21.6,036.9,110826,,*34
$GPGGA,080418.104,4831.2529,N,00744.3081,E,1,03,0.0,0.0,M,,,,0000*03
$GPRMC,080418.104,A,4831.2529,N,00744.3081,E,21.6,036.7,110826,,*37
$GPGGA,080418.113,4831.2530,N,00744.3082,E,1,03,0.0,0.0,M,,,,0000*0e
$GPRMC,080418.113,A,4831.2530,N,00744.3082,E,21.6,036.5,110826,,*38
$GPGGA,080418.130,4831.2531,N,00744.3083,E,1,03,0.0,0.0,M,,,,0000*0f
$GPRMC,080418.130,A,4831.2531,N,00744.3083,E,21.6,036.3,110826,,*3f
$GPGGA,080418.160,4831.2532,N,00744.3084,E,1,03,0.0,0.0,M,,,,0000*0e
$GPRMC,080418.160,A,4831.2532,N,00744.3084,E,21.6,036.1,110826,,*3c
$GPGGA,080418.195,4831.2534,N,00744.3086,E,1,03,0.0,0.0,M,,,,0000*00
$GPRMC,080418.195,A,4831.2534,N,00744.3086,E,21.6,035.7,110826,,*37
$GPGGA,080418.228,4831.2536,N,00744.3088,E,1,03,0.0,0.0,M,,,,0000*09
$GPRMC,080418.228,A,4831.2536,N,00744.3088,E,21.6,035.2,110826,,*3b
$GPGGA,080418.244,4831.2537,N,00744.3090,E,1,03,0.0,0.0,M,,,,0000*0b
$GPRMC,080418.244,A,4831.2537,N,00744.3090,E,21.6,034.9,110826,,*33
$GPGGA,080418.260,4831.2539,N,00744.3091,E,1,03,0.0,0.0,M,,,,0000*02
$GPRMC,080418.260,A,4831.2539,N,00744.3091,E,21.6,034.6,110826,,*35
$GPGGA,080418.276,4831.2539,N,00744.3092,E,1,03,0.0,0.0,M,,,,0000*06
$GPRMC,080418.276,A,4831.2539,N,00744.3092,E,21.6,034.5,110826,,*32
$GPGGA,080418.312,4831.2540,N,00744.3093,E,1,03,0.0,0.0,M,,,,0000*0a
$GPRMC,080418.312,A,4831.2540,N,00744.3093,E,21.6,034.4,110826,,*3f
$GPGGA,080418.329,4831.2542,N,00744.3095,E,1,03,0.0,0.0,M,,,,0000*06
$GPRMC,080418.329,A,4831.2542,N,00744.3095,E,21.6,034.3,110826,,*34
$GPGGA,080418.345,4831.2543,N,00744.3096,E,1,03,0.0,0.0,M,,,,0000*0e
$GPRMC,080418.345,A,4831.2543,N,00744.3096,E,21.6,034.3,110826,,*3c
$GPGGA,080418.377,4831.2544,N,00744.3097,E,1,03,0.0,0.0,M,,,,0000*09
$GPRMC,080418.377,A,4831.2544,N,00744.3097,E,21.6,034.2,110826,,*3a
$GPGGA,080418.393,4831.2545,N,00744.3098,E,1,03,0.0,0.0,M,,,,0000*0d
$GPRMC,080418.393,A,4831.2545,N,00744.3098,E,21.6,034.1,110826,,*3d
$GPGGA,080418.409,4831.2546,N,00744.3099,E,1,03,0.0,0.0,M,,,,0000*0b
$GPRMC,080418.409,A,4831.2546,N,00744.3099,E,21.6,034.0,110826,,*3a
$GPGGA,080418.425,4831.2548,N,00744.3101,E,1,03,0.0,0.0,M,,,,0000*0b
$GPRMC,080418.425,A,4831.2548,N,00744.3101,E,21.6,033.9,110826,,*34
$GPGGA,080418.441,4831.2549,N,00744.3101,E,1,03,0.0,0.0,M,,,,0000*08
$GPRMC,080418.441,A,4831.2549,N,00744.3101,E,21.6,033.8,110826,,*36
$GPGGA,080418.462,4831.2549,N,00744.3102,E,1,03,0.0,0.0,M,,,,0000*0a
$GPRMC,080418.462,A,4831.2549,N,00744.3102,E,21.6,033.8,110826,,*34
$GPGGA,080418.495,4831.2551,N,00744.3103,E,1,03,0.0,0.0,M,,,,0000*0a
$GPRMC,080418.495,A,4831.2551,N,00744.3103,E,21.6,033.7,110826,,*3b
$GPGGA,080418.544,4831.2553,N,00744.3105,E,1,03,0.0,0.0,M,,,,0000*03
$GPRMC,080418.544,A,4831.2553,N,00744.3105,E,21.6,033.5,110826,,*30
$GPGGA,080418.562,4831.2555,N,00744.3107,E,1,03,0.0,0.0,M,,,,0000*03
$GPRMC,080418.562,A,4831.2555,N,00744.3107,E,21.6,033.3,110826,,*36
$GPGGA,080418.587,4831.2557,N,00744.3109,E,1,03,0.0,0.0,M,,,,0000*04
$GPRMC,080418.587,A,4831.2557,N,00744.3109,E,21.6,033.2,110826,,*30
$GPGGA,080418.599,4831.2557,N,00744.3110,E,1,03,0.0,0.0,M,,,,0000*03
$GPRMC,080418.599,A,4831.2557,N,00744.3110,E,21.6,033.1,110826,,*34
$GPGGA,080418.616,4831.2558,N,00744.3111,E,1,03,0.0,0.0,M,,,,0000*09
$GPRMC,080418.616,A,4831.2558,N,00744.3111,E,21.6,033.0,110826,,*3f
$GPGGA,080418.633,4831.2559,N,00744.3112,E,1,03,0.0,0.0,M,,,,0000*0c
$GPRMC,080418.633,A,4831.2559,N,00744.3112,E,21.6,033.0,110826,,*3a
$GPGGA,080418.646,4831.2560,N,00744.3113,E,1,03,0.0,0.0,M,,,,0000*05
$GPRMC,080418.646,A,4831.2560,N,00744.3113,E,21.6,032.9,110826,,*3b
$GPGGA,080418.676,4831.2561,N,00744.3114,E,1,03,0.0,0.0,M,,,,0000*00
$GPRMC,080418.676,A,4831.2561,N,00744.3114,E,21.6,032.8,110826,,*3f
$GPGGA,080418.702,4831.2563,N,00744.3115,E,1,03,0.0,0.0,M,,,,0000*01
$GPRMC,080418.702,A,4831.2563,N,00744.3115,E,21.6,032.5,110826,,*33
$GPGGA,080418.719,4831.2564,N,00744.3116,E,1,03,0.0,0.0,M,,,,0000*0f
$GPRMC,080418.719,A,4831.2564,N,00744.3116,E,21.6,032.4,110826,,*3c
$GPGGA,080418.735,4831.2565,N,00744.3117,E,1,03,0.0,0.0,M,,,,0000*01
$GPRMC,080418.735,A,4831.2565,N,00744.3117,E,21.6,032.3,110826,,*35
$GPGGA,080418.746,4831.2566,N,00744.3118,E,1,03,0.0,0.0,M,,,,0000*09
$GPRMC,080418.746,A,4831.2566,N,00744.3118,E,21.6,032.2,110826,,*3c
$GPGGA,080418.762,4831.2567,N,00744.3119,E,1,03,0.0,0.0,M,,,,0000*0f
$GPRMC,080418.762,A,4831.2567,N,00744.3119,E,21.6,032.1,110826,,*39
$GPGGA,080418.793,4831.2568,N,00744.3120,E,1,03,0.0,0.0,M,,,,0000*04
$GPRMC,080418.793,A,4831.2568,N,00744.3120,E,21.6,031.9,110826,,*39
$GPGGA,080418.813,4831.2570,N,00744.3122,E,1,03,0.0,0.0,M,,,,0000*08
$GPRMC,080418.813,A,4831.2570,N,00744.3122,E,21.6,031.7,110826,,*3b
$GPGGA,080418.826,4831.2570,N,00744.3122,E,1,03,0.0,0.0,M,,,,0000*0e
$GPRMC,080418.826,A,4831.2570,N,00744.3122,E,21.6,031.6,110826,,*3c
$GPGGA,080418.842,4831.2572,N,00744.3123,E,1,03,0.0,0.0,M,,,,0000*0f
$GPRMC,080418.842,A,4831.2572,N,00744.3123,E,21.6,031.4,110826,,*3f
$GPGGA,080418.861,4831.2572,N,00744.3124,E,1,03,0.0,0.0,M,,,,0000*09
$GPRMC,080418.861,A,4831.2572,N,00744.3124,E,21.6,031.3,110826,,*3e
$GPGGA,080418.879,4831.2574,N,00744.3125,E,1,03,0.0,0.0,M,,,,0000*07
$GPRMC,080418.879,A,4831.2574,N,00744.3125,E,21.6,031.1,110826,,*32
$GPGGA,080418.895,4831.2575,N,00744.3126,E,1,03,0.0,0.0,M,,,,0000*07
$GPRMC,080418.895,A,4831.2575,N,00744.3126,E,21.6,030.9,110826,,*3b
$GPGGA,080418.913,4831.2576,N,00744.3127,E,1,03,0.0,0.0,M,,,,0000*0a
$GPRMC,080418.913,A,4831.2576,N,00744.3127,E,21.6,030.7,110826,,*38
$GPGGA,080418.936,4831.2577,N,00744.3128,E,1,03,0.0,0.0,M,,,,0000*03
$GPRMC,080418.936,A,4831.2577,N,00744.3128,E,21.6,030.6,110826,,*30
$GPGGA,080418.949,4831.2578,N,00744.3129,E,1,03,0.0,0.0,M,,,,0000*05
$GPRMC,080418.949,A,4831.2578,N,00744.3129,E,21.6,030.3,110826,,*33
$GPGGA,080418.962,4831.2579,N,00744.3130,E,1,03,0.0,0.0,M,,,,0000*05
$GPRMC,080418.962,A,4831.2579,N,00744.3130,E,21.6,030.1,110826,,*31
$GPGGA,080418.995,4831.2579,N,00744.3130,E,1,03,0.0,0.0,M,,,,0000*0d
$GPRMC,080418.995,A,4831.2579,N,00744.3130,E,21.6,030.0,110826,,*38
$GPGGA,080419.027,4831.2582,N,00744.3132,E,1,03,0.0,0.0,M,,,,0000*0a
$GPRMC,080419.027,A,4831.2582,N,00744.3132,E,21.6,029.6,110826,,*31
$GPGGA,080419.063,4831.2583,N,00744.3133,E,1,03,0.0,0.0,M,,,,0000*0a
$GPRMC,080419.063,A,4831.2583,N,00744.3133,E,21.6,029.2,110826,,*35
$GPGGA,080419.079,4831.2585,N,00744.3135,E,1,03,0.0,0.0,M,,,,0000*01
$GPRMC,080419.079,A,4831.2585,N,00744.3135,E,21.6,028.8,110826,,*35
$GPGGA,080419.095,4831.2587,N,00744.3136,E,1,03,0.0,0.0,M,,,,0000*02
$GPRMC,080419.095,A,4831.2587,N,00744.3136,E,21.6,028.6,110826,,*38
$GPGGA,080419.129,4831.2587,N,00744.3137,E,1,03,0.0,0.0,M,,,,0000*05
$GPRMC,080419.129,A,4831.2587,N,00744.3137,E,21.6,028.4,110826,,*3d
$GPGGA,080419.161,4831.2589,N,00744.3138,E,1,03,0.0,0.0,M,,,,0000*08
$GPRMC,080419.161,A,4831.2589,N,00744.3138,E,21.6,028.2,110826,,*36
$GPGGA,080419.195,4831.2591,N,00744.3140,E,1,03,0.0,0.0,M,,,,0000*05
$GPRMC,080419.195,A,4831.2591,N,00744.3140,E,21.6,028.1,110826,,*38
$GPGGA,080419.211,4831.2592,N,00744.3141,E,1,03,0.0,0.0,M,,,,0000*08
$GPRMC,080419.211,A,4831.2592,N,00744.3141,E,21.6,028.0,110826,,*34
$GPGGA,080419.227,4831.2594,N,00744.3142,E,1,03,0.0,0.0,M,,,,0000*08
$GPRMC,080419.227,A,4831.2594,N,00744.3142,E,21.6,027.9,110826,,*32
$GPGGA,080419.243,4831.2595,N,00744.3143,E,1,03,0.0,0.0,M,,,,0000*0a
$GPRMC,080419.243,A,4831.2595,N,00744.3143,E,21.6,027.8,110826,,*31
$GPGGA,080419.278,4831.2596,N,00744.3144,E,1,03,0.0,0.0,M,,,,0000*06
$GPRMC,080419.278,A,4831.2596,N,00744.3144,E,21.6,027.7,110826,,*32
$GPGGA,080419.293,4831.2598,N,00744.3145,E,1,03,0.0,0.0,M,,,,0000*0c
$GPRMC,080419.293,A,4831.2598,N,00744.3145,E,21.6,027.6,110826,,*39
$GPGGA,080419.328,4831.2599,N,00744.3146,E,1,03,0.0,0.0,M,,,,0000*0f
$GPRMC,080419.328,A,4831.2599,N,00744.3146,E,21.6,027.5,110826,,*39
$GPGGA,080419.344,4831.2601,N,00744.3148,E,1,03,0.0,0.0,M,,,,0000*09
$GPRMC,080419.344,A,4831.2601,N,00744.3148,E,21.6,027.3,110826,,*39
$GPGGA,080419.360,4831.2602,N,00744.3149,E,1,03,0.0,0.0,M,,,,0000*0d
$GPRMC,080419.360,A,4831.2602,N,00744.3149,E,21.6,027.3,110826,,*3d
$GPGGA,080419.375,4831.2603,N,00744.3149,E,1,03,0.0,0.0,M,,,,0000*08
$GPRMC,080419.375,A,4831.2603,N,00744.3149,E,21.6,027.2,110826,,*39
$GPGGA,080419.411,4831.2604,N,00744.3150,E,1,03,0.0,0.0,M,,,,0000*02
$GPRMC,080419.411,A,4831.2604,N,00744.3150,E,21.6,027.2,110826,,*33
$GPGGA,080419.429,4831.2605,N,00744.3151,E,1,03,0.0,0.0,M,,,,0000*09
$GPRMC,080419.429,A,4831.2605,N,00744.3151,E,21.6,027.1,110826,,*3b
$GPGGA,080419.445,4831.2607,N,00744.3152,E,1,03,0.0,0.0,M,,,,0000*02
$GPRMC,080419.445,A,4831.2607,N,00744.3152,E,21.6,026.9,110826,,*39
$GPGGA,080419.462,4831.2608,N,00744.3153,E,1,03,0.0,0.0,M,,,,0000*09
$GPRMC,080419.462,A,4831.2608,N,00744.3153,E,21.6,026.9,110826,,*32
$GPGGA,080419.495,4831.2610,N,00744.3154,E,1,03,0.0,0.0,M,,,,0000*0f
$GPRMC,080419.495,A,4831.2610,N,00744.3154,E,21.6,026.8,110826,,*35
$GPGGA,080419.528,4831.2611,N,00744.3155,E,1,03,0.0,0.0,M,,,,0000*08
$GPRMC,080419.528,A,4831.2611,N,00744.3155,E,21.6,026.6,110826,,*3c
$GPGGA,080419.546,4831.2613,N,00744.3156,E,1,03,0.0,0.0,M,,,,0000*01
$GPRMC,080419.546,A,4831.2613,N,00744.3156,E,21.6,026.5,110826,,*36
$GPGGA,080419.588,4831.2615,N,00744.3158,E,1,03,0.0,0.0,M,,,,0000*0b
$GPRMC,080419.588,A,4831.2615,N,00744.3158,E,21.6,026.4,110826,,*3d
$GPGGA,080419.603,4831.2616,N,00744.3159,E,1,03,0.0,0.0,M,,,,0000*09
$GPRMC,080419.603,A,4831.2616,N,00744.3159,E,21.6,026.2,110826,,*39
$GPGGA,080419.613,4831.2618,N,00744.3160,E,1,03,0.0,0.0,M,,,,0000*0c
$GPRMC,080419.613,A,4831.2618,N,00744.3160,E,21.6,026.0,110826,,*3e
$GPGGA,080419.626,4831.2619,N,00744.3161,E,1,03,0.0,0.0,M,,,,0000*0a
$GPRMC,080419.626,A,4831.2619,N,00744.3161,E,21.6,025.9,110826,,*32
$GPGGA,080419.644,4831.2619,N,00744.3161,E,1,03,0.0,0.0,M,,,,0000*0e
$GPRMC,080419.644,A,4831.2619,N,00744.3161,E,21.6,025.7,110826,,*38
$GPGGA,080419.660,4831.2621,N,00744.3162,E,1,03,0.0,0.0,M,,,,0000*00
$GPRMC,080419.660,A,4831.2621,N,00744.3162,E,21.6,025.5,110826,,*34
$GPGGA,080419.697,4831.2622,N,00744.3163,E,1,03,0.0,0.0,M,,,,0000*0a
$GPRMC,080419.697,A,4831.2622,N,00744.3163,E,21.6,025.4,110826,,*3f
$GPGGA,080419.730,4831.2624,N,00744.3164,E,1,03,0.0,0.0,M,,,,0000*07
$GPRMC,080419.730,A,4831.2624,N,00744.3164,E,21.6,025.0,110826,,*36
$GPGGA,080419.730,4831.2625,N,00744.3165,E,1,03,0.0,0.0,M,,,,0000*07
$GPRMC,080419.730,A,4831.2625,N,00744.3165,E,21.6,024.7,110826,,*30
$GPGGA,080419.746,4831.2626,N,00744.3166,E,1,03,0.0,0.0,M,,,,0000*06
$GPRMC,080419.746,A,4831.2626,N,00744.3166,E,21.6,024.5,110826,,*33
$GPGGA,080419.777,4831.2627,N,00744.3166,E,1,03,0.0,0.0,M,,,,0000*05
$GPRMC,080419.777,A,4831.2627,N,00744.3166,E,21.6,024.4,110826,,*31
$GPGGA,080419.796,4831.2628,N,00744.3167,E,1,03,0.0,0.0,M,,,,0000*04
$GPRMC,080419.796,A,4831.2628,N,00744.3167,E,21.6,024.2,110826,,*36
$GPGGA,080419.813,4831.2630,N,00744.3168,E,1,03,0.0,0.0,M,,,,0000*00
$GPRMC,080419.813,A,4831.2630,N,00744.3168,E,21.6,023.8,110826,,*3f
$GPGGA,080419.846,4831.2631,N,00744.3169,E,1,03,0.0,0.0,M,,,,0000*00
$GPRMC,080419.846,A,4831.2631,N,00744.3169,E,21.6,023.5,110826,,*32
$GPGGA,080419.861,4831.2633,N,00744.3170,E,1,03,0.0,0.0,M,,,,0000*0f
$GPRMC,080419.861,A,4831.2633,N,00744.3170,E,21.6,023.1,110826,,*39
$GPGGA,080419.877,4831.2634,N,00744.3171,E,1,03,0.0,0.0,M,,,,0000*0e
$GPRMC,080419.877,A,4831.2634,N,00744.3171,E,21.6,022.9,110826,,*31
$GPGGA,080419.893,4831.2635,N,00744.3171,E,1,03,0.0,0.0,M,,,,0000*05
$GPRMC,080419.893,A,4831.2635,N,00744.3171,E,21.6,022.6,110826,,*35
$GPGGA,080419.910,4831.2636,N,00744.3172,E,1,03,0.0,0.0,M,,,,0000*0f
$GPRMC,080419.910,A,4831.2636,N,00744.3172,E,21.6,022.4,110826,,*3d
$GPGGA,080419.944,4831.2637,N,00744.3172,E,1,03,0.0,0.0,M,,,,0000*0f
$GPRMC,080419.944,A,4831.2637,N,00744.3172,E,21.6,022.2,110826,,*3b
$GPGGA,080419.962,4831.2638,N,00744.3173,E,1,03,0.0,0.0,M,,,,0000*05
$GPRMC,080419.962,A,4831.2638,N,00744.3173,E,21.6,022.0,110826,,*33
$GPGGA,080419.978,4831.2639,N,00744.3174,E,1,03,0.0,0.0,M,,,,0000*08
$GPRMC,080419.978,A,4831.2639,N,00744.3174,E,21.6,021.8,110826,,*35
$GPGGA,080420.000,4831.2641,N,00744.3175,E,1,03,0.0,0.0,M,,,,0000*0a
$GPRMC,080420.000,A,4831.2641,N,00744.3175,E,21.6,021.6,110826,,*39
$GPGGA,080420.013,4831.2642,N,00744.3176,E,1,03,0.0,0.0,M,,,,0000*08
$GPRMC,080420.013,A,4831.2642,N,00744.3176,E,21.6,021.5,110826,,*38
$GPGGA,080420.030,4831.2643,N,00744.3176,E,1,03,0.0,0.0,M,,,,0000*08
$GPRMC,080420.030,A,4831.2643,N,00744.3176,E,21.6,021.4,110826,,*39
$GPGGA,080420.046,4831.2645,N,00744.3177,E,1,03,0.0,0.0,M,,,,0000*0e
$GPRMC,080420.046,A,4831.2645,N,00744.3177,E,21.6,021.3,110826,,*38
$GPGGA,080420.062,4831.2645,N,00744.3177,E,1,03,0.0,0.0,M,,,,0000*08
$GPRMC,080420.062,A,4831.2645,N,00744.3177,E,21.6,021.3,110826,,*3e
$GPGGA,080420.086,4831.2647,N,00744.3178,E,1,03,0.0,0.0,M,,,,0000*0f
$GPRMC,080420.086,A,4831.2647,N,00744.3178,E,21.6,021.2,110826,,*38
$GPGGA,080420.101,4831.2648,N,00744.3179,E,1,03,0.0,0.0,M,,,,0000*0f
$GPRMC,080420.101,A,4831.2648,N,00744.3179,E,21.6,021.1,110826,,*3b
$GPGGA,080420.118,4831.2649,N,00744.3179,E,1,03,0.0,0.0,M,,,,0000*06
$GPRMC,080420.118,A,4831.2649,N,00744.3179,E,21.6,021.0,110826,,*33
$GPGGA,080420.133,4831.2650,N,00744.3180,E,1,03,0.0,0.0,M,,,,0000*01
$GPRMC,080420.133,A,4831.2650,N,00744.3180,E,21.6,020.8,110826,,*3d
$GPGGA,080420.146,4831.2651,N,00744.3180,E,1,03,0.0,0.0,M,,,,0000*02
$GPRMC,080420.146,A,4831.2651,N,00744.3180,E,21.6,020.6,110826,,*30
$GPGGA,080420.162,4831.2652,N,00744.3181,E,1,03,0.0,0.0,M,,,,0000*06
$GPRMC,080420.162,A,4831.2652,N,00744.3181,E,21.6,020.5,110826,,*37
$GPGGA,080420.177,4831.2653,N,00744.3182,E,1,03,0.0,0.0,M,,,,0000*00
$GPRMC,080420.177,A,4831.2653,N,00744.3182,E,21.6,020.3,110826,,*37
$GPGGA,080420.196,4831.2654,N,00744.3182,E,1,03,0.0,0.0,M,,,,0000*08
$GPRMC,080420.196,A,4831.2654,N,00744.3182,E,21.6,020.2,110826,,*3e
$GPGGA,080420.227,4831.2655,N,00744.3182,E,1,03,0.0,0.0,M,,,,0000*00
$GPRMC,080420.227,A,4831.2655,N,00744.3182,E,21.6,020.1,110826,,*35
$GPGGA,080420.244,4831.2657,N,00744.3184,E,1,03,0.0,0.0,M,,,,0000*01
$GPRMC,080420.244,A,4831.2657,N,00744.3184,E,21.6,019.8,110826,,*37
$GPGGA,080420.278,4831.2658,N,00744.3184,E,1,03,0.0,0.0,M,,,,0000*01
$GPRMC,080420.278,A,4831.2658,N,00744.3184,E,21.6,019.6,110826,,*39
$GPGGA,080420.278,4831.2660,N,00744.3185,E,1,03,0.0,0.0,M,,,,0000*0b
$GPRMC,080420.278,A,4831.2660,N,00744.3185,E,21.6,019.4,110826,,*31
$GPGGA,080420.294,4831.2660,N,00744.3185,E,1,03,0.0,0.0,M,,,,0000*09
$GPRMC,080420.294,A,4831.2660,N,00744.3185,E,21.6,019.3,110826,,*34
$GPGGA,080420.310,4831.2661,N,00744.3186,E,1,03,0.0,0.0,M,,,,0000*06
$GPRMC,080420.310,A,4831.2661,N,00744.3186,E,21.6,019.2,110826,,*3a
$GPGGA,080420.345,4831.2663,N,00744.3186,E,1,03,0.0,0.0,M,,,,0000*04
$GPRMC,080420.345,A,4831.2663,N,00744.3186,E,21.6,019.0,110826,,*3a
$GPGGA,080420.378,4831.2664,N,00744.3187,E,1,03,0.0,0.0,M,,,,0000*0c
$GPRMC,080420.378,A,4831.2664,N,00744.3187,E,21.6,018.7,110826,,*34
$GPGGA,080420.394,4831.2667,N,00744.3188,E,1,03,0.0,0.0,M,,,,0000*02
$GPRMC,080420.394,A,4831.2667,N,00744.3188,E,21.6,018.4,110826,,*39
$GPGGA,080420.417,4831.2668,N,00744.3189,E,1,03,0.0,0.0,M,,,,0000*00
$GPRMC,080420.417,A,4831.2668,N,00744.3189,E,21.6,018.2,110826,,*3d
$GPGGA,080420.433,4831.2669,N,00744.3190,E,1,03,0.0,0.0,M,,,,0000*0f
$GPRMC,080420.433,A,4831.2669,N,00744.3190,E,21.6,018.1,110826,,*31
$GPGGA,080420.447,4831.2670,N,00744.3190,E,1,03,0.0,0.0,M,,,,0000*04
$GPRMC,080420.447,A,4831.2670,N,00744.3190,E,21.6,017.9,110826,,*3d
$GPGGA,080420.464,4831.2671,N,00744.3191,E,1,03,0.0,0.0,M,,,,0000*05
$GPRMC,080420.464,A,4831.2671,N,00744.3191,E,21.6,017.8,110826,,*3d
$GPGGA,080420.480,4831.2672,N,00744.3191,E,1,03,0.0,0.0,M,,,,0000*0c
$GPRMC,080420.480,A,4831.2672,N,00744.3191,E,21.6,017.6,110826,,*3a
$GPGGA,080420.495,4831.2673,N,00744.3192,E,1,03,0.0,0.0,M,,,,0000*0a
$GPRMC,080420.495,A,4831.2673,N,00744.3192,E,21.6,017.4,110826,,*3e
$GPGGA,080420.511,4831.2674,N,00744.3192,E,1,03,0.0,0.0,M,,,,0000*00
$GPRMC,080420.511,A,4831.2674,N,00744.3192,E,21.6,017.3,110826,,*33
$GPGGA,080420.532,4831.2675,N,00744.3193,E,1,03,0.0,0.0,M,,,,0000*01
$GPRMC,080420.532,A,4831.2675,N,00744.3193,E,21.6,017.2,110826,,*33
$GPGGA,080420.544,4831.2676,N,00744.3193,E,1,03,0.0,0.0,M,,,,0000*03
$GPRMC,080420.544,A,4831.2676,N,00744.3193,E,21.6,017.1,110826,,*32
$GPGGA,080420.586,4831.2678,N,00744.3194,E,1,03,0.0,0.0,M,,,,0000*04
$GPRMC,080420.586,A,4831.2678,N,00744.3194,E,21.6,016.9,110826,,*3c
$GPGGA,080420.596,4831.2680,N,00744.3195,E,1,03,0.0,0.0,M,,,,0000*03
$GPRMC,080420.596,A,4831.2680,N,00744.3195,E,21.6,016.4,110826,,*36
$GPGGA,080420.626,4831.2681,N,00744.3195,E,1,03,0.0,0.0,M,,,,0000*0a
$GPRMC,080420.626,A,4831.2681,N,00744.3195,E,21.6,016.2,110826,,*39
$GPGGA,080420.646,4831.2682,N,00744.3196,E,1,03,0.0,0.0,M,,,,0000*0c
$GPRMC,080420.646,A,4831.2682,N,00744.3196,E,21.6,016.0,110826,,*3d
$GPGGA,080420.659,4831.2683,N,00744.3196,E,1,03,0.0,0.0,M,,,,0000*03
$GPRMC,080420.659,A,4831.2683,N,00744.3196,E,21.6,015.6,110826,,*37
$GPGGA,080420.680,4831.2684,N,00744.3197,E,1,03,0.0,0.0,M,,,,0000*01
$GPRMC,080420.680,A,4831.2684,N,00744.3197,E,21.6,015.3,110826,,*30
$GPGGA,080420.707,4831.2686,N,00744.3197,E,1,03,0.0,0.0,M,,,,0000*0d
$GPRMC,080420.707,A,4831.2686,N,00744.3197,E,21.6,014.6,110826,,*38
$GPGGA,080420.720,4831.2687,N,00744.3198,E,1,03,0.0,0.0,M,,,,0000*06
$GPRMC,080420.720,A,4831.2687,N,00744.3198,E,21.6,014.3,110826,,*36
$GPGGA,080420.737,4831.2688,N,00744.3198,E,1,03,0.0,0.0,M,,,,0000*0f
$GPRMC,080420.737,A,4831.2688,N,00744.3198,E,21.6,014.0,110826,,*3c
$GPGGA,080420.751,4831.2690,N,00744.3198,E,1,03,0.0,0.0,M,,,,0000*06
$GPRMC,080420.751,A,4831.2690,N,00744.3198,E,21.6,013.5,110826,,*37
$GPGGA,080420.764,4831.2691,N,00744.3199,E,1,03,0.0,0.0,M,,,,0000*00
$GPRMC,080420.764,A,4831.2691,N,00744.3199,E,21.6,013.2,110826,,*36
$GPGGA,080420.796,4831.2692,N,00744.3199,E,1,03,0.0,0.0,M,,,,0000*0e
$GPRMC,080420.796,A,4831.2692,N,00744.3199,E,21.6,012.7,110826,,*3c
$GPGGA,080420.812,4831.2694,N,00744.3200,E,1,03,0.0,0.0,M,,,,0000*08
$GPRMC,080420.812,A,4831.2694,N,00744.3200,E,21.6,012.1,110826,,*3c
$GPGGA,080420.830,4831.2695,N,00744.3200,E,1,03,0.0,0.0,M,,,,0000*09
$GPRMC,080420.830,A,4831.2695,N,00744.3200,E,21.6,011.7,110826,,*38
$GPGGA,080420.848,4831.2696,N,00744.3200,E,1,03,0.0,0.0,M,,,,0000*05
$GPRMC,080420.848,A,4831.2696,N,00744.3200,E,21.6,011.4,110826,,*37
$GPGGA,080420.880,4831.2698,N,00744.3201,E,1,03,0.0,0.0,M,,,,0000*0e
$GPRMC,080420.880,A,4831.2698,N,00744.3201,E,21.6,010.9,110826,,*30
$GPGGA,080420.896,4831.2699,N,00744.3201,E,1,03,0.0,0.0,M,,,,0000*08
$GPRMC,080420.896,A,4831.2699,N,00744.3201,E,21.6,010.5,110826,,*3a
$GPGGA,080420.969,4831.2701,N,00744.3202,E,1,03,0.0,0.0,M,,,,0000*0a
$GPRMC,080420.969,A,4831.2701,N,00744.3202,E,21.6,010.4,110826,,*39
$GPGGA,080420.980,4831.2705,N,00744.3203,E,1,03,0.0,0.0,M,,,,0000*08
$GPRMC,080420.980,A,4831.2705,N,00744.3203,E,21.6,010.2,110826,,*3d
$GPGGA,080420.996,4831.2706,N,00744.3203,E,1,03,0.0,0.0,M,,,,0000*0c
$GPRMC,080420.996,A,4831.2706,N,00744.3203,E,21.6,010.2,110826,,*39
$GPGGA,080421.012,4831.2707,N,00744.3203,E,1,03,0.0,0.0,M,,,,0000*09
$GPRMC,080421.012,A,4831.2707,N,00744.3203,E,21.6,010.1,110826,,*3f
$GPGGA,080421.028,4831.2708,N,00744.3204,E,1,03,0.0,0.0,M,,,,0000*08
$GPRMC,080421.028,A,4831.2708,N,00744.3204,E,21.6,010.0,110826,,*3f
$GPGGA,080421.048,4831.2709,N,00744.3204,E,1,03,0.0,0.0,M,,,,0000*0f
$GPRMC,080421.048,A,4831.2709,N,00744.3204,E,21.6,010.0,110826,,*38
$GPGGA,080421.075,4831.2710,N,00744.3204,E,1,03,0.0,0.0,M,,,,0000*09
$GPRMC,080421.075,A,4831.2710,N,00744.3204,E,21.6,009.9,110826,,*3f
$GPGGA,080421.092,4831.2712,N,00744.3205,E,1,03,0.0,0.0,M,,,,0000*03
$GPRMC,080421.092,A,4831.2712,N,00744.3205,E,21.6,009.9,110826,,*35
$GPGGA,080421.097,4831.2713,N,00744.3205,E,1,03,0.0,0.0,M,,,,0000*07
$GPRMC,080421.097,A,4831.2713,N,00744.3205,E,21.6,009.8,110826,,*30
$GPGGA,080421.129,4831.2714,N,00744.3205,E,1,03,0.0,0.0,M,,,,0000*04
$GPRMC,080421.129,A,4831.2714,N,00744.3205,E,21.6,009.8,110826,,*33
$GPGGA,080421.145,4831.2715,N,00744.3205,E,1,03,0.0,0.0,M,,,,0000*0f
$GPRMC,080421.145,A,4831.2715,N,00744.3205,E,21.6,009.7,110826,,*37
$GPGGA,080421.177,4831.2717,N,00744.3206,E,1,03,0.0,0.0,M,,,,0000*0f
$GPRMC,080421.177,A,4831.2717,N,00744.3206,E,21.6,009.5,110826,,*35
$GPGGA,080421.196,4831.2719,N,00744.3206,E,1,03,0.0,0.0,M,,,,0000*0e
$GPRMC,080421.196,A,4831.2719,N,00744.3206,E,21.6,009.3,110826,,*32
$GPGGA,080421.229,4831.2721,N,00744.3207,E,1,03,0.0,0.0,M,,,,0000*03
$GPRMC,080421.229,A,4831.2721,N,00744.3207,E,21.6,009.1,110826,,*3d
$GPGGA,080421.245,4831.2722,N,00744.3207,E,1,03,0.0,0.0,M,,,,0000*0a
$GPRMC,080421.245,A,4831.2722,N,00744.3207,E,21.6,009.0,110826,,*35
$GPGGA,080421.261,4831.2724,N,00744.3207,E,1,03,0.0,0.0,M,,,,0000*0a
$GPRMC,080421.261,A,4831.2724,N,00744.3207,E,21.6,008.8,110826,,*3c
$GPGGA,080421.281,4831.2725,N,00744.3208,E,1,03,0.0,0.0,M,,,,0000*0a
$GPRMC,080421.281,A,4831.2725,N,00744.3208,E,21.6,008.7,110826,,*33
$GPGGA,080421.314,4831.2726,N,00744.3208,E,1,03,0.0,0.0,M,,,,0000*04
$GPRMC,080421.314,A,4831.2726,N,00744.3208,E,21.6,008.6,110826,,*3c
$GPGGA,080421.330,4831.2728,N,00744.3208,E,1,03,0.0,0.0,M,,,,0000*0c
$GPRMC,080421.330,A,4831.2728,N,00744.3208,E,21.6,008.4,110826,,*36
$GPGGA,080421.356,4831.2730,N,00744.3209,E,1,03,0.0,0.0,M,,,,0000*04
$GPRMC,080421.356,A,4831.2730,N,00744.3209,E,21.6,008.2,110826,,*38
$GPGGA,080421.364,4831.2731,N,00744.3209,E,1,03,0.0,0.0,M,,,,0000*04
$GPRMC,080421.364,A,4831.2731,N,00744.3209,E,21.6,008.1,110826,,*3b
$GPGGA,080421.392,4831.2732,N,00744.3209,E,1,03,0.0,0.0,M,,,,0000*0e
$GPRMC,080421.392,A,4831.2732,N,00744.3209,E,21.6,008.0,110826,,*30
$GPGGA,080421.407,4831.2733,N,00744.3209,E,1,03,0.0,0.0,M,,,,0000*04
$GPRMC,080421.407,A,4831.2733,N,00744.3209,E,21.6,007.9,110826,,*3c
$GPGGA,080421.425,4831.2734,N,00744.3209,E,1,03,0.0,0.0,M,,,,0000*03
$GPRMC,080421.425,A,4831.2734,N,00744.3209,E,21.6,007.8,110826,,*3a
$GPGGA,080421.431,4831.2735,N,00744.3210,E,1,03,0.0,0.0,M,,,,0000*0f
$GPRMC,080421.431,A,4831.2735,N,00744.3210,E,21.6,007.6,110826,,*38
$GPGGA,080421.456,4831.2736,N,00744.3210,E,1,03,0.0,0.0,M,,,,0000*0d
$GPRMC,080421.456,A,4831.2736,N,00744.3210,E,21.6,007.5,110826,,*39
$GPGGA,080421.482,4831.2737,N,00744.3210,E,1,03,0.0,0.0,M,,,,0000*05
$GPRMC,080421.482,A,4831.2737,N,00744.3210,E,21.6,007.3,110826,,*37
$GPGGA,080421.498,4831.2740,N,00744.3210,E,1,03,0.0,0.0,M,,,,0000*0e
$GPRMC,080421.498,A,4831.2740,N,00744.3210,E,21.6,007.0,110826,,*3f
$GPGGA,080421.529,4831.2741,N,00744.3211,E,1,03,0.0,0.0,M,,,,0000*05
$GPRMC,080421.529,A,4831.2741,N,00744.3211,E,21.6,006.8,110826,,*3d
$GPGGA,080421.529,4831.2742,N,00744.3211,E,1,03,0.0,0.0,M,,,,0000*06
$GPRMC,080421.529,A,4831.2742,N,00744.3211,E,21.6,006.7,110826,,*31
$GPGGA,080421.557,4831.2743,N,00744.3211,E,1,03,0.0,0.0,M,,,,0000*0e
$GPRMC,080421.557,A,4831.2743,N,00744.3211,E,21.6,006.6,110826,,*38
$GPGGA,080421.572,4831.2744,N,00744.3211,E,1,03,0.0,0.0,M,,,,0000*0e
$GPRMC,080421.572,A,4831.2744,N,00744.3211,E,21.6,006.4,110826,,*3a
$GPGGA,080421.595,4831.2745,N,00744.3211,E,1,03,0.0,0.0,M,,,,0000*06
$GPRMC,080421.595,A,4831.2745,N,00744.3211,E,21.6,006.3,110826,,*35
$GPGGA,080421.619,4831.2747,N,00744.3212,E,1,03,0.0,0.0,M,,,,0000*00
$GPRMC,080421.619,A,4831.2747,N,00744.3212,E,21.6,006.0,110826,,*30
$GPGGA,080421.631,4831.2748,N,00744.3212,E,1,03,0.0,0.0,M,,,,0000*05
$GPRMC,080421.631,A,4831.2748,N,00744.3212,E,21.6,005.9,110826,,*3f
$GPGGA,080421.653,4831.2750,N,00744.3212,E,1,03,0.0,0.0,M,,,,0000*08
$GPRMC,080421.653,A,4831.2750,N,00744.3212,E,21.6,005.6,110826,,*3d
$GPGGA,080421.668,4831.2751,N,00744.3212,E,1,03,0.0,0.0,M,,,,0000*01
$GPRMC,080421.668,A,4831.2751,N,00744.3212,E,21.6,005.3,110826,,*31
$GPGGA,080421.683,4831.2752,N,00744.3212,E,1,03,0.0,0.0,M,,,,0000*07
$GPRMC,080421.683,A,4831.2752,N,00744.3212,E,21.6,005.2,110826,,*36
$GPGGA,080421.694,4831.2753,N,00744.3213,E,1,03,0.0,0.0,M,,,,0000*01
$GPRMC,080421.694,A,4831.2753,N,00744.3213,E,21.6,005.0,110826,,*32
$GPGGA,080421.713,4831.2754,N,00744.3213,E,1,03,0.0,0.0,M,,,,0000*08
$GPRMC,080421.713,A,4831.2754,N,00744.3213,E,21.6,004.8,110826,,*32
$GPGGA,080421.747,4831.2755,N,00744.3213,E,1,03,0.0,0.0,M,,,,0000*08
$GPRMC,080421.747,A,4831.2755,N,00744.3213,E,21.6,004.4,110826,,*3e
$GPGGA,080421.764,4831.2758,N,00744.3213,E,1,03,0.0,0.0,M,,,,0000*04
$GPRMC,080421.764,A,4831.2758,N,00744.3213,E,21.6,003.9,110826,,*38
$GPGGA,080421.777,4831.2759,N,00744.3213,E,1,03,0.0,0.0,M,,,,0000*07
$GPRMC,080421.777,A,4831.2759,N,00744.3213,E,21.6,003.6,110826,,*34
$GPGGA,080421.796,4831.2760,N,00744.3213,E,1,03,0.0,0.0,M,,,,0000*02
$GPRMC,080421.796,A,4831.2760,N,00744.3213,E,21.6,003.4,110826,,*33
$GPGGA,080421.829,4831.2761,N,00744.3213,E,1,03,0.0,0.0,M,,,,0000*08
$GPRMC,080421.829,A,4831.2761,N,00744.3213,E,21.6,003.1,110826,,*3c
$GPGGA,080421.844,4831.2763,N,00744.3213,E,1,03,0.0,0.0,M,,,,0000*01
$GPRMC,080421.844,A,4831.2763,N,00744.3213,E,21.6,002.7,110826,,*32
$GPGGA,080421.879,4831.2764,N,00744.3213,E,1,03,0.0,0.0,M,,,,0000*08
$GPRMC,080421.879,A,4831.2764,N,00744.3213,E,21.6,002.3,110826,,*3f
$GPGGA,080421.895,4831.2767,N,00744.3214,E,1,03,0.0,0.0,M,,,,0000*0e
$GPRMC,080421.895,A,4831.2767,N,00744.3214,E,21.6,001.8,110826,,*31
$GPGGA,080421.925,4831.2768,N,00744.3214,E,1,03,0.0,0.0,M,,,,0000*0b
$GPRMC,080421.925,A,4831.2768,N,00744.3214,E,21.6,001.5,110826,,*39
$GPGGA,080421.942,4831.2769,N,00744.3214,E,1,03,0.0,0.0,M,,,,0000*0b
$GPRMC,080421.942,A,4831.2769,N,00744.3214,E,21.6,001.3,110826,,*3f
$GPGGA,080421.978,4831.2771,N,00744.3214,E,1,03,0.0,0.0,M,,,,0000*0b
$GPRMC,080421.978,A,4831.2771,N,00744.3214,E,21.6,001.2,110826,,*3e
$GPGGA,080421.997,4831.2772,N,00744.3214,E,1,03,0.0,0.0,M,,,,0000*09
$GPRMC,080421.997,A,4831.2772,N,00744.3214,E,21.6,001.1,110826,,*3f
$GPGGA,080422.012,4831.2774,N,00744.3214,E,1,03,0.0,0.0,M,,,,0000*08
$GPRMC,080422.012,A,4831.2774,N,00744.3214,E,21.6,000.9,110826,,*37
$GPGGA,080422.028,4831.2775,N,00744.3214,E,1,03,0.0,0.0,M,,,,0000*00
$GPRMC,080422.028,A,4831.2775,N,00744.3214,E,21.6,000.9,110826,,*3f
$GPGGA,080422.045,4831.2777,N,00744.3214,E,1,03,0.0,0.0,M,,,,0000*09
$GPRMC,080422.045,A,4831.2777,N,00744.3214,E,21.6,000.8,110826,,*37
$GPGGA,080422.065,4831.2778,N,00744.3214,E,1,03,0.0,0.0,M,,,,0000*04
$GPRMC,080422.065,A,4831.2778,N,00744.3214,E,21.6,000.7,110826,,*35
$GPGGA,080422.082,4831.2779,N,00744.3214,E,1,03,0.0,0.0,M,,,,0000*0c
$GPRMC,080422.082,A,4831.2779,N,00744.3214,E,21.6,000.6,110826,,*3c
$GPGGA,080422.096,4831.2780,N,00744.3214,E,1,03,0.0,0.0,M,,,,0000*0f
$GPRMC,080422.096,A,4831.2780,N,00744.3214,E,21.6,000.6,110826,,*3f
$GPGGA,080422.112,4831.2781,N,00744.3214,E,1,03,0.0,0.0,M,,,,0000*03
$GPRMC,080422.112,A,4831.2781,N,00744.3214,E,21.6,000.5,110826,,*30
$GPGGA,080422.132,4831.2783,N,00744.3214,E,1,03,0.0,0.0,M,,,,0000*03
$GPRMC,080422.132,A,4831.2783,N,00744.3214,E,21.6,000.3,110826,,*36
$GPGGA,080422.148,4831.2783,N,00744.3214,E,1,03,0.0,0.0,M,,,,0000*0e
$GPRMC,080422.148,A,4831.2783,N,00744.3214,E,21.6,000.3,110826,,*3b
$GPGGA,080422.164,4831.2784,N,00744.3214,E,1,03,0.0,0.0,M,,,,0000*07
$GPRMC,080422.164,A,4831.2784,N,00744.3214,E,21.6,000.2,110826,,*33
$GPGGA,080422.194,4831.2786,N,00744.3214,E,1,03,0.0,0.0,M,,,,0000*0a
$GPRMC,080422.194,A,4831.2786,N,00744.3214,E,21.6,000.0,110826,,*3c
$GPGGA,080422.210,4831.2788,N,00744.3214,E,1,03,0.0,0.0,M,,,,0000*0b
$GPRMC,080422.210,A,4831.2788,N,00744.3214,E,21.6,359.9,110826,,*3b
$GPGGA,080422.226,4831.2789,N,00744.3214,E,1,03,0.0,0.0,M,,,,0000*0f
$GPRMC,080422.226,A,4831.2789,N,00744.3214,E,21.6,359.8,110826,,*3e
$GPGGA,080422.242,4831.2790,N,00744.3214,E,1,03,0.0,0.0,M,,,,0000*05
$GPRMC,080422.242,A,4831.2790,N,00744.3214,E,21.6,359.6,110826,,*3a
$GPGGA,080422.280,4831.2791,N,00744.3214,E,1,03,0.0,0.0,M,,,,0000*0a
$GPRMC,080422.280,A,4831.2791,N,00744.3214,E,21.6,359.6,110826,,*35
$GPGGA,080422.313,4831.2794,N,00744.3213,E,1,03,0.0,0.0,M,,,,0000*03
$GPRMC,080422.313,A,4831.2794,N,00744.3213,E,21.6,359.3,110826,,*39
$GPGGA,080422.328,4831.2795,N,00744.3213,E,1,03,0.0,0.0,M,,,,0000*0a
$GPRMC,080422.328,A,4831.2795,N,00744.3213,E,21.6,359.2,110826,,*31
$GPGGA,080422.350,4831.2797,N,00744.3213,E,1,03,0.0,0.0,M,,,,0000*07
$GPRMC,080422.350,A,4831.2797,N,00744.3213,E,21.6,359.0,110826,,*3e
$GPGGA,080422.397,4831.2798,N,00744.3213,E,1,03,0.0,0.0,M,,,,0000*03
$GPRMC,080422.397,A,4831.2798,N,00744.3213,E,21.6,358.9,110826,,*32
$GPGGA,080422.397,4831.2800,N,00744.3213,E,1,03,0.0,0.0,M,,,,0000*0d
$GPRMC,080422.397,A,4831.2800,N,00744.3213,E,21.6,358.8,110826,,*3d
$GPGGA,080422.413,4831.2801,N,00744.3213,E,1,03,0.0,0.0,M,,,,0000*07
$GPRMC,080422.413,A,4831.2801,N,00744.3213,E,21.6,358.7,110826,,*38
$GPGGA,080422.429,4831.2802,N,00744.3213,E,1,03,0.0,0.0,M,,,,0000*0d
$GPRMC,080422.429,A,4831.2802,N,00744.3213,E,21.6,358.5,110826,,*30
$GPGGA,080422.447,4831.2804,N,00744.3213,E,1,03,0.0,0.0,M,,,,0000*03
$GPRMC,080422.447,A,4831.2804,N,00744.3213,E,21.6,358.3,110826,,*38
$GPGGA,080422.462,4831.2805,N,00744.3213,E,1,03,0.0,0.0,M,,,,0000*05
$GPRMC,080422.462,A,4831.2805,N,00744.3213,E,21.6,358.1,110826,,*3c
$GPGGA,080422.479,4831.2806,N,00744.3213,E,1,03,0.0,0.0,M,,,,0000*0c
$GPRMC,080422.479,A,4831.2806,N,00744.3213,E,21.6,358.0,110826,,*34
$GPGGA,080422.513,4831.2807,N,00744.3213,E,1,03,0.0,0.0,M,,,,0000*00
$GPRMC,080422.513,A,4831.2807,N,00744.3213,E,21.6,357.9,110826,,*3e
$GPGGA,080422.529,4831.2808,N,00744.3213,E,1,03,0.0,0.0,M,,,,0000*06
$GPRMC,080422.529,A,4831.2808,N,00744.3213,E,21.6,357.6,110826,,*37
$GPGGA,080422.562,4831.2811,N,00744.3213,E,1,03,0.0,0.0,M,,,,0000*01
$GPRMC,080422.562,A,4831.2811,N,00744.3213,E,21.6,357.3,110826,,*35
$GPGGA,080422.576,4831.2813,N,00744.3212,E,1,03,0.0,0.0,M,,,,0000*07
$GPRMC,080422.576,A,4831.2813,N,00744.3212,E,21.6,357.0,110826,,*30
$GPGGA,080422.601,4831.2814,N,00744.3212,E,1,03,0.0,0.0,M,,,,0000*03
$GPRMC,080422.601,A,4831.2814,N,00744.3212,E,21.6,356.8,110826,,*3d
$GPGGA,080422.617,4831.2815,N,00744.3212,E,1,03,0.0,0.0,M,,,,0000*05
$GPRMC,080422.617,A,4831.2815,N,00744.3212,E,21.6,356.7,110826,,*34
$GPGGA,080422.630,4831.2816,N,00744.3212,E,1,03,0.0,0.0,M,,,,0000*03
$GPRMC,080422.630,A,4831.2816,N,00744.3212,E,21.6,356.4,110826,,*31
$GPGGA,080422.646,4831.2817,N,00744.3212,E,1,03,0.0,0.0,M,,,,0000*03
$GPRMC,080422.646,A,4831.2817,N,00744.3212,E,21.6,356.1,110826,,*34
$GPGGA,080422.764,4831.2818,N,00744.3212,E,1,03,0.0,0.0,M,,,,0000*0d
$GPRMC,080422.764,A,4831.2818,N,00744.3212,E,21.6,356.0,110826,,*3b
$GPGGA,080422.781,4831.2826,N,00744.3211,E,1,03,0.0,0.0,M,,,,0000*08
$GPRMC,080422.781,A,4831.2826,N,00744.3211,E,21.6,355.1,110826,,*3c
$GPGGA,080422.803,4831.2827,N,00744.3211,E,1,03,0.0,0.0,M,,,,0000*0c
$GPRMC,080422.803,A,4831.2827,N,00744.3211,E,21.6,355.0,110826,,*39
$GPGGA,080422.819,4831.2828,N,00744.3211,E,1,03,0.0,0.0,M,,,,0000*08
$GPRMC,080422.819,A,4831.2828,N,00744.3211,E,21.6,354.9,110826,,*35
$GPGGA,080422.831,4831.2829,N,00744.3210,E,1,03,0.0,0.0,M,,,,0000*02
$GPRMC,080422.831,A,4831.2829,N,00744.3210,E,21.6,354.9,110826,,*3f
$GPGGA,080422.863,4831.2831,N,00744.3210,E,1,03,0.0,0.0,M,,,,0000*0c
$GPRMC,080422.863,A,4831.2831,N,00744.3210,E,21.6,354.7,110826,,*3f
$GPGGA,080422.863,4831.2832,N,00744.3210,E,1,03,0.0,0.0,M,,,,0000*0f
$GPRMC,080422.863,A,4831.2832,N,00744.3210,E,21.6,354.6,110826,,*3d
$GPGGA,080422.880,4831.2833,N,00744.3210,E,1,03,0.0,0.0,M,,,,0000*03
$GPRMC,080422.880,A,4831.2833,N,00744.3210,E,21.6,354.6,110826,,*31
$GPGGA,080422.895,4831.2834,N,00744.3210,E,1,03,0.0,0.0,M,,,,0000*00
$GPRMC,080422.895,A,4831.2834,N,00744.3210,E,21.6,354.4,110826,,*30
$GPGGA,080422.930,4831.2835,N,00744.3209,E,1,03,0.0,0.0,M,,,,0000*07
$GPRMC,080422.930,A,4831.2835,N,00744.3209,E,21.6,354.3,110826,,*30
$GPGGA,080422.946,4831.2837,N,00744.3209,E,1,03,0.0,0.0,M,,,,0000*04
$GPRMC,080422.946,A,4831.2837,N,00744.3209,E,21.6,354.1,110826,,*31
$GPGGA,080422.981,4831.2838,N,00744.3209,E,1,03,0.0,0.0,M,,,,0000*00
$GPRMC,080422.981,A,4831.2838,N,00744.3209,E,21.6,354.0,110826,,*34
$GPGGA,080422.998,4831.2839,N,00744.3209,E,1,03,0.0,0.0,M,,,,0000*09
$GPRMC,080422.998,A,4831.2839,N,00744.3209,E,21.6,353.9,110826,,*33
$GPGGA,080423.014,4831.2842,N,00744.3208,E,1,03,0.0,0.0,M,,,,0000*08
$GPRMC,080423.014,A,4831.2842,N,00744.3208,E,21.6,353.7,110826,,*3c
$GPGGA,080423.046,4831.2843,N,00744.3208,E,1,03,0.0,0.0,M,,,,0000*0e
$GPRMC,080423.046,A,4831.2843,N,00744.3208,E,21.6,353.6,110826,,*3b
$GPGGA,080423.080,4831.2845,N,00744.3208,E,1,03,0.0,0.0,M,,,,0000*02
$GPRMC,080423.080,A,4831.2845,N,00744.3208,E,21.6,353.4,110826,,*35
$GPGGA,080423.096,4831.2846,N,00744.3207,E,1,03,0.0,0.0,M,,,,0000*09
$GPRMC,080423.096,A,4831.2846,N,00744.3207,E,21.6,353.3,110826,,*39
$GPGGA,080423.111,4831.2848,N,00744.3207,E,1,03,0.0,0.0,M,,,,0000*09
$GPRMC,080423.111,A,4831.2848,N,00744.3207,E,21.6,353.0,110826,,*3a
$GPGGA,080423.133,4831.2850,N,00744.3207,E,1,03,0.0,0.0,M,,,,0000*00
$GPRMC,080423.133,A,4831.2850,N,00744.3207,E,21.6,352.9,110826,,*3b
$GPGGA,080423.143,4831.2851,N,00744.3207,E,1,03,0.0,0.0,M,,,,0000*06
$GPRMC,080423.143,A,4831.2851,N,00744.3207,E,21.6,352.7,110826,,*33
$GPGGA,080423.159,4831.2852,N,00744.3206,E,1,03,0.0,0.0,M,,,,0000*0f
$GPRMC,080423.159,A,4831.2852,N,00744.3206,E,21.6,352.6,110826,,*3b
$GPGGA,080423.174,4831.2853,N,00744.3206,E,1,03,0.0,0.0,M,,,,0000*01
$GPRMC,080423.174,A,4831.2853,N,00744.3206,E,21.6,352.5,110826,,*36
$GPGGA,080423.212,4831.2854,N,00744.3206,E,1,03,0.0,0.0,M,,,,0000*05
$GPRMC,080423.212,A,4831.2854,N,00744.3206,E,21.6,352.3,110826,,*34
$GPGGA,080423.245,4831.2856,N,00744.3205,E,1,03,0.0,0.0,M,,,,0000*06
$GPRMC,080423.245,A,4831.2856,N,00744.3205,E,21.6,351.9,110826,,*3e
$GPGGA,080423.263,4831.2857,N,00744.3205,E,1,03,0.0,0.0,M,,,,0000*03
$GPRMC,080423.263,A,4831.2857,N,00744.3205,E,21.6,351.7,110826,,*35
$GPGGA,080423.263,4831.2858,N,00744.3205,E,1,03,0.0,0.0,M,,,,0000*0c
$GPRMC,080423.263,A,4831.2858,N,00744.3205,E,21.6,351.6,110826,,*3b
$GPGGA,080423.280,4831.2859,N,00744.3205,E,1,03,0.0,0.0,M,,,,0000*00
$GPRMC,080423.280,A,4831.2859,N,00744.3205,E,21.6,351.4,110826,,*35
$GPGGA,080423.296,4831.2861,N,00744.3204,E,1,03,0.0,0.0,M,,,,0000*0d
$GPRMC,080423.296,A,4831.2861,N,00744.3204,E,21.6,351.1,110826,,*3d
$GPGGA,080423.314,4831.2862,N,00744.3204,E,1,03,0.0,0.0,M,,,,0000*05
$GPRMC,080423.314,A,4831.2862,N,00744.3204,E,21.6,351.0,110826,,*34
$GPGGA,080423.331,4831.2863,N,00744.3204,E,1,03,0.0,0.0,M,,,,0000*03
$GPRMC,080423.331,A,4831.2863,N,00744.3204,E,21.6,350.8,110826,,*3b
$GPGGA,080423.364,4831.2864,N,00744.3203,E,1,03,0.0,0.0,M,,,,0000*03
$GPRMC,080423.364,A,4831.2864,N,00744.3203,E,21.6,350.6,110826,,*35
$GPGGA,080423.380,4831.2865,N,00744.3203,E,1,03,0.0,0.0,M,,,,0000*08
$GPRMC,080423.380,A,4831.2865,N,00744.3203,E,21.6,350.4,110826,,*3c
$GPGGA,080423.416,4831.2868,N,00744.3203,E,1,03,0.0,0.0,M,,,,0000*0d
$GPRMC,080423.416,A,4831.2868,N,00744.3203,E,21.6,350.0,110826,,*3d
$GPGGA,080423.430,4831.2870,N,00744.3202,E,1,03,0.0,0.0,M,,,,0000*01
$GPRMC,080423.430,A,4831.2870,N,00744.3202,E,21.6,349.8,110826,,*31
$GPGGA,080423.448,4831.2871,N,00744.3202,E,1,03,0.0,0.0,M,,,,0000*0f
$GPRMC,080423.448,A,4831.2871,N,00744.3202,E,21.6,349.7,110826,,*30
$GPGGA,080423.465,4831.2872,N,00744.3201,E,1,03,0.0,0.0,M,,,,0000*00
$GPRMC,080423.465,A,4831.2872,N,00744.3201,E,21.6,349.6,110826,,*3e
$GPGGA,080423.496,4831.2873,N,00744.3201,E,1,03,0.0,0.0,M,,,,0000*0d
$GPRMC,080423.496,A,4831.2873,N,00744.3201,E,21.6,349.6,110826,,*33
$GPGGA,080423.512,4831.2874,N,00744.3201,E,1,03,0.0,0.0,M,,,,0000*07
$GPRMC,080423.512,A,4831.2874,N,00744.3201,E,21.6,349.5,110826,,*3a
$GPGGA,080423.530,4831.2876,N,00744.3200,E,1,03,0.0,0.0,M,,,,0000*04
$GPRMC,080423.530,A,4831.2876,N,00744.3200,E,21.6,349.3,110826,,*3f
$GPGGA,080423.548,4831.2878,N,00744.3200,E,1,03,0.0,0.0,M,,,,0000*05
$GPRMC,080423.548,A,4831.2878,N,00744.3200,E,21.6,349.2,110826,,*3f
$GPGGA,080423.577,4831.2879,N,00744.3199,E,1,03,0.0,0.0,M,,,,0000*0b
$GPRMC,080423.577,A,4831.2879,N,00744.3199,E,21.6,349.2,110826,,*31
$GPGGA,080423.606,4831.2880,N,00744.3199,E,1,03,0.0,0.0,M,,,,0000*08
$GPRMC,080423.606,A,4831.2880,N,00744.3199,E,21.6,349.1,110826,,*31
$GPGGA,080423.631,4831.2882,N,00744.3199,E,1,03,0.0,0.0,M,,,,0000*0e
$GPRMC,080423.631,A,4831.2882,N,00744.3199,E,21.6,349.1,110826,,*37
$GPGGA,080423.661,4831.2884,N,00744.3199,E,1,03,0.0,0.0,M,,,,0000*0d
$GPRMC,080423.661,A,4831.2884,N,00744.3199,E,21.6,349.8,110826,,*3d
$GPGGA,080423.781,4831.2885,N,00744.3199,E,1,03,0.0,0.0,M,,,,0000*03
$GPRMC,080423.781,A,4831.2885,N,00744.3199,E,21.6,350.0,110826,,*33
$GPGGA,080423.816,4831.2892,N,00744.3199,E,1,03,0.0,0.0,M,,,,0000*04
$GPRMC,080423.816,A,4831.2892,N,00744.3199,E,21.6,352.7,110826,,*31
$GPGGA,080423.840,4831.2894,N,00744.3200,E,1,03,0.0,0.0,M,,,,0000*02
$GPRMC,080423.840,A,4831.2894,N,00744.3200,E,21.6,353.4,110826,,*35
$GPGGA,080423.854,4831.2896,N,00744.3200,E,1,03,0.0,0.0,M,,,,0000*05
$GPRMC,080423.854,A,4831.2896,N,00744.3200,E,21.6,353.8,110826,,*3e
$GPGGA,080423.865,4831.2896,N,00744.3200,E,1,03,0.0,0.0,M,,,,0000*07
$GPRMC,080423.865,A,4831.2896,N,00744.3200,E,21.6,354.1,110826,,*32
$GPGGA,080423.881,4831.2897,N,00744.3200,E,1,03,0.0,0.0,M,,,,0000*0c
$GPRMC,080423.881,A,4831.2897,N,00744.3200,E,21.6,354.4,110826,,*3c
$GPGGA,080423.904,4831.2898,N,00744.3200,E,1,03,0.0,0.0,M,,,,0000*0f
$GPRMC,080423.904,A,4831.2898,N,00744.3200,E,21.6,354.6,110826,,*3d
$GPGGA,080423.913,4831.2899,N,00744.3200,E,1,03,0.0,0.0,M,,,,0000*08
$GPRMC,080423.913,A,4831.2899,N,00744.3200,E,21.6,355.0,110826,,*3d
$GPGGA,080423.929,4831.2900,N,00744.3200,E,1,03,0.0,0.0,M,,,,0000*00
$GPRMC,080423.929,A,4831.2900,N,00744.3200,E,21.6,355.3,110826,,*36
$GPGGA,080423.962,4831.2901,N,00744.3200,E,1,03,0.0,0.0,M,,,,0000*0e
$GPRMC,080423.962,A,4831.2901,N,00744.3200,E,21.6,355.5,110826,,*3e
$GPGGA,080423.981,4831.2902,N,00744.3200,E,1,03,0.0,0.0,M,,,,0000*00
$GPRMC,080423.981,A,4831.2902,N,00744.3200,E,21.6,355.9,110826,,*3c
$GPGGA,080423.997,4831.2903,N,00744.3200,E,1,03,0.0,0.0,M,,,,0000*06
$GPRMC,080423.997,A,4831.2903,N,00744.3200,E,21.6,356.2,110826,,*32
$GPGGA,080424.028,4831.2905,N,00744.3200,E,1,03,0.0,0.0,M,,,,0000*0a
$GPRMC,080424.028,A,4831.2905,N,00744.3200,E,21.6,356.8,110826,,*34
$GPGGA,080424.049,4831.2906,N,00744.3200,E,1,03,0.0,0.0,M,,,,0000*0e
$GPRMC,080424.049,A,4831.2906,N,00744.3200,E,21.6,357.1,110826,,*38
$GPGGA,080424.065,4831.2907,N,00744.3200,E,1,03,0.0,0.0,M,,,,0000*01
$GPRMC,080424.065,A,4831.2907,N,00744.3200,E,21.6,357.5,110826,,*33
$GPGGA,080424.080,4831.2908,N,00744.3200,E,1,03,0.0,0.0,M,,,,0000*05
$GPRMC,080424.080,A,4831.2908,N,00744.3200,E,21.6,357.7,110826,,*35
$GPGGA,080424.098,4831.2908,N,00744.3200,E,1,03,0.0,0.0,M,,,,0000*0c
$GPRMC,080424.098,A,4831.2908,N,00744.3200,E,21.6,358.0,110826,,*34
$GPGGA,080424.129,4831.2911,N,00744.3200,E,1,03,0.0,0.0,M,,,,0000*0f
$GPRMC,080424.129,A,4831.2911,N,00744.3200,E,21.6,358.7,110826,,*30
$GPGGA,080424.163,4831.2912,N,00744.3201,E,1,03,0.0,0.0,M,,,,0000*03
$GPRMC,080424.163,A,4831.2912,N,00744.3201,E,21.6,000.3,110826,,*36
$GPGGA,080424.179,4831.2914,N,00744.3201,E,1,03,0.0,0.0,M,,,,0000*0e
$GPRMC,080424.179,A,4831.2914,N,00744.3201,E,21.6,002.1,110826,,*3b
$GPGGA,080424.214,4831.2914,N,00744.3202,E,1,03,0.0,0.0,M,,,,0000*05
$GPRMC,080424.214,A,4831.2914,N,00744.3202,E,21.6,003.0,110826,,*30
$GPGGA,080424.230,4831.2916,N,00744.3203,E,1,03,0.0,0.0,M,,,,0000*00
$GPRMC,080424.230,A,4831.2916,N,00744.3203,E,21.6,005.9,110826,,*3a
$GPGGA,080424.263,4831.2917,N,00744.3203,E,1,03,0.0,0.0,M,,,,0000*07
$GPRMC,080424.263,A,4831.2917,N,00744.3203,E,21.6,006.9,110826,,*3e
$GPGGA,080424.294,4831.2918,N,00744.3204,E,1,03,0.0,0.0,M,,,,0000*07
$GPRMC,080424.294,A,4831.2918,N,00744.3204,E,21.6,008.9,110826,,*30
$GPGGA,080424.315,4831.2920,N,00744.3205,E,1,03,0.0,0.0,M,,,,0000*05
$GPRMC,080424.315,A,4831.2920,N,00744.3205,E,21.6,011.4,110826,,*37
$GPGGA,080424.330,4831.2921,N,00744.3205,E,1,03,0.0,0.0,M,,,,0000*03
$GPRMC,080424.330,A,4831.2921,N,00744.3205,E,21.6,013.0,110826,,*37
$GPGGA,080424.362,4831.2922,N,00744.3205,E,1,03,0.0,0.0,M,,,,0000*07
$GPRMC,080424.362,A,4831.2922,N,00744.3205,E,21.6,014.1,110826,,*35
$GPGGA,080424.378,4831.2922,N,00744.3206,E,1,03,0.0,0.0,M,,,,0000*0f
$GPRMC,080424.378,A,4831.2922,N,00744.3206,E,21.6,015.2,110826,,*3f
$GPGGA,080424.398,4831.2923,N,00744.3206,E,1,03,0.0,0.0,M,,,,0000*00
$GPRMC,080424.398,A,4831.2923,N,00744.3206,E,21.6,016.3,110826,,*32
$GPGGA,080424.413,4831.2925,N,00744.3207,E,1,03,0.0,0.0,M,,,,0000*03
$GPRMC,080424.413,A,4831.2925,N,00744.3207,E,21.6,019.6,110826,,*3b
$GPGGA,080424.430,4831.2926,N,00744.3207,E,1,03,0.0,0.0,M,,,,0000*01
$GPRMC,080424.430,A,4831.2926,N,00744.3207,E,21.6,020.7,110826,,*32
$GPGGA,080424.446,4831.2926,N,00744.3208,E,1,03,0.0,0.0,M,,,,0000*0f
$GPRMC,080424.446,A,4831.2926,N,00744.3208,E,21.6,021.8,110826,,*32
$GPGGA,080424.465,4831.2927,N,00744.3208,E,1,03,0.0,0.0,M,,,,0000*0f
$GPRMC,080424.465,A,4831.2927,N,00744.3208,E,21.6,023.0,110826,,*38
$GPGGA,080424.480,4831.2928,N,00744.3208,E,1,03,0.0,0.0,M,,,,0000*0b
$GPRMC,080424.480,A,4831.2928,N,00744.3208,E,21.6,024.7,110826,,*3c
$GPGGA,080424.504,4831.2929,N,00744.3209,E,1,03,0.0,0.0,M,,,,0000*06
$GPRMC,080424.504,A,4831.2929,N,00744.3209,E,21.6,025.8,110826,,*3f
$GPGGA,080424.526,4831.2930,N,00744.3209,E,1,03,0.0,0.0,M,,,,0000*0e
$GPRMC,080424.526,A,4831.2930,N,00744.3209,E,21.6,027.5,110826,,*38
$GPGGA,080424.548,4831.2931,N,00744.3210,E,1,03,0.0,0.0,M,,,,0000*0f
$GPRMC,080424.548,A,4831.2931,N,00744.3210,E,21.6,028.7,110826,,*34
$GPGGA,080424.583,4831.2932,N,00744.3210,E,1,03,0.0,0.0,M,,,,0000*0b
$GPRMC,080424.583,A,4831.2932,N,00744.3210,E,21.6,031.5,110826,,*3a
$GPGGA,080424.612,4831.2934,N,00744.3211,E,1,03,0.0,0.0,M,,,,0000*07
$GPRMC,080424.612,A,4831.2934,N,00744.3211,E,21.6,033.8,110826,,*39
$GPGGA,080424.667,4831.2935,N,00744.3213,E,1,03,0.0,0.0,M,,,,0000*06
$GPRMC,080424.667,A,4831.2935,N,00744.3213,E,21.6,037.8,110826,,*3c
$GPGGA,080424.765,4831.2937,N,00744.3215,E,1,03,0.0,0.0,M,,,,0000*01
$GPRMC,080424.765,A,4831.2937,N,00744.3215,E,21.6,043.6,110826,,*36
$GPGGA,080424.848,4831.2940,N,00744.3222,E,1,03,0.0,0.0,M,,,,0000*05
$GPRMC,080424.848,A,4831.2940,N,00744.3222,E,21.6,057.3,110826,,*32
$GPGGA,080424.888,4831.2942,N,00744.3228,E,1,03,0.0,0.0,M,,,,0000*01
$GPRMC,080424.888,A,4831.2942,N,00744.3228,E,21.6,066.8,110826,,*3f
$GPGGA,080424.903,4831.2944,N,00744.3231,E,1,03,0.0,0.0,M,,,,0000*0d
$GPRMC,080424.903,A,4831.2944,N,00744.3231,E,21.6,070.2,110826,,*3e
$GPGGA,080424.916,4831.2944,N,00744.3232,E,1,03,0.0,0.0,M,,,,0000*0a
$GPRMC,080424.916,A,4831.2944,N,00744.3232,E,21.6,071.4,110826,,*3e
$GPGGA,080424.947,4831.2944,N,00744.3233,E,1,03,0.0,0.0,M,,,,0000*0f
$GPRMC,080424.947,A,4831.2944,N,00744.3233,E,21.6,071.9,110826,,*36
$GPGGA,080424.965,4831.2945,N,00744.3235,E,1,03,0.0,0.0,M,,,,0000*08
$GPRMC,080424.965,A,4831.2945,N,00744.3235,E,21.6,071.9,110826,,*31
$GPGGA,080425.000,4831.2945,N,00744.3239,E,1,03,0.0,0.0,M,,,,0000*0f
$GPRMC,080425.000,A,4831.2945,N,00744.3239,E,21.6,071.9,110826,,*36
$GPGGA,080425.014,4831.2946,N,00744.3242,E,1,03,0.0,0.0,M,,,,0000*05
$GPRMC,080425.014,A,4831.2946,N,00744.3242,E,21.6,071.8,110826,,*3d
$GPGGA,080425.030,4831.2947,N,00744.3244,E,1,03,0.0,0.0,M,,,,0000*04
$GPRMC,080425.030,A,4831.2947,N,00744.3244,E,21.6,071.8,110826,,*3c
$GPGGA,080425.044,4831.2947,N,00744.3245,E,1,03,0.0,0.0,M,,,,0000*06
$GPRMC,080425.044,A,4831.2947,N,00744.3245,E,21.6,071.8,110826,,*3e
$GPGGA,080425.062,4831.2947,N,00744.3246,E,1,03,0.0,0.0,M,,,,0000*01
$GPRMC,080425.062,A,4831.2947,N,00744.3246,E,21.6,071.8,110826,,*39
$GPGGA,080425.083,4831.2948,N,00744.3248,E,1,03,0.0,0.0,M,,,,0000*0f
$GPRMC,080425.083,A,4831.2948,N,00744.3248,E,21.6,071.8,110826,,*37
$GPGGA,080425.108,4831.2948,N,00744.3250,E,1,03,0.0,0.0,M,,,,0000*04
$GPRMC,080425.108,A,4831.2948,N,00744.3250,E,21.6,071.8,110826,,*3c
$GPGGA,080425.134,4831.2948,N,00744.3252,E,1,03,0.0,0.0,M,,,,0000*09
$GPRMC,080425.134,A,4831.2948,N,00744.3252,E,21.6,071.8,110826,,*31
$GPGGA,080425.146,4831.2949,N,00744.3255,E,1,03,0.0,0.0,M,,,,0000*0a
$GPRMC,080425.146,A,4831.2949,N,00744.3255,E,21.6,071.8,110826,,*32
$GPGGA,080425.165,4831.2949,N,00744.3256,E,1,03,0.0,0.0,M,,,,0000*08
$GPRMC,080425.165,A,4831.2949,N,00744.3256,E,21.6,071.8,110826,,*30
$GPGGA,080425.182,4831.2950,N,00744.3258,E,1,03,0.0,0.0,M,,,,0000*07
$GPRMC,080425.182,A,4831.2950,N,00744.3258,E,21.6,071.7,110826,,*30
$GPGGA,080425.259,4831.2950,N,00744.3259,E,1,03,0.0,0.0,M,,,,0000*03
$GPRMC,080425.259,A,4831.2950,N,00744.3259,E,21.6,071.7,110826,,*34
$GPGGA,080425.277,4831.2951,N,00744.3266,E,1,03,0.0,0.0,M,,,,0000*02
$GPRMC,080425.277,A,4831.2951,N,00744.3266,E,21.6,071.7,110826,,*35
$GPGGA,080425.282,4831.2952,N,00744.3268,E,1,03,0.0,0.0,M,,,,0000*05
$GPRMC,080425.282,A,4831.2952,N,00744.3268,E,21.6,071.7,110826,,*32
$GPGGA,080425.306,4831.2952,N,00744.3269,E,1,03,0.0,0.0,M,,,,0000*09
$GPRMC,080425.306,A,4831.2952,N,00744.3269,E,21.6,071.7,110826,,*3e
$GPGGA,080425.320,4831.2952,N,00744.3270,E,1,03,0.0,0.0,M,,,,0000*05
$GPRMC,080425.320,A,4831.2952,N,00744.3270,E,21.6,071.7,110826,,*32
$GPGGA,080425.333,4831.2953,N,00744.3272,E,1,03,0.0,0.0,M,,,,0000*04
$GPRMC,080425.333,A,4831.2953,N,00744.3272,E,21.6,071.6,110826,,*32
$GPGGA,080425.365,4831.2953,N,00744.3274,E,1,03,0.0,0.0,M,,,,0000*01
$GPRMC,080425.365,A,4831.2953,N,00744.3274,E,21.6,071.6,110826,,*37
$GPGGA,080425.382,4831.2954,N,00744.3276,E,1,03,0.0,0.0,M,,,,0000*0d
$GPRMC,080425.382,A,4831.2954,N,00744.3276,E,21.6,071.6,110826,,*3b
$GPGGA,080425.399,4831.2954,N,00744.3279,E,1,03,0.0,0.0,M,,,,0000*08
$GPRMC,080425.399,A,4831.2954,N,00744.3279,E,21.6,071.6,110826,,*3e
$GPGGA,080425.430,4831.2955,N,00744.3281,E,1,03,0.0,0.0,M,,,,0000*0a
$GPRMC,080425.430,A,4831.2955,N,00744.3281,E,21.6,071.6,110826,,*3c
$GPGGA,080425.444,4831.2955,N,00744.3284,E,1,03,0.0,0.0,M,,,,0000*0c
$GPRMC,080425.444,A,4831.2955,N,00744.3284,E,21.6,071.5,110826,,*39
$GPGGA,080425.460,4831.2956,N,00744.3285,E,1,03,0.0,0.0,M,,,,0000*08
$GPRMC,080425.460,A,4831.2956,N,00744.3285,E,21.6,071.5,110826,,*3d
$GPGGA,080425.477,4831.2956,N,00744.3287,E,1,03,0.0,0.0,M,,,,0000*0c
$GPRMC,080425.477,A,4831.2956,N,00744.3287,E,21.6,071.5,110826,,*39
$GPGGA,080425.499,4831.2956,N,00744.3288,E,1,03,0.0,0.0,M,,,,0000*03
$GPRMC,080425.499,A,4831.2956,N,00744.3288,E,21.6,071.5,110826,,*36
$GPGGA,080425.525,4831.2957,N,00744.3290,E,1,03,0.0,0.0,M,,,,0000*0d
$GPRMC,080425.525,A,4831.2957,N,00744.3290,E,21.6,071.5,110826,,*38
$GPGGA,080425.541,4831.2957,N,00744.3292,E,1,03,0.0,0.0,M,,,,0000*0d
$GPRMC,080425.541,A,4831.2957,N,00744.3292,E,21.6,071.4,110826,,*39
$GPGGA,080425.554,4831.2958,N,00744.3294,E,1,03,0.0,0.0,M,,,,0000*00
$GPRMC,080425.554,A,4831.2958,N,00744.3294,E,21.6,071.4,110826,,*34
$GPGGA,080425.565,4831.2958,N,00744.3296,E,1,03,0.0,0.0,M,,,,0000*00
$GPRMC,080425.565,A,4831.2958,N,00744.3296,E,21.6,071.4,110826,,*34
$GPGGA,080425.583,4831.2958,N,00744.3297,E,1,03,0.0,0.0,M,,,,0000*09
$GPRMC,080425.583,A,4831.2958,N,00744.3297,E,21.6,071.4,110826,,*3d
$GPGGA,080425.605,4831.2959,N,00744.3299,E,1,03,0.0,0.0,M,,,,0000*0b
$GPRMC,080425.605,A,4831.2959,N,00744.3299,E,21.6,071.4,110826,,*3f
$GPGGA,080425.616,4831.2959,N,00744.3300,E,1,03,0.0,0.0,M,,,,0000*08
$GPRMC,080425.616,A,4831.2959,N,00744.3300,E,21.6,071.4,110826,,*3c
$GPGGA,080425.649,4831.2959,N,00744.3302,E,1,03,0.0,0.0,M,,,,0000*00
$GPRMC,080425.649,A,4831.2959,N,00744.3302,E,21.6,071.4,110826,,*34
$GPGGA,080425.662,4831.2960,N,00744.3305,E,1,03,0.0,0.0,M,,,,0000*04
$GPRMC,080425.662,A,4831.2960,N,00744.3305,E,21.6,071.4,110826,,*30
$GPGGA,080425.682,4831.2960,N,00744.3306,E,1,03,0.0,0.0,M,,,,0000*09
$GPRMC,080425.682,A,4831.2960,N,00744.3306,E,21.6,071.4,110826,,*3d
$GPGGA,080425.803,4831.2961,N,00744.3308,E,1,03,0.0,0.0,M,,,,0000*01
$GPRMC,080425.803,A,4831.2961,N,00744.3308,E,21.6,071.4,110826,,*35
$GPGGA,080425.815,4831.2963,N,00744.3320,E,1,03,0.0,0.0,M,,,,0000*0e
$GPRMC,080425.815,A,4831.2963,N,00744.3320,E,21.6,071.4,110826,,*3a
$GPGGA,080425.848,4831.2964,N,00744.3321,E,1,03,0.0,0.0,M,,,,0000*00
$GPRMC,080425.848,A,4831.2964,N,00744.3321,E,21.6,071.4,110826,,*34
$GPGGA,080425.866,4831.2964,N,00744.3323,E,1,03,0.0,0.0,M,,,,0000*0e
$GPRMC,080425.866,A,4831.2964,N,00744.3323,E,21.6,071.4,110826,,*3a
$GPGGA,080425.882,4831.2965,N,00744.3326,E,1,03,0.0,0.0,M,,,,0000*00
$GPRMC,080425.882,A,4831.2965,N,00744.3326,E,21.6,071.4,110826,,*34
$GPGGA,080425.933,4831.2965,N,00744.3328,E,1,03,0.0,0.0,M,,,,0000*05
$GPRMC,080425.933,A,4831.2965,N,00744.3328,E,21.6,071.4,110826,,*31
$GPGGA,080425.965,4831.2966,N,00744.3333,E,1,03,0.0,0.0,M,,,,0000*0f
$GPRMC,080425.965,A,4831.2966,N,00744.3333,E,21.6,071.4,110826,,*3b
$GPGGA,080425.982,4831.2967,N,00744.3336,E,1,03,0.0,0.0,M,,,,0000*02
$GPRMC,080425.982,A,4831.2967,N,00744.3336,E,21.6,071.4,110826,,*36
$GPGGA,080425.998,4831.2967,N,00744.3338,E,1,03,0.0,0.0,M,,,,0000*07
$GPRMC,080425.998,A,4831.2967,N,00744.3338,E,21.6,071.4,110826,,*33
$GPGGA,080426.032,4831.2968,N,00744.3339,E,1,03,0.0,0.0,M,,,,0000*03
$GPRMC,080426.032,A,4831.2968,N,00744.3339,E,21.6,071.4,110826,,*37
$GPGGA,080426.065,4831.2968,N,00744.3342,E,1,03,0.0,0.0,M,,,,0000*0d
$GPRMC,080426.065,A,4831.2968,N,00744.3342,E,21.6,071.4,110826,,*39
$GPGGA,080426.087,4831.2969,N,00744.3346,E,1,03,0.0,0.0,M,,,,0000*04
$GPRMC,080426.087,A,4831.2969,N,00744.3346,E,21.6,071.4,110826,,*30
$GPGGA,080426.117,4831.2970,N,00744.3348,E,1,03,0.0,0.0,M,,,,0000*0a
$GPRMC,080426.117,A,4831.2970,N,00744.3348,E,21.6,071.4,110826,,*3e
$GPGGA,080426.148,4831.2970,N,00744.3351,E,1,03,0.0,0.0,M,,,,0000*08
$GPRMC,080426.148,A,4831.2970,N,00744.3351,E,21.6,071.4,110826,,*3c
$GPGGA,080426.148,4831.2971,N,00744.3352,E,1,03,0.0,0.0,M,,,,0000*0a
$GPRMC,080426.148,A,4831.2971,N,00744.3352,E,21.6,071.4,110826,,*3e
$GPGGA,080426.183,4831.2971,N,00744.3353,E,1,03,0.0,0.0,M,,,,0000*0c
$GPRMC,080426.183,A,4831.2971,N,00744.3353,E,21.6,071.4,110826,,*38
$GPGGA,080426.199,4831.2972,N,00744.3357,E,1,03,0.0,0.0,M,,,,0000*00
$GPRMC,080426.199,A,4831.2972,N,00744.3357,E,21.6,071.4,110826,,*34
$GPGGA,080426.213,4831.2972,N,00744.3358,E,1,03,0.0,0.0,M,,,,0000*0e
$GPRMC,080426.213,A,4831.2972,N,00744.3358,E,21.6,071.4,110826,,*3a
$GPGGA,080426.248,4831.2972,N,00744.3360,E,1,03,0.0,0.0,M,,,,0000*0b
$GPRMC,080426.248,A,4831.2972,N,00744.3360,E,21.6,071.4,110826,,*3f
$GPGGA,080426.264,4831.2973,N,00744.3362,E,1,03,0.0,0.0,M,,,,0000*06
$GPRMC,080426.264,A,4831.2973,N,00744.3362,E,21.6,071.4,110826,,*32
$GPGGA,080426.281,4831.2973,N,00744.3364,E,1,03,0.0,0.0,M,,,,0000*0b
$GPRMC,080426.281,A,4831.2973,N,00744.3364,E,21.6,071.4,110826,,*3f
$GPGGA,080426.299,4831.2973,N,00744.3365,E,1,03,0.0,0.0,M,,,,0000*03
$GPRMC,080426.299,A,4831.2973,N,00744.3365,E,21.6,071.4,110826,,*37
$GPGGA,080426.330,4831.2974,N,00744.3369,E,1,03,0.0,0.0,M,,,,0000*0a
$GPRMC,080426.330,A,4831.2974,N,00744.3369,E,21.6,071.4,110826,,*3e
$GPGGA,080426.363,4831.2975,N,00744.3371,E,1,03,0.0,0.0,M,,,,0000*04
$GPRMC,080426.363,A,4831.2975,N,00744.3371,E,21.6,071.4,110826,,*30
$GPGGA,080426.398,4831.2976,N,00744.3375,E,1,03,0.0,0.0,M,,,,0000*07
$GPRMC,080426.398,A,4831.2976,N,00744.3375,E,21.6,071.4,110826,,*33
$GPGGA,080426.414,4831.2976,N,00744.3377,E,1,03,0.0,0.0,M,,,,0000*06
$GPRMC,080426.414,A,4831.2976,N,00744.3377,E,21.6,071.4,110826,,*32
$GPGGA,080426.449,4831.2977,N,00744.3380,E,1,03,0.0,0.0,M,,,,0000*07
$GPRMC,080426.449,A,4831.2977,N,00744.3380,E,21.6,071.4,110826,,*33
$GPGGA,080426.481,4831.2977,N,00744.3383,E,1,03,0.0,0.0,M,,,,0000*00
$GPRMC,080426.481,A,4831.2977,N,00744.3383,E,21.6,071.4,110826,,*34
$GPGGA,080426.498,4831.2978,N,00744.3385,E,1,03,0.0,0.0,M,,,,0000*01
$GPRMC,080426.498,A,4831.2978,N,00744.3385,E,21.6,071.4,110826,,*35
$GPGGA,080426.513,4831.2978,N,00744.3386,E,1,03,0.0,0.0,M,,,,0000*00
$GPRMC,080426.513,A,4831.2978,N,00744.3386,E,21.6,071.4,110826,,*34
$GPGGA,080426.542,4831.2979,N,00744.3388,E,1,03,0.0,0.0,M,,,,0000*0b
$GPRMC,080426.542,A,4831.2979,N,00744.3388,E,21.6,071.4,110826,,*3f
$GPGGA,080426.570,4831.2979,N,00744.3392,E,1,03,0.0,0.0,M,,,,0000*01
$GPRMC,080426.570,A,4831.2979,N,00744.3392,E,21.6,071.4,110826,,*35
$GPGGA,080426.610,4831.2980,N,00744.3394,E,1,03,0.0,0.0,M,,,,0000*04
$GPRMC,080426.610,A,4831.2980,N,00744.3394,E,21.6,071.4,110826,,*30
$GPGGA,080426.631,4831.2981,N,00744.3397,E,1,03,0.0,0.0,M,,,,0000*05
$GPRMC,080426.631,A,4831.2981,N,00744.3397,E,21.6,071.4,110826,,*31
$GPGGA,080426.647,4831.2981,N,00744.3399,E,1,03,0.0,0.0,M,,,,0000*0a
$GPRMC,080426.647,A,4831.2981,N,00744.3399,E,21.6,071.4,110826,,*3e
$GPGGA,080426.662,4831.2981,N,00744.3401,E,1,03,0.0,0.0,M,,,,0000*0b
$GPRMC,080426.662,A,4831.2981,N,00744.3401,E,21.6,071.4,110826,,*3f
$GPGGA,080426.683,4831.2982,N,00744.3404,E,1,03,0.0,0.0,M,,,,0000*02
$GPRMC,080426.683,A,4831.2982,N,00744.3404,E,21.6,071.4,110826,,*36
$GPGGA,080426.699,4831.2982,N,00744.3406,E,1,03,0.0,0.0,M,,,,0000*0b
$GPRMC,080426.699,A,4831.2982,N,00744.3406,E,21.6,071.4,110826,,*3f
$GPGGA,080426.715,4831.2983,N,00744.3407,E,1,03,0.0,0.0,M,,,,0000*0e
$GPRMC,080426.715,A,4831.2983,N,00744.3407,E,21.6,071.4,110826,,*3a
$GPGGA,080426.746,4831.2983,N,00744.3409,E,1,03,0.0,0.0,M,,,,0000*06
$GPRMC,080426.746,A,4831.2983,N,00744.3409,E,21.6,071.4,110826,,*32
$GPGGA,080426.783,4831.2984,N,00744.3412,E,1,03,0.0,0.0,M,,,,0000*02
$GPRMC,080426.783,A,4831.2984,N,00744.3412,E,21.6,071.4,110826,,*36
$GPGGA,080426.817,4831.2985,N,00744.3415,E,1,03,0.0,0.0,M,,,,0000*06
$GPRMC,080426.817,A,4831.2985,N,00744.3415,E,21.6,071.4,110826,,*32
$GPGGA,080426.833,4831.2985,N,00744.3417,E,1,03,0.0,0.0,M,,,,0000*02
$GPRMC,080426.833,A,4831.2985,N,00744.3417,E,21.6,071.4,110826,,*36
$GPGGA,080426.852,4831.2985,N,00744.3419,E,1,03,0.0,0.0,M,,,,0000*0b
$GPRMC,080426.852,A,4831.2985,N,00744.3419,E,21.6,071.4,110826,,*3f
$GPGGA,080426.864,4831.2986,N,00744.3422,E,1,03,0.0,0.0,M,,,,0000*05
$GPRMC,080426.864,A,4831.2986,N,00744.3422,E,21.6,071.4,110826,,*31
$GPGGA,080426.898,4831.2986,N,00744.3423,E,1,03,0.0,0.0,M,,,,0000*07
$GPRMC,080426.898,A,4831.2986,N,00744.3423,E,21.6,071.4,110826,,*33
$GPGGA,080426.915,4831.2987,N,00744.3425,E,1,03,0.0,0.0,M,,,,0000*04
$GPRMC,080426.915,A,4831.2987,N,00744.3425,E,21.6,071.4,110826,,*30
$GPGGA,080426.931,4831.2987,N,00744.3427,E,1,03,0.0,0.0,M,,,,0000*00
$GPRMC,080426.931,A,4831.2987,N,00744.3427,E,21.6,071.4,110826,,*34
$GPGGA,080426.949,4831.2988,N,00744.3428,E,1,03,0.0,0.0,M,,,,0000*0f
$GPRMC,080426.949,A,4831.2988,N,00744.3428,E,21.6,071.4,110826,,*3b
$GPGGA,080426.966,4831.2988,N,00744.3432,E,1,03,0.0,0.0,M,,,,0000*09
$GPRMC,080426.966,A,4831.2988,N,00744.3432,E,21.6,071.4,110826,,*3d
$GPGGA,080426.981,4831.2989,N,00744.3433,E,1,03,0.0,0.0,M,,,,0000*00
$GPRMC,080426.981,A,4831.2989,N,00744.3433,E,21.6,071.4,110826,,*34
$GPGGA,080427.015,4831.2989,N,00744.3434,E,1,03,0.0,0.0,M,,,,0000*02
$GPRMC,080427.015,A,4831.2989,N,00744.3434,E,21.6,071.4,110826,,*36
$GPGGA,080427.028,4831.2989,N,00744.3436,E,1,03,0.0,0.0,M,,,,0000*0e
$GPRMC,080427.028,A,4831.2989,N,00744.3436,E,21.6,071.4,110826,,*3a
$GPGGA,080427.043,4831.2990,N,00744.3438,E,1,03,0.0,0.0,M,,,,0000*05
$GPRMC,080427.043,A,4831.2990,N,00744.3438,E,21.6,071.4,110826,,*31
$GPGGA,080427.062,4831.2990,N,00744.3440,E,1,03,0.0,0.0,M,,,,0000*09
$GPRMC,080427.062,A,4831.2990,N,00744.3440,E,21.6,071.4,110826,,*3d
$GPGGA,080427.078,4831.2990,N,00744.3441,E,1,03,0.0,0.0,M,,,,0000*03
$GPRMC,080427.078,A,4831.2990,N,00744.3441,E,21.6,071.4,110826,,*37
$GPGGA,080427.093,4831.2991,N,00744.3443,E,1,03,0.0,0.0,M,,,,0000*05
$GPRMC,080427.093,A,4831.2991,N,00744.3443,E,21.6,071.4,110826,,*31
$GPGGA,080427.099,4831.2991,N,00744.3445,E,1,03,0.0,0.0,M,,,,0000*09
$GPRMC,080427.099,A,4831.2991,N,00744.3445,E,21.6,071.4,110826,,*3d
$GPGGA,080427.129,4831.2991,N,00744.3446,E,1,03,0.0,0.0,M,,,,0000*00
$GPRMC,080427.129,A,4831.2991,N,00744.3446,E,21.6,071.4,110826,,*34
$GPGGA,080427.144,4831.2992,N,00744.3448,E,1,03,0.0,0.0,M,,,,0000*06
$GPRMC,080427.144,A,4831.2992,N,00744.3448,E,21.6,071.4,110826,,*32
$GPGGA,080427.160,4831.2992,N,00744.3450,E,1,03,0.0,0.0,M,,,,0000*09
$GPRMC,080427.160,A,4831.2992,N,00744.3450,E,21.6,071.4,110826,,*3d
$GPGGA,080427.173,4831.2993,N,00744.3451,E,1,03,0.0,0.0,M,,,,0000*0b
$GPRMC,080427.173,A,4831.2993,N,00744.3451,E,21.6,071.4,110826,,*3f
$GPGGA,080427.198,4831.2993,N,00744.3452,E,1,03,0.0,0.0,M,,,,0000*0d
$GPRMC,080427.198,A,4831.2993,N,00744.3452,E,21.6,071.4,110826,,*39
$GPGGA,080427.198,4831.2993,N,00744.3455,E,1,03,0.0,0.0,M,,,,0000*0a
$GPRMC,080427.198,A,4831.2993,N,00744.3455,E,21.6,071.4,110826,,*3e
$GPGGA,080427.218,4831.2994,N,00744.3456,E,1,03,0.0,0.0,M,,,,0000*05
$GPRMC,080427.218,A,4831.2994,N,00744.3456,E,21.6,071.4,110826,,*31
$GPGGA,080427.249,4831.2994,N,00744.3458,E,1,03,0.0,0.0,M,,,,0000*0f
$GPRMC,080427.249,A,4831.2994,N,00744.3458,E,21.6,071.4,110826,,*3b
$GPGGA,080427.265,4831.2995,N,00744.3460,E,1,03,0.0,0.0,M,,,,0000*0b
$GPRMC,080427.265,A,4831.2995,N,00744.3460,E,21.6,071.4,110826,,*3f
$GPGGA,080427.282,4831.2995,N,00744.3461,E,1,03,0.0,0.0,M,,,,0000*03
$GPRMC,080427.282,A,4831.2995,N,00744.3461,E,21.6,071.4,110826,,*37
$GPGGA,080427.296,4831.2995,N,00744.3464,E,1,03,0.0,0.0,M,,,,0000*03
$GPRMC,080427.296,A,4831.2995,N,00744.3464,E,21.6,071.4,110826,,*37
$GPGGA,080427.312,4831.2996,N,00744.3465,E,1,03,0.0,0.0,M,,,,0000*0c
$GPRMC,080427.312,A,4831.2996,N,00744.3465,E,21.6,071.4,110826,,*38
$GPGGA,080427.333,4831.2996,N,00744.3467,E,1,03,0.0,0.0,M,,,,0000*0d
$GPRMC,080427.333,A,4831.2996,N,00744.3467,E,21.6,071.4,110826,,*39
$GPGGA,080427.364,4831.2997,N,00744.3469,E,1,03,0.0,0.0,M,,,,0000*00
$GPRMC,080427.364,A,4831.2997,N,00744.3469,E,21.6,071.4,110826,,*34
$GPGGA,080427.400,4831.2997,N,00744.3472,E,1,03,0.0,0.0,M,,,,0000*0f
$GPRMC,080427.400,A,4831.2997,N,00744.3472,E,21.6,071.4,110826,,*3b
$GPGGA,080427.432,4831.2998,N,00744.3476,E,1,03,0.0,0.0,M,,,,0000*05
$GPRMC,080427.432,A,4831.2998,N,00744.3476,E,21.6,071.4,110826,,*31
$GPGGA,080427.450,4831.2998,N,00744.3477,E,1,03,0.0,0.0,M,,,,0000*00
$GPRMC,080427.450,A,4831.2998,N,00744.3477,E,21.6,071.4,110826,,*34
$GPGGA,080427.465,4831.2999,N,00744.3480,E,1,03,0.0,0.0,M,,,,0000*0f
$GPRMC,080427.465,A,4831.2999,N,00744.3480,E,21.6,071.4,110826,,*3b
$GPGGA,080427.499,4831.2999,N,00744.3482,E,1,03,0.0,0.0,M,,,,0000*0e
$GPRMC,080427.499,A,4831.2999,N,00744.3482,E,21.6,071.4,110826,,*3a
$GPGGA,080427.515,4831.3000,N,00744.3485,E,1,03,0.0,0.0,M,,,,0000*04
$GPRMC,080427.515,A,4831.3000,N,00744.3485,E,21.6,071.4,110826,,*30
$GPGGA,080427.548,4831.3001,N,00744.3487,E,1,03,0.0,0.0,M,,,,0000*0f
$GPRMC,080427.548,A,4831.3001,N,00744.3487,E,21.6,071.4,110826,,*3b
$GPGGA,080427.563,4831.3001,N,00744.3489,E,1,03,0.0,0.0,M,,,,0000*08
$GPRMC,080427.563,A,4831.3001,N,00744.3489,E,21.6,071.4,110826,,*3c
$GPGGA,080427.584,4831.3002,N,00744.3491,E,1,03,0.0,0.0,M,,,,0000*0b
$GPRMC,080427.584,A,4831.3002,N,00744.3491,E,21.6,071.4,110826,,*3f
$GPGGA,080427.600,4831.3002,N,00744.3493,E,1,03,0.0,0.0,M,,,,0000*06
$GPRMC,080427.600,A,4831.3002,N,00744.3493,E,21.6,071.4,110826,,*32
$GPGGA,080427.615,4831.3002,N,00744.3495,E,1,03,0.0,0.0,M,,,,0000*04
$GPRMC,080427.615,A,4831.3002,N,00744.3495,E,21.6,071.4,110826,,*30
$GPGGA,080427.633,4831.3003,N,00744.3496,E,1,03,0.0,0.0,M,,,,0000*02
$GPRMC,080427.633,A,4831.3003,N,00744.3496,E,21.6,071.4,110826,,*36
$GPGGA,080427.666,4831.3003,N,00744.3498,E,1,03,0.0,0.0,M,,,,0000*0c
$GPRMC,080427.666,A,4831.3003,N,00744.3498,E,21.6,071.4,110826,,*38
$GPGGA,080427.681,4831.3003,N,00744.3500,E,1,03,0.0,0.0,M,,,,0000*05
$GPRMC,080427.681,A,4831.3003,N,00744.3500,E,21.6,071.4,110826,,*31
$GPGGA,080427.698,4831.3004,N,00744.3502,E,1,03,0.0,0.0,M,,,,0000*08
$GPRMC,080427.698,A,4831.3004,N,00744.3502,E,21.6,071.4,110826,,*3c
$GPGGA,080427.817,4831.3004,N,00744.3504,E,1,03,0.0,0.0,M,,,,0000*07
$GPRMC,080427.817,A,4831.3004,N,00744.3504,E,21.6,071.4,110826,,*33
$GPGGA,080427.842,4831.3007,N,00744.3516,E,1,03,0.0,0.0,M,,,,0000*07
$GPRMC,080427.842,A,4831.3007,N,00744.3516,E,21.6,071.5,110826,,*32
$GPGGA,080427.853,4831.3008,N,00744.3518,E,1,03,0.0,0.0,M,,,,0000*06
$GPRMC,080427.853,A,4831.3008,N,00744.3518,E,21.6,071.5,110826,,*33
$GPGGA,080427.869,4831.3008,N,00744.3520,E,1,03,0.0,0.0,M,,,,0000*04
$GPRMC,080427.869,A,4831.3008,N,00744.3520,E,21.6,071.5,110826,,*31
$GPGGA,080427.882,4831.3008,N,00744.3521,E,1,03,0.0,0.0,M,,,,0000*00
$GPRMC,080427.882,A,4831.3008,N,00744.3521,E,21.6,071.5,110826,,*35
$GPGGA,080427.899,4831.3008,N,00744.3522,E,1,03,0.0,0.0,M,,,,0000*09
$GPRMC,080427.899,A,4831.3008,N,00744.3522,E,21.6,071.5,110826,,*3c
$GPGGA,080427.914,4831.3009,N,00744.3524,E,1,03,0.0,0.0,M,,,,0000*0a
$GPRMC,080427.914,A,4831.3009,N,00744.3524,E,21.6,071.5,110826,,*3f
$GPGGA,080427.950,4831.3009,N,00744.3526,E,1,03,0.0,0.0,M,,,,0000*08
$GPRMC,080427.950,A,4831.3009,N,00744.3526,E,21.6,071.5,110826,,*3d
$GPGGA,080427.966,4831.3010,N,00744.3529,E,1,03,0.0,0.0,M,,,,0000*0a
$GPRMC,080427.966,A,4831.3010,N,00744.3529,E,21.6,071.5,110826,,*3f
$GPGGA,080427.998,4831.3010,N,00744.3531,E,1,03,0.0,0.0,M,,,,0000*02
$GPRMC,080427.998,A,4831.3010,N,00744.3531,E,21.6,071.5,110826,,*37
$GPGGA,080428.028,4831.3011,N,00744.3534,E,1,03,0.0,0.0,M,,,,0000*0b
$GPRMC,080428.028,A,4831.3011,N,00744.3534,E,21.6,071.6,110826,,*3d
$GPGGA,080428.044,4831.3011,N,00744.3535,E,1,03,0.0,0.0,M,,,,0000*00
$GPRMC,080428.044,A,4831.3011,N,00744.3535,E,21.6,071.6,110826,,*36
$GPGGA,080428.057,4831.3012,N,00744.3537,E,1,03,0.0,0.0,M,,,,0000*03
$GPRMC,080428.057,A,4831.3012,N,00744.3537,E,21.6,071.6,110826,,*35
$GPGGA,080428.074,4831.3012,N,00744.3538,E,1,03,0.0,0.0,M,,,,0000*0d
$GPRMC,080428.074,A,4831.3012,N,00744.3538,E,21.6,071.6,110826,,*3b
$GPGGA,080428.087,4831.3012,N,00744.3540,E,1,03,0.0,0.0,M,,,,0000*0e
$GPRMC,080428.087,A,4831.3012,N,00744.3540,E,21.6,071.6,110826,,*38
$GPGGA,080428.098,4831.3013,N,00744.3542,E,1,03,0.0,0.0,M,,,,0000*03
$GPRMC,080428.098,A,4831.3013,N,00744.3542,E,21.6,071.6,110826,,*35
$GPGGA,080428.117,4831.3013,N,00744.3544,E,1,03,0.0,0.0,M,,,,0000*03
$GPRMC,080428.117,A,4831.3013,N,00744.3544,E,21.6,071.6,110826,,*35
$GPGGA,080428.148,4831.3014,N,00744.3546,E,1,03,0.0,0.0,M,,,,0000*0c
$GPRMC,080428.148,A,4831.3014,N,00744.3546,E,21.6,071.6,110826,,*3a
$GPGGA,080428.166,4831.3014,N,00744.3548,E,1,03,0.0,0.0,M,,,,0000*0e
$GPRMC,080428.166,A,4831.3014,N,00744.3548,E,21.6,071.6,110826,,*38
$GPGGA,080428.179,4831.3014,N,00744.3550,E,1,03,0.0,0.0,M,,,,0000*09
$GPRMC,080428.179,A,4831.3014,N,00744.3550,E,21.6,071.6,110826,,*3f
$GPGGA,080428.200,4831.3015,N,00744.3551,E,1,03,0.0,0.0,M,,,,0000*04
$GPRMC,080428.200,A,4831.3015,N,00744.3551,E,21.6,071.6,110826,,*32
$GPGGA,080428.216,4831.3015,N,00744.3553,E,1,03,0.0,0.0,M,,,,0000*01
$GPRMC,080428.216,A,4831.3015,N,00744.3553,E,21.6,071.7,110826,,*36
$GPGGA,080428.248,4831.3016,N,00744.3555,E,1,03,0.0,0.0,M,,,,0000*0f
$GPRMC,080428.248,A,4831.3016,N,00744.3555,E,21.6,071.7,110826,,*38
$GPGGA,080428.280,4831.3016,N,00744.3558,E,1,03,0.0,0.0,M,,,,0000*06
$GPRMC,080428.280,A,4831.3016,N,00744.3558,E,21.6,071.7,110826,,*31
$GPGGA,080428.311,4831.3017,N,00744.3562,E,1,03,0.0,0.0,M,,,,0000*07
$GPRMC,080428.311,A,4831.3017,N,00744.3562,E,21.6,071.7,110826,,*30
$GPGGA,080428.324,4831.3017,N,00744.3563,E,1,03,0.0,0.0,M,,,,0000*00
$GPRMC,080428.324,A,4831.3017,N,00744.3563,E,21.6,071.8,110826,,*38
$GPGGA,080428.341,4831.3018,N,00744.3566,E,1,03,0.0,0.0,M,,,,0000*09
$GPRMC,080428.341,A,4831.3018,N,00744.3566,E,21.6,071.8,110826,,*31
$GPGGA,080428.357,4831.3018,N,00744.3567,E,1,03,0.0,0.0,M,,,,0000*0f
$GPRMC,080428.357,A,4831.3018,N,00744.3567,E,21.6,071.8,110826,,*37
$GPGGA,080428.370,4831.3018,N,00744.3568,E,1,03,0.0,0.0,M,,,,0000*05
$GPRMC,080428.370,A,4831.3018,N,00744.3568,E,21.6,071.8,110826,,*3d
$GPGGA,080428.383,4831.3019,N,00744.3570,E,1,03,0.0,0.0,M,,,,0000*01
$GPRMC,080428.383,A,4831.3019,N,00744.3570,E,21.6,071.8,110826,,*39
$GPGGA,080428.414,4831.3019,N,00744.3571,E,1,03,0.0,0.0,M,,,,0000*09
$GPRMC,080428.414,A,4831.3019,N,00744.3571,E,21.6,071.8,110826,,*31
$GPGGA,080428.433,4831.3020,N,00744.3573,E,1,03,0.0,0.0,M,,,,0000*04
$GPRMC,080428.433,A,4831.3020,N,00744.3573,E,21.6,071.9,110826,,*3d
$GPGGA,080428.448,4831.3020,N,00744.3575,E,1,03,0.0,0.0,M,,,,0000*0e
$GPRMC,080428.448,A,4831.3020,N,00744.3575,E,21.6,071.9,110826,,*37
$GPGGA,080428.466,4831.3020,N,00744.3576,E,1,03,0.0,0.0,M,,,,0000*01
$GPRMC,080428.466,A,4831.3020,N,00744.3576,E,21.6,071.9,110826,,*38
$GPGGA,080428.501,4831.3021,N,00744.3579,E,1,03,0.0,0.0,M,,,,0000*0f
$GPRMC,080428.501,A,4831.3021,N,00744.3579,E,21.6,071.9,110826,,*36
$GPGGA,080428.531,4831.3022,N,00744.3583,E,1,03,0.0,0.0,M,,,,0000*0a
$GPRMC,080428.531,A,4831.3022,N,00744.3583,E,21.6,071.9,110826,,*33
$GPGGA,080428.562,4831.3022,N,00744.3584,E,1,03,0.0,0.0,M,,,,0000*0b
$GPRMC,080428.562,A,4831.3022,N,00744.3584,E,21.6,072.0,110826,,*38
$GPGGA,080428.591,4831.3023,N,00744.3589,E,1,03,0.0,0.0,M,,,,0000*0b
$GPRMC,080428.591,A,4831.3023,N,00744.3589,E,21.6,072.0,110826,,*38
$GPGGA,080428.603,4831.3023,N,00744.3591,E,1,03,0.0,0.0,M,,,,0000*0a
$GPRMC,080428.603,A,4831.3023,N,00744.3591,E,21.6,072.0,110826,,*39
$GPGGA,080428.617,4831.3024,N,00744.3592,E,1,03,0.0,0.0,M,,,,0000*0b
$GPRMC,080428.617,A,4831.3024,N,00744.3592,E,21.6,072.0,110826,,*38
$GPGGA,080428.647,4831.3024,N,00744.3594,E,1,03,0.0,0.0,M,,,,0000*08
$GPRMC,080428.647,A,4831.3024,N,00744.3594,E,21.6,072.1,110826,,*3a
$GPGGA,080428.663,4831.3024,N,00744.3596,E,1,03,0.0,0.0,M,,,,0000*0c
$GPRMC,080428.663,A,4831.3024,N,00744.3596,E,21.6,072.1,110826,,*3e
$GPGGA,080428.663,4831.3025,N,00744.3597,E,1,03,0.0,0.0,M,,,,0000*0c
$GPRMC,080428.663,A,4831.3025,N,00744.3597,E,21.6,072.1,110826,,*3e
$GPGGA,080428.698,4831.3025,N,00744.3599,E,1,03,0.0,0.0,M,,,,0000*06
$GPRMC,080428.698,A,4831.3025,N,00744.3599,E,21.6,072.1,110826,,*34
$GPGGA,080428.711,4831.3025,N,00744.3601,E,1,03,0.0,0.0,M,,,,0000*04
$GPRMC,080428.711,A,4831.3025,N,00744.3601,E,21.6,072.1,110826,,*36
$GPGGA,080428.733,4831.3026,N,00744.3602,E,1,03,0.0,0.0,M,,,,0000*04
$GPRMC,080428.733,A,4831.3026,N,00744.3602,E,21.6,072.1,110826,,*36
$GPGGA,080428.760,4831.3026,N,00744.3606,E,1,03,0.0,0.0,M,,,,0000*06
$GPRMC,080428.760,A,4831.3026,N,00744.3606,E,21.6,072.2,110826,,*37
$GPGGA,080428.775,4831.3027,N,00744.3608,E,1,03,0.0,0.0,M,,,,0000*0d
$GPRMC,080428.775,A,4831.3027,N,00744.3608,E,21.6,072.2,110826,,*3c
$GPGGA,080428.787,4831.3027,N,00744.3609,E,1,03,0.0,0.0,M,,,,0000*01
$GPRMC,080428.787,A,4831.3027,N,00744.3609,E,21.6,072.3,110826,,*31
$GPGGA,080428.800,4831.3028,N,00744.3610,E,1,03,0.0,0.0,M,,,,0000*06
$GPRMC,080428.800,A,4831.3028,N,00744.3610,E,21.6,072.3,110826,,*36
$GPGGA,080428.817,4831.3028,N,00744.3612,E,1,03,0.0,0.0,M,,,,0000*02
$GPRMC,080428.817,A,4831.3028,N,00744.3612,E,21.6,072.3,110826,,*32
$GPGGA,080428.849,4831.3028,N,00744.3614,E,1,03,0.0,0.0,M,,,,0000*0f
$GPRMC,080428.849,A,4831.3028,N,00744.3614,E,21.6,072.4,110826,,*38
$GPGGA,080428.866,4831.3029,N,00744.3615,E,1,03,0.0,0.0,M,,,,0000*02
$GPRMC,080428.866,A,4831.3029,N,00744.3615,E,21.6,072.4,110826,,*35
$GPGGA,080428.881,4831.3029,N,00744.3617,E,1,03,0.0,0.0,M,,,,0000*09
$GPRMC,080428.881,A,4831.3029,N,00744.3617,E,21.6,072.4,110826,,*3e
$GPGGA,080428.917,4831.3030,N,00744.3620,E,1,03,0.0,0.0,M,,,,0000*0b
$GPRMC,080428.917,A,4831.3030,N,00744.3620,E,21.6,072.5,110826,,*3d
$GPGGA,080428.933,4831.3030,N,00744.3624,E,1,03,0.0,0.0,M,,,,0000*09
$GPRMC,080428.933,A,4831.3030,N,00744.3624,E,21.6,072.5,110826,,*3f
$GPGGA,080428.961,4831.3031,N,00744.3625,E,1,03,0.0,0.0,M,,,,0000*0e
$GPRMC,080428.961,A,4831.3031,N,00744.3625,E,21.6,072.6,110826,,*3b
$GPGGA,080428.982,4831.3031,N,00744.3627,E,1,03,0.0,0.0,M,,,,0000*01
$GPRMC,080428.982,A,4831.3031,N,00744.3627,E,21.6,072.6,110826,,*34
$GPGGA,080429.013,4831.3032,N,00744.3630,E,1,03,0.0,0.0,M,,,,0000*04
$GPRMC,080429.013,A,4831.3032,N,00744.3630,E,21.6,072.7,110826,,*30
$GPGGA,080429.042,4831.3032,N,00744.3633,E,1,03,0.0,0.0,M,,,,0000*03
$GPRMC,080429.042,A,4831.3032,N,00744.3633,E,21.6,072.7,110826,,*37
$GPGGA,080429.070,4831.3033,N,00744.3636,E,1,03,0.0,0.0,M,,,,0000*06
$GPRMC,080429.070,A,4831.3033,N,00744.3636,E,21.6,072.7,110826,,*32
$GPGGA,080429.083,4831.3033,N,00744.3638,E,1,03,0.0,0.0,M,,,,0000*04
$GPRMC,080429.083,A,4831.3033,N,00744.3638,E,21.6,072.7,110826,,*30
$GPGGA,080429.114,4831.3034,N,00744.3640,E,1,03,0.0,0.0,M,,,,0000*03
$GPRMC,080429.114,A,4831.3034,N,00744.3640,E,21.6,072.7,110826,,*37
$GPGGA,080429.129,4831.3034,N,00744.3641,E,1,03,0.0,0.0,M,,,,0000*0c
$GPRMC,080429.129,A,4831.3034,N,00744.3641,E,21.6,072.7,110826,,*38
$GPGGA,080429.150,4831.3034,N,00744.3643,E,1,03,0.0,0.0,M,,,,0000*00
$GPRMC,080429.150,A,4831.3034,N,00744.3643,E,21.6,072.7,110826,,*34
$GPGGA,080429.183,4831.3035,N,00744.3646,E,1,03,0.0,0.0,M,,,,0000*0a
$GPRMC,080429.183,A,4831.3035,N,00744.3646,E,21.6,072.7,110826,,*3e
$GPGGA,080429.199,4831.3035,N,00744.3648,E,1,03,0.0,0.0,M,,,,0000*0f
$GPRMC,080429.199,A,4831.3035,N,00744.3648,E,21.6,072.7,110826,,*3b
$GPGGA,080429.218,4831.3036,N,00744.3650,E,1,03,0.0,0.0,M,,,,0000*0f
$GPRMC,080429.218,A,4831.3036,N,00744.3650,E,21.6,072.7,110826,,*3b
$GPGGA,080429.234,4831.3036,N,00744.3653,E,1,03,0.0,0.0,M,,,,0000*02
$GPRMC,080429.234,A,4831.3036,N,00744.3653,E,21.6,072.7,110826,,*36
$GPGGA,080429.249,4831.3037,N,00744.3655,E,1,03,0.0,0.0,M,,,,0000*0f
$GPRMC,080429.249,A,4831.3037,N,00744.3655,E,21.6,072.7,110826,,*3b
$GPGGA,080429.265,4831.3037,N,00744.3656,E,1,03,0.0,0.0,M,,,,0000*02
$GPRMC,080429.265,A,4831.3037,N,00744.3656,E,21.6,072.7,110826,,*36
$GPGGA,080429.290,4831.3037,N,00744.3657,E,1,03,0.0,0.0,M,,,,0000*09
$GPRMC,080429.290,A,4831.3037,N,00744.3657,E,21.6,072.7,110826,,*3d
$GPGGA,080429.302,4831.3038,N,00744.3659,E,1,03,0.0,0.0,M,,,,0000*02
$GPRMC,080429.302,A,4831.3038,N,00744.3659,E,21.6,072.7,110826,,*36
$GPGGA,080429.317,4831.3038,N,00744.3661,E,1,03,0.0,0.0,M,,,,0000*0d
$GPRMC,080429.317,A,4831.3038,N,00744.3661,E,21.6,072.7,110826,,*39
$GPGGA,080429.349,4831.3038,N,00744.3663,E,1,03,0.0,0.0,M,,,,0000*04
$GPRMC,080429.349,A,4831.3038,N,00744.3663,E,21.6,072.7,110826,,*30
$GPGGA,080429.367,4831.3039,N,00744.3666,E,1,03,0.0,0.0,M,,,,0000*0c
$GPRMC,080429.367,A,4831.3039,N,00744.3666,E,21.6,072.7,110826,,*38
$GPGGA,080429.398,4831.3039,N,00744.3668,E,1,03,0.0,0.0,M,,,,0000*02
$GPRMC,080429.398,A,4831.3039,N,00744.3668,E,21.6,072.7,110826,,*36
$GPGGA,080429.414,4831.3040,N,00744.3669,E,1,03,0.0,0.0,M,,,,0000*0e
$GPRMC,080429.414,A,4831.3040,N,00744.3669,E,21.6,072.7,110826,,*3a
$GPGGA,080429.434,4831.3040,N,00744.3672,E,1,03,0.0,0.0,M,,,,0000*06
$GPRMC,080429.434,A,4831.3040,N,00744.3672,E,21.6,072.7,110826,,*32
$GPGGA,080429.467,4831.3041,N,00744.3674,E,1,03,0.0,0.0,M,,,,0000*07
$GPRMC,080429.467,A,4831.3041,N,00744.3674,E,21.6,072.7,110826,,*33
$GPGGA,080429.484,4831.3041,N,00744.3677,E,1,03,0.0,0.0,M,,,,0000*09
$GPRMC,080429.484,A,4831.3041,N,00744.3677,E,21.6,072.7,110826,,*3d
$GPGGA,080429.515,4831.3042,N,00744.3679,E,1,03,0.0,0.0,M,,,,0000*0d
$GPRMC,080429.515,A,4831.3042,N,00744.3679,E,21.6,072.7,110826,,*39
$GPGGA,080429.531,4831.3042,N,00744.3681,E,1,03,0.0,0.0,M,,,,0000*0c
$GPRMC,080429.531,A,4831.3042,N,00744.3681,E,21.6,072.7,110826,,*38
$GPGGA,080429.546,4831.3043,N,00744.3684,E,1,03,0.0,0.0,M,,,,0000*08
$GPRMC,080429.546,A,4831.3043,N,00744.3684,E,21.6,072.6,110826,,*3d
$GPGGA,080429.562,4831.3043,N,00744.3685,E,1,03,0.0,0.0,M,,,,0000*0f
$GPRMC,080429.562,A,4831.3043,N,00744.3685,E,21.6,072.6,110826,,*3a
$GPGGA,080429.592,4831.3043,N,00744.3687,E,1,03,0.0,0.0,M,,,,0000*02
$GPRMC,080429.592,A,4831.3043,N,00744.3687,E,21.6,072.6,110826,,*37
$GPGGA,080429.610,4831.3044,N,00744.3689,E,1,03,0.0,0.0,M,,,,0000*02
$GPRMC,080429.610,A,4831.3044,N,00744.3689,E,21.6,072.6,110826,,*37
$GPGGA,080429.644,4831.3044,N,00744.3692,E,1,03,0.0,0.0,M,,,,0000*09
$GPRMC,080429.644,A,4831.3044,N,00744.3692,E,21.6,072.6,110826,,*3c
$GPGGA,080429.659,4831.3045,N,00744.3695,E,1,03,0.0,0.0,M,,,,0000*03
$GPRMC,080429.659,A,4831.3045,N,00744.3695,E,21.6,072.6,110826,,*36
$GPGGA,080429.702,4831.3045,N,00744.3696,E,1,03,0.0,0.0,M,,,,0000*0f
$GPRMC,080429.702,A,4831.3045,N,00744.3696,E,21.6,072.6,110826,,*3a
$GPGGA,080429.843,4831.3046,N,00744.3700,E,1,03,0.0,0.0,M,,,,0000*08
$GPRMC,080429.843,A,4831.3046,N,00744.3700,E,21.6,072.6,110826,,*3d
$GPGGA,080429.849,4831.3049,N,00744.3713,E,1,03,0.0,0.0,M,,,,0000*0f
$GPRMC,080429.849,A,4831.3049,N,00744.3713,E,21.6,072.5,110826,,*39
$GPGGA,080429.866,4831.3049,N,00744.3715,E,1,03,0.0,0.0,M,,,,0000*04
$GPRMC,080429.866,A,4831.3049,N,00744.3715,E,21.6,072.5,110826,,*32
$GPGGA,080429.881,4831.3050,N,00744.3717,E,1,03,0.0,0.0,M,,,,0000*07
$GPRMC,080429.881,A,4831.3050,N,00744.3717,E,21.6,072.5,110826,,*31
$GPGGA,080429.916,4831.3050,N,00744.3718,E,1,03,0.0,0.0,M,,,,0000*07
$GPRMC,080429.916,A,4831.3050,N,00744.3718,E,21.6,072.5,110826,,*31
$GPGGA,080429.948,4831.3051,N,00744.3722,E,1,03,0.0,0.0,M,,,,0000*04
$GPRMC,080429.948,A,4831.3051,N,00744.3722,E,21.6,072.5,110826,,*32
$GPGGA,080429.964,4831.3051,N,00744.3723,E,1,03,0.0,0.0,M,,,,0000*0b
$GPRMC,080429.964,A,4831.3051,N,00744.3723,E,21.6,072.5,110826,,*3d
$GPGGA,080429.979,4831.3051,N,00744.3725,E,1,03,0.0,0.0,M,,,,0000*01
$GPRMC,080429.979,A,4831.3051,N,00744.3725,E,21.6,072.5,110826,,*37
$GPGGA,080430.001,4831.3052,N,00744.3726,E,1,03,0.0,0.0,M,,,,0000*0f
$GPRMC,080430.001,A,4831.3052,N,00744.3726,E,21.6,072.4,110826,,*38
$GPGGA,080430.017,4831.3052,N,00744.3730,E,1,03,0.0,0.0,M,,,,0000*0f
$GPRMC,080430.017,A,4831.3052,N,00744.3730,E,21.6,072.4,110826,,*38
$GPGGA,080430.035,4831.3053,N,00744.3731,E,1,03,0.0,0.0,M,,,,0000*0f
$GPRMC,080430.035,A,4831.3053,N,00744.3731,E,21.6,072.4,110826,,*38
$GPGGA,080430.052,4831.3053,N,00744.3733,E,1,03,0.0,0.0,M,,,,0000*0c
$GPRMC,080430.052,A,4831.3053,N,00744.3733,E,21.6,072.4,110826,,*3b
$GPGGA,080430.082,4831.3053,N,00744.3735,E,1,03,0.0,0.0,M,,,,0000*07
$GPRMC,080430.082,A,4831.3053,N,00744.3735,E,21.6,072.4,110826,,*30
$GPGGA,080430.100,4831.3054,N,00744.3737,E,1,03,0.0,0.0,M,,,,0000*09
$GPRMC,080430.100,A,4831.3054,N,00744.3737,E,21.6,072.3,110826,,*39
$GPGGA,080430.117,4831.3054,N,00744.3740,E,1,03,0.0,0.0,M,,,,0000*0f
$GPRMC,080430.117,A,4831.3054,N,00744.3740,E,21.6,072.3,110826,,*3f
$GPGGA,080430.152,4831.3055,N,00744.3741,E,1,03,0.0,0.0,M,,,,0000*0e
$GPRMC,080430.152,A,4831.3055,N,00744.3741,E,21.6,072.3,110826,,*3e
$GPGGA,080430.167,4831.3056,N,00744.3744,E,1,03,0.0,0.0,M,,,,0000*0e
$GPRMC,080430.167,A,4831.3056,N,00744.3744,E,21.6,072.3,110826,,*3e
$GPGGA,080430.183,4831.3056,N,00744.3746,E,1,03,0.0,0.0,M,,,,0000*06
$GPRMC,080430.183,A,4831.3056,N,00744.3746,E,21.6,072.3,110826,,*36
$GPGGA,080430.200,4831.3056,N,00744.3747,E,1,03,0.0,0.0,M,,,,0000*0f
$GPRMC,080430.200,A,4831.3056,N,00744.3747,E,21.6,072.3,110826,,*3f
$GPGGA,080430.232,4831.3057,N,00744.3749,E,1,03,0.0,0.0,M,,,,0000*01
$GPRMC,080430.232,A,4831.3057,N,00744.3749,E,21.6,072.2,110826,,*30
$GPGGA,080430.250,4831.3057,N,00744.3751,E,1,03,0.0,0.0,M,,,,0000*0c
$GPRMC,080430.250,A,4831.3057,N,00744.3751,E,21.6,072.2,110826,,*3d
$GPGGA,080430.264,4831.3058,N,00744.3754,E,1,03,0.0,0.0,M,,,,0000*01
$GPRMC,080430.264,A,4831.3058,N,00744.3754,E,21.6,072.2,110826,,*30
$GPGGA,080430.300,4831.3058,N,00744.3755,E,1,03,0.0,0.0,M,,,,0000*03
$GPRMC,080430.300,A,4831.3058,N,00744.3755,E,21.6,072.2,110826,,*32
$GPGGA,080430.332,4831.3059,N,00744.3760,E,1,03,0.0,0.0,M,,,,0000*05
$GPRMC,080430.332,A,4831.3059,N,00744.3760,E,21.6,072.2,110826,,*34
$GPGGA,080430.351,4831.3059,N,00744.3761,E,1,03,0.0,0.0,M,,,,0000*01
$GPRMC,080430.351,A,4831.3059,N,00744.3761,E,21.6,072.2,110826,,*30
$GPGGA,080430.368,4831.3060,N,00744.3764,E,1,03,0.0,0.0,M,,,,0000*04
$GPRMC,080430.368,A,4831.3060,N,00744.3764,E,21.6,072.2,110826,,*35
$GPGGA,080430.398,4831.3060,N,00744.3766,E,1,03,0.0,0.0,M,,,,0000*09
$GPRMC,080430.398,A,4831.3060,N,00744.3766,E,21.6,072.2,110826,,*38
$GPGGA,080430.432,4831.3061,N,00744.3769,E,1,03,0.0,0.0,M,,,,0000*00
$GPRMC,080430.432,A,4831.3061,N,00744.3769,E,21.6,072.2,110826,,*31
$GPGGA,080430.450,4831.3061,N,00744.3771,E,1,03,0.0,0.0,M,,,,0000*0d
$GPRMC,080430.450,A,4831.3061,N,00744.3771,E,21.6,072.2,110826,,*3c
$GPGGA,080430.468,4831.3061,N,00744.3773,E,1,03,0.0,0.0,M,,,,0000*04
$GPRMC,080430.468,A,4831.3061,N,00744.3773,E,21.6,072.1,110826,,*36
$GPGGA,080430.484,4831.3062,N,00744.3775,E,1,03,0.0,0.0,M,,,,0000*03
$GPRMC,080430.484,A,4831.3062,N,00744.3775,E,21.6,072.1,110826,,*31
$GPGGA,080430.514,4831.3062,N,00744.3777,E,1,03,0.0,0.0,M,,,,0000*09
$GPRMC,080430.514,A,4831.3062,N,00744.3777,E,21.6,072.1,110826,,*3b
$GPGGA,080430.533,4831.3063,N,00744.3780,E,1,03,0.0,0.0,M,,,,0000*05
$GPRMC,080430.533,A,4831.3063,N,00744.3780,E,21.6,072.1,110826,,*37
$GPGGA,080430.549,4831.3063,N,00744.3780,E,1,03,0.0,0.0,M,,,,0000*08
$GPRMC,080430.549,A,4831.3063,N,00744.3780,E,21.6,072.1,110826,,*3a
$GPGGA,080430.568,4831.3063,N,00744.3782,E,1,03,0.0,0.0,M,,,,0000*09
$GPRMC,080430.568,A,4831.3063,N,00744.3782,E,21.6,072.0,110826,,*3a
$GPGGA,080430.590,4831.3064,N,00744.3785,E,1,03,0.0,0.0,M,,,,0000*0e
$GPRMC,080430.590,A,4831.3064,N,00744.3785,E,21.6,072.0,110826,,*3d
$GPGGA,080430.600,4831.3064,N,00744.3786,E,1,03,0.0,0.0,M,,,,0000*07
$GPRMC,080430.600,A,4831.3064,N,00744.3786,E,21.6,072.0,110826,,*34
$GPGGA,080430.634,4831.3065,N,00744.3789,E,1,03,0.0,0.0,M,,,,0000*0e
$GPRMC,080430.634,A,4831.3065,N,00744.3789,E,21.6,072.0,110826,,*3d
$GPGGA,080430.649,4831.3065,N,00744.3790,E,1,03,0.0,0.0,M,,,,0000*0c
$GPRMC,080430.649,A,4831.3065,N,00744.3790,E,21.6,071.9,110826,,*35
$GPGGA,080430.666,4831.3066,N,00744.3792,E,1,03,0.0,0.0,M,,,,0000*00
$GPRMC,080430.666,A,4831.3066,N,00744.3792,E,21.6,071.9,110826,,*39
$GPGGA,080430.686,4831.3066,N,00744.3793,E,1,03,0.0,0.0,M,,,,0000*0f
$GPRMC,080430.686,A,4831.3066,N,00744.3793,E,21.6,071.9,110826,,*36
$GPGGA,080430.716,4831.3067,N,00744.3797,E,1,03,0.0,0.0,M,,,,0000*02
$GPRMC,080430.716,A,4831.3067,N,00744.3797,E,21.6,071.9,110826,,*3b
$GPGGA,080430.810,4831.3067,N,00744.3798,E,1,03,0.0,0.0,M,,,,0000*04
$GPRMC,080430.810,A,4831.3067,N,00744.3798,E,21.6,071.8,110826,,*3c
$GPGGA,080430.817,4831.3069,N,00744.3808,E,1,03,0.0,0.0,M,,,,0000*0b
$GPRMC,080430.817,A,4831.3069,N,00744.3808,E,21.6,071.8,110826,,*33
$GPGGA,080430.846,4831.3069,N,00744.3810,E,1,03,0.0,0.0,M,,,,0000*06
$GPRMC,080430.846,A,4831.3069,N,00744.3810,E,21.6,071.9,110826,,*3f
$GPGGA,080430.867,4831.3070,N,00744.3811,E,1,03,0.0,0.0,M,,,,0000*0c
$GPRMC,080430.867,A,4831.3070,N,00744.3811,E,21.6,071.9,110826,,*35
$GPGGA,080430.884,4831.3070,N,00744.3815,E,1,03,0.0,0.0,M,,,,0000*05
$GPRMC,080430.884,A,4831.3070,N,00744.3815,E,21.6,071.9,110826,,*3c
$GPGGA,080430.903,4831.3071,N,00744.3816,E,1,03,0.0,0.0,M,,,,0000*09
$GPRMC,080430.903,A,4831.3071,N,00744.3816,E,21.6,071.9,110826,,*30
$GPGGA,080430.925,4831.3071,N,00744.3818,E,1,03,0.0,0.0,M,,,,0000*03
$GPRMC,080430.925,A,4831.3071,N,00744.3818,E,21.6,071.9,110826,,*3a
$GPGGA,080430.936,4831.3071,N,00744.3820,E,1,03,0.0,0.0,M,,,,0000*0a
$GPRMC,080430.936,A,4831.3071,N,00744.3820,E,21.6,072.0,110826,,*39
$GPGGA,080430.967,4831.3072,N,00744.3821,E,1,03,0.0,0.0,M,,,,0000*0c
$GPRMC,080430.967,A,4831.3072,N,00744.3821,E,21.6,072.0,110826,,*3f
$GPGGA,080430.983,4831.3072,N,00744.3823,E,1,03,0.0,0.0,M,,,,0000*04
$GPRMC,080430.983,A,4831.3072,N,00744.3823,E,21.6,072.0,110826,,*37
$GPGGA,080430.999,4831.3073,N,00744.3824,E,1,03,0.0,0.0,M,,,,0000*09
$GPRMC,080430.999,A,4831.3073,N,00744.3824,E,21.6,072.0,110826,,*3a
$GPGGA,080431.016,4831.3073,N,00744.3826,E,1,03,0.0,0.0,M,,,,0000*04
$GPRMC,080431.016,A,4831.3073,N,00744.3826,E,21.6,072.0,110826,,*37
$GPGGA,080431.030,4831.3074,N,00744.3829,E,1,03,0.0,0.0,M,,,,0000*08
$GPRMC,080431.030,A,4831.3074,N,00744.3829,E,21.6,072.1,110826,,*3a
$GPGGA,080431.061,4831.3074,N,00744.3831,E,1,03,0.0,0.0,M,,,,0000*05
$GPRMC,080431.061,A,4831.3074,N,00744.3831,E,21.6,072.1,110826,,*37
$GPGGA,080431.062,4831.3074,N,00744.3833,E,1,03,0.0,0.0,M,,,,0000*04
$GPRMC,080431.062,A,4831.3074,N,00744.3833,E,21.6,072.1,110826,,*36
$GPGGA,080431.101,4831.3075,N,00744.3834,E,1,03,0.0,0.0,M,,,,0000*06
$GPRMC,080431.101,A,4831.3075,N,00744.3834,E,21.6,072.1,110826,,*34
$GPGGA,080431.118,4831.3075,N,00744.3836,E,1,03,0.0,0.0,M,,,,0000*0c
$GPRMC,080431.118,A,4831.3075,N,00744.3836,E,21.6,072.1,110826,,*3e
$GPGGA,080431.148,4831.3076,N,00744.3839,E,1,03,0.0,0.0,M,,,,0000*05
$GPRMC,080431.148,A,4831.3076,N,00744.3839,E,21.6,072.2,110826,,*34
$GPGGA,080431.183,4831.3076,N,00744.3842,E,1,03,0.0,0.0,M,,,,0000*0e
$GPRMC,080431.183,A,4831.3076,N,00744.3842,E,21.6,072.2,110826,,*3f
$GPGGA,080431.199,4831.3077,N,00744.3845,E,1,03,0.0,0.0,M,,,,0000*03
$GPRMC,080431.199,A,4831.3077,N,00744.3845,E,21.6,072.2,110826,,*32
$GPGGA,080431.217,4831.3077,N,00744.3846,E,1,03,0.0,0.0,M,,,,0000*05
$GPRMC,080431.217,A,4831.3077,N,00744.3846,E,21.6,072.2,110826,,*34
$GPGGA,080431.233,4831.3078,N,00744.3849,E,1,03,0.0,0.0,M,,,,0000*03
$GPRMC,080431.233,A,4831.3078,N,00744.3849,E,21.6,072.3,110826,,*33
$GPGGA,080431.266,4831.3078,N,00744.3851,E,1,03,0.0,0.0,M,,,,0000*0a
$GPRMC,080431.266,A,4831.3078,N,00744.3851,E,21.6,072.3,110826,,*3a
$GPGGA,080431.296,4831.3079,N,00744.3853,E,1,03,0.0,0.0,M,,,,0000*06
$GPRMC,080431.296,A,4831.3079,N,00744.3853,E,21.6,072.3,110826,,*36
$GPGGA,080431.316,4831.3079,N,00744.3855,E,1,03,0.0,0.0,M,,,,0000*09
$GPRMC,080431.316,A,4831.3079,N,00744.3855,E,21.6,072.4,110826,,*3e
$GPGGA,080431.335,4831.3079,N,00744.3857,E,1,03,0.0,0.0,M,,,,0000*0a
$GPRMC,080431.335,A,4831.3079,N,00744.3857,E,21.6,072.4,110826,,*3d
$GPGGA,080431.349,4831.3080,N,00744.3860,E,1,03,0.0,0.0,M,,,,0000*03
$GPRMC,080431.349,A,4831.3080,N,00744.3860,E,21.6,072.5,110826,,*35
$GPGGA,080431.367,4831.3080,N,00744.3862,E,1,03,0.0,0.0,M,,,,0000*0d
$GPRMC,080431.367,A,4831.3080,N,00744.3862,E,21.6,072.5,110826,,*3b
$GPGGA,080431.387,4831.3081,N,00744.3864,E,1,03,0.0,0.0,M,,,,0000*04
$GPRMC,080431.387,A,4831.3081,N,00744.3864,E,21.6,072.5,110826,,*32
$GPGGA,080431.417,4831.3081,N,00744.3865,E,1,03,0.0,0.0,M,,,,0000*0b
$GPRMC,080431.417,A,4831.3081,N,00744.3865,E,21.6,072.6,110826,,*3e
$GPGGA,080431.433,4831.3082,N,00744.3867,E,1,03,0.0,0.0,M,,,,0000*0c
$GPRMC,080431.433,A,4831.3082,N,00744.3867,E,21.6,072.6,110826,,*39
$GPGGA,080431.450,4831.3082,N,00744.3868,E,1,03,0.0,0.0,M,,,,0000*06
$GPRMC,080431.450,A,4831.3082,N,00744.3868,E,21.6,072.7,110826,,*32
$GPGGA,080431.484,4831.3082,N,00744.3871,E,1,03,0.0,0.0,M,,,,0000*07
$GPRMC,080431.484,A,4831.3082,N,00744.3871,E,21.6,072.7,110826,,*33
$GPGGA,080431.500,4831.3083,N,00744.3873,E,1,03,0.0,0.0,M,,,,0000*09
$GPRMC,080431.500,A,4831.3083,N,00744.3873,E,21.6,072.8,110826,,*32
$GPGGA,080431.517,4831.3083,N,00744.3875,E,1,03,0.0,0.0,M,,,,0000*09
$GPRMC,080431.517,A,4831.3083,N,00744.3875,E,21.6,072.8,110826,,*32
$GPGGA,080431.517,4831.3084,N,00744.3877,E,1,03,0.0,0.0,M,,,,0000*0c
$GPRMC,080431.517,A,4831.3084,N,00744.3877,E,21.6,072.8,110826,,*37
$GPGGA,080431.555,4831.3084,N,00744.3878,E,1,03,0.0,0.0,M,,,,0000*05
$GPRMC,080431.555,A,4831.3084,N,00744.3878,E,21.6,072.9,110826,,*3f
$GPGGA,080431.555,4831.3085,N,00744.3882,E,1,03,0.0,0.0,M,,,,0000*01
$GPRMC,080431.555,A,4831.3085,N,00744.3882,E,21.6,072.9,110826,,*3b
$GPGGA,080431.593,4831.3085,N,00744.3882,E,1,03,0.0,0.0,M,,,,0000*0b
$GPRMC,080431.593,A,4831.3085,N,00744.3882,E,21.6,072.9,110826,,*31
$GPGGA,080431.604,4831.3085,N,00744.3885,E,1,03,0.0,0.0,M,,,,0000*01
$GPRMC,080431.604,A,4831.3085,N,00744.3885,E,21.6,072.9,110826,,*3b
$GPGGA,080431.617,4831.3086,N,00744.3886,E,1,03,0.0,0.0,M,,,,0000*03
$GPRMC,080431.617,A,4831.3086,N,00744.3886,E,21.6,072.9,110826,,*39
$GPGGA,080431.651,4831.3086,N,00744.3888,E,1,03,0.0,0.0,M,,,,0000*0f
$GPRMC,080431.651,A,4831.3086,N,00744.3888,E,21.6,072.8,110826,,*34
$GPGGA,080431.667,4831.3086,N,00744.3890,E,1,03,0.0,0.0,M,,,,0000*03
$GPRMC,080431.667,A,4831.3086,N,00744.3890,E,21.6,072.8,110826,,*38
$GPGGA,080431.699,4831.3087,N,00744.3893,E,1,03,0.0,0.0,M,,,,0000*00
$GPRMC,080431.699,A,4831.3087,N,00744.3893,E,21.6,072.8,110826,,*3b
$GPGGA,080431.714,4831.3087,N,00744.3895,E,1,03,0.0,0.0,M,,,,0000*02
$GPRMC,080431.714,A,4831.3087,N,00744.3895,E,21.6,072.8,110826,,*39
$GPGGA,080431.730,4831.3088,N,00744.3896,E,1,03,0.0,0.0,M,,,,0000*08
$GPRMC,080431.730,A,4831.3088,N,00744.3896,E,21.6,072.8,110826,,*33
$GPGGA,080431.750,4831.3088,N,00744.3898,E,1,03,0.0,0.0,M,,,,0000*00
$GPRMC,080431.750,A,4831.3088,N,00744.3898,E,21.6,072.8,110826,,*3b
$GPGGA,080431.769,4831.3088,N,00744.3899,E,1,03,0.0,0.0,M,,,,0000*0b
$GPRMC,080431.769,A,4831.3088,N,00744.3899,E,21.6,072.8,110826,,*30
$GPGGA,080431.798,4831.3089,N,00744.3903,E,1,03,0.0,0.0,M,,,,0000*06
$GPRMC,080431.798,A,4831.3089,N,00744.3903,E,21.6,072.8,110826,,*3d
$GPGGA,080431.818,4831.3089,N,00744.3904,E,1,03,0.0,0.0,M,,,,0000*06
$GPRMC,080431.818,A,4831.3089,N,00744.3904,E,21.6,072.8,110826,,*3d
$GPGGA,080431.833,4831.3090,N,00744.3906,E,1,03,0.0,0.0,M,,,,0000*05
$GPRMC,080431.833,A,4831.3090,N,00744.3906,E,21.6,072.8,110826,,*3e
$GPGGA,080431.850,4831.3090,N,00744.3908,E,1,03,0.0,0.0,M,,,,0000*0e
$GPRMC,080431.850,A,4831.3090,N,00744.3908,E,21.6,072.8,110826,,*35
$GPGGA,080431.868,4831.3090,N,00744.3909,E,1,03,0.0,0.0,M,,,,0000*04
$GPRMC,080431.868,A,4831.3090,N,00744.3909,E,21.6,072.8,110826,,*3f
$GPGGA,080431.887,4831.3091,N,00744.3913,E,1,03,0.0,0.0,M,,,,0000*0f
$GPRMC,080431.887,A,4831.3091,N,00744.3913,E,21.6,072.8,110826,,*34
$GPGGA,080431.916,4831.3091,N,00744.3914,E,1,03,0.0,0.0,M,,,,0000*01
$GPRMC,080431.916,A,4831.3091,N,00744.3914,E,21.6,072.8,110826,,*3a
$GPGGA,080431.950,4831.3092,N,00744.3918,E,1,03,0.0,0.0,M,,,,0000*0c
$GPRMC,080431.950,A,4831.3092,N,00744.3918,E,21.6,072.8,110826,,*37
$GPGGA,080431.967,4831.3092,N,00744.3920,E,1,03,0.0,0.0,M,,,,0000*03
$GPRMC,080431.967,A,4831.3092,N,00744.3920,E,21.6,072.8,110826,,*38
$GPGGA,080431.986,4831.3093,N,00744.3921,E,1,03,0.0,0.0,M,,,,0000*0c
$GPRMC,080431.986,A,4831.3093,N,00744.3921,E,21.6,072.8,110826,,*37
$GPGGA,080432.015,4831.3093,N,00744.3924,E,1,03,0.0,0.0,M,,,,0000*09
$GPRMC,080432.015,A,4831.3093,N,00744.3924,E,21.6,072.8,110826,,*32
$GPGGA,080432.049,4831.3094,N,00744.3926,E,1,03,0.0,0.0,M,,,,0000*05
$GPRMC,080432.049,A,4831.3094,N,00744.3926,E,21.6,072.8,110826,,*3e
$GPGGA,080432.066,4831.3094,N,00744.3929,E,1,03,0.0,0.0,M,,,,0000*07
$GPRMC,080432.066,A,4831.3094,N,00744.3929,E,21.6,072.8,110826,,*3c
$GPGGA,080432.085,4831.3095,N,00744.3931,E,1,03,0.0,0.0,M,,,,0000*02
$GPRMC,080432.085,A,4831.3095,N,00744.3931,E,21.6,072.8,110826,,*39
$GPGGA,080432.102,4831.3095,N,00744.3932,E,1,03,0.0,0.0,M,,,,0000*0f
$GPRMC,080432.102,A,4831.3095,N,00744.3932,E,21.6,072.8,110826,,*34
$GPGGA,080432.117,4831.3096,N,00744.3936,E,1,03,0.0,0.0,M,,,,0000*0c
$GPRMC,080432.117,A,4831.3096,N,00744.3936,E,21.6,072.8,110826,,*37
$GPGGA,080432.147,4831.3096,N,00744.3937,E,1,03,0.0,0.0,M,,,,0000*08
$GPRMC,080432.147,A,4831.3096,N,00744.3937,E,21.6,072.8,110826,,*33
$GPGGA,080432.163,4831.3096,N,00744.3938,E,1,03,0.0,0.0,M,,,,0000*01
$GPRMC,080432.163,A,4831.3096,N,00744.3938,E,21.6,072.8,110826,,*3a
$GPGGA,080432.194,4831.3097,N,00744.3942,E,1,03,0.0,0.0,M,,,,0000*05
$GPRMC,080432.194,A,4831.3097,N,00744.3942,E,21.6,072.8,110826,,*3e
$GPGGA,080432.210,4831.3097,N,00744.3944,E,1,03,0.0,0.0,M,,,,0000*0c
$GPRMC,080432.210,A,4831.3097,N,00744.3944,E,21.6,072.8,110826,,*37
$GPGGA,080432.225,4831.3098,N,00744.3946,E,1,03,0.0,0.0,M,,,,0000*07
$GPRMC,080432.225,A,4831.3098,N,00744.3946,E,21.6,072.8,110826,,*3c
$GPGGA,080432.239,4831.3098,N,00744.3947,E,1,03,0.0,0.0,M,,,,0000*0b
$GPRMC,080432.239,A,4831.3098,N,00744.3947,E,21.6,072.8,110826,,*30
$GPGGA,080432.253,4831.3098,N,00744.3949,E,1,03,0.0,0.0,M,,,,0000*09
$GPRMC,080432.253,A,4831.3098,N,00744.3949,E,21.6,072.8,110826,,*32
$GPGGA,080432.271,4831.3099,N,00744.3951,E,1,03,0.0,0.0,M,,,,0000*01
$GPRMC,080432.271,A,4831.3099,N,00744.3951,E,21.6,072.8,110826,,*3a
$GPGGA,080432.283,4831.3099,N,00744.3951,E,1,03,0.0,0.0,M,,,,0000*0c
$GPRMC,080432.283,A,4831.3099,N,00744.3951,E,21.6,072.8,110826,,*37
$GPGGA,080432.314,4831.3099,N,00744.3953,E,1,03,0.0,0.0,M,,,,0000*01
$GPRMC,080432.314,A,4831.3099,N,00744.3953,E,21.6,072.8,110826,,*3a
$GPGGA,080432.333,4831.3099,N,00744.3954,E,1,03,0.0,0.0,M,,,,0000*03
$GPRMC,080432.333,A,4831.3099,N,00744.3954,E,21.6,072.8,110826,,*38
$GPGGA,080432.348,4831.3100,N,00744.3957,E,1,03,0.0,0.0,M,,,,0000*0d
$GPRMC,080432.348,A,4831.3100,N,00744.3957,E,21.6,072.8,110826,,*36
$GPGGA,080432.367,4831.3100,N,00744.3958,E,1,03,0.0,0.0,M,,,,0000*0f
$GPRMC,080432.367,A,4831.3100,N,00744.3958,E,21.6,072.8,110826,,*34
$GPGGA,080432.385,4831.3101,N,00744.3960,E,1,03,0.0,0.0,M,,,,0000*09
$GPRMC,080432.385,A,4831.3101,N,00744.3960,E,21.6,072.8,110826,,*32
$GPGGA,080432.402,4831.3101,N,00744.3963,E,1,03,0.0,0.0,M,,,,0000*02
$GPRMC,080432.402,A,4831.3101,N,00744.3963,E,21.6,072.8,110826,,*39
$GPGGA,080432.436,4831.3102,N,00744.3965,E,1,03,0.0,0.0,M,,,,0000*00
$GPRMC,080432.436,A,4831.3102,N,00744.3965,E,21.6,072.8,110826,,*3b
$GPGGA,080432.468,4831.3102,N,00744.3968,E,1,03,0.0,0.0,M,,,,0000*06
$GPRMC,080432.468,A,4831.3102,N,00744.3968,E,21.6,072.8,110826,,*3d
$GPGGA,080432.484,4831.3103,N,00744.3969,E,1,03,0.0,0.0,M,,,,0000*04
$GPRMC,080432.484,A,4831.3103,N,00744.3969,E,21.6,072.8,110826,,*3f
$GPGGA,080432.501,4831.3103,N,00744.3972,E,1,03,0.0,0.0,M,,,,0000*02
$GPRMC,080432.501,A,4831.3103,N,00744.3972,E,21.6,072.8,110826,,*39
$GPGGA,080432.535,4831.3104,N,00744.3974,E,1,03,0.0,0.0,M,,,,0000*04
$GPRMC,080432.535,A,4831.3104,N,00744.3974,E,21.6,072.8,110826,,*3f
$GPGGA,080432.567,4831.3104,N,00744.3978,E,1,03,0.0,0.0,M,,,,0000*0f
$GPRMC,080432.567,A,4831.3104,N,00744.3978,E,21.6,072.8,110826,,*34
$GPGGA,080432.591,4831.3105,N,00744.3979,E,1,03,0.0,0.0,M,,,,0000*06
$GPRMC,080432.591,A,4831.3105,N,00744.3979,E,21.6,072.8,110826,,*3d
$GPGGA,080432.605,4831.3105,N,00744.3983,E,1,03,0.0,0.0,M,,,,0000*0d
$GPRMC,080432.605,A,4831.3105,N,00744.3983,E,21.6,072.8,110826,,*36
$GPGGA,080432.618,4831.3106,N,00744.3985,E,1,03,0.0,0.0,M,,,,0000*04
$GPRMC,080432.618,A,4831.3106,N,00744.3985,E,21.6,072.8,110826,,*3f
$GPGGA,080432.652,4831.3106,N,00744.3986,E,1,03,0.0,0.0,M,,,,0000*09
$GPRMC,080432.652,A,4831.3106,N,00744.3986,E,21.6,072.8,110826,,*32
$GPGGA,080432.681,4831.3107,N,00744.3990,E,1,03,0.0,0.0,M,,,,0000*01
$GPRMC,080432.681,A,4831.3107,N,00744.3990,E,21.6,072.8,110826,,*3a
$GPGGA,080432.703,4831.3107,N,00744.3991,E,1,03,0.0,0.0,M,,,,0000*0b
$GPRMC,080432.703,A,4831.3107,N,00744.3991,E,21.6,072.8,110826,,*30
$GPGGA,080432.733,4831.3108,N,00744.3994,E,1,03,0.0,0.0,M,,,,0000*02
$GPRMC,080432.733,A,4831.3108,N,00744.3994,E,21.6,072.8,110826,,*39
$GPGGA,080432.849,4831.3108,N,00744.3996,E,1,03,0.0,0.0,M,,,,0000*02
$GPRMC,080432.849,A,4831.3108,N,00744.3996,E,21.6,072.8,110826,,*39
$GPGGA,080432.857,4831.3110,N,00744.4008,E,1,03,0.0,0.0,M,,,,0000*0d
$GPRMC,080432.857,A,4831.3110,N,00744.4008,E,21.6,072.8,110826,,*36
$GPGGA,080432.874,4831.3111,N,00744.4009,E,1,03,0.0,0.0,M,,,,0000*0c
$GPRMC,080432.874,A,4831.3111,N,00744.4009,E,21.6,072.8,110826,,*37
$GPGGA,080432.886,4831.3111,N,00744.4010,E,1,03,0.0,0.0,M,,,,0000*09
$GPRMC,080432.886,A,4831.3111,N,00744.4010,E,21.6,072.8,110826,,*32
$GPGGA,080432.914,4831.3111,N,00744.4012,E,1,03,0.0,0.0,M,,,,0000*01
$GPRMC,080432.914,A,4831.3111,N,00744.4012,E,21.6,072.8,110826,,*3a
$GPGGA,080432.927,4831.3112,N,00744.4014,E,1,03,0.0,0.0,M,,,,0000*04
$GPRMC,080432.927,A,4831.3112,N,00744.4014,E,21.6,072.8,110826,,*3f
$GPGGA,080432.942,4831.3112,N,00744.4016,E,1,03,0.0,0.0,M,,,,0000*05
$GPRMC,080432.942,A,4831.3112,N,00744.4016,E,21.6,072.8,110826,,*3e
$GPGGA,080432.956,4831.3112,N,00744.4017,E,1,03,0.0,0.0,M,,,,0000*01
$GPRMC,080432.956,A,4831.3112,N,00744.4017,E,21.6,072.8,110826,,*3a
$GPGGA,080432.972,4831.3113,N,00744.4019,E,1,03,0.0,0.0,M,,,,0000*08
$GPRMC,080432.972,A,4831.3113,N,00744.4019,E,21.6,072.8,110826,,*33
$GPGGA,080432.993,4831.3113,N,00744.4021,E,1,03,0.0,0.0,M,,,,0000*0c
$GPRMC,080432.993,A,4831.3113,N,00744.4021,E,21.6,072.8,110826,,*37
$GPGGA,080433.016,4831.3113,N,00744.4022,E,1,03,0.0,0.0,M,,,,0000*0a
$GPRMC,080433.016,A,4831.3113,N,00744.4022,E,21.6,072.8,110826,,*31
$GPGGA,080433.052,4831.3114,N,00744.4025,E,1,03,0.0,0.0,M,,,,0000*0a
$GPRMC,080433.052,A,4831.3114,N,00744.4025,E,21.6,072.8,110826,,*31
$GPGGA,080433.069,4831.3115,N,00744.4028,E,1,03,0.0,0.0,M,,,,0000*0e
$GPRMC,080433.069,A,4831.3115,N,00744.4028,E,21.6,072.8,110826,,*35
$GPGGA,080433.087,4831.3115,N,00744.4030,E,1,03,0.0,0.0,M,,,,0000*07
$GPRMC,080433.087,A,4831.3115,N,00744.4030,E,21.6,072.8,110826,,*3c
$GPGGA,080433.100,4831.3115,N,00744.4032,E,1,03,0.0,0.0,M,,,,0000*0b
$GPRMC,080433.100,A,4831.3115,N,00744.4032,E,21.6,072.8,110826,,*30
$GPGGA,080433.134,4831.3116,N,00744.4033,E,1,03,0.0,0.0,M,,,,0000*0e
$GPRMC,080433.134,A,4831.3116,N,00744.4033,E,21.6,072.8,110826,,*35
$GPGGA,080433.151,4831.3116,N,00744.4035,E,1,03,0.0,0.0,M,,,,0000*0b
$GPRMC,080433.151,A,4831.3116,N,00744.4035,E,21.6,072.8,110826,,*30
$GPGGA,080433.164,4831.3116,N,00744.4037,E,1,03,0.0,0.0,M,,,,0000*0f
$GPRMC,080433.164,A,4831.3116,N,00744.4037,E,21.6,072.8,110826,,*34
$GPGGA,080433.179,4831.3117,N,00744.4039,E,1,03,0.0,0.0,M,,,,0000*0c
$GPRMC,080433.179,A,4831.3117,N,00744.4039,E,21.6,072.8,110826,,*37
$GPGGA,080433.196,4831.3117,N,00744.4041,E,1,03,0.0,0.0,M,,,,0000*02
$GPRMC,080433.196,A,4831.3117,N,00744.4041,E,21.6,072.8,110826,,*39
$GPGGA,080433.234,4831.3118,N,00744.4043,E,1,03,0.0,0.0,M,,,,0000*04
$GPRMC,080433.234,A,4831.3118,N,00744.4043,E,21.6,072.8,110826,,*3f
$GPGGA,080433.250,4831.3118,N,00744.4045,E,1,03,0.0,0.0,M,,,,0000*00
$GPRMC,080433.250,A,4831.3118,N,00744.4045,E,21.6,072.8,110826,,*3b
$GPGGA,080433.303,4831.3119,N,00744.4048,E,1,03,0.0,0.0,M,,,,0000*0b
$GPRMC,080433.303,A,4831.3119,N,00744.4048,E,21.6,072.8,110826,,*30
$GPGGA,080433.335,4831.3120,N,00744.4053,E,1,03,0.0,0.0,M,,,,0000*0e
$GPRMC,080433.335,A,4831.3120,N,00744.4053,E,21.6,072.8,110826,,*35
$GPGGA,080433.367,4831.3120,N,00744.4057,E,1,03,0.0,0.0,M,,,,0000*0d
$GPRMC,080433.367,A,4831.3120,N,00744.4057,E,21.6,072.8,110826,,*36
$GPGGA,080433.400,4831.3121,N,00744.4060,E,1,03,0.0,0.0,M,,,,0000*0e
$GPRMC,080433.400,A,4831.3121,N,00744.4060,E,21.6,072.8,110826,,*35
$GPGGA,080433.420,4831.3122,N,00744.4063,E,1,03,0.0,0.0,M,,,,0000*0c
$GPRMC,080433.420,A,4831.3122,N,00744.4063,E,21.6,072.8,110826,,*37
$GPGGA,080433.452,4831.3122,N,00744.4065,E,1,03,0.0,0.0,M,,,,0000*0f
$GPRMC,080433.452,A,4831.3122,N,00744.4065,E,21.6,072.8,110826,,*34
$GPGGA,080433.468,4831.3122,N,00744.4066,E,1,03,0.0,0.0,M,,,,0000*05
$GPRMC,080433.468,A,4831.3122,N,00744.4066,E,21.6,072.8,110826,,*3e
$GPGGA,080433.484,4831.3123,N,00744.4068,E,1,03,0.0,0.0,M,,,,0000*08
$GPRMC,080433.484,A,4831.3123,N,00744.4068,E,21.6,072.8,110826,,*33
$GPGGA,080433.503,4831.3123,N,00744.4070,E,1,03,0.0,0.0,M,,,,0000*0f
$GPRMC,080433.503,A,4831.3123,N,00744.4070,E,21.6,072.8,110826,,*34
$GPGGA,080433.520,4831.3123,N,00744.4071,E,1,03,0.0,0.0,M,,,,0000*0f
$GPRMC,080433.520,A,4831.3123,N,00744.4071,E,21.6,072.8,110826,,*34
$GPGGA,080433.552,4831.3124,N,00744.4075,E,1,03,0.0,0.0,M,,,,0000*09
$GPRMC,080433.552,A,4831.3124,N,00744.4075,E,21.6,072.8,110826,,*32
$GPGGA,080433.568,4831.3124,N,00744.4076,E,1,03,0.0,0.0,M,,,,0000*03
$GPRMC,080433.568,A,4831.3124,N,00744.4076,E,21.6,072.8,110826,,*38
$GPGGA,080433.591,4831.3125,N,00744.4078,E,1,03,0.0,0.0,M,,,,0000*0a
$GPRMC,080433.591,A,4831.3125,N,00744.4078,E,21.6,072.8,110826,,*31
$GPGGA,080433.607,4831.3125,N,00744.4081,E,1,03,0.0,0.0,M,,,,0000*00
$GPRMC,080433.607,A,4831.3125,N,00744.4081,E,21.6,072.8,110826,,*3b
$GPGGA,080433.620,4831.3126,N,00744.4082,E,1,03,0.0,0.0,M,,,,0000*05
$GPRMC,080433.620,A,4831.3126,N,00744.4082,E,21.6,072.8,110826,,*3e
$GPGGA,080433.636,4831.3126,N,00744.4084,E,1,03,0.0,0.0,M,,,,0000*04
$GPRMC,080433.636,A,4831.3126,N,00744.4084,E,21.6,072.8,110826,,*3f
$GPGGA,080433.668,4831.3126,N,00744.4086,E,1,03,0.0,0.0,M,,,,0000*0d
$GPRMC,080433.668,A,4831.3126,N,00744.4086,E,21.6,072.8,110826,,*36
$GPGGA,080433.683,4831.3127,N,00744.4087,E,1,03,0.0,0.0,M,,,,0000*08
$GPRMC,080433.683,A,4831.3127,N,00744.4087,E,21.6,072.8,110826,,*33
$GPGGA,080433.699,4831.3127,N,00744.4089,E,1,03,0.0,0.0,M,,,,0000*0d
$GPRMC,080433.699,A,4831.3127,N,00744.4089,E,21.6,072.8,110826,,*36
$GPGGA,080433.722,4831.3127,N,00744.4091,E,1,03,0.0,0.0,M,,,,0000*05
$GPRMC,080433.722,A,4831.3127,N,00744.4091,E,21.6,072.8,110826,,*3e
$GPGGA,080433.722,4831.3128,N,00744.4093,E,1,03,0.0,0.0,M,,,,0000*08
$GPRMC,080433.722,A,4831.3128,N,00744.4093,E,21.6,072.8,110826,,*33
$GPGGA,080433.737,4831.3128,N,00744.4095,E,1,03,0.0,0.0,M,,,,0000*0a
$GPRMC,080433.737,A,4831.3128,N,00744.4095,E,21.6,072.8,110826,,*31
$GPGGA,080433.850,4831.3129,N,00744.4096,E,1,03,0.0,0.0,M,,,,0000*06
$GPRMC,080433.850,A,4831.3129,N,00744.4096,E,21.6,072.8,110826,,*3d
$GPGGA,080433.869,4831.3131,N,00744.4107,E,1,03,0.0,0.0,M,,,,0000*0c
$GPRMC,080433.869,A,4831.3131,N,00744.4107,E,21.6,072.8,110826,,*37
$GPGGA,080433.892,4831.3131,N,00744.4109,E,1,03,0.0,0.0,M,,,,0000*06
$GPRMC,080433.892,A,4831.3131,N,00744.4109,E,21.6,072.8,110826,,*3d
$GPGGA,080433.899,4831.3132,N,00744.4111,E,1,03,0.0,0.0,M,,,,0000*07
$GPRMC,080433.899,A,4831.3132,N,00744.4111,E,21.6,072.8,110826,,*3c
$GPGGA,080433.920,4831.3132,N,00744.4112,E,1,03,0.0,0.0,M,,,,0000*07
$GPRMC,080433.920,A,4831.3132,N,00744.4112,E,21.6,072.8,110826,,*3c
$GPGGA,080433.934,4831.3132,N,00744.4113,E,1,03,0.0,0.0,M,,,,0000*03
$GPRMC,080433.934,A,4831.3132,N,00744.4113,E,21.6,072.8,110826,,*38
$GPGGA,080433.969,4831.3132,N,00744.4115,E,1,03,0.0,0.0,M,,,,0000*0d
$GPRMC,080433.969,A,4831.3132,N,00744.4115,E,21.6,072.8,110826,,*36
$GPGGA,080434.001,4831.3133,N,00744.4119,E,1,03,0.0,0.0,M,,,,0000*00
$GPRMC,080434.001,A,4831.3133,N,00744.4119,E,21.6,072.8,110826,,*3b
$GPGGA,080434.033,4831.3134,N,00744.4122,E,1,03,0.0,0.0,M,,,,0000*0e
$GPRMC,080434.033,A,4831.3134,N,00744.4122,E,21.6,072.8,110826,,*35
$GPGGA,080434.069,4831.3135,N,00744.4125,E,1,03,0.0,0.0,M,,,,0000*07
$GPRMC,080434.069,A,4831.3135,N,00744.4125,E,21.6,072.8,110826,,*3c
$GPGGA,080434.087,4831.3135,N,00744.4129,E,1,03,0.0,0.0,M,,,,0000*0b
$GPRMC,080434.087,A,4831.3135,N,00744.4129,E,21.6,072.8,110826,,*30
$GPGGA,080434.117,4831.3136,N,00744.4130,E,1,03,0.0,0.0,M,,,,0000*08
$GPRMC,080434.117,A,4831.3136,N,00744.4130,E,21.6,072.8,110826,,*33
$GPGGA,080434.151,4831.3136,N,00744.4133,E,1,03,0.0,0.0,M,,,,0000*09
$GPRMC,080434.151,A,4831.3136,N,00744.4133,E,21.6,072.8,110826,,*32
$GPGGA,080434.166,4831.3137,N,00744.4135,E,1,03,0.0,0.0,M,,,,0000*0a
$GPRMC,080434.166,A,4831.3137,N,00744.4135,E,21.6,072.8,110826,,*31
$GPGGA,080434.185,4831.3137,N,00744.4137,E,1,03,0.0,0.0,M,,,,0000*05
$GPRMC,080434.185,A,4831.3137,N,00744.4137,E,21.6,072.8,110826,,*3e
$GPGGA,080434.185,4831.3137,N,00744.4139,E,1,03,0.0,0.0,M,,,,0000*0b
$GPRMC,080434.185,A,4831.3137,N,00744.4139,E,21.6,072.8,110826,,*30
$GPGGA,080434.202,4831.3138,N,00744.4140,E,1,03,0.0,0.0,M,,,,0000*06
$GPRMC,080434.202,A,4831.3138,N,00744.4140,E,21.6,072.8,110826,,*3d
$GPGGA,080434.233,4831.3138,N,00744.4142,E,1,03,0.0,0.0,M,,,,0000*06
$GPRMC,080434.233,A,4831.3138,N,00744.4142,E,21.6,072.8,110826,,*3d
$GPGGA,080434.251,4831.3138,N,00744.4143,E,1,03,0.0,0.0,M,,,,0000*03
$GPRMC,080434.251,A,4831.3138,N,00744.4143,E,21.6,072.8,110826,,*38
$GPGGA,080434.268,4831.3139,N,00744.4144,E,1,03,0.0,0.0,M,,,,0000*0f
$GPRMC,080434.268,A,4831.3139,N,00744.4144,E,21.6,072.8,110826,,*34
$GPGGA,080434.285,4831.3139,N,00744.4147,E,1,03,0.0,0.0,M,,,,0000*0f
$GPRMC,080434.285,A,4831.3139,N,00744.4147,E,21.6,072.8,110826,,*34
$GPGGA,080434.301,4831.3140,N,00744.4150,E,1,03,0.0,0.0,M,,,,0000*0a
$GPRMC,080434.301,A,4831.3140,N,00744.4150,E,21.6,072.8,110826,,*31
$GPGGA,080434.333,4831.3140,N,00744.4151,E,1,03,0.0,0.0,M,,,,0000*0a
$GPRMC,080434.333,A,4831.3140,N,00744.4151,E,21.6,072.8,110826,,*31
$GPGGA,080434.352,4831.3140,N,00744.4153,E,1,03,0.0,0.0,M,,,,0000*0f
$GPRMC,080434.352,A,4831.3140,N,00744.4153,E,21.6,072.8,110826,,*34
$GPGGA,080434.368,4831.3140,N,00744.4154,E,1,03,0.0,0.0,M,,,,0000*01
$GPRMC,080434.368,A,4831.3140,N,00744.4154,E,21.6,072.8,110826,,*3a
$GPGGA,080434.383,4831.3141,N,00744.4156,E,1,03,0.0,0.0,M,,,,0000*07
$GPRMC,080434.383,A,4831.3141,N,00744.4156,E,21.6,072.8,110826,,*3c
$GPGGA,080434.399,4831.3141,N,00744.4158,E,1,03,0.0,0.0,M,,,,0000*02
$GPRMC,080434.399,A,4831.3141,N,00744.4158,E,21.6,072.8,110826,,*39
$GPGGA,080434.419,4831.3141,N,00744.4159,E,1,03,0.0,0.0,M,,,,0000*0c
$GPRMC,080434.419,A,4831.3141,N,00744.4159,E,21.6,072.8,110826,,*37
$GPGGA,080434.434,4831.3142,N,00744.4162,E,1,03,0.0,0.0,M,,,,0000*08
$GPRMC,080434.434,A,4831.3142,N,00744.4162,E,21.6,072.8,110826,,*33
$GPGGA,080434.465,4831.3143,N,00744.4165,E,1,03,0.0,0.0,M,,,,0000*0a
$GPRMC,080434.465,A,4831.3143,N,00744.4165,E,21.6,072.8,110826,,*31
$GPGGA,080434.477,4831.3143,N,00744.4166,E,1,03,0.0,0.0,M,,,,0000*0a
$GPRMC,080434.477,A,4831.3143,N,00744.4166,E,21.6,072.8,110826,,*31
$GPGGA,080434.499,4831.3143,N,00744.4167,E,1,03,0.0,0.0,M,,,,0000*0b
$GPRMC,080434.499,A,4831.3143,N,00744.4167,E,21.6,072.8,110826,,*30
$GPGGA,080434.519,4831.3143,N,00744.4169,E,1,03,0.0,0.0,M,,,,0000*0c
$GPRMC,080434.519,A,4831.3143,N,00744.4169,E,21.6,072.8,110826,,*37
$GPGGA,080434.554,4831.3144,N,00744.4172,E,1,03,0.0,0.0,M,,,,0000*08
$GPRMC,080434.554,A,4831.3144,N,00744.4172,E,21.6,072.8,110826,,*33
$GPGGA,080434.569,4831.3145,N,00744.4174,E,1,03,0.0,0.0,M,,,,0000*01
$GPRMC,080434.569,A,4831.3145,N,00744.4174,E,21.6,072.8,110826,,*3a
$GPGGA,080434.593,4831.3145,N,00744.4176,E,1,03,0.0,0.0,M,,,,0000*06
$GPRMC,080434.593,A,4831.3145,N,00744.4176,E,21.6,072.8,110826,,*3d
$GPGGA,080434.602,4831.3146,N,00744.4179,E,1,03,0.0,0.0,M,,,,0000*01
$GPRMC,080434.602,A,4831.3146,N,00744.4179,E,21.6,072.8,110826,,*3a
$GPGGA,080434.619,4831.3146,N,00744.4180,E,1,03,0.0,0.0,M,,,,0000*0d
$GPRMC,080434.619,A,4831.3146,N,00744.4180,E,21.6,072.8,110826,,*36
$GPGGA,080434.634,4831.3146,N,00744.4183,E,1,03,0.0,0.0,M,,,,0000*01
$GPRMC,080434.634,A,4831.3146,N,00744.4183,E,21.6,072.8,110826,,*3a
$GPGGA,080434.665,4831.3147,N,00744.4184,E,1,03,0.0,0.0,M,,,,0000*03
$GPRMC,080434.665,A,4831.3147,N,00744.4184,E,21.6,072.8,110826,,*38
$GPGGA,080434.680,4831.3147,N,00744.4185,E,1,03,0.0,0.0,M,,,,0000*09
$GPRMC,080434.680,A,4831.3147,N,00744.4185,E,21.6,072.8,110826,,*32
$GPGGA,080434.701,4831.3147,N,00744.4187,E,1,03,0.0,0.0,M,,,,0000*03
$GPRMC,080434.701,A,4831.3147,N,00744.4187,E,21.6,072.8,110826,,*38
$GPGGA,080434.701,4831.3148,N,00744.4189,E,1,03,0.0,0.0,M,,,,0000*02
$GPRMC,080434.701,A,4831.3148,N,00744.4189,E,21.6,072.8,110826,,*39
$GPGGA,080434.733,4831.3148,N,00744.4190,E,1,03,0.0,0.0,M,,,,0000*0b
$GPRMC,080434.733,A,4831.3148,N,00744.4190,E,21.6,072.8,110826,,*30
$GPGGA,080434.749,4831.3148,N,00744.4192,E,1,03,0.0,0.0,M,,,,0000*04
$GPRMC,080434.749,A,4831.3148,N,00744.4192,E,21.6,072.8,110826,,*3f
$GPGGA,080434.773,4831.3149,N,00744.4195,E,1,03,0.0,0.0,M,,,,0000*0b
$GPRMC,080434.773,A,4831.3149,N,00744.4195,E,21.6,072.8,110826,,*30
$GPGGA,080434.787,4831.3149,N,00744.4198,E,1,03,0.0,0.0,M,,,,0000*0d
$GPRMC,080434.787,A,4831.3149,N,00744.4198,E,21.6,072.8,110826,,*36
$GPGGA,080434.800,4831.3150,N,00744.4198,E,1,03,0.0,0.0,M,,,,0000*05
$GPRMC,080434.800,A,4831.3150,N,00744.4198,E,21.6,072.8,110826,,*3e
$GPGGA,080434.836,4831.3150,N,00744.4200,E,1,03,0.0,0.0,M,,,,0000*02
$GPRMC,080434.836,A,4831.3150,N,00744.4200,E,21.6,072.8,110826,,*39
$GPGGA,080434.852,4831.3150,N,00744.4202,E,1,03,0.0,0.0,M,,,,0000*02
$GPRMC,080434.852,A,4831.3150,N,00744.4202,E,21.6,072.8,110826,,*39
$GPGGA,080434.883,4831.3151,N,00744.4205,E,1,03,0.0,0.0,M,,,,0000*08
$GPRMC,080434.883,A,4831.3151,N,00744.4205,E,21.6,072.8,110826,,*33
$GPGGA,080434.917,4831.3152,N,00744.4208,E,1,03,0.0,0.0,M,,,,0000*0a
$GPRMC,080434.917,A,4831.3152,N,00744.4208,E,21.6,072.8,110826,,*31
$GPGGA,080434.937,4831.3152,N,00744.4210,E,1,03,0.0,0.0,M,,,,0000*01
$GPRMC,080434.937,A,4831.3152,N,00744.4210,E,21.6,072.8,110826,,*3a
$GPGGA,080434.954,4831.3153,N,00744.4214,E,1,03,0.0,0.0,M,,,,0000*01
$GPRMC,080434.954,A,4831.3153,N,00744.4214,E,21.6,072.8,110826,,*3a
$GPGGA,080434.986,4831.3153,N,00744.4215,E,1,03,0.0,0.0,M,,,,0000*0f
$GPRMC,080434.986,A,4831.3153,N,00744.4215,E,21.6,072.8,110826,,*34
$GPGGA,080435.001,4831.3153,N,00744.4217,E,1,03,0.0,0.0,M,,,,0000*0a
$GPRMC,080435.001,A,4831.3153,N,00744.4217,E,21.6,072.8,110826,,*31
$GPGGA,080435.018,4831.3154,N,00744.4218,E,1,03,0.0,0.0,M,,,,0000*0a
$GPRMC,080435.018,A,4831.3154,N,00744.4218,E,21.6,072.8,110826,,*31
$GPGGA,080435.036,4831.3154,N,00744.4220,E,1,03,0.0,0.0,M,,,,0000*0d
$GPRMC,080435.036,A,4831.3154,N,00744.4220,E,21.6,072.8,110826,,*36
$GPGGA,080435.051,4831.3154,N,00744.4221,E,1,03,0.0,0.0,M,,,,0000*0d
$GPRMC,080435.051,A,4831.3154,N,00744.4221,E,21.6,072.8,110826,,*36
$GPGGA,080435.069,4831.3155,N,00744.4223,E,1,03,0.0,0.0,M,,,,0000*05
$GPRMC,080435.069,A,4831.3155,N,00744.4223,E,21.6,072.8,110826,,*3e
$GPGGA,080435.083,4831.3155,N,00744.4226,E,1,03,0.0,0.0,M,,,,0000*04
$GPRMC,080435.083,A,4831.3155,N,00744.4226,E,21.6,072.8,110826,,*3f
$GPGGA,080435.115,4831.3156,N,00744.4228,E,1,03,0.0,0.0,M,,,,0000*07
$GPRMC,080435.115,A,4831.3156,N,00744.4228,E,21.6,072.8,110826,,*3c
$GPGGA,080435.131,4831.3156,N,00744.4230,E,1,03,0.0,0.0,M,,,,0000*08
$GPRMC,080435.131,A,4831.3156,N,00744.4230,E,21.6,072.8,110826,,*33
$GPGGA,080435.163,4831.3157,N,00744.4232,E,1,03,0.0,0.0,M,,,,0000*0c
$GPRMC,080435.163,A,4831.3157,N,00744.4232,E,21.6,072.8,110826,,*37
$GPGGA,080435.180,4831.3157,N,00744.4236,E,1,03,0.0,0.0,M,,,,0000*05
$GPRMC,080435.180,A,4831.3157,N,00744.4236,E,21.6,072.8,110826,,*3e
$GPGGA,080435.219,4831.3158,N,00744.4237,E,1,03,0.0,0.0,M,,,,0000*08
$GPRMC,080435.219,A,4831.3158,N,00744.4237,E,21.6,072.8,110826,,*33
$GPGGA,080435.251,4831.3158,N,00744.4241,E,1,03,0.0,0.0,M,,,,0000*05
$GPRMC,080435.251,A,4831.3158,N,00744.4241,E,21.6,072.8,110826,,*3e
$GPGGA,080435.285,4831.3159,N,00744.4244,E,1,03,0.0,0.0,M,,,,0000*08
$GPRMC,080435.285,A,4831.3159,N,00744.4244,E,21.6,072.8,110826,,*33
$GPGGA,080435.319,4831.3160,N,00744.4248,E,1,03,0.0,0.0,M,,,,0000*0a
$GPRMC,080435.319,A,4831.3160,N,00744.4248,E,21.6,072.8,110826,,*31
$GPGGA,080435.351,4831.3160,N,00744.4251,E,1,03,0.0,0.0,M,,,,0000*0e
$GPRMC,080435.351,A,4831.3160,N,00744.4251,E,21.6,072.8,110826,,*35
$GPGGA,080435.386,4831.3161,N,00744.4254,E,1,03,0.0,0.0,M,,,,0000*00
$GPRMC,080435.386,A,4831.3161,N,00744.4254,E,21.6,072.8,110826,,*3b
$GPGGA,080435.399,4831.3162,N,00744.4257,E,1,03,0.0,0.0,M,,,,0000*0e
$GPRMC,080435.399,A,4831.3162,N,00744.4257,E,21.6,072.8,110826,,*35
$GPGGA,080435.419,4831.3162,N,00744.4259,E,1,03,0.0,0.0,M,,,,0000*0f
$GPRMC,080435.419,A,4831.3162,N,00744.4259,E,21.6,072.8,110826,,*34
$GPGGA,080435.435,4831.3162,N,00744.4261,E,1,03,0.0,0.0,M,,,,0000*0a
$GPRMC,080435.435,A,4831.3162,N,00744.4261,E,21.6,072.8,110826,,*31
$GPGGA,080435.453,4831.3163,N,00744.4262,E,1,03,0.0,0.0,M,,,,0000*08
$GPRMC,080435.453,A,4831.3163,N,00744.4262,E,21.6,072.8,110826,,*33
$GPGGA,080435.469,4831.3163,N,00744.4264,E,1,03,0.0,0.0,M,,,,0000*07
$GPRMC,080435.469,A,4831.3163,N,00744.4264,E,21.6,072.8,110826,,*3c
$GPGGA,080435.503,4831.3163,N,00744.4266,E,1,03,0.0,0.0,M,,,,0000*08
$GPRMC,080435.503,A,4831.3163,N,00744.4266,E,21.6,072.8,110826,,*33
$GPGGA,080435.518,4831.3164,N,00744.4269,E,1,03,0.0,0.0,M,,,,0000*0a
$GPRMC,080435.518,A,4831.3164,N,00744.4269,E,21.6,072.8,110826,,*31
$GPGGA,080435.549,4831.3164,N,00744.4270,E,1,03,0.0,0.0,M,,,,0000*06
$GPRMC,080435.549,A,4831.3164,N,00744.4270,E,21.6,072.8,110826,,*3d
$GPGGA,080435.569,4831.3165,N,00744.4272,E,1,03,0.0,0.0,M,,,,0000*07
$GPRMC,080435.569,A,4831.3165,N,00744.4272,E,21.6,072.8,110826,,*3c
$GPGGA,080435.590,4831.3165,N,00744.4275,E,1,03,0.0,0.0,M,,,,0000*06
$GPRMC,080435.590,A,4831.3165,N,00744.4275,E,21.6,072.8,110826,,*3d
$GPGGA,080435.603,4831.3166,N,00744.4277,E,1,03,0.0,0.0,M,,,,0000*0e
$GPRMC,080435.603,A,4831.3166,N,00744.4277,E,21.6,072.8,110826,,*35
$GPGGA,080435.620,4831.3166,N,00744.4279,E,1,03,0.0,0.0,M,,,,0000*01
$GPRMC,080435.620,A,4831.3166,N,00744.4279,E,21.6,072.8,110826,,*3a
$GPGGA,080435.652,4831.3166,N,00744.4280,E,1,03,0.0,0.0,M,,,,0000*02
$GPRMC,080435.652,A,4831.3166,N,00744.4280,E,21.6,072.8,110826,,*39
$GPGGA,080435.684,4831.3167,N,00744.4284,E,1,03,0.0,0.0,M,,,,0000*0c
$GPRMC,080435.684,A,4831.3167,N,00744.4284,E,21.6,072.8,110826,,*37
$GPGGA,080435.700,4831.3167,N,00744.4285,E,1,03,0.0,0.0,M,,,,0000*00
$GPRMC,080435.700,A,4831.3167,N,00744.4285,E,21.6,072.8,110826,,*3b
$GPGGA,080435.718,4831.3168,N,00744.4287,E,1,03,0.0,0.0,M,,,,0000*04
$GPRMC,080435.718,A,4831.3168,N,00744.4287,E,21.6,072.8,110826,,*3f
$GPGGA,080435.733,4831.3168,N,00744.4290,E,1,03,0.0,0.0,M,,,,0000*0b
$GPRMC,080435.733,A,4831.3168,N,00744.4290,E,21.6,072.8,110826,,*30
$GPGGA,080435.871,4831.3169,N,00744.4291,E,1,03,0.0,0.0,M,,,,0000*02
$GPRMC,080435.871,A,4831.3169,N,00744.4291,E,21.6,072.8,110826,,*39
$GPGGA,080435.889,4831.3171,N,00744.4305,E,1,03,0.0,0.0,M,,,,0000*00
$GPRMC,080435.889,A,4831.3171,N,00744.4305,E,21.6,072.8,110826,,*3b
$GPGGA,080435.912,4831.3172,N,00744.4306,E,1,03,0.0,0.0,M,,,,0000*03
$GPRMC,080435.912,A,4831.3172,N,00744.4306,E,21.6,072.8,110826,,*38
$GPGGA,080435.989,4831.3172,N,00744.4308,E,1,03,0.0,0.0,M,,,,0000*0f
$GPRMC,080435.989,A,4831.3172,N,00744.4308,E,21.6,072.8,110826,,*34
$GPGGA,080436.007,4831.3174,N,00744.4316,E,1,03,0.0,0.0,M,,,,0000*0a
$GPRMC,080436.007,A,4831.3174,N,00744.4316,E,21.6,072.8,110826,,*31
$GPGGA,080436.021,4831.3174,N,00744.4318,E,1,03,0.0,0.0,M,,,,0000*00
$GPRMC,080436.021,A,4831.3174,N,00744.4318,E,21.6,072.8,110826,,*3b
$GPGGA,080436.052,4831.3174,N,00744.4319,E,1,03,0.0,0.0,M,,,,0000*05
$GPRMC,080436.052,A,4831.3174,N,00744.4319,E,21.6,072.8,110826,,*3e
$GPGGA,080436.069,4831.3175,N,00744.4323,E,1,03,0.0,0.0,M,,,,0000*05
$GPRMC,080436.069,A,4831.3175,N,00744.4323,E,21.6,072.8,110826,,*3e
$GPGGA,080436.088,4831.3175,N,00744.4324,E,1,03,0.0,0.0,M,,,,0000*0d
$GPRMC,080436.088,A,4831.3175,N,00744.4324,E,21.6,072.8,110826,,*36
$GPGGA,080436.103,4831.3176,N,00744.4326,E,1,03,0.0,0.0,M,,,,0000*0e
$GPRMC,080436.103,A,4831.3176,N,00744.4326,E,21.6,072.8,110826,,*35
$GPGGA,080436.120,4831.3176,N,00744.4328,E,1,03,0.0,0.0,M,,,,0000*01
$GPRMC,080436.120,A,4831.3176,N,00744.4328,E,21.6,072.8,110826,,*3a
$GPGGA,080436.136,4831.3176,N,00744.4329,E,1,03,0.0,0.0,M,,,,0000*07
$GPRMC,080436.136,A,4831.3176,N,00744.4329,E,21.6,072.8,110826,,*3c
$GPGGA,080436.153,4831.3177,N,00744.4331,E,1,03,0.0,0.0,M,,,,0000*0c
$GPRMC,080436.153,A,4831.3177,N,00744.4331,E,21.6,072.8,110826,,*37
$GPGGA,080436.169,4831.3177,N,00744.4333,E,1,03,0.0,0.0,M,,,,0000*07
$GPRMC,080436.169,A,4831.3177,N,00744.4333,E,21.6,072.8,110826,,*3c
$GPGGA,080436.185,4831.3177,N,00744.4334,E,1,03,0.0,0.0,M,,,,0000*02
$GPRMC,080436.185,A,4831.3177,N,00744.4334,E,21.6,072.8,110826,,*39
$GPGGA,080436.201,4831.3178,N,00744.4336,E,1,03,0.0,0.0,M,,,,0000*00
$GPRMC,080436.201,A,4831.3178,N,00744.4336,E,21.6,072.8,110826,,*3b
$GPGGA,080436.234,4831.3178,N,00744.4337,E,1,03,0.0,0.0,M,,,,0000*07
$GPRMC,080436.234,A,4831.3178,N,00744.4337,E,21.6,072.8,110826,,*3c
$GPGGA,080436.247,4831.3179,N,00744.4340,E,1,03,0.0,0.0,M,,,,0000*02
$GPRMC,080436.247,A,4831.3179,N,00744.4340,E,21.6,072.8,110826,,*39
$GPGGA,080436.259,4831.3179,N,00744.4341,E,1,03,0.0,0.0,M,,,,0000*0c
$GPRMC,080436.259,A,4831.3179,N,00744.4341,E,21.6,072.8,110826,,*37
$GPGGA,080436.278,4831.3179,N,00744.4342,E,1,03,0.0,0.0,M,,,,0000*0c
$GPRMC,080436.278,A,4831.3179,N,00744.4342,E,21.6,072.8,110826,,*37
$GPGGA,080436.289,4831.3180,N,00744.4344,E,1,03,0.0,0.0,M,,,,0000*02
$GPRMC,080436.289,A,4831.3180,N,00744.4344,E,21.6,072.8,110826,,*39
$GPGGA,080436.309,4831.3180,N,00744.4346,E,1,03,0.0,0.0,M,,,,0000*09
$GPRMC,080436.309,A,4831.3180,N,00744.4346,E,21.6,072.8,110826,,*32
$GPGGA,080436.325,4831.3180,N,00744.4347,E,1,03,0.0,0.0,M,,,,0000*06
$GPRMC,080436.325,A,4831.3180,N,00744.4347,E,21.6,072.8,110826,,*3d
$GPGGA,080436.342,4831.3180,N,00744.4349,E,1,03,0.0,0.0,M,,,,0000*09
$GPRMC,080436.342,A,4831.3180,N,00744.4349,E,21.6,072.8,110826,,*32
$GPGGA,080436.361,4831.3181,N,00744.4351,E,1,03,0.0,0.0,M,,,,0000*00
$GPRMC,080436.361,A,4831.3181,N,00744.4351,E,21.6,072.8,110826,,*3b
$GPGGA,080436.370,4831.3181,N,00744.4352,E,1,03,0.0,0.0,M,,,,0000*03
$GPRMC,080436.370,A,4831.3181,N,00744.4352,E,21.6,072.8,110826,,*38
$GPGGA,080436.389,4831.3181,N,00744.4353,E,1,03,0.0,0.0,M,,,,0000*04
$GPRMC,080436.389,A,4831.3181,N,00744.4353,E,21.6,072.8,110826,,*3f
$GPGGA,080436.411,4831.3182,N,00744.4355,E,1,03,0.0,0.0,M,,,,0000*07
$GPRMC,080436.411,A,4831.3182,N,00744.4355,E,21.6,072.8,110826,,*3c
$GPGGA,080436.428,4831.3182,N,00744.4357,E,1,03,0.0,0.0,M,,,,0000*0f
$GPRMC,080436.428,A,4831.3182,N,00744.4357,E,21.6,072.8,110826,,*34
$GPGGA,080436.440,4831.3182,N,00744.4359,E,1,03,0.0,0.0,M,,,,0000*0f
$GPRMC,080436.440,A,4831.3182,N,00744.4359,E,21.6,072.8,110826,,*34
$GPGGA,080436.468,4831.3183,N,00744.4360,E,1,03,0.0,0.0,M,,,,0000*0e
$GPRMC,080436.468,A,4831.3183,N,00744.4360,E,21.6,072.8,110826,,*35
$GPGGA,080436.503,4831.3183,N,00744.4364,E,1,03,0.0,0.0,M,,,,0000*06
$GPRMC,080436.503,A,4831.3183,N,00744.4364,E,21.6,072.8,110826,,*3d
$GPGGA,080436.519,4831.3184,N,00744.4367,E,1,03,0.0,0.0,M,,,,0000*09
$GPRMC,080436.519,A,4831.3184,N,00744.4367,E,21.6,072.8,110826,,*32
$GPGGA,080436.552,4831.3184,N,00744.4369,E,1,03,0.0,0.0,M,,,,0000*08
$GPRMC,080436.552,A,4831.3184,N,00744.4369,E,21.6,072.8,110826,,*33
$GPGGA,080436.568,4831.3185,N,00744.4371,E,1,03,0.0,0.0,M,,,,0000*09
$GPRMC,080436.568,A,4831.3185,N,00744.4371,E,21.6,072.8,110826,,*32
$GPGGA,080436.589,4831.3185,N,00744.4372,E,1,03,0.0,0.0,M,,,,0000*05
$GPRMC,080436.589,A,4831.3185,N,00744.4372,E,21.6,072.8,110826,,*3e
$GPGGA,080436.601,4831.3186,N,00744.4375,E,1,03,0.0,0.0,M,,,,0000*02
$GPRMC,080436.601,A,4831.3186,N,00744.4375,E,21.6,072.8,110826,,*39
$GPGGA,080436.620,4831.3186,N,00744.4376,E,1,03,0.0,0.0,M,,,,0000*02
$GPRMC,080436.620,A,4831.3186,N,00744.4376,E,21.6,072.8,110826,,*39
$GPGGA,080436.653,4831.3186,N,00744.4378,E,1,03,0.0,0.0,M,,,,0000*08
$GPRMC,080436.653,A,4831.3186,N,00744.4378,E,21.6,072.8,110826,,*33
$GPGGA,080436.668,4831.3187,N,00744.4380,E,1,03,0.0,0.0,M,,,,0000*06
$GPRMC,080436.668,A,4831.3187,N,00744.4380,E,21.6,072.8,110826,,*3d
$GPGGA,080436.684,4831.3187,N,00744.4382,E,1,03,0.0,0.0,M,,,,0000*06
$GPRMC,080436.684,A,4831.3187,N,00744.4382,E,21.6,072.8,110826,,*3d
$GPGGA,080436.684,4831.3187,N,00744.4383,E,1,03,0.0,0.0,M,,,,0000*07
$GPRMC,080436.684,A,4831.3187,N,00744.4383,E,21.6,072.8,110826,,*3c
$GPGGA,080436.719,4831.3188,N,00744.4385,E,1,03,0.0,0.0,M,,,,0000*0b
$GPRMC,080436.719,A,4831.3188,N,00744.4385,E,21.6,072.8,110826,,*30
$GPGGA,080436.751,4831.3188,N,00744.4388,E,1,03,0.0,0.0,M,,,,0000*0a
$GPRMC,080436.751,A,4831.3188,N,00744.4388,E,21.6,072.8,110826,,*31
$GPGGA,080436.841,4831.3189,N,00744.4390,E,1,03,0.0,0.0,M,,,,0000*0c
$GPRMC,080436.841,A,4831.3189,N,00744.4390,E,21.6,072.8,110826,,*37
$GPGGA,080436.863,4831.3191,N,00744.4400,E,1,03,0.0,0.0,M,,,,0000*0b
$GPRMC,080436.863,A,4831.3191,N,00744.4400,E,21.6,072.8,110826,,*30
$GPGGA,080436.870,4831.3191,N,00744.4401,E,1,03,0.0,0.0,M,,,,0000*08
$GPRMC,080436.870,A,4831.3191,N,00744.4401,E,21.6,072.8,110826,,*33
$GPGGA,080436.902,4831.3191,N,00744.4403,E,1,03,0.0,0.0,M,,,,0000*0e
$GPRMC,080436.902,A,4831.3191,N,00744.4403,E,21.6,072.8,110826,,*35
$GPGGA,080436.936,4831.3192,N,00744.4406,E,1,03,0.0,0.0,M,,,,0000*0f
$GPRMC,080436.936,A,4831.3192,N,00744.4406,E,21.6,072.8,110826,,*34
$GPGGA,080436.952,4831.3192,N,00744.4407,E,1,03,0.0,0.0,M,,,,0000*0c
$GPRMC,080436.952,A,4831.3192,N,00744.4407,E,21.6,072.8,110826,,*37
$GPGGA,080436.987,4831.3193,N,00744.4411,E,1,03,0.0,0.0,M,,,,0000*02
$GPRMC,080436.987,A,4831.3193,N,00744.4411,E,21.6,072.8,110826,,*39
$GPGGA,080437.020,4831.3194,N,00744.4414,E,1,03,0.0,0.0,M,,,,0000*05
$GPRMC,080437.020,A,4831.3194,N,00744.4414,E,21.6,072.8,110826,,*3e
$GPGGA,080437.036,4831.3195,N,00744.4418,E,1,03,0.0,0.0,M,,,,0000*0f
$GPRMC,080437.036,A,4831.3195,N,00744.4418,E,21.6,072.8,110826,,*34
$GPGGA,080437.052,4831.3195,N,00744.4419,E,1,03,0.0,0.0,M,,,,0000*0c
$GPRMC,080437.052,A,4831.3195,N,00744.4419,E,21.6,072.8,110826,,*37
$GPGGA,080437.087,4831.3195,N,00744.4421,E,1,03,0.0,0.0,M,,,,0000*0f
$GPRMC,080437.087,A,4831.3195,N,00744.4421,E,21.6,072.8,110826,,*34
$GPGGA,080437.102,4831.3196,N,00744.4423,E,1,03,0.0,0.0,M,,,,0000*02
$GPRMC,080437.102,A,4831.3196,N,00744.4423,E,21.6,072.8,110826,,*39
$GPGGA,080437.120,4831.3196,N,00744.4424,E,1,03,0.0,0.0,M,,,,0000*05
$GPRMC,080437.120,A,4831.3196,N,00744.4424,E,21.6,072.8,110826,,*3e
$GPGGA,080437.153,4831.3197,N,00744.4427,E,1,03,0.0,0.0,M,,,,0000*03
$GPRMC,080437.153,A,4831.3197,N,00744.4427,E,21.6,072.8,110826,,*38
$GPGGA,080437.169,4831.3197,N,00744.4429,E,1,03,0.0,0.0,M,,,,0000*04
$GPRMC,080437.169,A,4831.3197,N,00744.4429,E,21.6,072.8,110826,,*3f
$GPGGA,080437.187,4831.3198,N,00744.4432,E,1,03,0.0,0.0,M,,,,0000*01
$GPRMC,080437.187,A,4831.3198,N,00744.4432,E,21.6,072.8,110826,,*3a
$GPGGA,080437.219,4831.3198,N,00744.4434,E,1,03,0.0,0.0,M,,,,0000*03
$GPRMC,080437.219,A,4831.3198,N,00744.4434,E,21.6,072.8,110826,,*38
$GPGGA,080437.252,4831.3199,N,00744.4437,E,1,03,0.0,0.0,M,,,,0000*0e
$GPRMC,080437.252,A,4831.3199,N,00744.4437,E,21.6,072.8,110826,,*35
$GPGGA,080437.270,4831.3199,N,00744.4439,E,1,03,0.0,0.0,M,,,,0000*00
$GPRMC,080437.270,A,4831.3199,N,00744.4439,E,21.6,072.8,110826,,*3b
$GPGGA,080437.299,4831.3200,N,00744.4442,E,1,03,0.0,0.0,M,,,,0000*08
$GPRMC,080437.299,A,4831.3200,N,00744.4442,E,21.6,072.8,110826,,*33
$GPGGA,080437.314,4831.3200,N,00744.4443,E,1,03,0.0,0.0,M,,,,0000*0d
$GPRMC,080437.314,A,4831.3200,N,00744.4443,E,21.6,072.8,110826,,*36
$GPGGA,080437.329,4831.3200,N,00744.4445,E,1,03,0.0,0.0,M,,,,0000*05
$GPRMC,080437.329,A,4831.3200,N,00744.4445,E,21.6,072.8,110826,,*3e
$GPGGA,080437.352,4831.3201,N,00744.4447,E,1,03,0.0,0.0,M,,,,0000*0a
$GPRMC,080437.352,A,4831.3201,N,00744.4447,E,21.6,072.8,110826,,*31
$GPGGA,080437.352,4831.3201,N,00744.4450,E,1,03,0.0,0.0,M,,,,0000*0c
$GPRMC,080437.352,A,4831.3201,N,00744.4450,E,21.6,072.8,110826,,*37
$GPGGA,080437.388,4831.3201,N,00744.4450,E,1,03,0.0,0.0,M,,,,0000*0b
$GPRMC,080437.388,A,4831.3201,N,00744.4450,E,21.6,072.8,110826,,*30
$GPGGA,080437.419,4831.3202,N,00744.4454,E,1,03,0.0,0.0,M,,,,0000*03
$GPRMC,080437.419,A,4831.3202,N,00744.4454,E,21.6,072.8,110826,,*38
$GPGGA,080437.437,4831.3202,N,00744.4455,E,1,03,0.0,0.0,M,,,,0000*0e
$GPRMC,080437.437,A,4831.3202,N,00744.4455,E,21.6,072.8,110826,,*35
$GPGGA,080437.453,4831.3203,N,00744.4456,E,1,03,0.0,0.0,M,,,,0000*0e
$GPRMC,080437.453,A,4831.3203,N,00744.4456,E,21.6,072.8,110826,,*35
$GPGGA,080437.485,4831.3203,N,00744.4460,E,1,03,0.0,0.0,M,,,,0000*00
$GPRMC,080437.485,A,4831.3203,N,00744.4460,E,21.6,072.8,110826,,*3b
$GPGGA,080437.521,4831.3204,N,00744.4463,E,1,03,0.0,0.0,M,,,,0000*0b
$GPRMC,080437.521,A,4831.3204,N,00744.4463,E,21.6,072.8,110826,,*30
$GPGGA,080437.537,4831.3205,N,00744.4467,E,1,03,0.0,0.0,M,,,,0000*09
$GPRMC,080437.537,A,4831.3205,N,00744.4467,E,21.6,072.7,110826,,*3d
$GPGGA,080437.569,4831.3205,N,00744.4468,E,1,03,0.0,0.0,M,,,,0000*0d
$GPRMC,080437.569,A,4831.3205,N,00744.4468,E,21.6,072.7,110826,,*39
$GPGGA,080437.589,4831.3205,N,00744.4470,E,1,03,0.0,0.0,M,,,,0000*0a
$GPRMC,080437.589,A,4831.3205,N,00744.4470,E,21.6,072.7,110826,,*3e
$GPGGA,080437.605,4831.3206,N,00744.4473,E,1,03,0.0,0.0,M,,,,0000*0d
$GPRMC,080437.605,A,4831.3206,N,00744.4473,E,21.6,072.7,110826,,*39
$GPGGA,080437.620,4831.3206,N,00744.4474,E,1,03,0.0,0.0,M,,,,0000*0d
$GPRMC,080437.620,A,4831.3206,N,00744.4474,E,21.6,072.7,110826,,*39
$GPGGA,080437.649,4831.3207,N,00744.4477,E,1,03,0.0,0.0,M,,,,0000*00
$GPRMC,080437.649,A,4831.3207,N,00744.4477,E,21.6,072.7,110826,,*34
$GPGGA,080437.669,4831.3207,N,00744.4478,E,1,03,0.0,0.0,M,,,,0000*0d
$GPRMC,080437.669,A,4831.3207,N,00744.4478,E,21.6,072.7,110826,,*39
$GPGGA,080437.685,4831.3207,N,00744.4479,E,1,03,0.0,0.0,M,,,,0000*0e
$GPRMC,080437.685,A,4831.3207,N,00744.4479,E,21.6,072.7,110826,,*3a
$GPGGA,080437.701,4831.3208,N,00744.4481,E,1,03,0.0,0.0,M,,,,0000*0b
$GPRMC,080437.701,A,4831.3208,N,00744.4481,E,21.6,072.7,110826,,*3f
$GPGGA,080437.713,4831.3208,N,00744.4483,E,1,03,0.0,0.0,M,,,,0000*0a
$GPRMC,080437.713,A,4831.3208,N,00744.4483,E,21.6,072.7,110826,,*3e
$GPGGA,080437.727,4831.3208,N,00744.4484,E,1,03,0.0,0.0,M,,,,0000*0a
$GPRMC,080437.727,A,4831.3208,N,00744.4484,E,21.6,072.7,110826,,*3e
$GPGGA,080437.759,4831.3209,N,00744.4487,E,1,03,0.0,0.0,M,,,,0000*01
$GPRMC,080437.759,A,4831.3209,N,00744.4487,E,21.6,072.7,110826,,*35
$GPGGA,080437.759,4831.3209,N,00744.4489,E,1,03,0.0,0.0,M,,,,0000*0f
$GPRMC,080437.759,A,4831.3209,N,00744.4489,E,21.6,072.7,110826,,*3b
$GPGGA,080437.772,4831.3209,N,00744.4490,E,1,03,0.0,0.0,M,,,,0000*0e
$GPRMC,080437.772,A,4831.3209,N,00744.4490,E,21.6,072.7,110826,,*3a
$GPGGA,080437.786,4831.3210,N,00744.4491,E,1,03,0.0,0.0,M,,,,0000*0c
$GPRMC,080437.786,A,4831.3210,N,00744.4491,E,21.6,072.7,110826,,*38
$GPGGA,080437.820,4831.3210,N,00744.4492,E,1,03,0.0,0.0,M,,,,0000*0c
$GPRMC,080437.820,A,4831.3210,N,00744.4492,E,21.6,072.7,110826,,*38
$GPGGA,080437.853,4831.3211,N,00744.4496,E,1,03,0.0,0.0,M,,,,0000*0d
$GPRMC,080437.853,A,4831.3211,N,00744.4496,E,21.6,072.7,110826,,*39
$GPGGA,080437.869,4831.3211,N,00744.4497,E,1,03,0.0,0.0,M,,,,0000*05
$GPRMC,080437.869,A,4831.3211,N,00744.4497,E,21.6,072.7,110826,,*31
$GPGGA,080437.887,4831.3211,N,00744.4499,E,1,03,0.0,0.0,M,,,,0000*0b
$GPRMC,080437.887,A,4831.3211,N,00744.4499,E,21.6,072.7,110826,,*3f
$GPGGA,080437.919,4831.3212,N,00744.4503,E,1,03,0.0,0.0,M,,,,0000*0c
$GPRMC,080437.919,A,4831.3212,N,00744.4503,E,21.6,072.7,110826,,*38
$GPGGA,080437.938,4831.3212,N,00744.4504,E,1,03,0.0,0.0,M,,,,0000*08
$GPRMC,080437.938,A,4831.3212,N,00744.4504,E,21.6,072.8,110826,,*33
$GPGGA,080437.970,4831.3212,N,00744.4507,E,1,03,0.0,0.0,M,,,,0000*07
$GPRMC,080437.970,A,4831.3212,N,00744.4507,E,21.6,073.5,110826,,*30
$GPGGA,080437.986,4831.3212,N,00744.4509,E,1,03,0.0,0.0,M,,,,0000*00
$GPRMC,080437.986,A,4831.3212,N,00744.4509,E,21.6,074.2,110826,,*37
$GPGGA,080438.021,4831.3213,N,00744.4511,E,1,03,0.0,0.0,M,,,,0000*03
$GPRMC,080438.021,A,4831.3213,N,00744.4511,E,21.6,074.6,110826,,*30
$GPGGA,080438.046,4831.3213,N,00744.4514,E,1,03,0.0,0.0,M,,,,0000*07
$GPRMC,080438.046,A,4831.3213,N,00744.4514,E,21.6,075.4,110826,,*37
$GPGGA,080438.060,4831.3213,N,00744.4516,E,1,03,0.0,0.0,M,,,,0000*01
$GPRMC,080438.060,A,4831.3213,N,00744.4516,E,21.6,075.9,110826,,*3c
$GPGGA,080438.076,4831.3213,N,00744.4517,E,1,03,0.0,0.0,M,,,,0000*07
$GPRMC,080438.076,A,4831.3213,N,00744.4517,E,21.6,076.1,110826,,*31
$GPGGA,080438.085,4831.3213,N,00744.4518,E,1,03,0.0,0.0,M,,,,0000*04
$GPRMC,080438.085,A,4831.3213,N,00744.4518,E,21.6,076.6,110826,,*35
$GPGGA,080438.119,4831.3213,N,00744.4520,E,1,03,0.0,0.0,M,,,,0000*0b
$GPRMC,080438.119,A,4831.3213,N,00744.4520,E,21.6,077.0,110826,,*3d
$GPGGA,080438.135,4831.3213,N,00744.4521,E,1,03,0.0,0.0,M,,,,0000*04
$GPRMC,080438.135,A,4831.3213,N,00744.4521,E,21.6,077.3,110826,,*31
$GPGGA,080438.155,4831.3213,N,00744.4524,E,1,03,0.0,0.0,M,,,,0000*07
$GPRMC,080438.155,A,4831.3213,N,00744.4524,E,21.6,078.2,110826,,*3c
$GPGGA,080438.187,4831.3213,N,00744.4525,E,1,03,0.0,0.0,M,,,,0000*09
$GPRMC,080438.187,A,4831.3213,N,00744.4525,E,21.6,078.7,110826,,*37
$GPGGA,080438.221,4831.3213,N,00744.4528,E,1,03,0.0,0.0,M,,,,0000*0b
$GPRMC,080438.221,A,4831.3213,N,00744.4528,E,21.6,079.5,110826,,*36
$GPGGA,080438.237,4831.3213,N,00744.4530,E,1,03,0.0,0.0,M,,,,0000*05
$GPRMC,080438.237,A,4831.3213,N,00744.4530,E,21.6,080.1,110826,,*3a
$GPGGA,080438.254,4831.3213,N,00744.4532,E,1,03,0.0,0.0,M,,,,0000*02
$GPRMC,080438.254,A,4831.3213,N,00744.4532,E,21.6,080.8,110826,,*34
$GPGGA,080438.268,4831.3213,N,00744.4534,E,1,03,0.0,0.0,M,,,,0000*0b
$GPRMC,080438.268,A,4831.3213,N,00744.4534,E,21.6,081.4,110826,,*30
$GPGGA,080438.299,4831.3213,N,00744.4535,E,1,03,0.0,0.0,M,,,,0000*04
$GPRMC,080438.299,A,4831.3213,N,00744.4535,E,21.6,081.8,110826,,*33
$GPGGA,080438.319,4831.3214,N,00744.4537,E,1,03,0.0,0.0,M,,,,0000*08
$GPRMC,080438.319,A,4831.3214,N,00744.4537,E,21.6,082.6,110826,,*32
$GPGGA,080438.351,4831.3214,N,00744.4539,E,1,03,0.0,0.0,M,,,,0000*0a
$GPRMC,080438.351,A,4831.3214,N,00744.4539,E,21.6,083.2,110826,,*35
$GPGGA,080438.351,4831.3214,N,00744.4541,E,1,03,0.0,0.0,M,,,,0000*05
$GPRMC,080438.351,A,4831.3214,N,00744.4541,E,21.6,083.8,110826,,*30
$GPGGA,080438.368,4831.3214,N,00744.4542,E,1,03,0.0,0.0,M,,,,0000*0c
$GPRMC,080438.368,A,4831.3214,N,00744.4542,E,21.6,084.3,110826,,*35
$GPGGA,080438.400,4831.3214,N,00744.4543,E,1,03,0.0,0.0,M,,,,0000*04
$GPRMC,080438.400,A,4831.3214,N,00744.4543,E,21.6,084.7,110826,,*39
$GPGGA,080438.420,4831.3214,N,00744.4544,E,1,03,0.0,0.0,M,,,,0000*01
$GPRMC,080438.420,A,4831.3214,N,00744.4544,E,21.6,085.1,110826,,*3b
$GPGGA,080438.451,4831.3214,N,00744.4547,E,1,03,0.0,0.0,M,,,,0000*04
$GPRMC,080438.451,A,4831.3214,N,00744.4547,E,21.6,086.3,110826,,*3f
$GPGGA,080438.467,4831.3214,N,00744.4549,E,1,03,0.0,0.0,M,,,,0000*0f
$GPRMC,080438.467,A,4831.3214,N,00744.4549,E,21.6,087.7,110826,,*31
$GPGGA,080438.485,4831.3213,N,00744.4550,E,1,03,0.0,0.0,M,,,,0000*0c
$GPRMC,080438.485,A,4831.3213,N,00744.4550,E,21.6,088.6,110826,,*3c
$GPGGA,080438.521,4831.3213,N,00744.4552,E,1,03,0.0,0.0,M,,,,0000*01
$GPRMC,080438.521,A,4831.3213,N,00744.4552,E,21.6,090.5,110826,,*3b
$GPGGA,080438.610,4831.3212,N,00744.4554,E,1,03,0.0,0.0,M,,,,0000*07
$GPRMC,080438.610,A,4831.3212,N,00744.4554,E,21.6,092.9,110826,,*33
$GPGGA,080438.621,4831.3211,N,00744.4560,E,1,03,0.0,0.0,M,,,,0000*01
$GPRMC,080438.621,A,4831.3211,N,00744.4560,E,21.6,099.3,110826,,*34
$GPGGA,080438.638,4831.3211,N,00744.4561,E,1,03,0.0,0.0,M,,,,0000*08
$GPRMC,080438.638,A,4831.3211,N,00744.4561,E,21.6,100.4,110826,,*3b
$GPGGA,080438.654,4831.3211,N,00744.4563,E,1,03,0.0,0.0,M,,,,0000*00
$GPRMC,080438.654,A,4831.3211,N,00744.4563,E,21.6,102.1,110826,,*34
$GPGGA,080438.673,4831.3211,N,00744.4564,E,1,03,0.0,0.0,M,,,,0000*02
$GPRMC,080438.673,A,4831.3211,N,00744.4564,E,21.6,102.6,110826,,*31
$GPGGA,080438.706,4831.3211,N,00744.4566,E,1,03,0.0,0.0,M,,,,0000*03
$GPRMC,080438.706,A,4831.3211,N,00744.4566,E,21.6,103.5,110826,,*32
$GPGGA,080438.718,4831.3211,N,00744.4568,E,1,03,0.0,0.0,M,,,,0000*02
$GPRMC,080438.718,A,4831.3211,N,00744.4568,E,21.6,104.7,110826,,*36
$GPGGA,080438.753,4831.3211,N,00744.4569,E,1,03,0.0,0.0,M,,,,0000*0c
$GPRMC,080438.753,A,4831.3211,N,00744.4569,E,21.6,105.3,110826,,*3d
$GPGGA,080438.769,4831.3211,N,00744.4571,E,1,03,0.0,0.0,M,,,,0000*0c
$GPRMC,080438.769,A,4831.3211,N,00744.4571,E,21.6,106.2,110826,,*3f
$GPGGA,080438.886,4831.3211,N,00744.4572,E,1,03,0.0,0.0,M,,,,0000*01
$GPRMC,080438.886,A,4831.3211,N,00744.4572,E,21.6,106.8,110826,,*38
$GPGGA,080438.928,4831.3212,N,00744.4583,E,1,03,0.0,0.0,M,,,,0000*09
$GPRMC,080438.928,A,4831.3212,N,00744.4583,E,21.6,112.7,110826,,*3a
$GPGGA,080438.972,4831.3211,N,00744.4589,E,1,03,0.0,0.0,M,,,,0000*0f
$GPRMC,080438.972,A,4831.3211,N,00744.4589,E,51.8,119.0,110826,,*39
$GPGGA,080439.046,4831.3207,N,00744.4596,E,1,03,0.0,0.0,M,,,,0000*09
$GPRMC,080439.046,A,4831.3207,N,00744.4596,E,51.8,133.8,110826,,*3f
$GPGGA,080439.154,4831.3203,N,00744.4605,E,1,03,0.0,0.0,M,,,,0000*06
$GPRMC,080439.154,A,4831.3203,N,00744.4605,E,51.8,145.0,110826,,*39
$GPGGA,080439.246,4831.3195,N,00744.4621,E,1,03,0.0,0.0,M,,,,0000*0c
$GPRMC,080439.246,A,4831.3195,N,00744.4621,E,51.8,122.0,110826,,*32
$GPGGA,080439.279,4831.3190,N,00744.4629,E,1,03,0.0,0.0,M,,,,0000*0d
$GPRMC,080439.279,A,4831.3190,N,00744.4629,E,10.8,109.6,110826,,*39
$GPGGA,080439.319,4831.3190,N,00744.4631,E,1,03,0.0,0.0,M,,,,0000*03
$GPRMC,080439.319,A,4831.3190,N,00744.4631,E,10.8,107.5,110826,,*3a
$GPGGA,080439.379,4831.3190,N,00744.4632,E,1,03,0.0,0.0,M,,,,0000*06
$GPRMC,080439.379,A,4831.3190,N,00744.4632,E,10.8,105.1,110826,,*39
$GPGGA,080439.438,4831.3189,N,00744.4634,E,1,03,0.0,0.0,M,,,,0000*0a
$GPRMC,080439.438,A,4831.3189,N,00744.4634,E,10.8,101.4,110826,,*34
$GPGGA,080439.514,4831.3189,N,00744.4637,E,1,03,0.0,0.0,M,,,,0000*06
$GPRMC,080439.514,A,4831.3189,N,00744.4637,E,10.8,096.9,110826,,*3a
$GPGGA,080439.564,4831.3189,N,00744.4640,E,1,03,0.0,0.0,M,,,,0000*01
$GPRMC,080439.564,A,4831.3189,N,00744.4640,E,10.8,092.1,110826,,*31
$GPGGA,080439.651,4831.3189,N,00744.4642,E,1,03,0.0,0.0,M,,,,0000*06
$GPRMC,080439.651,A,4831.3189,N,00744.4642,E,10.8,089.5,110826,,*38
$GPGGA,080439.672,4831.3189,N,00744.4646,E,1,03,0.0,0.0,M,,,,0000*03
$GPRMC,080439.672,A,4831.3189,N,00744.4646,E,10.8,083.9,110826,,*3b
$GPGGA,080439.688,4831.3189,N,00744.4647,E,1,03,0.0,0.0,M,,,,0000*07
$GPRMC,080439.688,A,4831.3189,N,00744.4647,E,10.8,082.9,110826,,*3e
$GPGGA,080439.720,4831.3189,N,00744.4648,E,1,03,0.0,0.0,M,,,,0000*0b
$GPRMC,080439.720,A,4831.3189,N,00744.4648,E,10.8,081.9,110826,,*31
$GPGGA,080439.736,4831.3189,N,00744.4648,E,1,03,0.0,0.0,M,,,,0000*0c
$GPRMC,080439.736,A,4831.3189,N,00744.4648,E,10.8,081.3,110826,,*3c
$GPGGA,080439.752,4831.3189,N,00744.4649,E,1,03,0.0,0.0,M,,,,0000*0f
$GPRMC,080439.752,A,4831.3189,N,00744.4649,E,10.8,080.7,110826,,*3a
$GPGGA,080439.788,4831.3189,N,00744.4650,E,1,03,0.0,0.0,M,,,,0000*00
$GPRMC,080439.788,A,4831.3189,N,00744.4650,E,10.8,079.2,110826,,*36
$GPGGA,080439.849,4831.3189,N,00744.4651,E,1,03,0.0,0.0,M,,,,0000*03
$GPRMC,080439.849,A,4831.3189,N,00744.4651,E,10.8,078.6,110826,,*30
$GPGGA,080439.861,4831.3188,N,00744.4654,E,1,03,0.0,0.0,M,,,,0000*0d
$GPRMC,080439.861,A,4831.3188,N,00744.4654,E,10.8,076.4,110826,,*32
$GPGGA,080439.871,4831.3189,N,00744.4655,E,1,03,0.0,0.0,M,,,,0000*0c
$GPRMC,080439.871,A,4831.3189,N,00744.4655,E,10.8,076.6,110826,,*31
$GPGGA,080439.905,4831.3189,N,00744.4655,E,1,03,0.0,0.0,M,,,,0000*0e
$GPRMC,080439.905,A,4831.3189,N,00744.4655,E,10.8,076.7,110826,,*32
$GPGGA,080439.921,4831.3189,N,00744.4657,E,1,03,0.0,0.0,M,,,,0000*0a
$GPRMC,080439.921,A,4831.3189,N,00744.4657,E,10.8,077.0,110826,,*30
$GPGGA,080439.937,4831.3189,N,00744.4658,E,1,03,0.0,0.0,M,,,,0000*02
$GPRMC,080439.937,A,4831.3189,N,00744.4658,E,10.8,077.2,110826,,*3a
$GPGGA,080439.969,4831.3189,N,00744.4659,E,1,03,0.0,0.0,M,,,,0000*08
$GPRMC,080439.969,A,4831.3189,N,00744.4659,E,10.8,077.3,110826,,*31
$GPGGA,080439.987,4831.3189,N,00744.4660,E,1,03,0.0,0.0,M,,,,0000*02
$GPRMC,080439.987,A,4831.3189,N,00744.4660,E,10.8,077.5,110826,,*3d
$GPGGA,080440.005,4831.3189,N,00744.4661,E,1,03,0.0,0.0,M,,,,0000*0e
$GPRMC,080440.005,A,4831.3189,N,00744.4661,E,10.8,077.7,110826,,*33
$GPGGA,080440.020,4831.3189,N,00744.4662,E,1,03,0.0,0.0,M,,,,0000*0a
$GPRMC,080440.020,A,4831.3189,N,00744.4662,E,10.8,078.0,110826,,*3f
$GPGGA,080440.036,4831.3189,N,00744.4663,E,1,03,0.0,0.0,M,,,,0000*0c
$GPRMC,080440.036,A,4831.3189,N,00744.4663,E,10.8,078.2,110826,,*3b
$GPGGA,080440.067,4831.3189,N,00744.4663,E,1,03,0.0,0.0,M,,,,0000*08
$GPRMC,080440.067,A,4831.3189,N,00744.4663,E,10.8,078.3,110826,,*3e
$GPGGA,080440.089,4831.3189,N,00744.4664,E,1,03,0.0,0.0,M,,,,0000*0f
$GPRMC,080440.089,A,4831.3189,N,00744.4664,E,10.8,078.6,110826,,*3c
$GPGGA,080440.121,4831.3189,N,00744.4665,E,1,03,0.0,0.0,M,,,,0000*0d
$GPRMC,080440.121,A,4831.3189,N,00744.4665,E,10.8,078.9,110826,,*31
$GPGGA,080440.137,4831.3189,N,00744.4667,E,1,03,0.0,0.0,M,,,,0000*08
$GPRMC,080440.137,A,4831.3189,N,00744.4667,E,10.8,079.3,110826,,*3f
$GPGGA,080440.168,4831.3189,N,00744.4668,E,1,03,0.0,0.0,M,,,,0000*0d
$GPRMC,080440.168,A,4831.3189,N,00744.4668,E,10.8,079.5,110826,,*3c
$GPGGA,080440.187,4831.3189,N,00744.4669,E,1,03,0.0,0.0,M,,,,0000*0d
$GPRMC,080440.187,A,4831.3189,N,00744.4669,E,10.8,079.7,110826,,*3e
$GPGGA,080440.203,4831.3189,N,00744.4670,E,1,03,0.0,0.0,M,,,,0000*0a
$GPRMC,080440.203,A,4831.3189,N,00744.4670,E,10.8,080.2,110826,,*3a
$GPGGA,080440.237,4831.3189,N,00744.4671,E,1,03,0.0,0.0,M,,,,0000*0c
$GPRMC,080440.237,A,4831.3189,N,00744.4671,E,10.8,080.5,110826,,*3b
$GPGGA,080440.268,4831.3189,N,00744.4672,E,1,03,0.0,0.0,M,,,,0000*05
$GPRMC,080440.268,A,4831.3189,N,00744.4672,E,10.8,080.9,110826,,*3e
$GPGGA,080440.288,4831.3189,N,00744.4673,E,1,03,0.0,0.0,M,,,,0000*0a
$GPRMC,080440.288,A,4831.3189,N,00744.4673,E,10.8,081.3,110826,,*3a
$GPGGA,080440.303,4831.3189,N,00744.4674,E,1,03,0.0,0.0,M,,,,0000*0f
$GPRMC,080440.303,A,4831.3189,N,00744.4674,E,10.8,081.5,110826,,*39
$GPGGA,080440.320,4831.3189,N,00744.4674,E,1,03,0.0,0.0,M,,,,0000*0e
$GPRMC,080440.320,A,4831.3189,N,00744.4674,E,10.8,081.9,110826,,*34
$GPGGA,080440.338,4831.3189,N,00744.4675,E,1,03,0.0,0.0,M,,,,0000*06
$GPRMC,080440.338,A,4831.3189,N,00744.4675,E,10.8,082.1,110826,,*37
$GPGGA,080440.348,4831.3189,N,00744.4676,E,1,03,0.0,0.0,M,,,,0000*02
$GPRMC,080440.348,A,4831.3189,N,00744.4676,E,10.8,082.3,110826,,*31
$GPGGA,080440.369,4831.3189,N,00744.4677,E,1,03,0.0,0.0,M,,,,0000*00
$GPRMC,080440.369,A,4831.3189,N,00744.4677,E,10.8,082.7,110826,,*37
$GPGGA,080440.386,4831.3189,N,00744.4677,E,1,03,0.0,0.0,M,,,,0000*01
$GPRMC,080440.386,A,4831.3189,N,00744.4677,E,10.8,082.9,110826,,*38
$GPGGA,080440.401,4831.3189,N,00744.4678,E,1,03,0.0,0.0,M,,,,0000*06
$GPRMC,080440.401,A,4831.3189,N,00744.4678,E,10.8,083.2,110826,,*35
$GPGGA,080440.416,4831.3189,N,00744.4679,E,1,03,0.0,0.0,M,,,,0000*01
$GPRMC,080440.416,A,4831.3189,N,00744.4679,E,10.8,083.5,110826,,*35
$GPGGA,080440.432,4831.3189,N,00744.4680,E,1,03,0.0,0.0,M,,,,0000*01
$GPRMC,080440.432,A,4831.3189,N,00744.4680,E,10.8,083.8,110826,,*38
$GPGGA,080440.456,4831.3189,N,00744.4680,E,1,03,0.0,0.0,M,,,,0000*03
$GPRMC,080440.456,A,4831.3189,N,00744.4680,E,10.8,084.1,110826,,*34
$GPGGA,080440.493,4831.3189,N,00744.4682,E,1,03,0.0,0.0,M,,,,0000*08
$GPRMC,080440.493,A,4831.3189,N,00744.4682,E,10.8,084.6,110826,,*38
$GPGGA,080440.505,4831.3189,N,00744.4683,E,1,03,0.0,0.0,M,,,,0000*07
$GPRMC,080440.505,A,4831.3189,N,00744.4683,E,10.8,085.0,110826,,*30
$GPGGA,080440.520,4831.3189,N,00744.4684,E,1,03,0.0,0.0,M,,,,0000*07
$GPRMC,080440.520,A,4831.3189,N,00744.4684,E,10.8,085.5,110826,,*35
$GPGGA,080440.554,4831.3189,N,00744.4685,E,1,03,0.0,0.0,M,,,,0000*05
$GPRMC,080440.554,A,4831.3189,N,00744.4685,E,10.8,085.9,110826,,*3b
$GPGGA,080440.572,4831.3189,N,00744.4685,E,1,03,0.0,0.0,M,,,,0000*01
$GPRMC,080440.572,A,4831.3189,N,00744.4685,E,10.8,086.1,110826,,*34
$GPGGA,080440.596,4831.3189,N,00744.4687,E,1,03,0.0,0.0,M,,,,0000*09
$GPRMC,080440.596,A,4831.3189,N,00744.4687,E,10.8,086.8,110826,,*35
$GPGGA,080440.608,4831.3189,N,00744.4687,E,1,03,0.0,0.0,M,,,,0000*0d
$GPRMC,080440.608,A,4831.3189,N,00744.4687,E,10.8,087.0,110826,,*38
$GPGGA,080440.621,4831.3189,N,00744.4688,E,1,03,0.0,0.0,M,,,,0000*09
$GPRMC,080440.621,A,4831.3189,N,00744.4688,E,10.8,087.3,110826,,*3f
$GPGGA,080440.654,4831.3189,N,00744.4689,E,1,03,0.0,0.0,M,,,,0000*0a
$GPRMC,080440.654,A,4831.3189,N,00744.4689,E,10.8,087.7,110826,,*38
$GPGGA,080440.659,4831.3189,N,00744.4689,E,1,03,0.0,0.0,M,,,,0000*07
$GPRMC,080440.659,A,4831.3189,N,00744.4689,E,10.8,088.0,110826,,*3d
$GPGGA,080440.689,4831.3189,N,00744.4690,E,1,03,0.0,0.0,M,,,,0000*02
$GPRMC,080440.689,A,4831.3189,N,00744.4690,E,10.8,088.4,110826,,*3c
$GPGGA,080440.707,4831.3189,N,00744.4691,E,1,03,0.0,0.0,M,,,,0000*04
$GPRMC,080440.707,A,4831.3189,N,00744.4691,E,10.8,089.1,110826,,*3e
$GPGGA,080440.722,4831.3189,N,00744.4692,E,1,03,0.0,0.0,M,,,,0000*00
$GPRMC,080440.722,A,4831.3189,N,00744.4692,E,10.8,089.6,110826,,*3d
$GPGGA,080440.737,4831.3189,N,00744.4693,E,1,03,0.0,0.0,M,,,,0000*05
$GPRMC,080440.737,A,4831.3189,N,00744.4693,E,10.8,090.0,110826,,*36
$GPGGA,080440.770,4831.3189,N,00744.4693,E,1,03,0.0,0.0,M,,,,0000*06
$GPRMC,080440.770,A,4831.3189,N,00744.4693,E,10.8,090.4,110826,,*31
$GPGGA,080440.786,4831.3189,N,00744.4695,E,1,03,0.0,0.0,M,,,,0000*09
$GPRMC,080440.786,A,4831.3189,N,00744.4695,E,10.8,091.1,110826,,*3a
$GPGGA,080440.819,4831.3189,N,00744.4695,E,1,03,0.0,0.0,M,,,,0000*00
$GPRMC,080440.819,A,4831.3189,N,00744.4695,E,10.8,091.6,110826,,*34
$GPGGA,080440.837,4831.3189,N,00744.4697,E,1,03,0.0,0.0,M,,,,0000*0e
$GPRMC,080440.837,A,4831.3189,N,00744.4697,E,10.8,092.6,110826,,*39
$GPGGA,080440.869,4831.3188,N,00744.4697,E,1,03,0.0,0.0,M,,,,0000*04
$GPRMC,080440.869,A,4831.3188,N,00744.4697,E,10.8,093.0,110826,,*34
$GPGGA,080440.885,4831.3188,N,00744.4698,E,1,03,0.0,0.0,M,,,,0000*09
$GPRMC,080440.885,A,4831.3188,N,00744.4698,E,10.8,093.5,110826,,*3c
$GPGGA,080440.901,4831.3188,N,00744.4699,E,1,03,0.0,0.0,M,,,,0000*05
$GPRMC,080440.901,A,4831.3188,N,00744.4699,E,10.8,094.1,110826,,*33
$GPGGA,080440.967,4831.3188,N,00744.4700,E,1,03,0.0,0.0,M,,,,0000*04
$GPRMC,080440.967,A,4831.3188,N,00744.4700,E,10.8,094.7,110826,,*34
$GPGGA,080440.987,4831.3188,N,00744.4702,E,1,03,0.0,0.0,M,,,,0000*08
$GPRMC,080440.987,A,4831.3188,N,00744.4702,E,10.8,096.2,110826,,*3f
$GPGGA,080441.005,4831.3188,N,00744.4704,E,1,03,0.0,0.0,M,,,,0000*0c
$GPRMC,080441.005,A,4831.3188,N,00744.4704,E,10.8,097.2,110826,,*3a
$GPGGA,080441.035,4831.3188,N,00744.4704,E,1,03,0.0,0.0,M,,,,0000*0f
$GPRMC,080441.035,A,4831.3188,N,00744.4704,E,10.8,097.6,110826,,*3d
$GPGGA,080441.051,4831.3188,N,00744.4705,E,1,03,0.0,0.0,M,,,,0000*0c
$GPRMC,080441.051,A,4831.3188,N,00744.4705,E,10.8,098.1,110826,,*36
$GPGGA,080441.070,4831.3187,N,00744.4706,E,1,03,0.0,0.0,M,,,,0000*03
$GPRMC,080441.070,A,4831.3187,N,00744.4706,E,10.8,099.1,110826,,*38
$GPGGA,080441.087,4831.3187,N,00744.4706,E,1,03,0.0,0.0,M,,,,0000*0b
$GPRMC,080441.087,A,4831.3187,N,00744.4706,E,10.8,099.3,110826,,*32
$GPGGA,080441.142,4831.3187,N,00744.4707,E,1,03,0.0,0.0,M,,,,0000*02
$GPRMC,080441.142,A,4831.3187,N,00744.4707,E,10.8,100.3,110826,,*3a
$GPGGA,080441.155,4831.3187,N,00744.4709,E,1,03,0.0,0.0,M,,,,0000*0a
$GPRMC,080441.155,A,4831.3187,N,00744.4709,E,10.8,102.3,110826,,*30
$GPGGA,080441.188,4831.3187,N,00744.4710,E,1,03,0.0,0.0,M,,,,0000*02
$GPRMC,080441.188,A,4831.3187,N,00744.4710,E,10.8,102.9,110826,,*32
$GPGGA,080441.204,4831.3187,N,00744.4710,E,1,03,0.0,0.0,M,,,,0000*05
$GPRMC,080441.204,A,4831.3187,N,00744.4710,E,10.8,103.7,110826,,*3a
$GPGGA,080441.222,4831.3186,N,00744.4711,E,1,03,0.0,0.0,M,,,,0000*01
$GPRMC,080441.222,A,4831.3186,N,00744.4711,E,10.8,104.8,110826,,*36
$GPGGA,080441.239,4831.3186,N,00744.4712,E,1,03,0.0,0.0,M,,,,0000*08
$GPRMC,080441.239,A,4831.3186,N,00744.4712,E,10.8,105.7,110826,,*31
$GPGGA,080441.271,4831.3186,N,00744.4713,E,1,03,0.0,0.0,M,,,,0000*05
$GPRMC,080441.271,A,4831.3186,N,00744.4713,E,10.8,106.3,110826,,*3b
$GPGGA,080441.286,4831.3186,N,00744.4713,E,1,03,0.0,0.0,M,,,,0000*0d
$GPRMC,080441.286,A,4831.3186,N,00744.4713,E,10.8,107.1,110826,,*30
$GPGGA,080441.302,4831.3186,N,00744.4714,E,1,03,0.0,0.0,M,,,,0000*07
$GPRMC,080441.302,A,4831.3186,N,00744.4714,E,10.8,107.7,110826,,*3c
$GPGGA,080441.337,4831.3185,N,00744.4715,E,1,03,0.0,0.0,M,,,,0000*03
$GPRMC,080441.337,A,4831.3185,N,00744.4715,E,10.8,108.9,110826,,*39
$GPGGA,080441.359,4831.3185,N,00744.4716,E,1,03,0.0,0.0,M,,,,0000*08
$GPRMC,080441.359,A,4831.3185,N,00744.4716,E,10.8,110.5,110826,,*37
$GPGGA,080441.388,4831.3185,N,00744.4717,E,1,03,0.0,0.0,M,,,,0000*05
$GPRMC,080441.388,A,4831.3185,N,00744.4717,E,10.8,111.4,110826,,*3a
$GPGGA,080441.430,4831.3184,N,00744.4718,E,1,03,0.0,0.0,M,,,,0000*0f
$GPRMC,080441.430,A,4831.3184,N,00744.4718,E,10.8,113.0,110826,,*36
$GPGGA,080441.446,4831.3184,N,00744.4719,E,1,03,0.0,0.0,M,,,,0000*0f
$GPRMC,080441.446,A,4831.3184,N,00744.4719,E,10.8,114.3,110826,,*32
$GPGGA,080441.464,4831.3184,N,00744.4720,E,1,03,0.0,0.0,M,,,,0000*05
$GPRMC,080441.464,A,4831.3184,N,00744.4720,E,10.8,114.9,110826,,*32
$GPGGA,080441.473,4831.3184,N,00744.4721,E,1,03,0.0,0.0,M,,,,0000*02
$GPRMC,080441.473,A,4831.3184,N,00744.4721,E,10.8,115.8,110826,,*35
$GPGGA,080441.506,4831.3183,N,00744.4721,E,1,03,0.0,0.0,M,,,,0000*06
$GPRMC,080441.506,A,4831.3183,N,00744.4721,E,10.8,116.5,110826,,*3f
$GPGGA,080441.530,4831.3183,N,00744.4723,E,1,03,0.0,0.0,M,,,,0000*01
$GPRMC,080441.530,A,4831.3183,N,00744.4723,E,10.8,118.0,110826,,*33
$GPGGA,080441.558,4831.3183,N,00744.4723,E,1,03,0.0,0.0,M,,,,0000*0f
$GPRMC,080441.558,A,4831.3183,N,00744.4723,E,10.8,118.7,110826,,*3a
$GPGGA,080441.591,4831.3182,N,00744.4724,E,1,03,0.0,0.0,M,,,,0000*0c
$GPRMC,080441.591,A,4831.3182,N,00744.4724,E,10.8,120.3,110826,,*36
$GPGGA,080441.672,4831.3182,N,00744.4726,E,1,03,0.0,0.0,M,,,,0000*00
$GPRMC,080441.672,A,4831.3182,N,00744.4726,E,10.8,121.9,110826,,*31
$GPGGA,080441.720,4831.3181,N,00744.4728,E,1,03,0.0,0.0,M,,,,0000*0b
$GPRMC,080441.720,A,4831.3181,N,00744.4728,E,10.8,125.8,110826,,*3f
$GPGGA,080441.746,4831.3180,N,00744.4730,E,1,03,0.0,0.0,M,,,,0000*03
$GPRMC,080441.746,A,4831.3180,N,00744.4730,E,10.8,128.3,110826,,*31
$GPGGA,080441.761,4831.3180,N,00744.4730,E,1,03,0.0,0.0,M,,,,0000*06
$GPRMC,080441.761,A,4831.3180,N,00744.4730,E,10.8,129.4,110826,,*32
$GPGGA,080441.772,4831.3180,N,00744.4731,E,1,03,0.0,0.0,M,,,,0000*05
$GPRMC,080441.772,A,4831.3180,N,00744.4731,E,10.8,130.1,110826,,*3c
$GPGGA,080441.788,4831.3179,N,00744.4732,E,1,03,0.0,0.0,M,,,,0000*05
$GPRMC,080441.788,A,4831.3179,N,00744.4732,E,10.8,130.9,110826,,*34
$GPGGA,080441.804,4831.3179,N,00744.4732,E,1,03,0.0,0.0,M,,,,0000*0e
$GPRMC,080441.804,A,4831.3179,N,00744.4732,E,10.8,131.5,110826,,*32
$GPGGA,080441.820,4831.3179,N,00744.4733,E,1,03,0.0,0.0,M,,,,0000*09
$GPRMC,080441.820,A,4831.3179,N,00744.4733,E,10.8,132.1,110826,,*32
$GPGGA,080441.836,4831.3178,N,00744.4733,E,1,03,0.0,0.0,M,,,,0000*0f
$GPRMC,080441.836,A,4831.3178,N,00744.4733,E,10.8,133.0,110826,,*34
$GPGGA,080441.859,4831.3178,N,00744.4734,E,1,03,0.0,0.0,M,,,,0000*01
$GPRMC,080441.859,A,4831.3178,N,00744.4734,E,10.8,133.6,110826,,*3c
$GPGGA,080441.877,4831.3178,N,00744.4734,E,1,03,0.0,0.0,M,,,,0000*0d
$GPRMC,080441.877,A,4831.3178,N,00744.4734,E,10.8,134.2,110826,,*33
$GPGGA,080441.890,4831.3177,N,00744.4735,E,1,03,0.0,0.0,M,,,,0000*0a
$GPRMC,080441.890,A,4831.3177,N,00744.4735,E,10.8,135.1,110826,,*36
$GPGGA,080441.909,4831.3177,N,00744.4735,E,1,03,0.0,0.0,M,,,,0000*0b
$GPRMC,080441.909,A,4831.3177,N,00744.4735,E,10.8,135.7,110826,,*31
$GPGGA,080441.928,4831.3176,N,00744.4736,E,1,03,0.0,0.0,M,,,,0000*0a
$GPRMC,080441.928,A,4831.3176,N,00744.4736,E,10.8,136.5,110826,,*31
$GPGGA,080441.945,4831.3176,N,00744.4736,E,1,03,0.0,0.0,M,,,,0000*01
$GPRMC,080441.945,A,4831.3176,N,00744.4736,E,10.8,137.1,110826,,*3f
$GPGGA,080441.958,4831.3176,N,00744.4737,E,1,03,0.0,0.0,M,,,,0000*0c
$GPRMC,080441.958,A,4831.3176,N,00744.4737,E,10.8,137.7,110826,,*34
$GPGGA,080441.981,4831.3175,N,00744.4737,E,1,03,0.0,0.0,M,,,,0000*0b
$GPRMC,080441.981,A,4831.3175,N,00744.4737,E,10.8,138.6,110826,,*3d
$GPGGA,080441.990,4831.3175,N,00744.4738,E,1,03,0.0,0.0,M,,,,0000*04
$GPRMC,080441.990,A,4831.3175,N,00744.4738,E,10.8,139.2,110826,,*37
$GPGGA,080442.006,4831.3175,N,00744.4738,E,1,03,0.0,0.0,M,,,,0000*01
$GPRMC,080442.006,A,4831.3175,N,00744.4738,E,10.8,139.9,110826,,*39
$GPGGA,080442.022,4831.3174,N,00744.4739,E,1,03,0.0,0.0,M,,,,0000*07
$GPRMC,080442.022,A,4831.3174,N,00744.4739,E,10.8,140.9,110826,,*31
$GPGGA,080442.038,4831.3174,N,00744.4739,E,1,03,0.0,0.0,M,,,,0000*0c
$GPRMC,080442.038,A,4831.3174,N,00744.4739,E,10.8,141.5,110826,,*37
$GPGGA,080442.055,4831.3174,N,00744.4740,E,1,03,0.0,0.0,M,,,,0000*09
$GPRMC,080442.055,A,4831.3174,N,00744.4740,E,10.8,142.2,110826,,*36
$GPGGA,080442.071,4831.3173,N,00744.4740,E,1,03,0.0,0.0,M,,,,0000*08
$GPRMC,080442.071,A,4831.3173,N,00744.4740,E,10.8,143.1,110826,,*35
$GPGGA,080442.088,4831.3173,N,00744.4741,E,1,03,0.0,0.0,M,,,,0000*0f
$GPRMC,080442.088,A,4831.3173,N,00744.4741,E,10.8,143.8,110826,,*3b
$GPGGA,080442.105,4831.3173,N,00744.4741,E,1,03,0.0,0.0,M,,,,0000*0b
$GPRMC,080442.105,A,4831.3173,N,00744.4741,E,10.8,144.4,110826,,*34
$GPGGA,080442.190,4831.3172,N,00744.4742,E,1,03,0.0,0.0,M,,,,0000*05
$GPRMC,080442.190,A,4831.3172,N,00744.4742,E,10.8,145.4,110826,,*3b
$GPGGA,080442.206,4831.3170,N,00744.4744,E,1,03,0.0,0.0,M,,,,0000*0d
$GPRMC,080442.206,A,4831.3170,N,00744.4744,E,10.8,149.5,110826,,*3e
$GPGGA,080442.239,4831.3170,N,00744.4744,E,1,03,0.0,0.0,M,,,,0000*01
$GPRMC,080442.239,A,4831.3170,N,00744.4744,E,10.8,150.1,110826,,*3e
$GPGGA,080442.255,4831.3169,N,00744.4744,E,1,03,0.0,0.0,M,,,,0000*03
$GPRMC,080442.255,A,4831.3169,N,00744.4744,E,10.8,150.8,110826,,*35
$GPGGA,080442.273,4831.3168,N,00744.4745,E,1,03,0.0,0.0,M,,,,0000*07
$GPRMC,080442.273,A,4831.3168,N,00744.4745,E,10.8,152.3,110826,,*38
$GPGGA,080442.288,4831.3168,N,00744.4745,E,1,03,0.0,0.0,M,,,,0000*03
$GPRMC,080442.288,A,4831.3168,N,00744.4745,E,10.8,152.8,110826,,*37
$GPGGA,080442.320,4831.3167,N,00744.4746,E,1,03,0.0,0.0,M,,,,0000*0c
$GPRMC,080442.320,A,4831.3167,N,00744.4746,E,10.8,153.4,110826,,*35
$GPGGA,080442.345,4831.3166,N,00744.4747,E,1,03,0.0,0.0,M,,,,0000*0f
$GPRMC,080442.345,A,4831.3166,N,00744.4747,E,10.8,154.2,110826,,*37
$GPGGA,080442.357,4831.3166,N,00744.4747,E,1,03,0.0,0.0,M,,,,0000*0c
$GPRMC,080442.357,A,4831.3166,N,00744.4747,E,10.8,154.9,110826,,*3f
$GPGGA,080442.374,4831.3165,N,00744.4747,E,1,03,0.0,0.0,M,,,,0000*0e
$GPRMC,080442.374,A,4831.3165,N,00744.4747,E,10.8,155.3,110826,,*36
$GPGGA,080442.405,4831.3165,N,00744.4748,E,1,03,0.0,0.0,M,,,,0000*00
$GPRMC,080442.405,A,4831.3165,N,00744.4748,E,10.8,155.9,110826,,*32
$GPGGA,080442.438,4831.3164,N,00744.4749,E,1,03,0.0,0.0,M,,,,0000*0e
$GPRMC,080442.438,A,4831.3164,N,00744.4749,E,10.8,156.7,110826,,*31
$GPGGA,080442.470,4831.3163,N,00744.4749,E,1,03,0.0,0.0,M,,,,0000*05
$GPRMC,080442.470,A,4831.3163,N,00744.4749,E,10.8,157.7,110826,,*3b
$GPGGA,080442.504,4831.3162,N,00744.4750,E,1,03,0.0,0.0,M,,,,0000*0e
$GPRMC,080442.504,A,4831.3162,N,00744.4750,E,10.8,158.7,110826,,*3f
$GPGGA,080442.520,4831.3161,N,00744.4750,E,1,03,0.0,0.0,M,,,,0000*0b
$GPRMC,080442.520,A,4831.3161,N,00744.4750,E,10.8,159.2,110826,,*3e
$GPGGA,080442.538,4831.3161,N,00744.4751,E,1,03,0.0,0.0,M,,,,0000*03
$GPRMC,080442.538,A,4831.3161,N,00744.4751,E,10.8,159.6,110826,,*32
$GPGGA,080442.570,4831.3160,N,00744.4751,E,1,03,0.0,0.0,M,,,,0000*0e
$GPRMC,080442.570,A,4831.3160,N,00744.4751,E,10.8,160.7,110826,,*34
$GPGGA,080442.592,4831.3159,N,00744.4752,E,1,03,0.0,0.0,M,,,,0000*0b
$GPRMC,080442.592,A,4831.3159,N,00744.4752,E,10.8,161.4,110826,,*33
$GPGGA,080442.607,4831.3159,N,00744.4752,E,1,03,0.0,0.0,M,,,,0000*04
$GPRMC,080442.607,A,4831.3159,N,00744.4752,E,10.8,162.2,110826,,*39
$GPGGA,080442.623,4831.3158,N,00744.4753,E,1,03,0.0,0.0,M,,,,0000*02
$GPRMC,080442.623,A,4831.3158,N,00744.4753,E,10.8,162.5,110826,,*38
$GPGGA,080442.655,4831.3157,N,00744.4753,E,1,03,0.0,0.0,M,,,,0000*0c
$GPRMC,080442.655,A,4831.3157,N,00744.4753,E,10.8,162.7,110826,,*34
$GPGGA,080442.671,4831.3157,N,00744.4753,E,1,03,0.0,0.0,M,,,,0000*0a
$GPRMC,080442.671,A,4831.3157,N,00744.4753,E,10.8,162.9,110826,,*3c
$GPGGA,080442.686,4831.3156,N,00744.4753,E,1,03,0.0,0.0,M,,,,0000*03
$GPRMC,080442.686,A,4831.3156,N,00744.4753,E,10.8,163.1,110826,,*3c
$GPGGA,080442.705,4831.3156,N,00744.4754,E,1,03,0.0,0.0,M,,,,0000*0e
$GPRMC,080442.705,A,4831.3156,N,00744.4754,E,10.8,163.3,110826,,*33
$GPGGA,080442.739,4831.3155,N,00744.4754,E,1,03,0.0,0.0,M,,,,0000*02
$GPRMC,080442.739,A,4831.3155,N,00744.4754,E,10.8,163.7,110826,,*3b
$GPGGA,080442.755,4831.3154,N,00744.4754,E,1,03,0.0,0.0,M,,,,0000*09
$GPRMC,080442.755,A,4831.3154,N,00744.4754,E,10.8,163.9,110826,,*3e
$GPGGA,080442.771,4831.3154,N,00744.4754,E,1,03,0.0,0.0,M,,,,0000*0f
$GPRMC,080442.771,A,4831.3154,N,00744.4754,E,10.8,164.2,110826,,*34
$GPGGA,080442.786,4831.3153,N,00744.4755,E,1,03,0.0,0.0,M,,,,0000*01
$GPRMC,080442.786,A,4831.3153,N,00744.4755,E,10.8,164.3,110826,,*3b
$GPGGA,080442.804,4831.3153,N,00744.4755,E,1,03,0.0,0.0,M,,,,0000*04
$GPRMC,080442.804,A,4831.3153,N,00744.4755,E,10.8,164.5,110826,,*38
$GPGGA,080442.822,4831.3151,N,00744.4755,E,1,03,0.0,0.0,M,,,,0000*02
$GPRMC,080442.822,A,4831.3151,N,00744.4755,E,10.8,165.0,110826,,*3a
$GPGGA,080442.836,4831.3151,N,00744.4755,E,1,03,0.0,0.0,M,,,,0000*07
$GPRMC,080442.836,A,4831.3151,N,00744.4755,E,10.8,165.1,110826,,*3e
$GPGGA,080442.872,4831.3151,N,00744.4756,E,1,03,0.0,0.0,M,,,,0000*04
$GPRMC,080442.872,A,4831.3151,N,00744.4756,E,10.8,165.3,110826,,*3f
$GPGGA,080442.887,4831.3150,N,00744.4756,E,1,03,0.0,0.0,M,,,,0000*0f
$GPRMC,080442.887,A,4831.3150,N,00744.4756,E,10.8,165.6,110826,,*31
$GPGGA,080442.921,4831.3149,N,00744.4756,E,1,03,0.0,0.0,M,,,,0000*0a
$GPRMC,080442.921,A,4831.3149,N,00744.4756,E,10.8,166.0,110826,,*31
$GPGGA,080442.940,4831.3148,N,00744.4757,E,1,03,0.0,0.0,M,,,,0000*0d
$GPRMC,080442.940,A,4831.3148,N,00744.4757,E,10.8,166.2,110826,,*34
$GPGGA,080442.972,4831.3147,N,00744.4757,E,1,03,0.0,0.0,M,,,,0000*03
$GPRMC,080442.972,A,4831.3147,N,00744.4757,E,10.8,166.6,110826,,*3e
$GPGGA,080442.988,4831.3146,N,00744.4757,E,1,03,0.0,0.0,M,,,,0000*07
$GPRMC,080442.988,A,4831.3146,N,00744.4757,E,10.8,166.9,110826,,*35
$GPGGA,080443.006,4831.3146,N,00744.4757,E,1,03,0.0,0.0,M,,,,0000*09
$GPRMC,080443.006,A,4831.3146,N,00744.4757,E,10.8,167.1,110826,,*32
$GPGGA,080443.021,4831.3145,N,00744.4758,E,1,03,0.0,0.0,M,,,,0000*00
$GPRMC,080443.021,A,4831.3145,N,00744.4758,E,10.8,167.3,110826,,*39
$GPGGA,080443.038,4831.3145,N,00744.4758,E,1,03,0.0,0.0,M,,,,0000*08
$GPRMC,080443.038,A,4831.3145,N,00744.4758,E,10.8,167.5,110826,,*37
$GPGGA,080443.056,4831.3144,N,00744.4758,E,1,03,0.0,0.0,M,,,,0000*01
$GPRMC,080443.056,A,4831.3144,N,00744.4758,E,10.8,167.9,110826,,*32
$GPGGA,080443.072,4831.3143,N,00744.4759,E,1,03,0.0,0.0,M,,,,0000*01
$GPRMC,080443.072,A,4831.3143,N,00744.4759,E,10.8,168.1,110826,,*35
$GPGGA,080443.104,4831.3143,N,00744.4759,E,1,03,0.0,0.0,M,,,,0000*01
$GPRMC,080443.104,A,4831.3143,N,00744.4759,E,10.8,168.3,110826,,*37
$GPGGA,080443.124,4831.3142,N,00744.4759,E,1,03,0.0,0.0,M,,,,0000*02
$GPRMC,080443.124,A,4831.3142,N,00744.4759,E,10.8,168.5,110826,,*32
$GPGGA,080443.138,4831.3141,N,00744.4759,E,1,03,0.0,0.0,M,,,,0000*0c
$GPRMC,080443.138,A,4831.3141,N,00744.4759,E,10.8,168.7,110826,,*3e
$GPGGA,080443.156,4831.3141,N,00744.4759,E,1,03,0.0,0.0,M,,,,0000*04
$GPRMC,080443.156,A,4831.3141,N,00744.4759,E,10.8,168.7,110826,,*36
$GPGGA,080443.171,4831.3140,N,00744.4760,E,1,03,0.0,0.0,M,,,,0000*0a
$GPRMC,080443.171,A,4831.3140,N,00744.4760,E,10.8,168.7,110826,,*38
$GPGGA,080443.203,4831.3139,N,00744.4760,E,1,03,0.0,0.0,M,,,,0000*02
$GPRMC,080443.203,A,4831.3139,N,00744.4760,E,10.8,168.7,110826,,*30
$GPGGA,080443.218,4831.3139,N,00744.4760,E,1,03,0.0,0.0,M,,,,0000*08
$GPRMC,080443.218,A,4831.3139,N,00744.4760,E,10.8,168.7,110826,,*3a
$GPGGA,080443.218,4831.3138,N,00744.4760,E,1,03,0.0,0.0,M,,,,0000*09
$GPRMC,080443.218,A,4831.3138,N,00744.4760,E,10.8,168.7,110826,,*3b
$GPGGA,080443.244,4831.3138,N,00744.4760,E,1,03,0.0,0.0,M,,,,0000*00
$GPRMC,080443.244,A,4831.3138,N,00744.4760,E,10.8,168.7,110826,,*32
$GPGGA,080443.257,4831.3138,N,00744.4760,E,1,03,0.0,0.0,M,,,,0000*02
$GPRMC,080443.257,A,4831.3138,N,00744.4760,E,10.8,168.7,110826,,*30
$GPGGA,080443.273,4831.3137,N,00744.4761,E,1,03,0.0,0.0,M,,,,0000*0a
$GPRMC,080443.273,A,4831.3137,N,00744.4761,E,10.8,168.7,110826,,*38
$GPGGA,080443.305,4831.3136,N,00744.4761,E,1,03,0.0,0.0,M,,,,0000*0b
$GPRMC,080443.305,A,4831.3136,N,00744.4761,E,10.8,168.7,110826,,*39
$GPGGA,080443.339,4831.3135,N,00744.4761,E,1,03,0.0,0.0,M,,,,0000*07
$GPRMC,080443.339,A,4831.3135,N,00744.4761,E,10.8,168.7,110826,,*35
$GPGGA,080443.373,4831.3134,N,00744.4761,E,1,03,0.0,0.0,M,,,,0000*08
$GPRMC,080443.373,A,4831.3134,N,00744.4761,E,10.8,168.7,110826,,*3a
$GPGGA,080443.388,4831.3133,N,00744.4762,E,1,03,0.0,0.0,M,,,,0000*08
$GPRMC,080443.388,A,4831.3133,N,00744.4762,E,10.8,168.7,110826,,*3a
$GPGGA,080443.420,4831.3132,N,00744.4762,E,1,03,0.0,0.0,M,,,,0000*0c
$GPRMC,080443.420,A,4831.3132,N,00744.4762,E,10.8,168.7,110826,,*3e
$GPGGA,080443.432,4831.3132,N,00744.4762,E,1,03,0.0,0.0,M,,,,0000*0f
$GPRMC,080443.432,A,4831.3132,N,00744.4762,E,10.8,168.7,110826,,*3d
$GPGGA,080443.441,4831.3131,N,00744.4762,E,1,03,0.0,0.0,M,,,,0000*08
$GPRMC,080443.441,A,4831.3131,N,00744.4762,E,10.8,168.7,110826,,*3a
$GPGGA,080443.457,4831.3131,N,00744.4762,E,1,03,0.0,0.0,M,,,,0000*0f
$GPRMC,080443.457,A,4831.3131,N,00744.4762,E,10.8,168.7,110826,,*3d
$GPGGA,080443.480,4831.3130,N,00744.4763,E,1,03,0.0,0.0,M,,,,0000*05
$GPRMC,080443.480,A,4831.3130,N,00744.4763,E,10.8,168.7,110826,,*37
$GPGGA,080443.490,4831.3130,N,00744.4763,E,1,03,0.0,0.0,M,,,,0000*04
$GPRMC,080443.490,A,4831.3130,N,00744.4763,E,10.8,168.7,110826,,*36
$GPGGA,080443.506,4831.3129,N,00744.4763,E,1,03,0.0,0.0,M,,,,0000*02
$GPRMC,080443.506,A,4831.3129,N,00744.4763,E,10.8,168.7,110826,,*30
$GPGGA,080443.522,4831.3128,N,00744.4763,E,1,03,0.0,0.0,M,,,,0000*05
$GPRMC,080443.522,A,4831.3128,N,00744.4763,E,10.8,168.7,110826,,*37
$GPGGA,080443.555,4831.3128,N,00744.4763,E,1,03,0.0,0.0,M,,,,0000*05
$GPRMC,080443.555,A,4831.3128,N,00744.4763,E,10.8,168.7,110826,,*37
$GPGGA,080443.571,4831.3127,N,00744.4763,E,1,03,0.0,0.0,M,,,,0000*0c
$GPRMC,080443.571,A,4831.3127,N,00744.4763,E,10.8,168.7,110826,,*3e
$GPGGA,080443.590,4831.3127,N,00744.4764,E,1,03,0.0,0.0,M,,,,0000*04
$GPRMC,080443.590,A,4831.3127,N,00744.4764,E,10.8,168.7,110826,,*36
$GPGGA,080443.606,4831.3126,N,00744.4764,E,1,03,0.0,0.0,M,,,,0000*09
$GPRMC,080443.606,A,4831.3126,N,00744.4764,E,10.8,168.8,110826,,*34
$GPGGA,080443.622,4831.3125,N,00744.4764,E,1,03,0.0,0.0,M,,,,0000*0c
$GPRMC,080443.622,A,4831.3125,N,00744.4764,E,10.8,168.8,110826,,*31
$GPGGA,080443.640,4831.3124,N,00744.4764,E,1,03,0.0,0.0,M,,,,0000*09
$GPRMC,080443.640,A,4831.3124,N,00744.4764,E,10.8,168.8,110826,,*34
$GPGGA,080443.672,4831.3124,N,00744.4764,E,1,03,0.0,0.0,M,,,,0000*08
$GPRMC,080443.672,A,4831.3124,N,00744.4764,E,10.8,168.8,110826,,*35
$GPGGA,080443.688,4831.3123,N,00744.4765,E,1,03,0.0,0.0,M,,,,0000*0b
$GPRMC,080443.688,A,4831.3123,N,00744.4765,E,10.8,168.8,110826,,*36
$GPGGA,080443.707,4831.3123,N,00744.4765,E,1,03,0.0,0.0,M,,,,0000*0d
$GPRMC,080443.707,A,4831.3123,N,00744.4765,E,10.8,168.8,110826,,*30
$GPGGA,080443.738,4831.3122,N,00744.4765,E,1,03,0.0,0.0,M,,,,0000*00
$GPRMC,080443.738,A,4831.3122,N,00744.4765,E,10.8,168.8,110826,,*3d
$GPGGA,080443.754,4831.3121,N,00744.4765,E,1,03,0.0,0.0,M,,,,0000*09
$GPRMC,080443.754,A,4831.3121,N,00744.4765,E,10.8,168.8,110826,,*34
$GPGGA,080443.769,4831.3121,N,00744.4765,E,1,03,0.0,0.0,M,,,,0000*07
$GPRMC,080443.769,A,4831.3121,N,00744.4765,E,10.8,168.9,110826,,*3b
$GPGGA,080443.806,4831.3119,N,00744.4766,E,1,03,0.0,0.0,M,,,,0000*09
$GPRMC,080443.806,A,4831.3119,N,00744.4766,E,10.8,168.9,110826,,*35
$GPGGA,080443.806,4831.3119,N,00744.4766,E,1,03,0.0,0.0,M,,,,0000*09
$GPRMC,080443.806,A,4831.3119,N,00744.4766,E,10.8,168.9,110826,,*35
$GPGGA,080443.822,4831.3118,N,00744.4766,E,1,03,0.0,0.0,M,,,,0000*0e
$GPRMC,080443.822,A,4831.3118,N,00744.4766,E,10.8,168.9,110826,,*32
$GPGGA,080443.854,4831.3118,N,00744.4766,E,1,03,0.0,0.0,M,,,,0000*0f
$GPRMC,080443.854,A,4831.3118,N,00744.4766,E,10.8,168.9,110826,,*33
$GPGGA,080443.870,4831.3117,N,00744.4766,E,1,03,0.0,0.0,M,,,,0000*06
$GPRMC,080443.870,A,4831.3117,N,00744.4766,E,10.8,168.9,110826,,*3a
$GPGGA,080443.891,4831.3116,N,00744.4767,E,1,03,0.0,0.0,M,,,,0000*09
$GPRMC,080443.891,A,4831.3116,N,00744.4767,E,10.8,168.9,110826,,*35
$GPGGA,080443.921,4831.3115,N,00744.4767,E,1,03,0.0,0.0,M,,,,0000*00
$GPRMC,080443.921,A,4831.3115,N,00744.4767,E,10.8,169.0,110826,,*34
$GPGGA,080443.939,4831.3115,N,00744.4767,E,1,03,0.0,0.0,M,,,,0000*09
$GPRMC,080443.939,A,4831.3115,N,00744.4767,E,10.8,169.0,110826,,*3d
$GPGGA,080443.972,4831.3114,N,00744.4767,E,1,03,0.0,0.0,M,,,,0000*07
$GPRMC,080443.972,A,4831.3114,N,00744.4767,E,10.8,169.0,110826,,*33
$GPGGA,080444.005,4831.3113,N,00744.4767,E,1,03,0.0,0.0,M,,,,0000*0e
$GPRMC,080444.005,A,4831.3113,N,00744.4767,E,10.8,169.0,110826,,*3a
$GPGGA,080444.038,4831.3112,N,00744.4768,E,1,03,0.0,0.0,M,,,,0000*0e
$GPRMC,080444.038,A,4831.3112,N,00744.4768,E,10.8,169.0,110826,,*3a
$GPGGA,080444.054,4831.3110,N,00744.4768,E,1,03,0.0,0.0,M,,,,0000*06
$GPRMC,080444.054,A,4831.3110,N,00744.4768,E,10.8,169.1,110826,,*33
$GPGGA,080444.082,4831.3110,N,00744.4768,E,1,03,0.0,0.0,M,,,,0000*0d
$GPRMC,080444.082,A,4831.3110,N,00744.4768,E,10.8,169.1,110826,,*38
$GPGGA,080444.106,4831.3110,N,00744.4768,E,1,03,0.0,0.0,M,,,,0000*00
$GPRMC,080444.106,A,4831.3110,N,00744.4768,E,10.8,169.1,110826,,*35
$GPGGA,080444.140,4831.3108,N,00744.4769,E,1,03,0.0,0.0,M,,,,0000*0a
$GPRMC,080444.140,A,4831.3108,N,00744.4769,E,10.8,169.1,110826,,*3f
$GPGGA,080444.156,4831.3107,N,00744.4769,E,1,03,0.0,0.0,M,,,,0000*02
$GPRMC,080444.156,A,4831.3107,N,00744.4769,E,10.8,169.1,110826,,*37
$GPGGA,080444.172,4831.3107,N,00744.4769,E,1,03,0.0,0.0,M,,,,0000*04
$GPRMC,080444.172,A,4831.3107,N,00744.4769,E,10.8,169.1,110826,,*31
$GPGGA,080444.188,4831.3106,N,00744.4769,E,1,03,0.0,0.0,M,,,,0000*00
$GPRMC,080444.188,A,4831.3106,N,00744.4769,E,10.8,169.1,110826,,*35
$GPGGA,080444.206,4831.3106,N,00744.4770,E,1,03,0.0,0.0,M,,,,0000*0d
$GPRMC,080444.206,A,4831.3106,N,00744.4770,E,10.8,169.2,110826,,*3b
$GPGGA,080444.240,4831.3105,N,00744.4770,E,1,03,0.0,0.0,M,,,,0000*0c
$GPRMC,080444.240,A,4831.3105,N,00744.4770,E,10.8,169.2,110826,,*3a
$GPGGA,080444.256,4831.3105,N,00744.4770,E,1,03,0.0,0.0,M,,,,0000*0b
$GPRMC,080444.256,A,4831.3105,N,00744.4770,E,10.8,169.2,110826,,*3d
$GPGGA,080444.271,4831.3104,N,00744.4770,E,1,03,0.0,0.0,M,,,,0000*0f
$GPRMC,080444.271,A,4831.3104,N,00744.4770,E,10.8,169.2,110826,,*39
$GPGGA,080444.289,4831.3103,N,00744.4770,E,1,03,0.0,0.0,M,,,,0000*0f
$GPRMC,080444.289,A,4831.3103,N,00744.4770,E,10.8,169.2,110826,,*39
$GPGGA,080444.326,4831.3102,N,00744.4770,E,1,03,0.0,0.0,M,,,,0000*0a
$GPRMC,080444.326,A,4831.3102,N,00744.4770,E,10.8,169.2,110826,,*3c
$GPGGA,080444.339,4831.3101,N,00744.4771,E,1,03,0.0,0.0,M,,,,0000*06
$GPRMC,080444.339,A,4831.3101,N,00744.4771,E,10.8,169.3,110826,,*31
$GPGGA,080444.372,4831.3101,N,00744.4771,E,1,03,0.0,0.0,M,,,,0000*09
$GPRMC,080444.372,A,4831.3101,N,00744.4771,E,10.8,169.3,110826,,*3e
$GPGGA,080444.388,4831.3100,N,00744.4771,E,1,03,0.0,0.0,M,,,,0000*0d
$GPRMC,080444.388,A,4831.3100,N,00744.4771,E,10.8,169.3,110826,,*3a
$GPGGA,080444.404,4831.3099,N,00744.4771,E,1,03,0.0,0.0,M,,,,0000*0f
$GPRMC,080444.404,A,4831.3099,N,00744.4771,E,10.8,169.3,110826,,*38
$GPGGA,080444.420,4831.3098,N,00744.4772,E,1,03,0.0,0.0,M,,,,0000*0b
$GPRMC,080444.420,A,4831.3098,N,00744.4772,E,10.8,169.3,110826,,*3c
$GPGGA,080444.440,4831.3098,N,00744.4772,E,1,03,0.0,0.0,M,,,,0000*0d
$GPRMC,080444.440,A,4831.3098,N,00744.4772,E,10.8,169.3,110826,,*3a
$GPGGA,080444.472,4831.3097,N,00744.4772,E,1,03,0.0,0.0,M,,,,0000*03
$GPRMC,080444.472,A,4831.3097,N,00744.4772,E,10.8,169.3,110826,,*34
$GPGGA,080444.488,4831.3097,N,00744.4772,E,1,03,0.0,0.0,M,,,,0000*06
$GPRMC,080444.488,A,4831.3097,N,00744.4772,E,10.8,169.3,110826,,*31
$GPGGA,080444.504,4831.3096,N,00744.4772,E,1,03,0.0,0.0,M,,,,0000*02
$GPRMC,080444.504,A,4831.3096,N,00744.4772,E,10.8,169.4,110826,,*32
$GPGGA,080444.528,4831.3095,N,00744.4772,E,1,03,0.0,0.0,M,,,,0000*0f
$GPRMC,080444.528,A,4831.3095,N,00744.4772,E,10.8,169.4,110826,,*3f
$GPGGA,080444.542,4831.3094,N,00744.4773,E,1,03,0.0,0.0,M,,,,0000*03
$GPRMC,080444.542,A,4831.3094,N,00744.4773,E,10.8,169.4,110826,,*33
$GPGGA,080444.573,4831.3094,N,00744.4773,E,1,03,0.0,0.0,M,,,,0000*01
$GPRMC,080444.573,A,4831.3094,N,00744.4773,E,10.8,169.4,110826,,*31
$GPGGA,080444.596,4831.3093,N,00744.4773,E,1,03,0.0,0.0,M,,,,0000*0d
$GPRMC,080444.596,A,4831.3093,N,00744.4773,E,10.8,169.5,110826,,*3c
$GPGGA,080444.604,4831.3092,N,00744.4773,E,1,03,0.0,0.0,M,,,,0000*04
$GPRMC,080444.604,A,4831.3092,N,00744.4773,E,10.8,169.5,110826,,*35
$GPGGA,080444.623,4831.3092,N,00744.4773,E,1,03,0.0,0.0,M,,,,0000*01
$GPRMC,080444.623,A,4831.3092,N,00744.4773,E,10.8,169.5,110826,,*30
$GPGGA,080444.656,4831.3091,N,00744.4774,E,1,03,0.0,0.0,M,,,,0000*07
$GPRMC,080444.656,A,4831.3091,N,00744.4774,E,10.8,169.5,110826,,*36
$GPGGA,080444.679,4831.3090,N,00744.4774,E,1,03,0.0,0.0,M,,,,0000*0b
$GPRMC,080444.679,A,4831.3090,N,00744.4774,E,10.8,169.6,110826,,*39
$GPGGA,080444.689,4831.3089,N,00744.4774,E,1,03,0.0,0.0,M,,,,0000*0c
$GPRMC,080444.689,A,4831.3089,N,00744.4774,E,10.8,169.6,110826,,*3e
$GPGGA,080444.714,4831.3089,N,00744.4774,E,1,03,0.0,0.0,M,,,,0000*09
$GPRMC,080444.714,A,4831.3089,N,00744.4774,E,10.8,169.6,110826,,*3b
$GPGGA,080444.733,4831.3088,N,00744.4774,E,1,03,0.0,0.0,M,,,,0000*0d
$GPRMC,080444.733,A,4831.3088,N,00744.4774,E,10.8,169.6,110826,,*3f
$GPGGA,080444.751,4831.3088,N,00744.4774,E,1,03,0.0,0.0,M,,,,0000*09
$GPRMC,080444.751,A,4831.3088,N,00744.4774,E,10.8,169.7,110826,,*3a
$GPGGA,080444.771,4831.3087,N,00744.4775,E,1,03,0.0,0.0,M,,,,0000*05
$GPRMC,080444.771,A,4831.3087,N,00744.4775,E,10.8,169.7,110826,,*36
$GPGGA,080444.790,4831.3086,N,00744.4775,E,1,03,0.0,0.0,M,,,,0000*0b
$GPRMC,080444.790,A,4831.3086,N,00744.4775,E,10.8,169.7,110826,,*38
$GPGGA,080444.821,4831.3085,N,00744.4775,E,1,03,0.0,0.0,M,,,,0000*0d
$GPRMC,080444.821,A,4831.3085,N,00744.4775,E,10.8,169.8,110826,,*31
$GPGGA,080444.838,4831.3085,N,00744.4775,E,1,03,0.0,0.0,M,,,,0000*05
$GPRMC,080444.838,A,4831.3085,N,00744.4775,E,10.8,169.8,110826,,*39
$GPGGA,080444.871,4831.3084,N,00744.4775,E,1,03,0.0,0.0,M,,,,0000*09
$GPRMC,080444.871,A,4831.3084,N,00744.4775,E,10.8,169.8,110826,,*35
$GPGGA,080444.890,4831.3083,N,00744.4776,E,1,03,0.0,0.0,M,,,,0000*02
$GPRMC,080444.890,A,4831.3083,N,00744.4776,E,10.8,169.8,110826,,*3e
$GPGGA,080444.906,4831.3083,N,00744.4776,E,1,03,0.0,0.0,M,,,,0000*0c
$GPRMC,080444.906,A,4831.3083,N,00744.4776,E,10.8,169.9,110826,,*31
$GPGGA,080444.921,4831.3082,N,00744.4776,E,1,03,0.0,0.0,M,,,,0000*08
$GPRMC,080444.921,A,4831.3082,N,00744.4776,E,10.8,169.9,110826,,*35
$GPGGA,080444.937,4831.3082,N,00744.4776,E,1,03,0.0,0.0,M,,,,0000*0f
$GPRMC,080444.937,A,4831.3082,N,00744.4776,E,10.8,169.9,110826,,*32
$GPGGA,080444.962,4831.3081,N,00744.4776,E,1,03,0.0,0.0,M,,,,0000*0c
$GPRMC,080444.962,A,4831.3081,N,00744.4776,E,10.8,170.0,110826,,*30
$GPGGA,080444.979,4831.3080,N,00744.4777,E,1,03,0.0,0.0,M,,,,0000*06
$GPRMC,080444.979,A,4831.3080,N,00744.4777,E,10.8,170.0,110826,,*3a
$GPGGA,080444.993,4831.3079,N,00744.4777,E,1,03,0.0,0.0,M,,,,0000*04
$GPRMC,080444.993,A,4831.3079,N,00744.4777,E,10.8,170.0,110826,,*38
$GPGGA,080445.008,4831.3079,N,00744.4777,E,1,03,0.0,0.0,M,,,,0000*0e
$GPRMC,080445.008,A,4831.3079,N,00744.4777,E,10.8,170.0,110826,,*32
$GPGGA,080445.023,4831.3078,N,00744.4777,E,1,03,0.0,0.0,M,,,,0000*06
$GPRMC,080445.023,A,4831.3078,N,00744.4777,E,10.8,170.0,110826,,*3a
$GPGGA,080445.057,4831.3078,N,00744.4777,E,1,03,0.0,0.0,M,,,,0000*05
$GPRMC,080445.057,A,4831.3078,N,00744.4777,E,10.8,170.1,110826,,*38
$GPGGA,080445.073,4831.3077,N,00744.4777,E,1,03,0.0,0.0,M,,,,0000*0c
$GPRMC,080445.073,A,4831.3077,N,00744.4777,E,10.8,170.1,110826,,*31
$GPGGA,080445.105,4831.3076,N,00744.4778,E,1,03,0.0,0.0,M,,,,0000*02
$GPRMC,080445.105,A,4831.3076,N,00744.4778,E,10.8,170.1,110826,,*3f
$GPGGA,080445.129,4831.3075,N,00744.4778,E,1,03,0.0,0.0,M,,,,0000*0f
$GPRMC,080445.129,A,4831.3075,N,00744.4778,E,10.8,170.2,110826,,*31
$GPGGA,080445.155,4831.3074,N,00744.4778,E,1,03,0.0,0.0,M,,,,0000*05
$GPRMC,080445.155,A,4831.3074,N,00744.4778,E,10.8,170.2,110826,,*3b
$GPGGA,080445.180,4831.3073,N,00744.4778,E,1,03,0.0,0.0,M,,,,0000*0a
$GPRMC,080445.180,A,4831.3073,N,00744.4778,E,10.8,170.2,110826,,*34
$GPGGA,080445.200,4831.3073,N,00744.4778,E,1,03,0.0,0.0,M,,,,0000*01
$GPRMC,080445.200,A,4831.3073,N,00744.4778,E,10.8,170.3,110826,,*3e
$GPGGA,080445.207,4831.3072,N,00744.4779,E,1,03,0.0,0.0,M,,,,0000*06
$GPRMC,080445.207,A,4831.3072,N,00744.4779,E,10.8,170.3,110826,,*39
$GPGGA,080445.233,4831.3072,N,00744.4779,E,1,03,0.0,0.0,M,,,,0000*01
$GPRMC,080445.233,A,4831.3072,N,00744.4779,E,10.8,170.3,110826,,*3e
$GPGGA,080445.239,4831.3071,N,00744.4779,E,1,03,0.0,0.0,M,,,,0000*08
$GPRMC,080445.239,A,4831.3071,N,00744.4779,E,10.8,170.3,110826,,*37
$GPGGA,080445.266,4831.3071,N,00744.4779,E,1,03,0.0,0.0,M,,,,0000*02
$GPRMC,080445.266,A,4831.3071,N,00744.4779,E,10.8,170.4,110826,,*3a
$GPGGA,080445.283,4831.3070,N,00744.4779,E,1,03,0.0,0.0,M,,,,0000*08
$GPRMC,080445.283,A,4831.3070,N,00744.4779,E,10.8,170.4,110826,,*30
$GPGGA,080445.284,4831.3069,N,00744.4779,E,1,03,0.0,0.0,M,,,,0000*07
$GPRMC,080445.284,A,4831.3069,N,00744.4779,E,10.8,170.4,110826,,*3f
$GPGGA,080445.339,4831.3069,N,00744.4779,E,1,03,0.0,0.0,M,,,,0000*00
$GPRMC,080445.339,A,4831.3069,N,00744.4779,E,10.8,170.4,110826,,*38
$GPGGA,080445.355,4831.3067,N,00744.4780,E,1,03,0.0,0.0,M,,,,0000*02
$GPRMC,080445.355,A,4831.3067,N,00744.4780,E,10.8,170.5,110826,,*3b
$GPGGA,080445.370,4831.3067,N,00744.4780,E,1,03,0.0,0.0,M,,,,0000*05
$GPRMC,080445.370,A,4831.3067,N,00744.4780,E,10.8,170.5,110826,,*3c
$GPGGA,080445.409,4831.3066,N,00744.4780,E,1,03,0.0,0.0,M,,,,0000*0d
$GPRMC,080445.409,A,4831.3066,N,00744.4780,E,10.8,170.5,110826,,*34
$GPGGA,080445.439,4831.3065,N,00744.4780,E,1,03,0.0,0.0,M,,,,0000*0d
$GPRMC,080445.439,A,4831.3065,N,00744.4780,E,10.8,170.6,110826,,*37
$GPGGA,080445.457,4831.3064,N,00744.4781,E,1,03,0.0,0.0,M,,,,0000*05
$GPRMC,080445.457,A,4831.3064,N,00744.4781,E,10.8,170.6,110826,,*3f
$GPGGA,080445.489,4831.3063,N,00744.4781,E,1,03,0.0,0.0,M,,,,0000*01
$GPRMC,080445.489,A,4831.3063,N,00744.4781,E,10.8,170.6,110826,,*3b
$GPGGA,080445.505,4831.3063,N,00744.4781,E,1,03,0.0,0.0,M,,,,0000*04
$GPRMC,080445.505,A,4831.3063,N,00744.4781,E,10.8,170.7,110826,,*3f
$GPGGA,080445.521,4831.3062,N,00744.4781,E,1,03,0.0,0.0,M,,,,0000*03
$GPRMC,080445.521,A,4831.3062,N,00744.4781,E,10.8,170.7,110826,,*38
$GPGGA,080445.557,4831.3061,N,00744.4781,E,1,03,0.0,0.0,M,,,,0000*01
$GPRMC,080445.557,A,4831.3061,N,00744.4781,E,10.8,170.8,110826,,*35
$GPGGA,080445.598,4831.3060,N,00744.4782,E,1,03,0.0,0.0,M,,,,0000*00
$GPRMC,080445.598,A,4831.3060,N,00744.4782,E,10.8,170.8,110826,,*34
$GPGGA,080445.608,4831.3059,N,00744.4782,E,1,03,0.0,0.0,M,,,,0000*00
$GPRMC,080445.608,A,4831.3059,N,00744.4782,E,10.8,170.9,110826,,*35
$GPGGA,080445.640,4831.3058,N,00744.4782,E,1,03,0.0,0.0,M,,,,0000*0d
$GPRMC,080445.640,A,4831.3058,N,00744.4782,E,10.8,171.0,110826,,*30
$GPGGA,080445.656,4831.3057,N,00744.4782,E,1,03,0.0,0.0,M,,,,0000*05
$GPRMC,080445.656,A,4831.3057,N,00744.4782,E,10.8,171.0,110826,,*38
$GPGGA,080445.672,4831.3056,N,00744.4783,E,1,03,0.0,0.0,M,,,,0000*03
$GPRMC,080445.672,A,4831.3056,N,00744.4783,E,10.8,171.1,110826,,*3f
$GPGGA,080445.707,4831.3056,N,00744.4783,E,1,03,0.0,0.0,M,,,,0000*00
$GPRMC,080445.707,A,4831.3056,N,00744.4783,E,10.8,171.1,110826,,*3c
$GPGGA,080445.741,4831.3055,N,00744.4783,E,1,03,0.0,0.0,M,,,,0000*01
$GPRMC,080445.741,A,4831.3055,N,00744.4783,E,10.8,171.2,110826,,*3e
$GPGGA,080445.772,4831.3054,N,00744.4783,E,1,03,0.0,0.0,M,,,,0000*00
$GPRMC,080445.772,A,4831.3054,N,00744.4783,E,10.8,171.3,110826,,*3e
$GPGGA,080445.806,4831.3053,N,00744.4783,E,1,03,0.0,0.0,M,,,,0000*0b
$GPRMC,080445.806,A,4831.3053,N,00744.4783,E,10.8,171.4,110826,,*32
$GPGGA,080445.823,4831.3052,N,00744.4783,E,1,03,0.0,0.0,M,,,,0000*0d
$GPRMC,080445.823,A,4831.3052,N,00744.4783,E,10.8,171.4,110826,,*34
$GPGGA,080445.839,4831.3051,N,00744.4784,E,1,03,0.0,0.0,M,,,,0000*02
$GPRMC,080445.839,A,4831.3051,N,00744.4784,E,10.8,171.5,110826,,*3a
$GPGGA,080445.857,4831.3051,N,00744.4784,E,1,03,0.0,0.0,M,,,,0000*0a
$GPRMC,080445.857,A,4831.3051,N,00744.4784,E,10.8,171.5,110826,,*32
$GPGGA,080445.874,4831.3050,N,00744.4784,E,1,03,0.0,0.0,M,,,,0000*0a
$GPRMC,080445.874,A,4831.3050,N,00744.4784,E,10.8,171.6,110826,,*31
$GPGGA,080445.906,4831.3049,N,00744.4784,E,1,03,0.0,0.0,M,,,,0000*06
$GPRMC,080445.906,A,4831.3049,N,00744.4784,E,10.8,171.6,110826,,*3d
$GPGGA,080445.936,4831.3049,N,00744.4784,E,1,03,0.0,0.0,M,,,,0000*05
$GPRMC,080445.936,A,4831.3049,N,00744.4784,E,10.8,171.7,110826,,*3f
$GPGGA,080445.957,4831.3047,N,00744.4785,E,1,03,0.0,0.0,M,,,,0000*0d
$GPRMC,080445.957,A,4831.3047,N,00744.4785,E,10.8,171.8,110826,,*38
$GPGGA,080445.983,4831.3047,N,00744.4785,E,1,03,0.0,0.0,M,,,,0000*04
$GPRMC,080445.983,A,4831.3047,N,00744.4785,E,10.8,171.9,110826,,*30
$GPGGA,080445.994,4831.3046,N,00744.4785,E,1,03,0.0,0.0,M,,,,0000*03
$GPRMC,080445.994,A,4831.3046,N,00744.4785,E,10.8,171.9,110826,,*37
$GPGGA,080446.010,4831.3045,N,00744.4785,E,1,03,0.0,0.0,M,,,,0000*06
$GPRMC,080446.010,A,4831.3045,N,00744.4785,E,10.8,172.0,110826,,*38
$GPGGA,080446.032,4831.3045,N,00744.4785,E,1,03,0.0,0.0,M,,,,0000*06
$GPRMC,080446.032,A,4831.3045,N,00744.4785,E,10.8,172.0,110826,,*38
$GPGGA,080446.048,4831.3044,N,00744.4785,E,1,03,0.0,0.0,M,,,,0000*0a
$GPRMC,080446.048,A,4831.3044,N,00744.4785,E,10.8,172.0,110826,,*34
$GPGGA,080446.058,4831.3044,N,00744.4785,E,1,03,0.0,0.0,M,,,,0000*0b
$GPRMC,080446.058,A,4831.3044,N,00744.4785,E,10.8,172.1,110826,,*34
$GPGGA,080446.082,4831.3043,N,00744.4786,E,1,03,0.0,0.0,M,,,,0000*08
$GPRMC,080446.082,A,4831.3043,N,00744.4786,E,10.8,172.1,110826,,*37
$GPGGA,080446.090,4831.3042,N,00744.4786,E,1,03,0.0,0.0,M,,,,0000*0a
$GPRMC,080446.090,A,4831.3042,N,00744.4786,E,10.8,172.2,110826,,*36
$GPGGA,080446.113,4831.3042,N,00744.4786,E,1,03,0.0,0.0,M,,,,0000*00
$GPRMC,080446.113,A,4831.3042,N,00744.4786,E,10.8,172.2,110826,,*3c
$GPGGA,080446.132,4831.3041,N,00744.4786,E,1,03,0.0,0.0,M,,,,0000*00
$GPRMC,080446.132,A,4831.3041,N,00744.4786,E,10.8,172.3,110826,,*3d
$GPGGA,080446.148,4831.3041,N,00744.4786,E,1,03,0.0,0.0,M,,,,0000*0d
$GPRMC,080446.148,A,4831.3041,N,00744.4786,E,10.8,172.3,110826,,*30
$GPGGA,080446.158,4831.3040,N,00744.4786,E,1,03,0.0,0.0,M,,,,0000*0d
$GPRMC,080446.158,A,4831.3040,N,00744.4786,E,10.8,172.3,110826,,*30
$GPGGA,080446.232,4831.3040,N,00744.4786,E,1,03,0.0,0.0,M,,,,0000*02
$GPRMC,080446.232,A,4831.3040,N,00744.4786,E,10.8,172.3,110826,,*3f
$GPGGA,080446.272,4831.3037,N,00744.4787,E,1,03,0.0,0.0,M,,,,0000*07
$GPRMC,080446.272,A,4831.3037,N,00744.4787,E,10.8,172.3,110826,,*3a
$GPGGA,080446.291,4831.3036,N,00744.4787,E,1,03,0.0,0.0,M,,,,0000*0b
$GPRMC,080446.291,A,4831.3036,N,00744.4787,E,10.8,172.3,110826,,*36
$GPGGA,080446.307,4831.3035,N,00744.4787,E,1,03,0.0,0.0,M,,,,0000*06
$GPRMC,080446.307,A,4831.3035,N,00744.4787,E,10.8,172.3,110826,,*3b
$GPGGA,080446.324,4831.3035,N,00744.4787,E,1,03,0.0,0.0,M,,,,0000*07
$GPRMC,080446.324,A,4831.3035,N,00744.4787,E,10.8,172.3,110826,,*3a
$GPGGA,080446.357,4831.3034,N,00744.4787,E,1,03,0.0,0.0,M,,,,0000*02
$GPRMC,080446.357,A,4831.3034,N,00744.4787,E,10.8,172.3,110826,,*3f
$GPGGA,080446.390,4831.3033,N,00744.4788,E,1,03,0.0,0.0,M,,,,0000*01
$GPRMC,080446.390,A,4831.3033,N,00744.4788,E,10.8,172.3,110826,,*3c
$GPGGA,080446.406,4831.3032,N,00744.4788,E,1,03,0.0,0.0,M,,,,0000*08
$GPRMC,080446.406,A,4831.3032,N,00744.4788,E,10.8,172.3,110826,,*35
$GPGGA,080446.438,4831.3031,N,00744.4788,E,1,03,0.0,0.0,M,,,,0000*06
$GPRMC,080446.438,A,4831.3031,N,00744.4788,E,10.8,172.3,110826,,*3b
$GPGGA,080446.456,4831.3031,N,00744.4788,E,1,03,0.0,0.0,M,,,,0000*0e
$GPRMC,080446.456,A,4831.3031,N,00744.4788,E,10.8,172.3,110826,,*33
$GPGGA,080446.474,4831.3030,N,00744.4788,E,1,03,0.0,0.0,M,,,,0000*0f
$GPRMC,080446.474,A,4831.3030,N,00744.4788,E,10.8,172.3,110826,,*32
$GPGGA,080446.507,4831.3029,N,00744.4788,E,1,03,0.0,0.0,M,,,,0000*02
$GPRMC,080446.507,A,4831.3029,N,00744.4788,E,10.8,172.3,110826,,*3f
$GPGGA,080446.524,4831.3028,N,00744.4789,E,1,03,0.0,0.0,M,,,,0000*03
$GPRMC,080446.524,A,4831.3028,N,00744.4789,E,10.8,172.3,110826,,*3e
$GPGGA,080446.555,4831.3027,N,00744.4789,E,1,03,0.0,0.0,M,,,,0000*0a
$GPRMC,080446.555,A,4831.3027,N,00744.4789,E,10.8,172.3,110826,,*37
$GPGGA,080446.571,4831.3027,N,00744.4789,E,1,03,0.0,0.0,M,,,,0000*0c
$GPRMC,080446.571,A,4831.3027,N,00744.4789,E,10.8,172.3,110826,,*31
$GPGGA,080446.595,4831.3026,N,00744.4789,E,1,03,0.0,0.0,M,,,,0000*07
$GPRMC,080446.595,A,4831.3026,N,00744.4789,E,10.8,172.3,110826,,*3a
$GPGGA,080446.604,4831.3025,N,00744.4789,E,1,03,0.0,0.0,M,,,,0000*0f
$GPRMC,080446.604,A,4831.3025,N,00744.4789,E,10.8,172.3,110826,,*32
$GPGGA,080446.624,4831.3025,N,00744.4789,E,1,03,0.0,0.0,M,,,,0000*0d
$GPRMC,080446.624,A,4831.3025,N,00744.4789,E,10.8,172.3,110826,,*30
$GPGGA,080446.640,4831.3024,N,00744.4789,E,1,03,0.0,0.0,M,,,,0000*0e
$GPRMC,080446.640,A,4831.3024,N,00744.4789,E,10.8,172.3,110826,,*33
$GPGGA,080446.663,4831.3023,N,00744.4790,E,1,03,0.0,0.0,M,,,,0000*00
$GPRMC,080446.663,A,4831.3023,N,00744.4790,E,10.8,172.3,110826,,*3d
$GPGGA,080446.675,4831.3023,N,00744.4790,E,1,03,0.0,0.0,M,,,,0000*07
$GPRMC,080446.675,A,4831.3023,N,00744.4790,E,10.8,172.3,110826,,*3a
$GPGGA,080446.692,4831.3022,N,00744.4790,E,1,03,0.0,0.0,M,,,,0000*0f
$GPRMC,080446.692,A,4831.3022,N,00744.4790,E,10.8,172.3,110826,,*32
$GPGGA,080446.722,4831.3022,N,00744.4790,E,1,03,0.0,0.0,M,,,,0000*05
$GPRMC,080446.722,A,4831.3022,N,00744.4790,E,10.8,172.3,110826,,*38
$GPGGA,080446.738,4831.3021,N,00744.4790,E,1,03,0.0,0.0,M,,,,0000*0d
$GPRMC,080446.738,A,4831.3021,N,00744.4790,E,10.8,172.3,110826,,*30
$GPGGA,080446.770,4831.3020,N,00744.4790,E,1,03,0.0,0.0,M,,,,0000*00
$GPRMC,080446.770,A,4831.3020,N,00744.4790,E,10.8,172.3,110826,,*3d
$GPGGA,080446.770,4831.3019,N,00744.4790,E,1,03,0.0,0.0,M,,,,0000*0a
$GPRMC,080446.770,A,4831.3019,N,00744.4790,E,10.8,172.3,110826,,*37
$GPGGA,080446.803,4831.3019,N,00744.4790,E,1,03,0.0,0.0,M,,,,0000*01
$GPRMC,080446.803,A,4831.3019,N,00744.4790,E,10.8,172.3,110826,,*3c
$GPGGA,080446.822,4831.3018,N,00744.4791,E,1,03,0.0,0.0,M,,,,0000*02
$GPRMC,080446.822,A,4831.3018,N,00744.4791,E,10.8,172.3,110826,,*3f
$GPGGA,080446.857,4831.3017,N,00744.4791,E,1,03,0.0,0.0,M,,,,0000*0f
$GPRMC,080446.857,A,4831.3017,N,00744.4791,E,10.8,172.3,110826,,*32
$GPGGA,080446.881,4831.3016,N,00744.4791,E,1,03,0.0,0.0,M,,,,0000*05
$GPRMC,080446.881,A,4831.3016,N,00744.4791,E,10.8,172.3,110826,,*38
$GPGGA,080446.904,4831.3016,N,00744.4791,E,1,03,0.0,0.0,M,,,,0000*09
$GPRMC,080446.904,A,4831.3016,N,00744.4791,E,10.8,172.3,110826,,*34
$GPGGA,080446.934,4831.3015,N,00744.4791,E,1,03,0.0,0.0,M,,,,0000*09
$GPRMC,080446.934,A,4831.3015,N,00744.4791,E,10.8,172.3,110826,,*34
$GPGGA,080446.956,4831.3014,N,00744.4792,E,1,03,0.0,0.0,M,,,,0000*0f
$GPRMC,080446.956,A,4831.3014,N,00744.4792,E,10.8,172.3,110826,,*32
$GPGGA,080446.987,4831.3013,N,00744.4792,E,1,03,0.0,0.0,M,,,,0000*04
$GPRMC,080446.987,A,4831.3013,N,00744.4792,E,10.8,172.3,110826,,*39
$GPGGA,080447.019,4831.3012,N,00744.4792,E,1,03,0.0,0.0,M,,,,0000*0a
$GPRMC,080447.019,A,4831.3012,N,00744.4792,E,10.8,172.3,110826,,*37
$GPGGA,080447.035,4831.3011,N,00744.4792,E,1,03,0.0,0.0,M,,,,0000*07
$GPRMC,080447.035,A,4831.3011,N,00744.4792,E,10.8,172.3,110826,,*3a
$GPGGA,080447.057,4831.3011,N,00744.4792,E,1,03,0.0,0.0,M,,,,0000*03
$GPRMC,080447.057,A,4831.3011,N,00744.4792,E,10.8,172.3,110826,,*3e
$GPGGA,080447.073,4831.3010,N,00744.4792,E,1,03,0.0,0.0,M,,,,0000*04
$GPRMC,080447.073,A,4831.3010,N,00744.4792,E,10.8,172.3,110826,,*39
$GPGGA,080447.090,4831.3009,N,00744.4793,E,1,03,0.0,0.0,M,,,,0000*00
$GPRMC,080447.090,A,4831.3009,N,00744.4793,E,10.8,172.3,110826,,*3d
$GPGGA,080447.118,4831.3008,N,00744.4793,E,1,03,0.0,0.0,M,,,,0000*00
$GPRMC,080447.118,A,4831.3008,N,00744.4793,E,10.8,172.3,110826,,*3d
$GPGGA,080447.146,4831.3008,N,00744.4793,E,1,03,0.0,0.0,M,,,,0000*0b
$GPRMC,080447.146,A,4831.3008,N,00744.4793,E,10.8,172.3,110826,,*36
$GPGGA,080447.157,4831.3007,N,00744.4793,E,1,03,0.0,0.0,M,,,,0000*04
$GPRMC,080447.157,A,4831.3007,N,00744.4793,E,10.8,172.3,110826,,*39
$GPGGA,080447.174,4831.3006,N,00744.4793,E,1,03,0.0,0.0,M,,,,0000*04
$GPRMC,080447.174,A,4831.3006,N,00744.4793,E,10.8,172.3,110826,,*39
$GPGGA,080447.189,4831.3006,N,00744.4793,E,1,03,0.0,0.0,M,,,,0000*06
$GPRMC,080447.189,A,4831.3006,N,00744.4793,E,10.8,172.3,110826,,*3b
$GPGGA,080447.207,4831.3005,N,00744.4793,E,1,03,0.0,0.0,M,,,,0000*00
$GPRMC,080447.207,A,4831.3005,N,00744.4793,E,10.8,172.3,110826,,*3d
$GPGGA,080447.239,4831.3004,N,00744.4793,E,1,03,0.0,0.0,M,,,,0000*0c
$GPRMC,080447.239,A,4831.3004,N,00744.4793,E,10.8,172.3,110826,,*31
$GPGGA,080447.255,4831.3004,N,00744.4794,E,1,03,0.0,0.0,M,,,,0000*01
$GPRMC,080447.255,A,4831.3004,N,00744.4794,E,10.8,172.3,110826,,*3c
$GPGGA,080447.271,4831.3003,N,00744.4794,E,1,03,0.0,0.0,M,,,,0000*00
$GPRMC,080447.271,A,4831.3003,N,00744.4794,E,10.8,172.3,110826,,*3d
$GPGGA,080447.287,4831.3002,N,00744.4794,E,1,03,0.0,0.0,M,,,,0000*08
$GPRMC,080447.287,A,4831.3002,N,00744.4794,E,10.8,172.3,110826,,*35
$GPGGA,080447.327,4831.3002,N,00744.4794,E,1,03,0.0,0.0,M,,,,0000*03
$GPRMC,080447.327,A,4831.3002,N,00744.4794,E,10.8,172.3,110826,,*3e
$GPGGA,080447.343,4831.3001,N,00744.4794,E,1,03,0.0,0.0,M,,,,0000*02
$GPRMC,080447.343,A,4831.3001,N,00744.4794,E,10.8,172.3,110826,,*3f
$GPGGA,080447.343,4831.3000,N,00744.4794,E,1,03,0.0,0.0,M,,,,0000*03
$GPRMC,080447.343,A,4831.3000,N,00744.4794,E,10.8,172.3,110826,,*3e
$GPGGA,080447.359,4831.3000,N,00744.4794,E,1,03,0.0,0.0,M,,,,0000*08
$GPRMC,080447.359,A,4831.3000,N,00744.4794,E,10.8,172.3,110826,,*35
$GPGGA,080447.393,4831.2999,N,00744.4794,E,1,03,0.0,0.0,M,,,,0000*06
$GPRMC,080447.393,A,4831.2999,N,00744.4794,E,10.8,172.3,110826,,*3b
$GPGGA,080447.406,4831.2998,N,00744.4795,E,1,03,0.0,0.0,M,,,,0000*0d
$GPRMC,080447.406,A,4831.2998,N,00744.4795,E,10.8,172.4,110826,,*37
$GPGGA,080447.437,4831.2998,N,00744.4795,E,1,03,0.0,0.0,M,,,,0000*0f
$GPRMC,080447.437,A,4831.2998,N,00744.4795,E,10.8,172.4,110826,,*35
$GPGGA,080447.452,4831.2997,N,00744.4795,E,1,03,0.0,0.0,M,,,,0000*03
$GPRMC,080447.452,A,4831.2997,N,00744.4795,E,10.8,172.4,110826,,*39
$GPGGA,080447.474,4831.2997,N,00744.4795,E,1,03,0.0,0.0,M,,,,0000*07
$GPRMC,080447.474,A,4831.2997,N,00744.4795,E,10.8,172.4,110826,,*3d
$GPGGA,080447.490,4831.2996,N,00744.4795,E,1,03,0.0,0.0,M,,,,0000*0c
$GPRMC,080447.490,A,4831.2996,N,00744.4795,E,10.8,172.4,110826,,*36
$GPGGA,080447.506,4831.2995,N,00744.4795,E,1,03,0.0,0.0,M,,,,0000*01
$GPRMC,080447.506,A,4831.2995,N,00744.4795,E,10.8,172.4,110826,,*3b
$GPGGA,080447.539,4831.2994,N,00744.4795,E,1,03,0.0,0.0,M,,,,0000*0c
$GPRMC,080447.539,A,4831.2994,N,00744.4795,E,10.8,172.4,110826,,*36
$GPGGA,080447.571,4831.2993,N,00744.4796,E,1,03,0.0,0.0,M,,,,0000*04
$GPRMC,080447.571,A,4831.2993,N,00744.4796,E,10.8,172.4,110826,,*3e
$GPGGA,080447.591,4831.2992,N,00744.4796,E,1,03,0.0,0.0,M,,,,0000*0b
$GPRMC,080447.591,A,4831.2992,N,00744.4796,E,10.8,172.4,110826,,*31
$GPGGA,080447.609,4831.2992,N,00744.4796,E,1,03,0.0,0.0,M,,,,0000*09
$GPRMC,080447.609,A,4831.2992,N,00744.4796,E,10.8,172.4,110826,,*33
$GPGGA,080447.625,4831.2991,N,00744.4796,E,1,03,0.0,0.0,M,,,,0000*04
$GPRMC,080447.625,A,4831.2991,N,00744.4796,E,10.8,172.4,110826,,*3e
$GPGGA,080447.657,4831.2990,N,00744.4796,E,1,03,0.0,0.0,M,,,,0000*00
$GPRMC,080447.657,A,4831.2990,N,00744.4796,E,10.8,172.4,110826,,*3a
$GPGGA,080447.672,4831.2990,N,00744.4796,E,1,03,0.0,0.0,M,,,,0000*07
$GPRMC,080447.672,A,4831.2990,N,00744.4796,E,10.8,172.4,110826,,*3d
$GPGGA,080447.691,4831.2989,N,00744.4796,E,1,03,0.0,0.0,M,,,,0000*02
$GPRMC,080447.691,A,4831.2989,N,00744.4796,E,10.8,172.4,110826,,*38
$GPGGA,080447.707,4831.2988,N,00744.4797,E,1,03,0.0,0.0,M,,,,0000*0c
$GPRMC,080447.707,A,4831.2988,N,00744.4797,E,10.8,172.4,110826,,*36
$GPGGA,080447.723,4831.2988,N,00744.4797,E,1,03,0.0,0.0,M,,,,0000*0a
$GPRMC,080447.723,A,4831.2988,N,00744.4797,E,10.8,172.4,110826,,*30
$GPGGA,080447.755,4831.2987,N,00744.4797,E,1,03,0.0,0.0,M,,,,0000*04
$GPRMC,080447.755,A,4831.2987,N,00744.4797,E,10.8,172.4,110826,,*3e
$GPGGA,080447.787,4831.2986,N,00744.4797,E,1,03,0.0,0.0,M,,,,0000*0a
$GPRMC,080447.787,A,4831.2986,N,00744.4797,E,10.8,172.4,110826,,*30
$GPGGA,080447.823,4831.2985,N,00744.4797,E,1,03,0.0,0.0,M,,,,0000*08
$GPRMC,080447.823,A,4831.2985,N,00744.4797,E,10.8,172.4,110826,,*32
$GPGGA,080447.839,4831.2984,N,00744.4797,E,1,03,0.0,0.0,M,,,,0000*02
$GPRMC,080447.839,A,4831.2984,N,00744.4797,E,10.8,172.4,110826,,*38
$GPGGA,080447.874,4831.2983,N,00744.4798,E,1,03,0.0,0.0,M,,,,0000*03
$GPRMC,080447.874,A,4831.2983,N,00744.4798,E,10.8,172.4,110826,,*39
$GPGGA,080447.908,4831.2982,N,00744.4798,E,1,03,0.0,0.0,M,,,,0000*08
$GPRMC,080447.908,A,4831.2982,N,00744.4798,E,10.8,172.4,110826,,*32
$GPGGA,080447.925,4831.2982,N,00744.4798,E,1,03,0.0,0.0,M,,,,0000*07
$GPRMC,080447.925,A,4831.2982,N,00744.4798,E,10.8,172.4,110826,,*3d
$GPGGA,080447.940,4831.2980,N,00744.4798,E,1,03,0.0,0.0,M,,,,0000*06
$GPRMC,080447.940,A,4831.2980,N,00744.4798,E,10.8,172.4,110826,,*3c
$GPGGA,080447.980,4831.2980,N,00744.4798,E,1,03,0.0,0.0,M,,,,0000*0a
$GPRMC,080447.980,A,4831.2980,N,00744.4798,E,10.8,172.4,110826,,*30
$GPGGA,080448.008,4831.2979,N,00744.4799,E,1,03,0.0,0.0,M,,,,0000*0b
$GPRMC,080448.008,A,4831.2979,N,00744.4799,E,10.8,172.4,110826,,*31
$GPGGA,080448.023,4831.2978,N,00744.4799,E,1,03,0.0,0.0,M,,,,0000*03
$GPRMC,080448.023,A,4831.2978,N,00744.4799,E,10.8,172.4,110826,,*39
$GPGGA,080448.039,4831.2978,N,00744.4799,E,1,03,0.0,0.0,M,,,,0000*08
$GPRMC,080448.039,A,4831.2978,N,00744.4799,E,10.8,172.4,110826,,*32
$GPGGA,080448.055,4831.2976,N,00744.4799,E,1,03,0.0,0.0,M,,,,0000*0c
$GPRMC,080448.055,A,4831.2976,N,00744.4799,E,10.8,172.5,110826,,*37
$GPGGA,080448.091,4831.2976,N,00744.4799,E,1,03,0.0,0.0,M,,,,0000*04
$GPRMC,080448.091,A,4831.2976,N,00744.4799,E,10.8,172.5,110826,,*3f
$GPGGA,080448.106,4831.2975,N,00744.4799,E,1,03,0.0,0.0,M,,,,0000*08
$GPRMC,080448.106,A,4831.2975,N,00744.4799,E,10.8,172.5,110826,,*33
$GPGGA,080448.125,4831.2975,N,00744.4799,E,1,03,0.0,0.0,M,,,,0000*09
$GPRMC,080448.125,A,4831.2975,N,00744.4799,E,10.8,172.5,110826,,*32
$GPGGA,080448.159,4831.2973,N,00744.4800,E,1,03,0.0,0.0,M,,,,0000*0b
$GPRMC,080448.159,A,4831.2973,N,00744.4800,E,10.8,172.5,110826,,*30
$GPGGA,080448.191,4831.2973,N,00744.4800,E,1,03,0.0,0.0,M,,,,0000*0f
$GPRMC,080448.191,A,4831.2973,N,00744.4800,E,10.8,172.5,110826,,*34
$GPGGA,080448.207,4831.2971,N,00744.4800,E,1,03,0.0,0.0,M,,,,0000*01
$GPRMC,080448.207,A,4831.2971,N,00744.4800,E,10.8,172.4,110826,,*3b
$GPGGA,080448.225,4831.2971,N,00744.4800,E,1,03,0.0,0.0,M,,,,0000*01
$GPRMC,080448.225,A,4831.2971,N,00744.4800,E,10.8,172.3,110826,,*3c
$GPGGA,080448.258,4831.2970,N,00744.4800,E,1,03,0.0,0.0,M,,,,0000*0a
$GPRMC,080448.258,A,4831.2970,N,00744.4800,E,10.8,172.3,110826,,*37
$GPGGA,080448.275,4831.2970,N,00744.4801,E,1,03,0.0,0.0,M,,,,0000*04
$GPRMC,080448.275,A,4831.2970,N,00744.4801,E,10.8,172.2,110826,,*38
$GPGGA,080448.290,4831.2969,N,00744.4801,E,1,03,0.0,0.0,M,,,,0000*07
$GPRMC,080448.290,A,4831.2969,N,00744.4801,E,10.8,172.2,110826,,*3b
$GPGGA,080448.321,4831.2968,N,00744.4801,E,1,03,0.0,0.0,M,,,,0000*0d
$GPRMC,080448.321,A,4831.2968,N,00744.4801,E,10.8,172.1,110826,,*32
$GPGGA,080448.342,4831.2968,N,00744.4801,E,1,03,0.0,0.0,M,,,,0000*08
$GPRMC,080448.342,A,4831.2968,N,00744.4801,E,10.8,172.1,110826,,*37
$GPGGA,080448.373,4831.2966,N,00744.4802,E,1,03,0.0,0.0,M,,,,0000*07
$GPRMC,080448.373,A,4831.2966,N,00744.4802,E,10.8,172.0,110826,,*39
$GPGGA,080448.393,4831.2966,N,00744.4802,E,1,03,0.0,0.0,M,,,,0000*09
$GPRMC,080448.393,A,4831.2966,N,00744.4802,E,10.8,172.0,110826,,*37
$GPGGA,080448.424,4831.2965,N,00744.4802,E,1,03,0.0,0.0,M,,,,0000*01
$GPRMC,080448.424,A,4831.2965,N,00744.4802,E,10.8,171.9,110826,,*35
$GPGGA,080448.457,4831.2964,N,00744.4802,E,1,03,0.0,0.0,M,,,,0000*04
$GPRMC,080448.457,A,4831.2964,N,00744.4802,E,10.8,171.8,110826,,*31
$GPGGA,080448.472,4831.2963,N,00744.4802,E,1,03,0.0,0.0,M,,,,0000*04
$GPRMC,080448.472,A,4831.2963,N,00744.4802,E,10.8,171.8,110826,,*31
$GPGGA,080448.488,4831.2962,N,00744.4803,E,1,03,0.0,0.0,M,,,,0000*01
$GPRMC,080448.488,A,4831.2962,N,00744.4803,E,10.8,171.7,110826,,*3b
$GPGGA,080448.504,4831.2962,N,00744.4803,E,1,03,0.0,0.0,M,,,,0000*04
$GPRMC,080448.504,A,4831.2962,N,00744.4803,E,10.8,171.7,110826,,*3e
$GPGGA,080448.541,4831.2961,N,00744.4803,E,1,03,0.0,0.0,M,,,,0000*06
$GPRMC,080448.541,A,4831.2961,N,00744.4803,E,10.8,171.6,110826,,*3d
$GPGGA,080448.573,4831.2960,N,00744.4803,E,1,03,0.0,0.0,M,,,,0000*06
$GPRMC,080448.573,A,4831.2960,N,00744.4803,E,10.8,171.5,110826,,*3e
$GPGGA,080448.597,4831.2959,N,00744.4804,E,1,03,0.0,0.0,M,,,,0000*01
$GPRMC,080448.597,A,4831.2959,N,00744.4804,E,10.8,171.5,110826,,*39
$GPGGA,080448.609,4831.2958,N,00744.4804,E,1,03,0.0,0.0,M,,,,0000*04
$GPRMC,080448.609,A,4831.2958,N,00744.4804,E,10.8,171.4,110826,,*3d
$GPGGA,080448.626,4831.2958,N,00744.4804,E,1,03,0.0,0.0,M,,,,0000*09
$GPRMC,080448.626,A,4831.2958,N,00744.4804,E,10.8,171.4,110826,,*30
$GPGGA,080448.657,4831.2957,N,00744.4804,E,1,03,0.0,0.0,M,,,,0000*00
$GPRMC,080448.657,A,4831.2957,N,00744.4804,E,10.8,171.3,110826,,*3e
$GPGGA,080448.675,4831.2956,N,00744.4804,E,1,03,0.0,0.0,M,,,,0000*01
$GPRMC,080448.675,A,4831.2956,N,00744.4804,E,10.8,171.3,110826,,*3f
$GPGGA,080448.691,4831.2956,N,00744.4804,E,1,03,0.0,0.0,M,,,,0000*0b
$GPRMC,080448.691,A,4831.2956,N,00744.4804,E,10.8,171.2,110826,,*34
$GPGGA,080448.706,4831.2955,N,00744.4805,E,1,03,0.0,0.0,M,,,,0000*06
$GPRMC,080448.706,A,4831.2955,N,00744.4805,E,10.8,171.2,110826,,*39
$GPGGA,080448.723,4831.2955,N,00744.4805,E,1,03,0.0,0.0,M,,,,0000*01
$GPRMC,080448.723,A,4831.2955,N,00744.4805,E,10.8,171.1,110826,,*3d
$GPGGA,080448.741,4831.2954,N,00744.4805,E,1,03,0.0,0.0,M,,,,0000*04
$GPRMC,080448.741,A,4831.2954,N,00744.4805,E,10.8,171.0,110826,,*39
$GPGGA,080448.753,4831.2953,N,00744.4805,E,1,03,0.0,0.0,M,,,,0000*00
$GPRMC,080448.753,A,4831.2953,N,00744.4805,E,10.8,170.9,110826,,*35
$GPGGA,080448.791,4831.2953,N,00744.4806,E,1,03,0.0,0.0,M,,,,0000*0d
$GPRMC,080448.791,A,4831.2953,N,00744.4806,E,10.8,170.8,110826,,*39
$GPGGA,080448.824,4831.2952,N,00744.4806,E,1,03,0.0,0.0,M,,,,0000*0d
$GPRMC,080448.824,A,4831.2952,N,00744.4806,E,10.8,170.6,110826,,*37
$GPGGA,080448.840,4831.2951,N,00744.4806,E,1,03,0.0,0.0,M,,,,0000*0c
$GPRMC,080448.840,A,4831.2951,N,00744.4806,E,10.8,170.5,110826,,*35
$GPGGA,080448.858,4831.2950,N,00744.4806,E,1,03,0.0,0.0,M,,,,0000*04
$GPRMC,080448.858,A,4831.2950,N,00744.4806,E,10.8,170.4,110826,,*3c
$GPGGA,080448.874,4831.2949,N,00744.4807,E,1,03,0.0,0.0,M,,,,0000*03
$GPRMC,080448.874,A,4831.2949,N,00744.4807,E,10.8,170.2,110826,,*3d
$GPGGA,080448.889,4831.2949,N,00744.4807,E,1,03,0.0,0.0,M,,,,0000*01
$GPRMC,080448.889,A,4831.2949,N,00744.4807,E,10.8,170.2,110826,,*3f
$GPGGA,080448.921,4831.2948,N,00744.4807,E,1,03,0.0,0.0,M,,,,0000*03
$GPRMC,080448.921,A,4831.2948,N,00744.4807,E,10.8,170.1,110826,,*3e
$GPGGA,080448.937,4831.2948,N,00744.4807,E,1,03,0.0,0.0,M,,,,0000*04
$GPRMC,080448.937,A,4831.2948,N,00744.4807,E,10.8,170.0,110826,,*38
$GPGGA,080448.960,4831.2947,N,00744.4807,E,1,03,0.0,0.0,M,,,,0000*09
$GPRMC,080448.960,A,4831.2947,N,00744.4807,E,10.8,169.9,110826,,*34
$GPGGA,080448.991,4831.2946,N,00744.4808,E,1,03,0.0,0.0,M,,,,0000*09
$GPRMC,080448.991,A,4831.2946,N,00744.4808,E,10.8,169.7,110826,,*3a
$GPGGA,080449.024,4831.2945,N,00744.4808,E,1,03,0.0,0.0,M,,,,0000*0c
$GPRMC,080449.024,A,4831.2945,N,00744.4808,E,10.8,169.6,110826,,*3e
$GPGGA,080449.058,4831.2944,N,00744.4809,E,1,03,0.0,0.0,M,,,,0000*07
$GPRMC,080449.058,A,4831.2944,N,00744.4809,E,10.8,169.4,110826,,*37
$GPGGA,080449.076,4831.2944,N,00744.4809,E,1,03,0.0,0.0,M,,,,0000*0b
$GPRMC,080449.076,A,4831.2944,N,00744.4809,E,10.8,169.4,110826,,*3b
$GPGGA,080449.103,4831.2942,N,00744.4809,E,1,03,0.0,0.0,M,,,,0000*0e
$GPRMC,080449.103,A,4831.2942,N,00744.4809,E,10.8,169.2,110826,,*38
$GPGGA,080449.124,4831.2942,N,00744.4809,E,1,03,0.0,0.0,M,,,,0000*0b
$GPRMC,080449.124,A,4831.2942,N,00744.4809,E,10.8,169.1,110826,,*3e
$GPGGA,080449.156,4831.2941,N,00744.4810,E,1,03,0.0,0.0,M,,,,0000*05
$GPRMC,080449.156,A,4831.2941,N,00744.4810,E,10.8,168.9,110826,,*39
$GPGGA,080449.175,4831.2940,N,00744.4810,E,1,03,0.0,0.0,M,,,,0000*05
$GPRMC,080449.175,A,4831.2940,N,00744.4810,E,10.8,168.8,110826,,*38
$GPGGA,080449.207,4831.2939,N,00744.4810,E,1,03,0.0,0.0,M,,,,0000*0d
$GPRMC,080449.207,A,4831.2939,N,00744.4810,E,10.8,168.6,110826,,*3e
$GPGGA,080449.222,4831.2938,N,00744.4811,E,1,03,0.0,0.0,M,,,,0000*0a
$GPRMC,080449.222,A,4831.2938,N,00744.4811,E,10.8,168.5,110826,,*3a
$GPGGA,080449.243,4831.2938,N,00744.4811,E,1,03,0.0,0.0,M,,,,0000*0d
$GPRMC,080449.243,A,4831.2938,N,00744.4811,E,10.8,168.3,110826,,*3b
$GPGGA,080449.257,4831.2937,N,00744.4811,E,1,03,0.0,0.0,M,,,,0000*07
$GPRMC,080449.257,A,4831.2937,N,00744.4811,E,10.8,168.1,110826,,*33
$GPGGA,080449.292,4831.2936,N,00744.4811,E,1,03,0.0,0.0,M,,,,0000*0f
$GPRMC,080449.292,A,4831.2936,N,00744.4811,E,10.8,168.0,110826,,*3a
$GPGGA,080449.307,4831.2935,N,00744.4812,E,1,03,0.0,0.0,M,,,,0000*02
$GPRMC,080449.307,A,4831.2935,N,00744.4812,E,10.8,167.8,110826,,*30
$GPGGA,080449.339,4831.2935,N,00744.4812,E,1,03,0.0,0.0,M,,,,0000*0f
$GPRMC,080449.339,A,4831.2935,N,00744.4812,E,10.8,167.7,110826,,*32
$GPGGA,080449.359,4831.2934,N,00744.4812,E,1,03,0.0,0.0,M,,,,0000*08
$GPRMC,080449.359,A,4831.2934,N,00744.4812,E,10.8,167.5,110826,,*37
$GPGGA,080449.391,4831.2933,N,00744.4813,E,1,03,0.0,0.0,M,,,,0000*0a
$GPRMC,080449.391,A,4831.2933,N,00744.4813,E,10.8,167.3,110826,,*33
$GPGGA,080449.407,4831.2932,N,00744.4813,E,1,03,0.0,0.0,M,,,,0000*03
$GPRMC,080449.407,A,4831.2932,N,00744.4813,E,10.8,167.0,110826,,*39
$GPGGA,080449.439,4831.2932,N,00744.4813,E,1,03,0.0,0.0,M,,,,0000*0e
$GPRMC,080449.439,A,4831.2932,N,00744.4813,E,10.8,166.8,110826,,*3d
$GPGGA,080449.456,4831.2931,N,00744.4814,E,1,03,0.0,0.0,M,,,,0000*03
$GPRMC,080449.456,A,4831.2931,N,00744.4814,E,10.8,166.6,110826,,*3e
$GPGGA,080449.473,4831.2931,N,00744.4814,E,1,03,0.0,0.0,M,,,,0000*04
$GPRMC,080449.473,A,4831.2931,N,00744.4814,E,10.8,166.4,110826,,*3b
$GPGGA,080449.508,4831.2930,N,00744.4815,E,1,03,0.0,0.0,M,,,,0000*09
$GPRMC,080449.508,A,4831.2930,N,00744.4815,E,10.8,166.1,110826,,*33
$GPGGA,080449.540,4831.2929,N,00744.4815,E,1,03,0.0,0.0,M,,,,0000*0d
$GPRMC,080449.540,A,4831.2929,N,00744.4815,E,10.8,165.6,110826,,*33
$GPGGA,080449.555,4831.2928,N,00744.4815,E,1,03,0.0,0.0,M,,,,0000*08
$GPRMC,080449.555,A,4831.2928,N,00744.4815,E,10.8,165.4,110826,,*34
$GPGGA,080449.571,4831.2928,N,00744.4816,E,1,03,0.0,0.0,M,,,,0000*0d
$GPRMC,080449.571,A,4831.2928,N,00744.4816,E,10.8,165.2,110826,,*37
$GPGGA,080449.598,4831.2927,N,00744.4816,E,1,03,0.0,0.0,M,,,,0000*05
$GPRMC,080449.598,A,4831.2927,N,00744.4816,E,10.8,164.9,110826,,*35
$GPGGA,080449.609,4831.2926,N,00744.4816,E,1,03,0.0,0.0,M,,,,0000*0f
$GPRMC,080449.609,A,4831.2926,N,00744.4816,E,10.8,164.6,110826,,*30
$GPGGA,080449.626,4831.2926,N,00744.4817,E,1,03,0.0,0.0,M,,,,0000*03
$GPRMC,080449.626,A,4831.2926,N,00744.4817,E,10.8,164.5,110826,,*3f
$GPGGA,080449.644,4831.2925,N,00744.4817,E,1,03,0.0,0.0,M,,,,0000*04
$GPRMC,080449.644,A,4831.2925,N,00744.4817,E,10.8,164.2,110826,,*3f
$GPGGA,080449.661,4831.2925,N,00744.4817,E,1,03,0.0,0.0,M,,,,0000*03
$GPRMC,080449.661,A,4831.2925,N,00744.4817,E,10.8,164.0,110826,,*3a
$GPGGA,080449.676,4831.2924,N,00744.4818,E,1,03,0.0,0.0,M,,,,0000*0b
$GPRMC,080449.676,A,4831.2924,N,00744.4818,E,10.8,163.8,110826,,*3d
$GPGGA,080449.692,4831.2924,N,00744.4818,E,1,03,0.0,0.0,M,,,,0000*01
$GPRMC,080449.692,A,4831.2924,N,00744.4818,E,10.8,163.6,110826,,*39
$GPGGA,080449.726,4831.2923,N,00744.4818,E,1,03,0.0,0.0,M,,,,0000*08
$GPRMC,080449.726,A,4831.2923,N,00744.4818,E,10.8,163.4,110826,,*32
$GPGGA,080449.740,4831.2922,N,00744.4819,E,1,03,0.0,0.0,M,,,,0000*08
$GPRMC,080449.740,A,4831.2922,N,00744.4819,E,10.8,163.0,110826,,*36
$GPGGA,080449.772,4831.2922,N,00744.4819,E,1,03,0.0,0.0,M,,,,0000*09
$GPRMC,080449.772,A,4831.2922,N,00744.4819,E,10.8,162.7,110826,,*31
$GPGGA,080449.793,4831.2921,N,00744.4819,E,1,03,0.0,0.0,M,,,,0000*05
$GPRMC,080449.793,A,4831.2921,N,00744.4819,E,10.8,162.4,110826,,*3e
$GPGGA,080449.808,4831.2920,N,00744.4820,E,1,03,0.0,0.0,M,,,,0000*03
$GPRMC,080449.808,A,4831.2920,N,00744.4820,E,10.8,161.9,110826,,*36
$GPGGA,080449.831,4831.2920,N,00744.4820,E,1,03,0.0,0.0,M,,,,0000*09
$GPRMC,080449.831,A,4831.2920,N,00744.4820,E,10.8,161.7,110826,,*32
$GPGGA,080449.840,4831.2919,N,00744.4821,E,1,03,0.0,0.0,M,,,,0000*04
$GPRMC,080449.840,A,4831.2919,N,00744.4821,E,10.8,161.4,110826,,*3c
$GPGGA,080449.858,4831.2919,N,00744.4821,E,1,03,0.0,0.0,M,,,,0000*0d
$GPRMC,080449.858,A,4831.2919,N,00744.4821,E,10.8,161.2,110826,,*33
$GPGGA,080449.882,4831.2918,N,00744.4821,E,1,03,0.0,0.0,M,,,,0000*0b
$GPRMC,080449.882,A,4831.2918,N,00744.4821,E,10.8,160.9,110826,,*3f
$GPGGA,080449.900,4831.2918,N,00744.4822,E,1,03,0.0,0.0,M,,,,0000*03
$GPRMC,080449.900,A,4831.2918,N,00744.4822,E,10.8,160.6,110826,,*38
$GPGGA,080449.910,4831.2917,N,00744.4822,E,1,03,0.0,0.0,M,,,,0000*0d
$GPRMC,080449.910,A,4831.2917,N,00744.4822,E,10.8,160.3,110826,,*33
$GPGGA,080449.926,4831.2917,N,00744.4822,E,1,03,0.0,0.0,M,,,,0000*08
$GPRMC,080449.926,A,4831.2917,N,00744.4822,E,10.8,160.1,110826,,*34
$GPGGA,080449.941,4831.2916,N,00744.4823,E,1,03,0.0,0.0,M,,,,0000*09
$GPRMC,080449.941,A,4831.2916,N,00744.4823,E,10.8,159.8,110826,,*36
$GPGGA,080449.957,4831.2916,N,00744.4823,E,1,03,0.0,0.0,M,,,,0000*0e
$GPRMC,080449.957,A,4831.2916,N,00744.4823,E,10.8,159.6,110826,,*3f
$GPGGA,080449.989,4831.2915,N,00744.4823,E,1,03,0.0,0.0,M,,,,0000*0e
$GPRMC,080449.989,A,4831.2915,N,00744.4823,E,10.8,159.3,110826,,*3a
$GPGGA,080450.005,4831.2915,N,00744.4824,E,1,03,0.0,0.0,M,,,,0000*0c
$GPRMC,080450.005,A,4831.2915,N,00744.4824,E,10.8,158.9,110826,,*33
$GPGGA,080450.025,4831.2914,N,00744.4824,E,1,03,0.0,0.0,M,,,,0000*0f
$GPRMC,080450.025,A,4831.2914,N,00744.4824,E,10.8,158.5,110826,,*3c
$GPGGA,080450.057,4831.2914,N,00744.4825,E,1,03,0.0,0.0,M,,,,0000*0b
$GPRMC,080450.057,A,4831.2914,N,00744.4825,E,10.8,158.1,110826,,*3c
$GPGGA,080450.073,4831.2913,N,00744.4825,E,1,03,0.0,0.0,M,,,,0000*0a
$GPRMC,080450.073,A,4831.2913,N,00744.4825,E,10.8,157.6,110826,,*35
$GPGGA,080450.098,4831.2912,N,00744.4825,E,1,03,0.0,0.0,M,,,,0000*0e
$GPRMC,080450.098,A,4831.2912,N,00744.4825,E,10.8,157.4,110826,,*33
$GPGGA,080450.112,4831.2912,N,00744.4826,E,1,03,0.0,0.0,M,,,,0000*0e
$GPRMC,080450.112,A,4831.2912,N,00744.4826,E,10.8,157.1,110826,,*36
$GPGGA,080450.131,4831.2911,N,00744.4826,E,1,03,0.0,0.0,M,,,,0000*0c
$GPRMC,080450.131,A,4831.2911,N,00744.4826,E,10.8,156.8,110826,,*3c
$GPGGA,080450.144,4831.2911,N,00744.4826,E,1,03,0.0,0.0,M,,,,0000*0e
$GPRMC,080450.144,A,4831.2911,N,00744.4826,E,10.8,156.4,110826,,*32
$GPGGA,080450.159,4831.2910,N,00744.4827,E,1,03,0.0,0.0,M,,,,0000*02
$GPRMC,080450.159,A,4831.2910,N,00744.4827,E,10.8,156.1,110826,,*3b
$GPGGA,080450.176,4831.2910,N,00744.4827,E,1,03,0.0,0.0,M,,,,0000*0f
$GPRMC,080450.176,A,4831.2910,N,00744.4827,E,10.8,155.8,110826,,*3c
$GPGGA,080450.192,4831.2909,N,00744.4828,E,1,03,0.0,0.0,M,,,,0000*02
$GPRMC,080450.192,A,4831.2909,N,00744.4828,E,10.8,155.4,110826,,*3d
$GPGGA,080450.212,4831.2909,N,00744.4828,E,1,03,0.0,0.0,M,,,,0000*09
$GPRMC,080450.212,A,4831.2909,N,00744.4828,E,10.8,155.1,110826,,*33
$GPGGA,080450.227,4831.2909,N,00744.4828,E,1,03,0.0,0.0,M,,,,0000*0f
$GPRMC,080450.227,A,4831.2909,N,00744.4828,E,10.8,154.8,110826,,*3d
$GPGGA,080450.243,4831.2908,N,00744.4829,E,1,03,0.0,0.0,M,,,,0000*0d
$GPRMC,080450.243,A,4831.2908,N,00744.4829,E,10.8,154.4,110826,,*33
$GPGGA,080450.259,4831.2908,N,00744.4829,E,1,03,0.0,0.0,M,,,,0000*06
$GPRMC,080450.259,A,4831.2908,N,00744.4829,E,10.8,154.1,110826,,*3d
$GPGGA,080450.275,4831.2907,N,00744.4829,E,1,03,0.0,0.0,M,,,,0000*07
$GPRMC,080450.275,A,4831.2907,N,00744.4829,E,10.8,153.7,110826,,*3d
$GPGGA,080450.290,4831.2907,N,00744.4830,E,1,03,0.0,0.0,M,,,,0000*04
$GPRMC,080450.290,A,4831.2907,N,00744.4830,E,10.8,153.4,110826,,*3d
$GPGGA,080450.312,4831.2906,N,00744.4830,E,1,03,0.0,0.0,M,,,,0000*0e
$GPRMC,080450.312,A,4831.2906,N,00744.4830,E,10.8,153.1,110826,,*32
$GPGGA,080450.328,4831.2906,N,00744.4830,E,1,03,0.0,0.0,M,,,,0000*07
$GPRMC,080450.328,A,4831.2906,N,00744.4830,E,10.8,152.8,110826,,*33
$GPGGA,080450.344,4831.2905,N,00744.4831,E,1,03,0.0,0.0,M,,,,0000*0f
$GPRMC,080450.344,A,4831.2905,N,00744.4831,E,10.8,152.3,110826,,*30
$GPGGA,080450.358,4831.2905,N,00744.4831,E,1,03,0.0,0.0,M,,,,0000*02
$GPRMC,080450.358,A,4831.2905,N,00744.4831,E,10.8,151.9,110826,,*34
$GPGGA,080450.376,4831.2905,N,00744.4832,E,1,03,0.0,0.0,M,,,,0000*0d
$GPRMC,080450.376,A,4831.2905,N,00744.4832,E,10.8,151.6,110826,,*34
$GPGGA,080450.391,4831.2904,N,00744.4832,E,1,03,0.0,0.0,M,,,,0000*05
$GPRMC,080450.391,A,4831.2904,N,00744.4832,E,10.8,151.3,110826,,*39
$GPGGA,080450.407,4831.2904,N,00744.4832,E,1,03,0.0,0.0,M,,,,0000*0d
$GPRMC,080450.407,A,4831.2904,N,00744.4832,E,10.8,150.8,110826,,*3b
$GPGGA,080450.439,4831.2903,N,00744.4833,E,1,03,0.0,0.0,M,,,,0000*06
$GPRMC,080450.439,A,4831.2903,N,00744.4833,E,10.8,150.3,110826,,*3b
$GPGGA,080450.476,4831.2902,N,00744.4834,E,1,03,0.0,0.0,M,,,,0000*0b
$GPRMC,080450.476,A,4831.2902,N,00744.4834,E,10.8,149.6,110826,,*3b
$GPGGA,080450.492,4831.2901,N,00744.4835,E,1,03,0.0,0.0,M,,,,0000*03
$GPRMC,080450.492,A,4831.2901,N,00744.4835,E,10.8,148.6,110826,,*32
$GPGGA,080450.508,4831.2901,N,00744.4835,E,1,03,0.0,0.0,M,,,,0000*01
$GPRMC,080450.508,A,4831.2901,N,00744.4835,E,10.8,148.1,110826,,*37
$GPGGA,080450.542,4831.2901,N,00744.4836,E,1,03,0.0,0.0,M,,,,0000*0c
$GPRMC,080450.542,A,4831.2901,N,00744.4836,E,10.8,147.5,110826,,*31
$GPGGA,080450.563,4831.2900,N,00744.4837,E,1,03,0.0,0.0,M,,,,0000*0f
$GPRMC,080450.563,A,4831.2900,N,00744.4837,E,10.8,146.4,110826,,*32
$GPGGA,080450.577,4831.2900,N,00744.4837,E,1,03,0.0,0.0,M,,,,0000*0a
$GPRMC,080450.577,A,4831.2900,N,00744.4837,E,10.8,146.0,110826,,*33
$GPGGA,080450.608,4831.2899,N,00744.4837,E,1,03,0.0,0.0,M,,,,0000*00
$GPRMC,080450.608,A,4831.2899,N,00744.4837,E,10.8,145.5,110826,,*3f
$GPGGA,080450.624,4831.2898,N,00744.4838,E,1,03,0.0,0.0,M,,,,0000*00
$GPRMC,080450.624,A,4831.2898,N,00744.4838,E,10.8,144.5,110826,,*3e
$GPGGA,080450.646,4831.2898,N,00744.4839,E,1,03,0.0,0.0,M,,,,0000*05
$GPRMC,080450.646,A,4831.2898,N,00744.4839,E,10.8,144.0,110826,,*3e
$GPGGA,080450.669,4831.2898,N,00744.4839,E,1,03,0.0,0.0,M,,,,0000*08
$GPRMC,080450.669,A,4831.2898,N,00744.4839,E,10.8,143.6,110826,,*32
$GPGGA,080450.700,4831.2897,N,00744.4840,E,1,03,0.0,0.0,M,,,,0000*07
$GPRMC,080450.700,A,4831.2897,N,00744.4840,E,10.8,142.9,110826,,*33
$GPGGA,080450.729,4831.2897,N,00744.4841,E,1,03,0.0,0.0,M,,,,0000*0d
$GPRMC,080450.729,A,4831.2897,N,00744.4841,E,10.8,141.8,110826,,*3b
$GPGGA,080450.754,4831.2896,N,00744.4842,E,1,03,0.0,0.0,M,,,,0000*05
$GPRMC,080450.754,A,4831.2896,N,00744.4842,E,10.8,140.8,110826,,*32
$GPGGA,080450.764,4831.2895,N,00744.4842,E,1,03,0.0,0.0,M,,,,0000*05
$GPRMC,080450.764,A,4831.2895,N,00744.4842,E,10.8,140.1,110826,,*3b
$GPGGA,080450.791,4831.2895,N,00744.4843,E,1,03,0.0,0.0,M,,,,0000*0e
$GPRMC,080450.791,A,4831.2895,N,00744.4843,E,10.8,139.6,110826,,*39
$GPGGA,080450.808,4831.2895,N,00744.4843,E,1,03,0.0,0.0,M,,,,0000*01
$GPRMC,080450.808,A,4831.2895,N,00744.4843,E,10.8,139.0,110826,,*30
$GPGGA,080450.823,4831.2894,N,00744.4844,E,1,03,0.0,0.0,M,,,,0000*0e
$GPRMC,080450.823,A,4831.2894,N,00744.4844,E,10.8,138.7,110826,,*39
$GPGGA,080450.841,4831.2894,N,00744.4845,E,1,03,0.0,0.0,M,,,,0000*0b
$GPRMC,080450.841,A,4831.2894,N,00744.4845,E,10.8,138.0,110826,,*3b
$GPGGA,080450.873,4831.2893,N,00744.4846,E,1,03,0.0,0.0,M,,,,0000*0e
$GPRMC,080450.873,A,4831.2893,N,00744.4846,E,10.8,137.5,110826,,*34
$GPGGA,080450.891,4831.2893,N,00744.4846,E,1,03,0.0,0.0,M,,,,0000*02
$GPRMC,080450.891,A,4831.2893,N,00744.4846,E,10.8,137.1,110826,,*3c
$GPGGA,080450.925,4831.2892,N,00744.4847,E,1,03,0.0,0.0,M,,,,0000*0c
$GPRMC,080450.925,A,4831.2892,N,00744.4847,E,10.8,136.2,110826,,*30
$GPGGA,080450.941,4831.2892,N,00744.4849,E,1,03,0.0,0.0,M,,,,0000*00
$GPRMC,080450.941,A,4831.2892,N,00744.4849,E,10.8,135.2,110826,,*3f
$GPGGA,080450.979,4831.2891,N,00744.4849,E,1,03,0.0,0.0,M,,,,0000*08
$GPRMC,080450.979,A,4831.2891,N,00744.4849,E,10.8,134.8,110826,,*3c
$GPGGA,080450.996,4831.2891,N,00744.4850,E,1,03,0.0,0.0,M,,,,0000*01
$GPRMC,080450.996,A,4831.2891,N,00744.4850,E,10.8,134.1,110826,,*3c
$GPGGA,080451.009,4831.2890,N,00744.4851,E,1,03,0.0,0.0,M,,,,0000*0f

